[2026-09-07 17:42:22] local.ERROR: Please provide a valid cache path. {"exception":"[object] (InvalidArgumentException(code: 0): Please provide a valid cache path. at /home/user/vendor/laravel/framework/src/Illuminate/View/Compilers/Compiler.php:67)
[stacktrace]
#0 /home/user/vendor/laravel/framework/src/Illuminate/View/ViewServiceProvider.php(97): Illuminate\\View\\Compilers\\Compiler->__construct()
#1 /home/user/vendor/laravel/framework/src/Illuminate/Container/Container.php(952): Illuminate\\View\\ViewServiceProvider->{closure:Illuminate\\View\\ViewServiceProvider::registerBladeCompiler():96}()
#2 /home/user/vendor/laravel/framework/src/Illuminate/Container/Container.php(832): Illuminate\\Container\\Container->build()
#3 /home/user/vendor/laravel/framework/src/Illuminate/Foundation/Application.php(1078): Illuminate\\Container\\Container->resolve()
#4 /home/user/vendor/laravel/framework/src/Illuminate/Container/Container.php(763): Illuminate\\Foundation\\Application->resolve()
#5 /home/user/vendor/laravel/framework/src/Illuminate/Foundation/Application.php(1058): Illuminate\\Container\\Container->make()
#6 /home/user/vendor/laravel/framework/src/Illuminate/Container/Container.php(1580): Illuminate\\Foundation\\Application->make()
#7 /home/user/vendor/laravel/framework/src/Illuminate/Support/Facades/Facade.php(239): Illuminate\\Container\\Container->offsetGet()
#8 /home/user/vendor/laravel/framework/src/Illuminate/Support/Facades/Facade.php(210): Illuminate\\Support\\Facades\\Facade::resolveFacadeInstance()
#9 /home/user/vendor/laravel/framework/src/Illuminate/Support/Facades/Facade.php(355): Illuminate\\Support\\Facades\\Facade::getFacadeRoot()
#10 /home/user/vendor/blade-ui-kit/blade-icons/src/BladeIconsServiceProvider.php(122): Illuminate\\Support\\Facades\\Facade::__callStatic()
#11 /home/user/vendor/blade-ui-kit/blade-icons/src/BladeIconsServiceProvider.php(27): BladeUI\\Icons\\BladeIconsServiceProvider->bootDirectives()
#12 /home/user/vendor/laravel/framework/src/Illuminate/Container/BoundMethod.php(36): BladeUI\\Icons\\BladeIconsServiceProvider->boot()
#13 /home/user/vendor/laravel/framework/src/Illuminate/Container/Util.php(43): Illuminate\\Container\\BoundMethod::{closure:Illuminate\\Container\\BoundMethod::call():35}()
#14 /home/user/vendor/laravel/framework/src/Illuminate/Container/BoundMethod.php(95): Illuminate\\Container\\Util::unwrapIfClosure()
#15 /home/user/vendor/laravel/framework/src/Illuminate/Container/BoundMethod.php(35): Illuminate\\Container\\BoundMethod::callBoundMethod()
#16 /home/user/vendor/laravel/framework/src/Illuminate/Container/Container.php(696): Illuminate\\Container\\BoundMethod::call()
#17 /home/user/vendor/laravel/framework/src/Illuminate/Foundation/Application.php(1151): Illuminate\\Container\\Container->call()
#18 /home/user/vendor/laravel/framework/src/Illuminate/Foundation/Application.php(1132): Illuminate\\Foundation\\Application->bootProvider()
#19 [internal function]: Illuminate\\Foundation\\Application->{closure:Illuminate\\Foundation\\Application::boot():1131}()
#20 /home/user/vendor/laravel/framework/src/Illuminate/Foundation/Application.php(1131): array_walk()
#21 /home/user/vendor/laravel/framework/src/Illuminate/Foundation/Bootstrap/BootProviders.php(17): Illuminate\\Foundation\\Application->boot()
#22 /home/user/vendor/laravel/framework/src/Illuminate/Foundation/Application.php(342): Illuminate\\Foundation\\Bootstrap\\BootProviders->bootstrap()
#23 /home/user/vendor/laravel/framework/src/Illuminate/Foundation/Console/Kernel.php(474): Illuminate\\Foundation\\Application->bootstrapWith()
#24 /home/user/vendor/laravel/framework/src/Illuminate/Foundation/Console/Kernel.php(196): Illuminate\\Foundation\\Console\\Kernel->bootstrap()
#25 /home/user/vendor/laravel/framework/src/Illuminate/Foundation/Application.php(1235): Illuminate\\Foundation\\Console\\Kernel->handle()
#26 /home/user/artisan(15): Illuminate\\Foundation\\Application->handleCommand()
#27 {main}
"} 
[2026-09-07 17:42:24] local.ERROR: Target class [App\Services\Draw\DrawScheduleService] does not exist. {"exception":"[object] (Illuminate\\Contracts\\Container\\BindingResolutionException(code: 0): Target class [App\\Services\\Draw\\DrawScheduleService] does not exist. at /home/user/vendor/laravel/framework/src/Illuminate/Container/Container.php:961)
[stacktrace]
#0 /home/user/vendor/laravel/framework/src/Illuminate/Container/Container.php(832): Illuminate\\Container\\Container->build()
#1 /home/user/vendor/laravel/framework/src/Illuminate/Foundation/Application.php(1078): Illuminate\\Container\\Container->resolve()
#2 /home/user/vendor/laravel/framework/src/Illuminate/Container/Container.php(763): Illuminate\\Foundation\\Application->resolve()
#3 /home/user/vendor/laravel/framework/src/Illuminate/Foundation/Application.php(1058): Illuminate\\Container\\Container->make()
#4 /home/user/vendor/laravel/framework/src/Illuminate/Container/Container.php(1133): Illuminate\\Foundation\\Application->make()
#5 /home/user/vendor/laravel/framework/src/Illuminate/Container/Container.php(1043): Illuminate\\Container\\Container->resolveClass()
#6 /home/user/vendor/laravel/framework/src/Illuminate/Container/Container.php(994): Illuminate\\Container\\Container->resolveDependencies()
#7 /home/user/vendor/laravel/framework/src/Illuminate/Container/Container.php(832): Illuminate\\Container\\Container->build()
#8 /home/user/vendor/laravel/framework/src/Illuminate/Foundation/Application.php(1078): Illuminate\\Container\\Container->resolve()
#9 /home/user/vendor/laravel/framework/src/Illuminate/Container/Container.php(763): Illuminate\\Foundation\\Application->resolve()
#10 /home/user/vendor/laravel/framework/src/Illuminate/Foundation/Application.php(1058): Illuminate\\Container\\Container->make()
#11 /home/user/vendor/laravel/framework/src/Illuminate/Console/Application.php(291): Illuminate\\Foundation\\Application->make()
#12 /home/user/vendor/laravel/framework/src/Illuminate/Foundation/Console/Kernel.php(376): Illuminate\\Console\\Application->resolve()
#13 /home/user/vendor/laravel/framework/src/Illuminate/Console/Application.php(134): Illuminate\\Foundation\\Console\\Kernel->{closure:Illuminate\\Foundation\\Console\\Kernel::load():375}()
#14 /home/user/vendor/laravel/framework/src/Illuminate/Console/Application.php(81): Illuminate\\Console\\Application->bootstrap()
#15 /home/user/vendor/laravel/framework/src/Illuminate/Foundation/Console/Kernel.php(540): Illuminate\\Console\\Application->__construct()
#16 /home/user/vendor/laravel/framework/src/Illuminate/Foundation/Console/Kernel.php(198): Illuminate\\Foundation\\Console\\Kernel->getArtisan()
#17 /home/user/vendor/laravel/framework/src/Illuminate/Foundation/Application.php(1235): Illuminate\\Foundation\\Console\\Kernel->handle()
#18 /home/user/artisan(15): Illuminate\\Foundation\\Application->handleCommand()
#19 {main}

[previous exception] [object] (ReflectionException(code: -1): Class \"App\\Services\\Draw\\DrawScheduleService\" does not exist at /home/user/vendor/laravel/framework/src/Illuminate/Container/Container.php:959)
[stacktrace]
#0 /home/user/vendor/laravel/framework/src/Illuminate/Container/Container.php(959): ReflectionClass->__construct()
#1 /home/user/vendor/laravel/framework/src/Illuminate/Container/Container.php(832): Illuminate\\Container\\Container->build()
#2 /home/user/vendor/laravel/framework/src/Illuminate/Foundation/Application.php(1078): Illuminate\\Container\\Container->resolve()
#3 /home/user/vendor/laravel/framework/src/Illuminate/Container/Container.php(763): Illuminate\\Foundation\\Application->resolve()
#4 /home/user/vendor/laravel/framework/src/Illuminate/Foundation/Application.php(1058): Illuminate\\Container\\Container->make()
#5 /home/user/vendor/laravel/framework/src/Illuminate/Container/Container.php(1133): Illuminate\\Foundation\\Application->make()
#6 /home/user/vendor/laravel/framework/src/Illuminate/Container/Container.php(1043): Illuminate\\Container\\Container->resolveClass()
#7 /home/user/vendor/laravel/framework/src/Illuminate/Container/Container.php(994): Illuminate\\Container\\Container->resolveDependencies()
#8 /home/user/vendor/laravel/framework/src/Illuminate/Container/Container.php(832): Illuminate\\Container\\Container->build()
#9 /home/user/vendor/laravel/framework/src/Illuminate/Foundation/Application.php(1078): Illuminate\\Container\\Container->resolve()
#10 /home/user/vendor/laravel/framework/src/Illuminate/Container/Container.php(763): Illuminate\\Foundation\\Application->resolve()
#11 /home/user/vendor/laravel/framework/src/Illuminate/Foundation/Application.php(1058): Illuminate\\Container\\Container->make()
#12 /home/user/vendor/laravel/framework/src/Illuminate/Console/Application.php(291): Illuminate\\Foundation\\Application->make()
#13 /home/user/vendor/laravel/framework/src/Illuminate/Foundation/Console/Kernel.php(376): Illuminate\\Console\\Application->resolve()
#14 /home/user/vendor/laravel/framework/src/Illuminate/Console/Application.php(134): Illuminate\\Foundation\\Console\\Kernel->{closure:Illuminate\\Foundation\\Console\\Kernel::load():375}()
#15 /home/user/vendor/laravel/framework/src/Illuminate/Console/Application.php(81): Illuminate\\Console\\Application->bootstrap()
#16 /home/user/vendor/laravel/framework/src/Illuminate/Foundation/Console/Kernel.php(540): Illuminate\\Console\\Application->__construct()
#17 /home/user/vendor/laravel/framework/src/Illuminate/Foundation/Console/Kernel.php(198): Illuminate\\Foundation\\Console\\Kernel->getArtisan()
#18 /home/user/vendor/laravel/framework/src/Illuminate/Foundation/Application.php(1235): Illuminate\\Foundation\\Console\\Kernel->handle()
#19 /home/user/artisan(15): Illuminate\\Foundation\\Application->handleCommand()
#20 {main}
"} 
[2026-09-07 17:45:22] testing.INFO: bet_purchase.api.success {"outcome":"purchased","bet_id":1,"bet_number":"BT-20260907-6D3EADA9792D","ticket_id":1,"draw_id":1,"currency":"THB","stake":"10.00","client_key":"api-3fac7e5042598962807ac50192f07570561b1f92","request_id":"6a8eb75a455eb4d107c1f6631bc85ca9","user_id":1} 
[2026-09-07 17:45:22] testing.INFO: bet_purchase.api.success {"outcome":"purchased","bet_id":1,"bet_number":"BT-20260907-E3E5A7FBE6D8","ticket_id":1,"draw_id":1,"currency":"THB","stake":"10.00","client_key":"api-a676f40bd6585d6668cbe33a51f09953c02a7fef","request_id":"6520bc44b78c2317085ea782f5640e25","user_id":1} 
[2026-09-07 17:45:22] testing.INFO: bet_purchase.api.success {"outcome":"purchased","bet_id":1,"bet_number":"BT-20260907-DE967D38289E","ticket_id":1,"draw_id":1,"currency":"THB","stake":"10.00","client_key":"api-f7b8f591922e9b515c83f0ca28847379e14e3f93","request_id":"9aa807304a0f614c92e47c3055bcde5c","user_id":1} 
[2026-09-07 17:45:22] testing.INFO: bet_purchase.api.success {"outcome":"purchased","bet_id":1,"bet_number":"BT-20260907-25A03B50A827","ticket_id":1,"draw_id":1,"currency":"THB","stake":"10.00","client_key":"api-e187d76746182cbb563423de65c53cff48e1b26c","request_id":"c06c745a8185b3e500c6884171dd6701","user_id":1} 
[2026-09-07 17:45:22] testing.INFO: bet_purchase.api.success {"outcome":"purchased","bet_id":1,"bet_number":"BT-20260907-1521DD02252F","ticket_id":1,"draw_id":1,"currency":"THB","stake":"10.00","client_key":"api-bd6c2f1a5ca9ea80b589a486be6f1ed025590bed","request_id":"f6a55c3082ff9e98b3d859c758bb30bc","user_id":1} 
[2026-09-07 17:45:23] testing.INFO: bet_purchase.api.success {"outcome":"purchased","bet_id":1,"bet_number":"BT-20260907-D3B602E5FD25","ticket_id":1,"draw_id":1,"currency":"THB","stake":"10.00","client_key":"api-8e924a7dac69469f40b6a9525e68f510b7972699","request_id":"5e54db2d66f961f8cebe46d221241b29","user_id":1} 
[2026-09-07 17:45:23] testing.INFO: bet_purchase.api.success {"outcome":"purchased","bet_id":1,"bet_number":"BT-20260907-342B5B10646B","ticket_id":1,"draw_id":1,"currency":"THB","stake":"10.00","client_key":"api-63e4863923f9d99f637040c4ecaa95eaf5e39f31","request_id":"12dbb8d3e2fe7b31c9a33f0037d19bd3","user_id":1} 
[2026-09-07 17:45:23] testing.INFO: bet_purchase.api.success {"outcome":"purchased","bet_id":1,"bet_number":"BT-20260907-77CD1E9B468C","ticket_id":1,"draw_id":1,"currency":"THB","stake":"10.00","client_key":"api-1d2da6cca6185013559ff92e6eedc11e93618224","request_id":"68a1c047f2da076689b563bcbeb3cc35","user_id":1} 
[2026-09-07 17:45:23] testing.INFO: bet_purchase.api.success {"outcome":"purchased","bet_id":1,"bet_number":"BT-20260907-62C97D6D0801","ticket_id":1,"draw_id":1,"currency":"THB","stake":"10.00","client_key":"api-4fed3970dcc0d31dccddbf69ef55b00f32d2ca78","request_id":"0fc0240b7b3fc40dcf42015941f72456","user_id":1} 
[2026-09-07 17:45:23] testing.INFO: bet_purchase.api.success {"outcome":"purchased","bet_id":1,"bet_number":"BT-20260907-1810E34B5BDA","ticket_id":1,"draw_id":1,"currency":"THB","stake":"10.00","client_key":"api-3e23e8160039594a33894f6564e1b1348bbd7a00","request_id":"a679937481ad0cc32ffaacc173fc37d8","user_id":1} 
[2026-09-07 17:45:23] testing.INFO: bet_purchase.api.success {"outcome":"purchased","bet_id":1,"bet_number":"BT-20260907-CA23F776FCF0","ticket_id":1,"draw_id":1,"currency":"THB","stake":"10.00","client_key":"api-2e7d2c03a9507ae265ecf5b5356885a53393a202","request_id":"fd2e6887c58860a5a670be78c7dd90c8","user_id":1} 
[2026-09-07 17:45:23] testing.INFO: bet_purchase.api.refused {"outcome":"refused","error_code":"draw_not_found","http_status":404,"exception":"App\\Exceptions\\BetPurchaseValidationException","client_key":"api-3f79bb7b435b05321651daefd374cdc681dc06fa","request_id":"580d54125968c170630cec0c67a3f5b7","user_id":1} 
[2026-09-07 17:45:23] testing.INFO: bet_purchase.api.refused {"outcome":"refused","error_code":"draw_closed","http_status":422,"exception":"App\\Exceptions\\BetPurchaseValidationException","client_key":"api-252f10c83610ebca1a059c0bae8255eba2f95be4","request_id":"6da06e1ca43705c6c384eeaa94aa5ed6","user_id":1} 
[2026-09-07 17:45:23] testing.INFO: bet_purchase.api.success {"outcome":"purchased","bet_id":1,"bet_number":"BT-20260907-E18C45DF1180","ticket_id":1,"draw_id":1,"currency":"THB","stake":"10.00","client_key":"api-de7d1b721a1e0632b7cf04edf5032c8ecffa9f9a","request_id":"1cf0e7306423d85229307a9801140594","user_id":1} 
[2026-09-07 17:45:23] testing.INFO: bet_purchase.api.success {"outcome":"purchased","bet_id":1,"bet_number":"BT-20260907-7232B59D92F9","ticket_id":1,"draw_id":1,"currency":"THB","stake":"10.00","client_key":"api-189f40034be7a199f1fa9891668ee3ab6049f82d","request_id":"381905c937b65202920d86d98a30d158","user_id":1} 
[2026-09-07 17:45:24] testing.INFO: bet_purchase.api.refused {"outcome":"refused","error_code":"invalid_stake","http_status":422,"exception":"App\\Exceptions\\BetPurchaseValidationException","client_key":"api-acac86c0e609ca906f632b0e2dacccb2b77d22b0","request_id":"1c8b4d9704ff5c944472729bdf234f7b","user_id":1} 
[2026-09-07 17:45:24] testing.INFO: bet_purchase.api.refused {"outcome":"refused","error_code":"insufficient_balance","http_status":422,"exception":"App\\Exceptions\\BetPurchaseException","client_key":"api-1b16b1df538ba12dc3f97edbb85caa7050d46c14","request_id":"b9547a74869656406a425888148c3feb","user_id":1} 
[2026-09-07 17:45:24] testing.INFO: bet_purchase.api.refused {"outcome":"refused","error_code":"risk_rejected","http_status":422,"exception":"App\\Exceptions\\BetPurchaseValidationException","client_key":"api-65c74c15a686187bb6bbf9958f494fc6b8006803","request_id":"ae33d2a797b3399a1f72ebf646c6dac9","user_id":1} 
[2026-09-07 17:45:24] testing.INFO: bet_purchase.api.success {"outcome":"purchased","bet_id":1,"bet_number":"BT-20260907-C3B0C7752E02","ticket_id":1,"draw_id":1,"currency":"THB","stake":"10.00","client_key":"api-148de9c5a7a44d19e56cd9ae1a554bf67847afb0","request_id":"f0225d988bee7c0ac20ef2dd89bdaa9a","user_id":1} 
[2026-09-07 17:45:24] testing.INFO: bet_purchase.api.success {"outcome":"replayed","bet_id":1,"bet_number":"BT-20260907-C3B0C7752E02","ticket_id":1,"draw_id":1,"currency":"THB","stake":"10.00","client_key":"api-148de9c5a7a44d19e56cd9ae1a554bf67847afb0","request_id":"09ff54e91a58a70cb7dd676bfe921134","user_id":1} 
[2026-09-07 17:45:24] testing.INFO: bet_purchase.api.success {"outcome":"purchased","bet_id":1,"bet_number":"BT-20260907-E7655442F1F7","ticket_id":1,"draw_id":1,"currency":"THB","stake":"10.00","client_key":"api-8e35c2cd3bf6641bdb0e2050b76932cbb2e6034a","request_id":"9000fa46bd1a320e901d5d6f2b5e5bf1","user_id":1} 
[2026-09-07 17:45:24] testing.INFO: bet_purchase.api.refused {"outcome":"refused","error_code":"idempotency_payload_mismatch","http_status":409,"exception":"App\\Exceptions\\BetPurchaseIdempotencyException","client_key":"api-8e35c2cd3bf6641bdb0e2050b76932cbb2e6034a","request_id":"d9c66071c067794dfe9aa8a66753f04c","user_id":1} 
[2026-09-07 17:45:24] testing.INFO: bet_purchase.api.success {"outcome":"purchased","bet_id":1,"bet_number":"BT-20260907-3B849E78C167","ticket_id":1,"draw_id":1,"currency":"THB","stake":"10.00","client_key":"api-454349e422f05297191ead13e21d3db520e5abef","request_id":"f45233d82d41bfba47b7c3255f128442","user_id":1} 
[2026-09-07 17:45:24] testing.INFO: bet_purchase.api.success {"outcome":"purchased","bet_id":2,"bet_number":"BT-20260907-4B0E7EA31AFF","ticket_id":2,"draw_id":2,"currency":"THB","stake":"10.00","client_key":"api-454349e422f05297191ead13e21d3db520e5abef","request_id":"124ebe974d86ec9d8e9e87b9dde166c1","user_id":2} 
[2026-09-07 17:45:24] testing.INFO: bet_purchase.api.success {"outcome":"purchased","bet_id":1,"bet_number":"BT-20260907-BB594A543B1E","ticket_id":1,"draw_id":1,"currency":"THB","stake":"10.00","client_key":"api-043a718774c572bd8a25adbeb1bfcd5c0256ae11","request_id":"1743415805cc5edc44a149b735610b0c","user_id":1} 
[2026-09-07 17:45:24] testing.INFO: bet_purchase.api.success {"outcome":"purchased","bet_id":2,"bet_number":"BT-20260907-8DD4A48B7A43","ticket_id":2,"draw_id":2,"currency":"THB","stake":"10.00","client_key":"api-043a718774c572bd8a25adbeb1bfcd5c0256ae11","request_id":"7c3b2223cda35f6e2c0356788d33abb1","user_id":1} 
[2026-09-07 17:45:24] testing.INFO: bet_purchase.api.success {"outcome":"purchased","bet_id":1,"bet_number":"BT-20260907-C7AE8337761F","ticket_id":1,"draw_id":1,"currency":"THB","stake":"10.00","client_key":"api-e3b98a4da31a127d4bde6e43033f66ba274cab0e","request_id":"7665538439e805f96643554b4718e4d0","user_id":1} 
[2026-09-07 17:45:24] testing.INFO: bet_purchase.api.success {"outcome":"purchased","bet_id":1,"bet_number":"BT-20260907-427F1D33BF6C","ticket_id":1,"draw_id":1,"currency":"THB","stake":"10.00","client_key":"api-2d711642b726b04401627ca9fbac32f5c8530fb1","request_id":"28f0da6e2cf7a259f18459c78770f324","user_id":1} 
[2026-09-07 17:45:24] testing.INFO: bet_purchase.api.success {"outcome":"purchased","bet_id":1,"bet_number":"BT-20260907-03C145BAB3AE","ticket_id":1,"draw_id":1,"currency":"THB","stake":"10.00","client_key":"api-a1fce4363854ff888cff4b8e7875d600c2682390","request_id":"bbf74db640c2f0c5dfcbab30ec77bff3","user_id":1} 
[2026-09-07 17:45:24] testing.INFO: bet_purchase.api.success {"outcome":"purchased","bet_id":1,"bet_number":"BT-20260907-59D589FE7B97","ticket_id":1,"draw_id":1,"currency":"THB","stake":"10.00","client_key":"api-fb8e20fc2e4c3f248c60c39bd652f3c1347298bb","request_id":"162556001ee48b07a7664ca3d935645f","user_id":1} 
[2026-09-07 17:45:25] testing.INFO: bet_purchase.api.success {"outcome":"purchased","bet_id":1,"bet_number":"BT-20260907-9B314E0F0867","ticket_id":1,"draw_id":1,"currency":"THB","stake":"10.00","client_key":"api-f45de51cdef30991551e41e882dd7b5404799648","request_id":"2989027bf1fa2a9831c4641ee45f2344","user_id":1} 
[2026-09-07 17:45:25] testing.INFO: bet_purchase.api.success {"outcome":"purchased","bet_id":1,"bet_number":"BT-20260907-AAA1D3B43001","ticket_id":1,"draw_id":1,"currency":"THB","stake":"10.00","client_key":"api-b0136a3f0a0fae4b4cbb261ae65b245326d69f8a","request_id":"bfade4ca765cf4b0561565f734681409","user_id":1} 
[2026-09-07 17:45:25] testing.INFO: bet_purchase.api.success {"outcome":"purchased","bet_id":1,"bet_number":"BT-20260907-6DB1ABC65251","ticket_id":1,"draw_id":1,"currency":"THB","stake":"10.00","client_key":"api-e5a94045f98e84810bb71edd3ba885463406b087","request_id":"d61f968ef68ec4923a15fcbf3a9ba7a4","user_id":1} 
[2026-09-07 17:45:25] testing.INFO: bet_purchase.api.success {"outcome":"purchased","bet_id":1,"bet_number":"BT-20260907-0C5D5748B6D8","ticket_id":1,"draw_id":1,"currency":"THB","stake":"10.00","client_key":"api-b797c8d26a988c97a38d4458172406dc19ab0012","request_id":"78f516d768d19993838333251f14edfd","user_id":1} 
[2026-09-07 17:45:25] testing.INFO: bet_purchase.api.success {"outcome":"purchased","bet_id":1,"bet_number":"BT-20260907-FA5A56F83711","ticket_id":1,"draw_id":1,"currency":"THB","stake":"10.00","client_key":"api-70ba33708cbfb103f1a8e34afef333ba7dc02102","request_id":"6f97a43e52f36cc5915dd03b22c5afb3","user_id":1} 
[2026-09-07 17:45:25] testing.INFO: bet_purchase.api.success {"outcome":"purchased","bet_id":1,"bet_number":"BT-20260907-E72CA3F3089A","ticket_id":1,"draw_id":1,"currency":"THB","stake":"10.00","client_key":"api-f9a00f43e97e3966bb846e76b6795e11512c3bbf","request_id":"a8ed47e0b9121ad57918fe95d39eec4e","user_id":1} 
[2026-09-07 17:45:25] testing.INFO: bet_purchase.api.success {"outcome":"purchased","bet_id":1,"bet_number":"BT-20260907-D9127391F197","ticket_id":1,"draw_id":1,"currency":"THB","stake":"10.00","client_key":"api-503126878d17fcd6bde7df320ff6eb7c278a1c42","request_id":"9dc5100892f8dc5a7d0b45ce37ced45e","user_id":1} 
[2026-09-07 17:45:25] testing.INFO: bet_purchase.api.success {"outcome":"purchased","bet_id":1,"bet_number":"BT-20260907-9734A2EC8075","ticket_id":1,"draw_id":1,"currency":"THB","stake":"10.00","client_key":"api-9aaf680776b98fd17fe63376120525cbcdffc01b","request_id":"257395a60ca693ce05db415f594c2d04","user_id":1} 
[2026-09-07 17:45:25] testing.INFO: bet_purchase.api.success {"outcome":"purchased","bet_id":1,"bet_number":"BT-20260907-A01803F5E879","ticket_id":1,"draw_id":1,"currency":"THB","stake":"10.55","client_key":"api-70a0d5198ebb88f97a2cc83a236a8afcc28c7d9e","request_id":"8ae80c3de6d3f849bb9c02ba86fbe0fb","user_id":1} 
[2026-09-07 17:45:25] testing.INFO: bet_purchase.api.success {"outcome":"purchased","bet_id":1,"bet_number":"BT-20260907-A80CE05ADCD3","ticket_id":1,"draw_id":1,"currency":"THB","stake":"10.00","client_key":"api-32e83e92d45d71f69dcf9d214688f03755421086","request_id":"9f374a11036eb3c4f0b10e2cf71ffa0f","user_id":1} 
[2026-09-07 17:45:25] testing.INFO: bet_purchase.api.success {"outcome":"purchased","bet_id":1,"bet_number":"BT-20260907-770CB2E23939","ticket_id":1,"draw_id":1,"currency":"THB","stake":"10.00","client_key":"api-7d29d73105d636d04ca9fffcf979986d373ac874","request_id":"de303a1c8d987fbc7e82fcc18c82bf3b","user_id":1} 
[2026-09-07 17:45:25] testing.INFO: bet_purchase.api.success {"outcome":"purchased","bet_id":1,"bet_number":"BT-20260907-0BAC6D959CE1","ticket_id":1,"draw_id":2,"currency":"THB","stake":"10.00","client_key":"api-6fdb16bc02366c008d809798cb3faae1efba55a5","request_id":"414da367304d76e18024b242b678677e","user_id":2} 
[2026-09-07 17:45:26] testing.ERROR: SQLSTATE[42S02]: Base table or view not found: 1146 Table "thai_lottery.wallets" doesn't exist (Connection: mysql, SQL: select * from `wallets` where `id` = 1) in /var/www/app/Services/Finance/WalletService.php:118 {"exception":"[object] (RuntimeException(code: 0): SQLSTATE[42S02]: Base table or view not found: 1146 Table \"thai_lottery.wallets\" doesn't exist (Connection: mysql, SQL: select * from `wallets` where `id` = 1) in /var/www/app/Services/Finance/WalletService.php:118 at /home/user/tests/Feature/Api/V1/BetPurchaseApiTest.php:993)
[stacktrace]
#0 /home/user/vendor/laravel/framework/src/Illuminate/Routing/CallableDispatcher.php(40): Tests\\Feature\\Api\\V1\\BetPurchaseApiTest->{closure:Tests\\Feature\\Api\\V1\\BetPurchaseApiTest::am_an_unexpected_failure_never_exposes_a_stack_trace_or_internals():990}()
#1 /home/user/vendor/laravel/framework/src/Illuminate/Routing/Route.php(244): Illuminate\\Routing\\CallableDispatcher->dispatch()
#2 /home/user/vendor/laravel/framework/src/Illuminate/Routing/Route.php(215): Illuminate\\Routing\\Route->runCallable()
#3 /home/user/vendor/laravel/framework/src/Illuminate/Routing/Router.php(808): Illuminate\\Routing\\Route->run()
#4 /home/user/vendor/laravel/framework/src/Illuminate/Pipeline/Pipeline.php(170): Illuminate\\Routing\\Router->{closure:Illuminate\\Routing\\Router::runRouteWithinStack():807}()
#5 /home/user/vendor/laravel/framework/src/Illuminate/Routing/Middleware/SubstituteBindings.php(51): Illuminate\\Pipeline\\Pipeline->{closure:Illuminate\\Pipeline\\Pipeline::prepareDestination():168}()
#6 /home/user/vendor/laravel/framework/src/Illuminate/Pipeline/Pipeline.php(209): Illuminate\\Routing\\Middleware\\SubstituteBindings->handle()
#7 /home/user/vendor/laravel/framework/src/Illuminate/Pipeline/Pipeline.php(127): Illuminate\\Pipeline\\Pipeline->{closure:{closure:Illuminate\\Pipeline\\Pipeline::carry():184}:185}()
#8 /home/user/vendor/laravel/framework/src/Illuminate/Routing/Router.php(807): Illuminate\\Pipeline\\Pipeline->then()
#9 /home/user/vendor/laravel/framework/src/Illuminate/Routing/Router.php(786): Illuminate\\Routing\\Router->runRouteWithinStack()
#10 /home/user/vendor/laravel/framework/src/Illuminate/Routing/Router.php(750): Illuminate\\Routing\\Router->runRoute()
#11 /home/user/vendor/laravel/framework/src/Illuminate/Routing/Router.php(739): Illuminate\\Routing\\Router->dispatchToRoute()
#12 /home/user/vendor/laravel/framework/src/Illuminate/Foundation/Http/Kernel.php(201): Illuminate\\Routing\\Router->dispatch()
#13 /home/user/vendor/laravel/framework/src/Illuminate/Pipeline/Pipeline.php(170): Illuminate\\Foundation\\Http\\Kernel->{closure:Illuminate\\Foundation\\Http\\Kernel::dispatchToRouter():198}()
#14 /home/user/vendor/livewire/livewire/src/Features/SupportDisablingBackButtonCache/DisableBackButtonCacheMiddleware.php(19): Illuminate\\Pipeline\\Pipeline->{closure:Illuminate\\Pipeline\\Pipeline::prepareDestination():168}()
#15 /home/user/vendor/laravel/framework/src/Illuminate/Pipeline/Pipeline.php(209): Livewire\\Features\\SupportDisablingBackButtonCache\\DisableBackButtonCacheMiddleware->handle()
#16 /home/user/app/Http/Middleware/SecurityHeaders.php(13): Illuminate\\Pipeline\\Pipeline->{closure:{closure:Illuminate\\Pipeline\\Pipeline::carry():184}:185}()
#17 /home/user/vendor/laravel/framework/src/Illuminate/Pipeline/Pipeline.php(209): App\\Http\\Middleware\\SecurityHeaders->handle()
#18 /home/user/vendor/laravel/framework/src/Illuminate/Foundation/Http/Middleware/TransformsRequest.php(21): Illuminate\\Pipeline\\Pipeline->{closure:{closure:Illuminate\\Pipeline\\Pipeline::carry():184}:185}()
#19 /home/user/vendor/laravel/framework/src/Illuminate/Foundation/Http/Middleware/ConvertEmptyStringsToNull.php(31): Illuminate\\Foundation\\Http\\Middleware\\TransformsRequest->handle()
#20 /home/user/vendor/laravel/framework/src/Illuminate/Pipeline/Pipeline.php(209): Illuminate\\Foundation\\Http\\Middleware\\ConvertEmptyStringsToNull->handle()
#21 /home/user/vendor/laravel/framework/src/Illuminate/Foundation/Http/Middleware/TransformsRequest.php(21): Illuminate\\Pipeline\\Pipeline->{closure:{closure:Illuminate\\Pipeline\\Pipeline::carry():184}:185}()
#22 /home/user/vendor/laravel/framework/src/Illuminate/Foundation/Http/Middleware/TrimStrings.php(51): Illuminate\\Foundation\\Http\\Middleware\\TransformsRequest->handle()
#23 /home/user/vendor/laravel/framework/src/Illuminate/Pipeline/Pipeline.php(209): Illuminate\\Foundation\\Http\\Middleware\\TrimStrings->handle()
#24 /home/user/vendor/laravel/framework/src/Illuminate/Http/Middleware/ValidatePostSize.php(27): Illuminate\\Pipeline\\Pipeline->{closure:{closure:Illuminate\\Pipeline\\Pipeline::carry():184}:185}()
#25 /home/user/vendor/laravel/framework/src/Illuminate/Pipeline/Pipeline.php(209): Illuminate\\Http\\Middleware\\ValidatePostSize->handle()
#26 /home/user/vendor/laravel/framework/src/Illuminate/Foundation/Http/Middleware/PreventRequestsDuringMaintenance.php(110): Illuminate\\Pipeline\\Pipeline->{closure:{closure:Illuminate\\Pipeline\\Pipeline::carry():184}:185}()
#27 /home/user/vendor/laravel/framework/src/Illuminate/Pipeline/Pipeline.php(209): Illuminate\\Foundation\\Http\\Middleware\\PreventRequestsDuringMaintenance->handle()
#28 /home/user/vendor/laravel/framework/src/Illuminate/Http/Middleware/HandleCors.php(62): Illuminate\\Pipeline\\Pipeline->{closure:{closure:Illuminate\\Pipeline\\Pipeline::carry():184}:185}()
#29 /home/user/vendor/laravel/framework/src/Illuminate/Pipeline/Pipeline.php(209): Illuminate\\Http\\Middleware\\HandleCors->handle()
#30 /home/user/vendor/laravel/framework/src/Illuminate/Http/Middleware/TrustProxies.php(58): Illuminate\\Pipeline\\Pipeline->{closure:{closure:Illuminate\\Pipeline\\Pipeline::carry():184}:185}()
#31 /home/user/vendor/laravel/framework/src/Illuminate/Pipeline/Pipeline.php(209): Illuminate\\Http\\Middleware\\TrustProxies->handle()
#32 /home/user/vendor/laravel/framework/src/Illuminate/Foundation/Http/Middleware/InvokeDeferredCallbacks.php(22): Illuminate\\Pipeline\\Pipeline->{closure:{closure:Illuminate\\Pipeline\\Pipeline::carry():184}:185}()
#33 /home/user/vendor/laravel/framework/src/Illuminate/Pipeline/Pipeline.php(209): Illuminate\\Foundation\\Http\\Middleware\\InvokeDeferredCallbacks->handle()
#34 /home/user/vendor/laravel/framework/src/Illuminate/Pipeline/Pipeline.php(127): Illuminate\\Pipeline\\Pipeline->{closure:{closure:Illuminate\\Pipeline\\Pipeline::carry():184}:185}()
#35 /home/user/vendor/laravel/framework/src/Illuminate/Foundation/Http/Kernel.php(176): Illuminate\\Pipeline\\Pipeline->then()
#36 /home/user/vendor/laravel/framework/src/Illuminate/Foundation/Http/Kernel.php(145): Illuminate\\Foundation\\Http\\Kernel->sendRequestThroughRouter()
#37 /home/user/vendor/laravel/framework/src/Illuminate/Foundation/Testing/Concerns/MakesHttpRequests.php(607): Illuminate\\Foundation\\Http\\Kernel->handle()
#38 /home/user/vendor/laravel/framework/src/Illuminate/Foundation/Testing/Concerns/MakesHttpRequests.php(573): Illuminate\\Foundation\\Testing\\TestCase->call()
#39 /home/user/vendor/laravel/framework/src/Illuminate/Foundation/Testing/Concerns/MakesHttpRequests.php(381): Illuminate\\Foundation\\Testing\\TestCase->json()
#40 /home/user/tests/Feature/Api/V1/BetPurchaseApiTest.php(1001): Illuminate\\Foundation\\Testing\\TestCase->getJson()
#41 /home/user/vendor/phpunit/phpunit/src/Framework/TestCase.php(1667): Tests\\Feature\\Api\\V1\\BetPurchaseApiTest->am_an_unexpected_failure_never_exposes_a_stack_trace_or_internals()
#42 /home/user/vendor/phpunit/phpunit/src/Framework/TestCase.php(519): PHPUnit\\Framework\\TestCase->runTest()
#43 /home/user/vendor/phpunit/phpunit/src/Framework/TestRunner/TestRunner.php(87): PHPUnit\\Framework\\TestCase->runBare()
#44 /home/user/vendor/phpunit/phpunit/src/Framework/TestCase.php(365): PHPUnit\\Framework\\TestRunner->run()
#45 /home/user/vendor/phpunit/phpunit/src/Framework/TestSuite.php(369): PHPUnit\\Framework\\TestCase->run()
#46 /home/user/vendor/phpunit/phpunit/src/Framework/TestSuite.php(369): PHPUnit\\Framework\\TestSuite->run()
#47 /home/user/vendor/phpunit/phpunit/src/Framework/TestSuite.php(369): PHPUnit\\Framework\\TestSuite->run()
#48 /home/user/vendor/phpunit/phpunit/src/TextUI/TestRunner.php(64): PHPUnit\\Framework\\TestSuite->run()
#49 /home/user/vendor/phpunit/phpunit/src/TextUI/Application.php(211): PHPUnit\\TextUI\\TestRunner->run()
#50 /home/user/vendor/phpunit/phpunit/phpunit(104): PHPUnit\\TextUI\\Application->run()
#51 /home/user/vendor/bin/phpunit(122): include('...')
#52 {main}
"} 
[2026-09-07 17:45:26] testing.ERROR: api.unhandled_exception {"exception":"[object] (RuntimeException(code: 0): SQLSTATE[42S02]: Base table or view not found: 1146 Table \"thai_lottery.wallets\" doesn't exist (Connection: mysql, SQL: select * from `wallets` where `id` = 1) in /var/www/app/Services/Finance/WalletService.php:118 at /home/user/tests/Feature/Api/V1/BetPurchaseApiTest.php:993)
[stacktrace]
#0 /home/user/vendor/laravel/framework/src/Illuminate/Routing/CallableDispatcher.php(40): Tests\\Feature\\Api\\V1\\BetPurchaseApiTest->{closure:Tests\\Feature\\Api\\V1\\BetPurchaseApiTest::am_an_unexpected_failure_never_exposes_a_stack_trace_or_internals():990}()
#1 /home/user/vendor/laravel/framework/src/Illuminate/Routing/Route.php(244): Illuminate\\Routing\\CallableDispatcher->dispatch()
#2 /home/user/vendor/laravel/framework/src/Illuminate/Routing/Route.php(215): Illuminate\\Routing\\Route->runCallable()
#3 /home/user/vendor/laravel/framework/src/Illuminate/Routing/Router.php(808): Illuminate\\Routing\\Route->run()
#4 /home/user/vendor/laravel/framework/src/Illuminate/Pipeline/Pipeline.php(170): Illuminate\\Routing\\Router->{closure:Illuminate\\Routing\\Router::runRouteWithinStack():807}()
#5 /home/user/vendor/laravel/framework/src/Illuminate/Routing/Middleware/SubstituteBindings.php(51): Illuminate\\Pipeline\\Pipeline->{closure:Illuminate\\Pipeline\\Pipeline::prepareDestination():168}()
#6 /home/user/vendor/laravel/framework/src/Illuminate/Pipeline/Pipeline.php(209): Illuminate\\Routing\\Middleware\\SubstituteBindings->handle()
#7 /home/user/vendor/laravel/framework/src/Illuminate/Pipeline/Pipeline.php(127): Illuminate\\Pipeline\\Pipeline->{closure:{closure:Illuminate\\Pipeline\\Pipeline::carry():184}:185}()
#8 /home/user/vendor/laravel/framework/src/Illuminate/Routing/Router.php(807): Illuminate\\Pipeline\\Pipeline->then()
#9 /home/user/vendor/laravel/framework/src/Illuminate/Routing/Router.php(786): Illuminate\\Routing\\Router->runRouteWithinStack()
#10 /home/user/vendor/laravel/framework/src/Illuminate/Routing/Router.php(750): Illuminate\\Routing\\Router->runRoute()
#11 /home/user/vendor/laravel/framework/src/Illuminate/Routing/Router.php(739): Illuminate\\Routing\\Router->dispatchToRoute()
#12 /home/user/vendor/laravel/framework/src/Illuminate/Foundation/Http/Kernel.php(201): Illuminate\\Routing\\Router->dispatch()
#13 /home/user/vendor/laravel/framework/src/Illuminate/Pipeline/Pipeline.php(170): Illuminate\\Foundation\\Http\\Kernel->{closure:Illuminate\\Foundation\\Http\\Kernel::dispatchToRouter():198}()
#14 /home/user/vendor/livewire/livewire/src/Features/SupportDisablingBackButtonCache/DisableBackButtonCacheMiddleware.php(19): Illuminate\\Pipeline\\Pipeline->{closure:Illuminate\\Pipeline\\Pipeline::prepareDestination():168}()
#15 /home/user/vendor/laravel/framework/src/Illuminate/Pipeline/Pipeline.php(209): Livewire\\Features\\SupportDisablingBackButtonCache\\DisableBackButtonCacheMiddleware->handle()
#16 /home/user/app/Http/Middleware/SecurityHeaders.php(13): Illuminate\\Pipeline\\Pipeline->{closure:{closure:Illuminate\\Pipeline\\Pipeline::carry():184}:185}()
#17 /home/user/vendor/laravel/framework/src/Illuminate/Pipeline/Pipeline.php(209): App\\Http\\Middleware\\SecurityHeaders->handle()
#18 /home/user/vendor/laravel/framework/src/Illuminate/Foundation/Http/Middleware/TransformsRequest.php(21): Illuminate\\Pipeline\\Pipeline->{closure:{closure:Illuminate\\Pipeline\\Pipeline::carry():184}:185}()
#19 /home/user/vendor/laravel/framework/src/Illuminate/Foundation/Http/Middleware/ConvertEmptyStringsToNull.php(31): Illuminate\\Foundation\\Http\\Middleware\\TransformsRequest->handle()
#20 /home/user/vendor/laravel/framework/src/Illuminate/Pipeline/Pipeline.php(209): Illuminate\\Foundation\\Http\\Middleware\\ConvertEmptyStringsToNull->handle()
#21 /home/user/vendor/laravel/framework/src/Illuminate/Foundation/Http/Middleware/TransformsRequest.php(21): Illuminate\\Pipeline\\Pipeline->{closure:{closure:Illuminate\\Pipeline\\Pipeline::carry():184}:185}()
#22 /home/user/vendor/laravel/framework/src/Illuminate/Foundation/Http/Middleware/TrimStrings.php(51): Illuminate\\Foundation\\Http\\Middleware\\TransformsRequest->handle()
#23 /home/user/vendor/laravel/framework/src/Illuminate/Pipeline/Pipeline.php(209): Illuminate\\Foundation\\Http\\Middleware\\TrimStrings->handle()
#24 /home/user/vendor/laravel/framework/src/Illuminate/Http/Middleware/ValidatePostSize.php(27): Illuminate\\Pipeline\\Pipeline->{closure:{closure:Illuminate\\Pipeline\\Pipeline::carry():184}:185}()
#25 /home/user/vendor/laravel/framework/src/Illuminate/Pipeline/Pipeline.php(209): Illuminate\\Http\\Middleware\\ValidatePostSize->handle()
#26 /home/user/vendor/laravel/framework/src/Illuminate/Foundation/Http/Middleware/PreventRequestsDuringMaintenance.php(110): Illuminate\\Pipeline\\Pipeline->{closure:{closure:Illuminate\\Pipeline\\Pipeline::carry():184}:185}()
#27 /home/user/vendor/laravel/framework/src/Illuminate/Pipeline/Pipeline.php(209): Illuminate\\Foundation\\Http\\Middleware\\PreventRequestsDuringMaintenance->handle()
#28 /home/user/vendor/laravel/framework/src/Illuminate/Http/Middleware/HandleCors.php(62): Illuminate\\Pipeline\\Pipeline->{closure:{closure:Illuminate\\Pipeline\\Pipeline::carry():184}:185}()
#29 /home/user/vendor/laravel/framework/src/Illuminate/Pipeline/Pipeline.php(209): Illuminate\\Http\\Middleware\\HandleCors->handle()
#30 /home/user/vendor/laravel/framework/src/Illuminate/Http/Middleware/TrustProxies.php(58): Illuminate\\Pipeline\\Pipeline->{closure:{closure:Illuminate\\Pipeline\\Pipeline::carry():184}:185}()
#31 /home/user/vendor/laravel/framework/src/Illuminate/Pipeline/Pipeline.php(209): Illuminate\\Http\\Middleware\\TrustProxies->handle()
#32 /home/user/vendor/laravel/framework/src/Illuminate/Foundation/Http/Middleware/InvokeDeferredCallbacks.php(22): Illuminate\\Pipeline\\Pipeline->{closure:{closure:Illuminate\\Pipeline\\Pipeline::carry():184}:185}()
#33 /home/user/vendor/laravel/framework/src/Illuminate/Pipeline/Pipeline.php(209): Illuminate\\Foundation\\Http\\Middleware\\InvokeDeferredCallbacks->handle()
#34 /home/user/vendor/laravel/framework/src/Illuminate/Pipeline/Pipeline.php(127): Illuminate\\Pipeline\\Pipeline->{closure:{closure:Illuminate\\Pipeline\\Pipeline::carry():184}:185}()
#35 /home/user/vendor/laravel/framework/src/Illuminate/Foundation/Http/Kernel.php(176): Illuminate\\Pipeline\\Pipeline->then()
#36 /home/user/vendor/laravel/framework/src/Illuminate/Foundation/Http/Kernel.php(145): Illuminate\\Foundation\\Http\\Kernel->sendRequestThroughRouter()
#37 /home/user/vendor/laravel/framework/src/Illuminate/Foundation/Testing/Concerns/MakesHttpRequests.php(607): Illuminate\\Foundation\\Http\\Kernel->handle()
#38 /home/user/vendor/laravel/framework/src/Illuminate/Foundation/Testing/Concerns/MakesHttpRequests.php(573): Illuminate\\Foundation\\Testing\\TestCase->call()
#39 /home/user/vendor/laravel/framework/src/Illuminate/Foundation/Testing/Concerns/MakesHttpRequests.php(381): Illuminate\\Foundation\\Testing\\TestCase->json()
#40 /home/user/tests/Feature/Api/V1/BetPurchaseApiTest.php(1001): Illuminate\\Foundation\\Testing\\TestCase->getJson()
#41 /home/user/vendor/phpunit/phpunit/src/Framework/TestCase.php(1667): Tests\\Feature\\Api\\V1\\BetPurchaseApiTest->am_an_unexpected_failure_never_exposes_a_stack_trace_or_internals()
#42 /home/user/vendor/phpunit/phpunit/src/Framework/TestCase.php(519): PHPUnit\\Framework\\TestCase->runTest()
#43 /home/user/vendor/phpunit/phpunit/src/Framework/TestRunner/TestRunner.php(87): PHPUnit\\Framework\\TestCase->runBare()
#44 /home/user/vendor/phpunit/phpunit/src/Framework/TestCase.php(365): PHPUnit\\Framework\\TestRunner->run()
#45 /home/user/vendor/phpunit/phpunit/src/Framework/TestSuite.php(369): PHPUnit\\Framework\\TestCase->run()
#46 /home/user/vendor/phpunit/phpunit/src/Framework/TestSuite.php(369): PHPUnit\\Framework\\TestSuite->run()
#47 /home/user/vendor/phpunit/phpunit/src/Framework/TestSuite.php(369): PHPUnit\\Framework\\TestSuite->run()
#48 /home/user/vendor/phpunit/phpunit/src/TextUI/TestRunner.php(64): PHPUnit\\Framework\\TestSuite->run()
#49 /home/user/vendor/phpunit/phpunit/src/TextUI/Application.php(211): PHPUnit\\TextUI\\TestRunner->run()
#50 /home/user/vendor/phpunit/phpunit/phpunit(104): PHPUnit\\TextUI\\Application->run()
#51 /home/user/vendor/bin/phpunit(122): include('...')
#52 {main}
","path":"api/v1/__phase44_failure_probe","method":"GET","user_id":null} 
[2026-09-07 17:45:27] testing.CRITICAL: Limit Exceeded (Critical Risk) on number 123 [3d] for draw 1. {"risk_alert_type":"limit_exceeded","risk_level":"critical","audit_log_id":1} 
[2026-09-07 17:45:27] testing.CRITICAL: Critical Exposure (Critical Risk) on number 123 [3d] for draw 1. {"risk_alert_type":"critical_exposure","risk_level":"critical","audit_log_id":2} 
[2026-09-07 17:45:29] testing.INFO: lottery.automation.provisioned {"created":3,"existing":0,"horizon_days":40} 
[2026-09-07 17:45:29] testing.INFO: lottery.automation.provisioned {"created":8,"existing":0,"horizon_days":120} 
[2026-09-07 17:45:29] testing.INFO: lottery.automation.provisioned {"created":0,"existing":8,"horizon_days":120} 
[2026-09-07 17:45:29] testing.INFO: lottery.automation.provisioned {"created":3,"existing":0,"horizon_days":40} 
[2026-09-07 17:45:29] testing.INFO: lottery.automation.provisioned {"created":0,"existing":3,"horizon_days":40} 
[2026-09-07 17:45:29] testing.INFO: lottery.automation.run {"command":"lottery:open-draws","activity":"open","processed":1,"failed":0,"skipped":0,"candidates":1} 
[2026-09-07 17:45:29] testing.INFO: lottery.automation.run {"command":"lottery:close-draws","activity":"close","processed":1,"failed":0,"skipped":0,"candidates":1} 
[2026-09-07 17:45:29] testing.INFO: lottery.automation.run {"command":"lottery:close-draws","activity":"close","processed":1,"failed":0,"skipped":0,"candidates":1} 
[2026-09-07 17:45:29] testing.INFO: lottery.automation.run {"command":"lottery:close-draws","activity":"close","processed":1,"failed":0,"skipped":0,"candidates":1} 
[2026-09-07 17:45:29] testing.INFO: lottery.automation.run {"command":"lottery:mark-results-pending","activity":"mark result-pending","processed":1,"failed":0,"skipped":0,"candidates":1} 
[2026-09-07 17:45:29] testing.INFO: lottery.automation.run {"command":"lottery:mark-results-pending","activity":"mark result-pending","processed":1,"failed":0,"skipped":0,"candidates":1} 
[2026-09-07 17:45:29] testing.INFO: lottery.automation.run {"command":"lottery:settle-draws","activity":"settle","processed":1,"failed":0,"skipped":0,"candidates":1} 
[2026-09-07 17:45:29] testing.INFO: lottery.automation.run {"command":"lottery:mark-results-pending","activity":"mark result-pending","processed":1,"failed":0,"skipped":0,"candidates":1} 
[2026-09-07 17:45:29] testing.INFO: lottery.automation.run {"command":"lottery:mark-results-pending","activity":"mark result-pending","processed":1,"failed":0,"skipped":0,"candidates":1} 
[2026-09-07 17:45:29] testing.INFO: lottery.automation.run {"command":"lottery:settle-draws","activity":"settle","processed":1,"failed":0,"skipped":0,"candidates":1} 
[2026-09-07 17:45:29] testing.INFO: lottery.automation.run {"command":"lottery:mark-results-pending","activity":"mark result-pending","processed":1,"failed":0,"skipped":0,"candidates":1} 
[2026-09-07 17:45:29] testing.INFO: lottery.automation.run {"command":"lottery:settle-draws","activity":"settle","processed":1,"failed":0,"skipped":0,"candidates":1} 
[2026-09-07 17:45:29] testing.INFO: lottery.automation.run {"command":"lottery:settle-draws","activity":"settle","processed":1,"failed":0,"skipped":0,"candidates":1} 
[2026-09-07 17:45:29] testing.INFO: lottery.automation.run {"command":"lottery:mark-results-pending","activity":"mark result-pending","processed":1,"failed":0,"skipped":0,"candidates":1} 
[2026-09-07 17:45:29] testing.INFO: lottery.automation.run {"command":"lottery:settle-draws","activity":"settle","processed":1,"failed":0,"skipped":0,"candidates":1} 
[2026-09-07 17:45:29] testing.INFO: lottery.automation.run {"command":"lottery:mark-results-pending","activity":"mark result-pending","processed":1,"failed":0,"skipped":0,"candidates":1} 
[2026-09-07 17:45:29] testing.ERROR: lottery.automation.draw_failed {"command":"lottery:settle-draws","activity":"settle","draw_id":1,"draw_number":"DR-TEST-0015","exception":"[object] (App\\Exceptions\\DrawLifecycleException(code: 0): Draw 1 is in state result_published, which implies a published official result, but no draw_results row exists for it. This is refused rather than repaired. at /home/user/app/Exceptions/DrawLifecycleException.php:252)
[stacktrace]
#0 /home/user/app/Services/Draw/DrawSettlementSimulationService.php(200): App\\Exceptions\\DrawLifecycleException::resultMissing()
#1 /home/user/app/Services/Draw/DrawSettlementSimulationService.php(393): App\\Services\\Draw\\DrawSettlementSimulationService->publishedResultFor()
#2 /home/user/app/Services/Draw/DrawSettlementSimulationService.php(156): App\\Services\\Draw\\DrawSettlementSimulationService->performSettlement()
#3 /home/user/vendor/laravel/framework/src/Illuminate/Database/Concerns/ManagesTransactions.php(32): App\\Services\\Draw\\DrawSettlementSimulationService->{closure:App\\Services\\Draw\\DrawSettlementSimulationService::settle():145}()
#4 /home/user/vendor/laravel/framework/src/Illuminate/Database/DatabaseManager.php(495): Illuminate\\Database\\Connection->transaction()
#5 /home/user/vendor/laravel/framework/src/Illuminate/Support/Facades/Facade.php(361): Illuminate\\Database\\DatabaseManager->__call()
#6 /home/user/app/Services/Draw/DrawSettlementSimulationService.php(145): Illuminate\\Support\\Facades\\Facade::__callStatic()
#7 /home/user/app/Console/Commands/Lottery/SettleDrawsCommand.php(90): App\\Services\\Draw\\DrawSettlementSimulationService->settle()
#8 /home/user/app/Console/Commands/Lottery/LotteryAutomationCommand.php(155): App\\Console\\Commands\\Lottery\\SettleDrawsCommand->{closure:App\\Console\\Commands\\Lottery\\SettleDrawsCommand::handle():89}()
#9 /home/user/app/Console/Commands/Lottery/SettleDrawsCommand.php(87): App\\Console\\Commands\\Lottery\\LotteryAutomationCommand->eachDueDraw()
#10 /home/user/vendor/laravel/framework/src/Illuminate/Container/BoundMethod.php(36): App\\Console\\Commands\\Lottery\\SettleDrawsCommand->handle()
#11 /home/user/vendor/laravel/framework/src/Illuminate/Container/Util.php(43): Illuminate\\Container\\BoundMethod::{closure:Illuminate\\Container\\BoundMethod::call():35}()
#12 /home/user/vendor/laravel/framework/src/Illuminate/Container/BoundMethod.php(95): Illuminate\\Container\\Util::unwrapIfClosure()
#13 /home/user/vendor/laravel/framework/src/Illuminate/Container/BoundMethod.php(35): Illuminate\\Container\\BoundMethod::callBoundMethod()
#14 /home/user/vendor/laravel/framework/src/Illuminate/Container/Container.php(696): Illuminate\\Container\\BoundMethod::call()
#15 /home/user/vendor/laravel/framework/src/Illuminate/Console/Command.php(213): Illuminate\\Container\\Container->call()
#16 /home/user/vendor/symfony/console/Command/Command.php(341): Illuminate\\Console\\Command->execute()
#17 /home/user/vendor/laravel/framework/src/Illuminate/Console/Command.php(182): Symfony\\Component\\Console\\Command\\Command->run()
#18 /home/user/vendor/symfony/console/Application.php(1094): Illuminate\\Console\\Command->run()
#19 /home/user/vendor/symfony/console/Application.php(356): Symfony\\Component\\Console\\Application->doRunCommand()
#20 /home/user/vendor/symfony/console/Application.php(195): Symfony\\Component\\Console\\Application->doRun()
#21 /home/user/vendor/laravel/framework/src/Illuminate/Console/Application.php(166): Symfony\\Component\\Console\\Application->run()
#22 /home/user/vendor/laravel/framework/src/Illuminate/Foundation/Console/Kernel.php(427): Illuminate\\Console\\Application->call()
#23 /home/user/vendor/laravel/framework/src/Illuminate/Testing/PendingCommand.php(332): Illuminate\\Foundation\\Console\\Kernel->call()
#24 /home/user/vendor/laravel/framework/src/Illuminate/Testing/PendingCommand.php(556): Illuminate\\Testing\\PendingCommand->run()
#25 /home/user/tests/Feature/Console/DrawAutomationTest.php(334): Illuminate\\Testing\\PendingCommand->__destruct()
#26 /home/user/vendor/phpunit/phpunit/src/Framework/TestCase.php(1667): Tests\\Feature\\Console\\DrawAutomationTest->one_bad_draw_does_not_stop_the_batch_and_the_command_still_reports_failure()
#27 /home/user/vendor/phpunit/phpunit/src/Framework/TestCase.php(519): PHPUnit\\Framework\\TestCase->runTest()
#28 /home/user/vendor/phpunit/phpunit/src/Framework/TestRunner/TestRunner.php(87): PHPUnit\\Framework\\TestCase->runBare()
#29 /home/user/vendor/phpunit/phpunit/src/Framework/TestCase.php(365): PHPUnit\\Framework\\TestRunner->run()
#30 /home/user/vendor/phpunit/phpunit/src/Framework/TestSuite.php(369): PHPUnit\\Framework\\TestCase->run()
#31 /home/user/vendor/phpunit/phpunit/src/Framework/TestSuite.php(369): PHPUnit\\Framework\\TestSuite->run()
#32 /home/user/vendor/phpunit/phpunit/src/Framework/TestSuite.php(369): PHPUnit\\Framework\\TestSuite->run()
#33 /home/user/vendor/phpunit/phpunit/src/TextUI/TestRunner.php(64): PHPUnit\\Framework\\TestSuite->run()
#34 /home/user/vendor/phpunit/phpunit/src/TextUI/Application.php(211): PHPUnit\\TextUI\\TestRunner->run()
#35 /home/user/vendor/phpunit/phpunit/phpunit(104): PHPUnit\\TextUI\\Application->run()
#36 /home/user/vendor/bin/phpunit(122): include('...')
#37 {main}
"} 
[2026-09-07 17:45:29] testing.INFO: lottery.automation.run {"command":"lottery:settle-draws","activity":"settle","processed":1,"failed":1,"skipped":0,"candidates":2} 
[2026-09-07 17:45:29] testing.INFO: lottery.tick {"steps":5,"failed_steps":[],"duration_ms":0.0,"dry_run":false} 
[2026-09-07 17:45:29] testing.INFO: lottery.automation.run {"command":"lottery:open-draws","activity":"open","processed":1,"failed":0,"skipped":0,"candidates":1} 
[2026-09-07 17:45:29] testing.INFO: lottery.automation.run {"command":"lottery:close-draws","activity":"close","processed":2,"failed":0,"skipped":0,"candidates":2} 
[2026-09-07 17:45:30] testing.INFO: lottery.automation.provisioned {"created":6,"existing":0,"horizon_days":90} 
[2026-09-07 17:45:30] testing.INFO: lottery.automation.run {"command":"lottery:open-draws","activity":"open","processed":1,"failed":0,"skipped":0,"candidates":1} 
[2026-09-07 17:45:30] testing.INFO: lottery.automation.run {"command":"lottery:close-draws","activity":"close","processed":1,"failed":0,"skipped":0,"candidates":1} 
[2026-09-07 17:45:30] testing.INFO: lottery.automation.run {"command":"lottery:mark-results-pending","activity":"mark result-pending","processed":1,"failed":0,"skipped":0,"candidates":1} 
[2026-09-07 17:45:30] testing.INFO: lottery.tick {"steps":5,"failed_steps":[],"duration_ms":26.0,"dry_run":false} 
[2026-09-07 17:45:30] testing.INFO: lottery.automation.provisioned {"created":6,"existing":0,"horizon_days":90} 
[2026-09-07 17:45:30] testing.INFO: lottery.automation.run {"command":"lottery:open-draws","activity":"open","processed":1,"failed":0,"skipped":0,"candidates":1} 
[2026-09-07 17:45:30] testing.INFO: lottery.automation.run {"command":"lottery:close-draws","activity":"close","processed":1,"failed":0,"skipped":0,"candidates":1} 
[2026-09-07 17:45:30] testing.INFO: lottery.automation.run {"command":"lottery:mark-results-pending","activity":"mark result-pending","processed":1,"failed":0,"skipped":0,"candidates":1} 
[2026-09-07 17:45:30] testing.INFO: lottery.tick {"steps":5,"failed_steps":[],"duration_ms":24.0,"dry_run":false} 
[2026-09-07 17:45:30] testing.INFO: lottery.automation.run {"command":"lottery:mark-results-pending","activity":"mark result-pending","processed":1,"failed":0,"skipped":0,"candidates":1} 
[2026-09-07 17:45:30] testing.INFO: lottery.publication.published {"draw_id":1,"draw_number":"DR-TEST-0025","winning_numbers":6,"operator_command":true} 
[2026-09-07 17:45:30] testing.INFO: lottery.automation.run {"command":"lottery:mark-results-pending","activity":"mark result-pending","processed":1,"failed":0,"skipped":0,"candidates":1} 
[2026-09-07 17:45:30] testing.WARNING: lottery.publication.refused {"draw_id":1,"draw_number":"DR-TEST-0026","exception":"[object] (App\\Exceptions\\DrawResultValidationException(code: 0): The official first prize number must be exactly 6 digits. Received \"12\", which is 2. Leading zeroes count as digits and are never stripped. at /home/user/app/Exceptions/DrawResultValidationException.php:119)
[stacktrace]
#0 /home/user/app/Services/Draw/DrawResultValidator.php(205): App\\Exceptions\\DrawResultValidationException::firstPrizeLength()
#1 /home/user/app/Services/Draw/DrawResultValidator.php(131): App\\Services\\Draw\\DrawResultValidator->validateFirstPrize()
#2 /home/user/app/Services/Draw/DrawResultPublicationService.php(105): App\\Services\\Draw\\DrawResultValidator->validate()
#3 /home/user/app/Console/Commands/Lottery/PublishDrawResultCommand.php(104): App\\Services\\Draw\\DrawResultPublicationService->publish()
#4 /home/user/vendor/laravel/framework/src/Illuminate/Container/BoundMethod.php(36): App\\Console\\Commands\\Lottery\\PublishDrawResultCommand->handle()
#5 /home/user/vendor/laravel/framework/src/Illuminate/Container/Util.php(43): Illuminate\\Container\\BoundMethod::{closure:Illuminate\\Container\\BoundMethod::call():35}()
#6 /home/user/vendor/laravel/framework/src/Illuminate/Container/BoundMethod.php(95): Illuminate\\Container\\Util::unwrapIfClosure()
#7 /home/user/vendor/laravel/framework/src/Illuminate/Container/BoundMethod.php(35): Illuminate\\Container\\BoundMethod::callBoundMethod()
#8 /home/user/vendor/laravel/framework/src/Illuminate/Container/Container.php(696): Illuminate\\Container\\BoundMethod::call()
#9 /home/user/vendor/laravel/framework/src/Illuminate/Console/Command.php(213): Illuminate\\Container\\Container->call()
#10 /home/user/vendor/symfony/console/Command/Command.php(341): Illuminate\\Console\\Command->execute()
#11 /home/user/vendor/laravel/framework/src/Illuminate/Console/Command.php(182): Symfony\\Component\\Console\\Command\\Command->run()
#12 /home/user/vendor/symfony/console/Application.php(1094): Illuminate\\Console\\Command->run()
#13 /home/user/vendor/symfony/console/Application.php(356): Symfony\\Component\\Console\\Application->doRunCommand()
#14 /home/user/vendor/symfony/console/Application.php(195): Symfony\\Component\\Console\\Application->doRun()
#15 /home/user/vendor/laravel/framework/src/Illuminate/Console/Application.php(166): Symfony\\Component\\Console\\Application->run()
#16 /home/user/vendor/laravel/framework/src/Illuminate/Foundation/Console/Kernel.php(427): Illuminate\\Console\\Application->call()
#17 /home/user/vendor/laravel/framework/src/Illuminate/Testing/PendingCommand.php(332): Illuminate\\Foundation\\Console\\Kernel->call()
#18 /home/user/vendor/laravel/framework/src/Illuminate/Testing/PendingCommand.php(556): Illuminate\\Testing\\PendingCommand->run()
#19 /home/user/tests/Feature/Console/DrawAutomationTest.php(443): Illuminate\\Testing\\PendingCommand->__destruct()
#20 /home/user/vendor/phpunit/phpunit/src/Framework/TestCase.php(1667): Tests\\Feature\\Console\\DrawAutomationTest->publication_refuses_numbers_the_validator_rejects_and_writes_nothing()
#21 /home/user/vendor/phpunit/phpunit/src/Framework/TestCase.php(519): PHPUnit\\Framework\\TestCase->runTest()
#22 /home/user/vendor/phpunit/phpunit/src/Framework/TestRunner/TestRunner.php(87): PHPUnit\\Framework\\TestCase->runBare()
#23 /home/user/vendor/phpunit/phpunit/src/Framework/TestCase.php(365): PHPUnit\\Framework\\TestRunner->run()
#24 /home/user/vendor/phpunit/phpunit/src/Framework/TestSuite.php(369): PHPUnit\\Framework\\TestCase->run()
#25 /home/user/vendor/phpunit/phpunit/src/Framework/TestSuite.php(369): PHPUnit\\Framework\\TestSuite->run()
#26 /home/user/vendor/phpunit/phpunit/src/Framework/TestSuite.php(369): PHPUnit\\Framework\\TestSuite->run()
#27 /home/user/vendor/phpunit/phpunit/src/TextUI/TestRunner.php(64): PHPUnit\\Framework\\TestSuite->run()
#28 /home/user/vendor/phpunit/phpunit/src/TextUI/Application.php(211): PHPUnit\\TextUI\\TestRunner->run()
#29 /home/user/vendor/phpunit/phpunit/phpunit(104): PHPUnit\\TextUI\\Application->run()
#30 /home/user/vendor/bin/phpunit(122): include('...')
#31 {main}
"} 
[2026-09-07 17:45:30] testing.WARNING: lottery.publication.refused {"draw_id":1,"draw_number":"DR-TEST-0027","exception":"[object] (App\\Exceptions\\DrawLifecycleException(code: 0): Draw 1 is in state open; an official result may only be published from result_pending. at /home/user/app/Exceptions/DrawLifecycleException.php:191)
[stacktrace]
#0 /home/user/app/Services/Draw/DrawLifecycleService.php(385): App\\Exceptions\\DrawLifecycleException::notPublishable()
#1 /home/user/app/Services/Draw/DrawResultPublicationService.php(110): App\\Services\\Draw\\DrawLifecycleService->assertCanPublishResult()
#2 /home/user/vendor/laravel/framework/src/Illuminate/Database/Concerns/ManagesTransactions.php(32): App\\Services\\Draw\\DrawResultPublicationService->{closure:App\\Services\\Draw\\DrawResultPublicationService::publish():107}()
#3 /home/user/vendor/laravel/framework/src/Illuminate/Database/DatabaseManager.php(495): Illuminate\\Database\\Connection->transaction()
#4 /home/user/vendor/laravel/framework/src/Illuminate/Support/Facades/Facade.php(361): Illuminate\\Database\\DatabaseManager->__call()
#5 /home/user/app/Services/Draw/DrawResultPublicationService.php(139): Illuminate\\Support\\Facades\\Facade::__callStatic()
#6 /home/user/app/Console/Commands/Lottery/PublishDrawResultCommand.php(104): App\\Services\\Draw\\DrawResultPublicationService->publish()
#7 /home/user/vendor/laravel/framework/src/Illuminate/Container/BoundMethod.php(36): App\\Console\\Commands\\Lottery\\PublishDrawResultCommand->handle()
#8 /home/user/vendor/laravel/framework/src/Illuminate/Container/Util.php(43): Illuminate\\Container\\BoundMethod::{closure:Illuminate\\Container\\BoundMethod::call():35}()
#9 /home/user/vendor/laravel/framework/src/Illuminate/Container/BoundMethod.php(95): Illuminate\\Container\\Util::unwrapIfClosure()
#10 /home/user/vendor/laravel/framework/src/Illuminate/Container/BoundMethod.php(35): Illuminate\\Container\\BoundMethod::callBoundMethod()
#11 /home/user/vendor/laravel/framework/src/Illuminate/Container/Container.php(696): Illuminate\\Container\\BoundMethod::call()
#12 /home/user/vendor/laravel/framework/src/Illuminate/Console/Command.php(213): Illuminate\\Container\\Container->call()
#13 /home/user/vendor/symfony/console/Command/Command.php(341): Illuminate\\Console\\Command->execute()
#14 /home/user/vendor/laravel/framework/src/Illuminate/Console/Command.php(182): Symfony\\Component\\Console\\Command\\Command->run()
#15 /home/user/vendor/symfony/console/Application.php(1094): Illuminate\\Console\\Command->run()
#16 /home/user/vendor/symfony/console/Application.php(356): Symfony\\Component\\Console\\Application->doRunCommand()
#17 /home/user/vendor/symfony/console/Application.php(195): Symfony\\Component\\Console\\Application->doRun()
#18 /home/user/vendor/laravel/framework/src/Illuminate/Console/Application.php(166): Symfony\\Component\\Console\\Application->run()
#19 /home/user/vendor/laravel/framework/src/Illuminate/Foundation/Console/Kernel.php(427): Illuminate\\Console\\Application->call()
#20 /home/user/vendor/laravel/framework/src/Illuminate/Testing/PendingCommand.php(332): Illuminate\\Foundation\\Console\\Kernel->call()
#21 /home/user/vendor/laravel/framework/src/Illuminate/Testing/PendingCommand.php(556): Illuminate\\Testing\\PendingCommand->run()
#22 /home/user/tests/Feature/Console/DrawAutomationTest.php(459): Illuminate\\Testing\\PendingCommand->__destruct()
#23 /home/user/vendor/phpunit/phpunit/src/Framework/TestCase.php(1667): Tests\\Feature\\Console\\DrawAutomationTest->publication_is_refused_for_a_draw_that_is_not_awaiting_its_result()
#24 /home/user/vendor/phpunit/phpunit/src/Framework/TestCase.php(519): PHPUnit\\Framework\\TestCase->runTest()
#25 /home/user/vendor/phpunit/phpunit/src/Framework/TestRunner/TestRunner.php(87): PHPUnit\\Framework\\TestCase->runBare()
#26 /home/user/vendor/phpunit/phpunit/src/Framework/TestCase.php(365): PHPUnit\\Framework\\TestRunner->run()
#27 /home/user/vendor/phpunit/phpunit/src/Framework/TestSuite.php(369): PHPUnit\\Framework\\TestCase->run()
#28 /home/user/vendor/phpunit/phpunit/src/Framework/TestSuite.php(369): PHPUnit\\Framework\\TestSuite->run()
#29 /home/user/vendor/phpunit/phpunit/src/Framework/TestSuite.php(369): PHPUnit\\Framework\\TestSuite->run()
#30 /home/user/vendor/phpunit/phpunit/src/TextUI/TestRunner.php(64): PHPUnit\\Framework\\TestSuite->run()
#31 /home/user/vendor/phpunit/phpunit/src/TextUI/Application.php(211): PHPUnit\\TextUI\\TestRunner->run()
#32 /home/user/vendor/phpunit/phpunit/phpunit(104): PHPUnit\\TextUI\\Application->run()
#33 /home/user/vendor/bin/phpunit(122): include('...')
#34 {main}
"} 
[2026-09-07 17:45:30] testing.INFO: lottery.automation.run {"command":"lottery:mark-results-pending","activity":"mark result-pending","processed":1,"failed":0,"skipped":0,"candidates":1} 
[2026-09-07 17:46:15] testing.CRITICAL: DisburseWithdrawalJob: Job permanently failed after max attempts {"withdrawal_id":888888,"attempts":1,"error":"Withdrawal entity 888888 not found"} 
[2026-09-07 17:46:15] testing.INFO: OperationalAlertService: Alert throttled (duplicate within cooldown) {"title":"Critical Ledger Imbalance","fingerprint":"alert:anomaly:304a127cfffc21d342fb8664ff0dc21d"} 
[2026-09-07 17:46:15] testing.INFO: Payment webhook event already processed (replay cache hit) {"gateway":"stripe","event_id":"evt_stripe_concurrency_666"} 
[2026-09-07 17:46:15] testing.INFO: Payment webhook event already processed (replay cache hit) {"gateway":"stripe","event_id":"evt_stripe_concurrency_666"} 
[2026-09-07 17:46:15] testing.INFO: Payment webhook event already processed (replay cache hit) {"gateway":"stripe","event_id":"evt_stripe_concurrency_666"} 
[2026-09-07 17:46:15] testing.INFO: Payment webhook event already processed (replay cache hit) {"gateway":"stripe","event_id":"evt_stripe_concurrency_666"} 
[2026-09-07 17:46:16] testing.INFO: Payment webhook event already processed (replay cache hit) {"gateway":"stripe","event_id":"evt_unique_test_replay_999"} 
[2026-09-07 17:46:21] testing.INFO: bet_purchase.api.success {"outcome":"purchased","bet_id":1,"bet_number":"BT-20260907-8C283322ABDE","ticket_id":1,"draw_id":1,"currency":"THB","stake":"100.00","client_key":"client_key_valid_test_16_abc","request_id":"3cd9e3775fefdc998d60c198ff3e50cd","user_id":1} 
[2026-09-07 17:46:22] testing.INFO: bet_purchase.api.refused {"outcome":"refused","error_code":"insufficient_balance","http_status":422,"exception":"App\\Exceptions\\BetPurchaseException","client_key":"client_key_insufficient_17","request_id":"23e7cee0afb670f9d85ccdfe99f86668","user_id":1} 
[2026-09-07 17:46:22] testing.INFO: bet_purchase.api.refused {"outcome":"refused","error_code":"draw_closed","http_status":422,"exception":"App\\Exceptions\\BetPurchaseValidationException","client_key":"client_key_closed_draw_18","request_id":"ab3fa4ad6c69059a06c5ab0529326e09","user_id":1} 
[2026-09-07 17:46:22] testing.INFO: bet_purchase.api.refused {"outcome":"refused","error_code":"invalid_digits","http_status":422,"exception":"App\\Exceptions\\BetPurchaseValidationException","client_key":"client_key_invalid_market_19","request_id":"aa922e214e76c37a9fe9690b48bbcc00","user_id":1} 
[2026-09-07 17:46:22] testing.INFO: bet_purchase.api.success {"outcome":"purchased","bet_id":1,"bet_number":"BT-20260907-2456593FC8FF","ticket_id":1,"draw_id":1,"currency":"THB","stake":"100.00","client_key":"unique_idempotency_key_test_20_xyz","request_id":"0d78867ec19fa7afcf8a3715b1657d8c","user_id":1} 
[2026-09-07 17:46:22] testing.INFO: bet_purchase.api.success {"outcome":"replayed","bet_id":1,"bet_number":"BT-20260907-2456593FC8FF","ticket_id":1,"draw_id":1,"currency":"THB","stake":"100.00","client_key":"unique_idempotency_key_test_20_xyz","request_id":"e9bf76f2270ab2adb8be4fcabd274a45","user_id":1} 
[2026-09-07 17:46:29] testing.WARNING: DisburseWithdrawalJob: Transient error during disbursement, queue will retry {"withdrawal_id":1,"attempt":1,"max_tries":3,"exception":"Connection timeout to gateway API."} 
[2026-09-07 17:46:29] testing.ERROR: DisburseWithdrawalJob: Withdrawal not found {"withdrawal_id":999999,"attempt":1} 
[2026-09-07 17:46:29] testing.INFO: DisburseWithdrawalJob: Withdrawal already completed, skipping redundant disbursement {"withdrawal_id":1,"reference_number":"WD-20260907-54A3A82A65BA","status":"completed"} 
[2026-09-07 17:46:29] testing.INFO: DisburseWithdrawalJob: Withdrawal already completed, skipping redundant disbursement {"withdrawal_id":1,"reference_number":"WD-20260907-90DA962612E0","status":"completed"} 
[2026-09-07 17:46:29] testing.INFO: Payment webhook event already processed (replay cache hit) {"gateway":"bkash","event_id":"evt_job_dup_08"} 
[2026-09-07 17:46:29] testing.CRITICAL: DisburseWithdrawalJob: Job permanently failed after max attempts {"withdrawal_id":1,"attempts":1,"error":"Gateway auth failed for secret token secret_key_123456"} 
[2026-09-07 17:46:29] testing.INFO: DisburseWithdrawalJob: Withdrawal already completed, skipping redundant disbursement {"withdrawal_id":1,"reference_number":"WD-20260907-92DC036C08D8","status":"completed"} 
[2026-09-07 17:46:29] testing.WARNING: DisburseWithdrawalJob: Withdrawal in terminal failed/cancelled state, aborting job {"withdrawal_id":1,"reference_number":"WD-20260907-B0EB6C7A5314","status":"failed"} 
[2026-09-07 17:48:33] testing.ERROR: High Exposure (High Risk) on number 123 [3d] for draw 1. {"risk_alert_type":"high_exposure","risk_level":"high","audit_log_id":4} 
[2026-09-07 17:48:39] testing.INFO: bet_purchase.api.success {"outcome":"purchased","bet_id":1,"bet_number":"BT-20260907-E95A09C20C3D","ticket_id":1,"draw_id":1,"currency":"THB","stake":"10.00","client_key":"api-3fac7e5042598962807ac50192f07570561b1f92","request_id":"db69320d1e6dcd9beb79569b0218448f","user_id":1} 
[2026-09-07 17:48:39] testing.INFO: bet_purchase.api.success {"outcome":"purchased","bet_id":1,"bet_number":"BT-20260907-224C5E126E6E","ticket_id":1,"draw_id":1,"currency":"THB","stake":"10.00","client_key":"api-a676f40bd6585d6668cbe33a51f09953c02a7fef","request_id":"142f3b829801bf96e10d971ec21a7474","user_id":1} 
[2026-09-07 17:48:40] testing.INFO: bet_purchase.api.success {"outcome":"purchased","bet_id":1,"bet_number":"BT-20260907-1BE1A99EFF75","ticket_id":1,"draw_id":1,"currency":"THB","stake":"10.00","client_key":"api-f7b8f591922e9b515c83f0ca28847379e14e3f93","request_id":"c13478bb8452204d386f2bf911ffc038","user_id":1} 
[2026-09-07 17:48:40] testing.INFO: bet_purchase.api.success {"outcome":"purchased","bet_id":1,"bet_number":"BT-20260907-3CBA6059B9E2","ticket_id":1,"draw_id":1,"currency":"THB","stake":"10.00","client_key":"api-e187d76746182cbb563423de65c53cff48e1b26c","request_id":"4bf93b6be60a01c64ab5c3394e4282a9","user_id":1} 
[2026-09-07 17:48:40] testing.INFO: bet_purchase.api.success {"outcome":"purchased","bet_id":1,"bet_number":"BT-20260907-89897E6911CC","ticket_id":1,"draw_id":1,"currency":"THB","stake":"10.00","client_key":"api-bd6c2f1a5ca9ea80b589a486be6f1ed025590bed","request_id":"f433bf87b80546879850459aa823784b","user_id":1} 
[2026-09-07 17:48:40] testing.INFO: bet_purchase.api.success {"outcome":"purchased","bet_id":1,"bet_number":"BT-20260907-F28A094FE401","ticket_id":1,"draw_id":1,"currency":"THB","stake":"10.00","client_key":"api-8e924a7dac69469f40b6a9525e68f510b7972699","request_id":"82da291b295fbf0fd1cef23f33b77931","user_id":1} 
[2026-09-07 17:48:40] testing.INFO: bet_purchase.api.success {"outcome":"purchased","bet_id":1,"bet_number":"BT-20260907-C7F84C53E999","ticket_id":1,"draw_id":1,"currency":"THB","stake":"10.00","client_key":"api-63e4863923f9d99f637040c4ecaa95eaf5e39f31","request_id":"943a1c9ed2fbec6732671d6d21a26892","user_id":1} 
[2026-09-07 17:48:40] testing.INFO: bet_purchase.api.success {"outcome":"purchased","bet_id":1,"bet_number":"BT-20260907-0A147BA1E6E7","ticket_id":1,"draw_id":1,"currency":"THB","stake":"10.00","client_key":"api-1d2da6cca6185013559ff92e6eedc11e93618224","request_id":"7c9984d60dd909e659174e0562ca291a","user_id":1} 
[2026-09-07 17:48:40] testing.INFO: bet_purchase.api.success {"outcome":"purchased","bet_id":1,"bet_number":"BT-20260907-0C15A8C8C827","ticket_id":1,"draw_id":1,"currency":"THB","stake":"10.00","client_key":"api-4fed3970dcc0d31dccddbf69ef55b00f32d2ca78","request_id":"1e7e8a5dd757ab1afe562b325499d863","user_id":1} 
[2026-09-07 17:48:40] testing.INFO: bet_purchase.api.success {"outcome":"purchased","bet_id":1,"bet_number":"BT-20260907-EB56261A2691","ticket_id":1,"draw_id":1,"currency":"THB","stake":"10.00","client_key":"api-3e23e8160039594a33894f6564e1b1348bbd7a00","request_id":"3668197fa6b3749f533e5edc153196c7","user_id":1} 
[2026-09-07 17:48:40] testing.INFO: bet_purchase.api.success {"outcome":"purchased","bet_id":1,"bet_number":"BT-20260907-087B73D11E81","ticket_id":1,"draw_id":1,"currency":"THB","stake":"10.00","client_key":"api-2e7d2c03a9507ae265ecf5b5356885a53393a202","request_id":"acac7b7709fbf267ad7b213aed3264d8","user_id":1} 
[2026-09-07 17:48:40] testing.INFO: bet_purchase.api.refused {"outcome":"refused","error_code":"draw_not_found","http_status":404,"exception":"App\\Exceptions\\BetPurchaseValidationException","client_key":"api-3f79bb7b435b05321651daefd374cdc681dc06fa","request_id":"d67efd4524911fc33707710b4711d45f","user_id":1} 
[2026-09-07 17:48:40] testing.INFO: bet_purchase.api.refused {"outcome":"refused","error_code":"draw_closed","http_status":422,"exception":"App\\Exceptions\\BetPurchaseValidationException","client_key":"api-252f10c83610ebca1a059c0bae8255eba2f95be4","request_id":"fc12de838b93edada71cea6d46ef0107","user_id":1} 
[2026-09-07 17:48:41] testing.INFO: bet_purchase.api.success {"outcome":"purchased","bet_id":1,"bet_number":"BT-20260907-DE1806783992","ticket_id":1,"draw_id":1,"currency":"THB","stake":"10.00","client_key":"api-de7d1b721a1e0632b7cf04edf5032c8ecffa9f9a","request_id":"4347b10d78a9f48bb75e33ab19d5280e","user_id":1} 
[2026-09-07 17:48:41] testing.INFO: bet_purchase.api.success {"outcome":"purchased","bet_id":1,"bet_number":"BT-20260907-F39886763453","ticket_id":1,"draw_id":1,"currency":"THB","stake":"10.00","client_key":"api-189f40034be7a199f1fa9891668ee3ab6049f82d","request_id":"8b033873fccee5988c11994e824e0718","user_id":1} 
[2026-09-07 17:48:41] testing.INFO: bet_purchase.api.refused {"outcome":"refused","error_code":"invalid_stake","http_status":422,"exception":"App\\Exceptions\\BetPurchaseValidationException","client_key":"api-acac86c0e609ca906f632b0e2dacccb2b77d22b0","request_id":"a39db2b2107e0d6fe7f3e1fbec09fac9","user_id":1} 
[2026-09-07 17:48:41] testing.INFO: bet_purchase.api.refused {"outcome":"refused","error_code":"insufficient_balance","http_status":422,"exception":"App\\Exceptions\\BetPurchaseException","client_key":"api-1b16b1df538ba12dc3f97edbb85caa7050d46c14","request_id":"7a4c38729089bf4214ff6a7ad7923b64","user_id":1} 
[2026-09-07 17:48:41] testing.INFO: bet_purchase.api.refused {"outcome":"refused","error_code":"risk_rejected","http_status":422,"exception":"App\\Exceptions\\BetPurchaseValidationException","client_key":"api-65c74c15a686187bb6bbf9958f494fc6b8006803","request_id":"5a629e023f253a6eeba98e23198c5945","user_id":1} 
[2026-09-07 17:48:41] testing.INFO: bet_purchase.api.success {"outcome":"purchased","bet_id":1,"bet_number":"BT-20260907-77E3583592E2","ticket_id":1,"draw_id":1,"currency":"THB","stake":"10.00","client_key":"api-148de9c5a7a44d19e56cd9ae1a554bf67847afb0","request_id":"1e40a0e970aca9eb022760bf0a72e7da","user_id":1} 
[2026-09-07 17:48:41] testing.INFO: bet_purchase.api.success {"outcome":"replayed","bet_id":1,"bet_number":"BT-20260907-77E3583592E2","ticket_id":1,"draw_id":1,"currency":"THB","stake":"10.00","client_key":"api-148de9c5a7a44d19e56cd9ae1a554bf67847afb0","request_id":"672cb5d358e4bc0470a75d1aae82e103","user_id":1} 
[2026-09-07 17:48:41] testing.INFO: bet_purchase.api.success {"outcome":"purchased","bet_id":1,"bet_number":"BT-20260907-24BCF9A01041","ticket_id":1,"draw_id":1,"currency":"THB","stake":"10.00","client_key":"api-8e35c2cd3bf6641bdb0e2050b76932cbb2e6034a","request_id":"5a38d6ea2e92292dfd920c5f2a369bd0","user_id":1} 
[2026-09-07 17:48:41] testing.INFO: bet_purchase.api.refused {"outcome":"refused","error_code":"idempotency_payload_mismatch","http_status":409,"exception":"App\\Exceptions\\BetPurchaseIdempotencyException","client_key":"api-8e35c2cd3bf6641bdb0e2050b76932cbb2e6034a","request_id":"b491a7d0edb22e6e3ce61aaf1573c9c8","user_id":1} 
[2026-09-07 17:48:41] testing.INFO: bet_purchase.api.success {"outcome":"purchased","bet_id":1,"bet_number":"BT-20260907-76172D26DC3A","ticket_id":1,"draw_id":1,"currency":"THB","stake":"10.00","client_key":"api-454349e422f05297191ead13e21d3db520e5abef","request_id":"e02aac3d4689e4b92cb7aeb3a3c0cda7","user_id":1} 
[2026-09-07 17:48:41] testing.INFO: bet_purchase.api.success {"outcome":"purchased","bet_id":2,"bet_number":"BT-20260907-5AA831BB35E9","ticket_id":2,"draw_id":2,"currency":"THB","stake":"10.00","client_key":"api-454349e422f05297191ead13e21d3db520e5abef","request_id":"20d79107dc64c803d53b61b73c6bed05","user_id":2} 
[2026-09-07 17:48:41] testing.INFO: bet_purchase.api.success {"outcome":"purchased","bet_id":1,"bet_number":"BT-20260907-CABAE049F9DC","ticket_id":1,"draw_id":1,"currency":"THB","stake":"10.00","client_key":"api-043a718774c572bd8a25adbeb1bfcd5c0256ae11","request_id":"b5eca2dc2d2cfa4bb55375881fea1090","user_id":1} 
[2026-09-07 17:48:41] testing.INFO: bet_purchase.api.success {"outcome":"purchased","bet_id":2,"bet_number":"BT-20260907-0CFB3A04D2A1","ticket_id":2,"draw_id":2,"currency":"THB","stake":"10.00","client_key":"api-043a718774c572bd8a25adbeb1bfcd5c0256ae11","request_id":"a062f09a55466fec37bae442d939b7f8","user_id":1} 
[2026-09-07 17:48:41] testing.INFO: bet_purchase.api.success {"outcome":"purchased","bet_id":1,"bet_number":"BT-20260907-C535BE5F6CE2","ticket_id":1,"draw_id":1,"currency":"THB","stake":"10.00","client_key":"api-e3b98a4da31a127d4bde6e43033f66ba274cab0e","request_id":"60cfa468f4803b36f8f82909afa16fe5","user_id":1} 
[2026-09-07 17:48:42] testing.INFO: bet_purchase.api.success {"outcome":"purchased","bet_id":1,"bet_number":"BT-20260907-1E500DD9D083","ticket_id":1,"draw_id":1,"currency":"THB","stake":"10.00","client_key":"api-2d711642b726b04401627ca9fbac32f5c8530fb1","request_id":"6c3c4281367287e66ecf0fbe2fd9e125","user_id":1} 
[2026-09-07 17:48:42] testing.INFO: bet_purchase.api.success {"outcome":"purchased","bet_id":1,"bet_number":"BT-20260907-384C6A4C9D3C","ticket_id":1,"draw_id":1,"currency":"THB","stake":"10.00","client_key":"api-a1fce4363854ff888cff4b8e7875d600c2682390","request_id":"db188301f206a2203763ba970d8b26df","user_id":1} 
[2026-09-07 17:48:42] testing.INFO: bet_purchase.api.success {"outcome":"purchased","bet_id":1,"bet_number":"BT-20260907-9FDBF1BCEFE3","ticket_id":1,"draw_id":1,"currency":"THB","stake":"10.00","client_key":"api-fb8e20fc2e4c3f248c60c39bd652f3c1347298bb","request_id":"9b1a8dc4f7a90ad848eca08cdea95697","user_id":1} 
[2026-09-07 17:48:42] testing.INFO: bet_purchase.api.success {"outcome":"purchased","bet_id":1,"bet_number":"BT-20260907-43B2B4FF7557","ticket_id":1,"draw_id":1,"currency":"THB","stake":"10.00","client_key":"api-f45de51cdef30991551e41e882dd7b5404799648","request_id":"593cef0c79d478d05952ab4f7c1a0bde","user_id":1} 
[2026-09-07 17:48:42] testing.INFO: bet_purchase.api.success {"outcome":"purchased","bet_id":1,"bet_number":"BT-20260907-E4835D0BA4E2","ticket_id":1,"draw_id":1,"currency":"THB","stake":"10.00","client_key":"api-b0136a3f0a0fae4b4cbb261ae65b245326d69f8a","request_id":"530e2ca5cbc6a803880bb9b2eee8ba1d","user_id":1} 
[2026-09-07 17:48:42] testing.INFO: bet_purchase.api.success {"outcome":"purchased","bet_id":1,"bet_number":"BT-20260907-76E0DAB626E1","ticket_id":1,"draw_id":1,"currency":"THB","stake":"10.00","client_key":"api-e5a94045f98e84810bb71edd3ba885463406b087","request_id":"9c2f4438bc6f46603e4e33eddde23bbd","user_id":1} 
[2026-09-07 17:48:42] testing.INFO: bet_purchase.api.success {"outcome":"purchased","bet_id":1,"bet_number":"BT-20260907-0799C7C3C540","ticket_id":1,"draw_id":1,"currency":"THB","stake":"10.00","client_key":"api-b797c8d26a988c97a38d4458172406dc19ab0012","request_id":"e1c70bf26f365c70d531339b7d75d6f0","user_id":1} 
[2026-09-07 17:48:42] testing.INFO: bet_purchase.api.success {"outcome":"purchased","bet_id":1,"bet_number":"BT-20260907-9878CF5F32B0","ticket_id":1,"draw_id":1,"currency":"THB","stake":"10.00","client_key":"api-70ba33708cbfb103f1a8e34afef333ba7dc02102","request_id":"a7e923c75e98c9d68ae78161d83e6656","user_id":1} 
[2026-09-07 17:48:42] testing.INFO: bet_purchase.api.success {"outcome":"purchased","bet_id":1,"bet_number":"BT-20260907-5A6A7A6698C4","ticket_id":1,"draw_id":1,"currency":"THB","stake":"10.00","client_key":"api-f9a00f43e97e3966bb846e76b6795e11512c3bbf","request_id":"369d85681f1bc6cf6d7576d0be506a48","user_id":1} 
[2026-09-07 17:48:42] testing.INFO: bet_purchase.api.success {"outcome":"purchased","bet_id":1,"bet_number":"BT-20260907-FA7E3756C7EA","ticket_id":1,"draw_id":1,"currency":"THB","stake":"10.00","client_key":"api-503126878d17fcd6bde7df320ff6eb7c278a1c42","request_id":"1e37cd8247a8332fe37855ffe6dee87d","user_id":1} 
[2026-09-07 17:48:42] testing.INFO: bet_purchase.api.success {"outcome":"purchased","bet_id":1,"bet_number":"BT-20260907-D623111C6525","ticket_id":1,"draw_id":1,"currency":"THB","stake":"10.00","client_key":"api-9aaf680776b98fd17fe63376120525cbcdffc01b","request_id":"8c4e67d7fc28e3705a553d82d5c02ac4","user_id":1} 
[2026-09-07 17:48:42] testing.INFO: bet_purchase.api.success {"outcome":"purchased","bet_id":1,"bet_number":"BT-20260907-211C10E86887","ticket_id":1,"draw_id":1,"currency":"THB","stake":"10.55","client_key":"api-70a0d5198ebb88f97a2cc83a236a8afcc28c7d9e","request_id":"5daf475fcf10aa71abb3756a6039db7d","user_id":1} 
[2026-09-07 17:48:43] testing.INFO: bet_purchase.api.success {"outcome":"purchased","bet_id":1,"bet_number":"BT-20260907-18F1E8C35552","ticket_id":1,"draw_id":1,"currency":"THB","stake":"10.00","client_key":"api-32e83e92d45d71f69dcf9d214688f03755421086","request_id":"6d46a7d9dccb3b8dd0ad9fc6191c03f7","user_id":1} 
[2026-09-07 17:48:43] testing.INFO: bet_purchase.api.success {"outcome":"purchased","bet_id":1,"bet_number":"BT-20260907-E597D7E8A51C","ticket_id":1,"draw_id":1,"currency":"THB","stake":"10.00","client_key":"api-7d29d73105d636d04ca9fffcf979986d373ac874","request_id":"b5dc9c8ee12f7dc08b8b04e257bb46ad","user_id":1} 
[2026-09-07 17:48:43] testing.INFO: bet_purchase.api.success {"outcome":"purchased","bet_id":1,"bet_number":"BT-20260907-379756EB7FF2","ticket_id":1,"draw_id":2,"currency":"THB","stake":"10.00","client_key":"api-6fdb16bc02366c008d809798cb3faae1efba55a5","request_id":"0c0fe387b5c199c33487166b6b5951a9","user_id":2} 
[2026-09-07 17:48:43] testing.ERROR: SQLSTATE[42S02]: Base table or view not found: 1146 Table "thai_lottery.wallets" doesn't exist (Connection: mysql, SQL: select * from `wallets` where `id` = 1) in /var/www/app/Services/Finance/WalletService.php:118 {"exception":"[object] (RuntimeException(code: 0): SQLSTATE[42S02]: Base table or view not found: 1146 Table \"thai_lottery.wallets\" doesn't exist (Connection: mysql, SQL: select * from `wallets` where `id` = 1) in /var/www/app/Services/Finance/WalletService.php:118 at /home/user/tests/Feature/Api/V1/BetPurchaseApiTest.php:993)
[stacktrace]
#0 /home/user/vendor/laravel/framework/src/Illuminate/Routing/CallableDispatcher.php(40): Tests\\Feature\\Api\\V1\\BetPurchaseApiTest->{closure:Tests\\Feature\\Api\\V1\\BetPurchaseApiTest::am_an_unexpected_failure_never_exposes_a_stack_trace_or_internals():990}()
#1 /home/user/vendor/laravel/framework/src/Illuminate/Routing/Route.php(244): Illuminate\\Routing\\CallableDispatcher->dispatch()
#2 /home/user/vendor/laravel/framework/src/Illuminate/Routing/Route.php(215): Illuminate\\Routing\\Route->runCallable()
#3 /home/user/vendor/laravel/framework/src/Illuminate/Routing/Router.php(808): Illuminate\\Routing\\Route->run()
#4 /home/user/vendor/laravel/framework/src/Illuminate/Pipeline/Pipeline.php(170): Illuminate\\Routing\\Router->{closure:Illuminate\\Routing\\Router::runRouteWithinStack():807}()
#5 /home/user/vendor/laravel/framework/src/Illuminate/Routing/Middleware/SubstituteBindings.php(51): Illuminate\\Pipeline\\Pipeline->{closure:Illuminate\\Pipeline\\Pipeline::prepareDestination():168}()
#6 /home/user/vendor/laravel/framework/src/Illuminate/Pipeline/Pipeline.php(209): Illuminate\\Routing\\Middleware\\SubstituteBindings->handle()
#7 /home/user/vendor/laravel/framework/src/Illuminate/Pipeline/Pipeline.php(127): Illuminate\\Pipeline\\Pipeline->{closure:{closure:Illuminate\\Pipeline\\Pipeline::carry():184}:185}()
#8 /home/user/vendor/laravel/framework/src/Illuminate/Routing/Router.php(807): Illuminate\\Pipeline\\Pipeline->then()
#9 /home/user/vendor/laravel/framework/src/Illuminate/Routing/Router.php(786): Illuminate\\Routing\\Router->runRouteWithinStack()
#10 /home/user/vendor/laravel/framework/src/Illuminate/Routing/Router.php(750): Illuminate\\Routing\\Router->runRoute()
#11 /home/user/vendor/laravel/framework/src/Illuminate/Routing/Router.php(739): Illuminate\\Routing\\Router->dispatchToRoute()
#12 /home/user/vendor/laravel/framework/src/Illuminate/Foundation/Http/Kernel.php(201): Illuminate\\Routing\\Router->dispatch()
#13 /home/user/vendor/laravel/framework/src/Illuminate/Pipeline/Pipeline.php(170): Illuminate\\Foundation\\Http\\Kernel->{closure:Illuminate\\Foundation\\Http\\Kernel::dispatchToRouter():198}()
#14 /home/user/vendor/livewire/livewire/src/Features/SupportDisablingBackButtonCache/DisableBackButtonCacheMiddleware.php(19): Illuminate\\Pipeline\\Pipeline->{closure:Illuminate\\Pipeline\\Pipeline::prepareDestination():168}()
#15 /home/user/vendor/laravel/framework/src/Illuminate/Pipeline/Pipeline.php(209): Livewire\\Features\\SupportDisablingBackButtonCache\\DisableBackButtonCacheMiddleware->handle()
#16 /home/user/app/Http/Middleware/SecurityHeaders.php(13): Illuminate\\Pipeline\\Pipeline->{closure:{closure:Illuminate\\Pipeline\\Pipeline::carry():184}:185}()
#17 /home/user/vendor/laravel/framework/src/Illuminate/Pipeline/Pipeline.php(209): App\\Http\\Middleware\\SecurityHeaders->handle()
#18 /home/user/vendor/laravel/framework/src/Illuminate/Foundation/Http/Middleware/TransformsRequest.php(21): Illuminate\\Pipeline\\Pipeline->{closure:{closure:Illuminate\\Pipeline\\Pipeline::carry():184}:185}()
#19 /home/user/vendor/laravel/framework/src/Illuminate/Foundation/Http/Middleware/ConvertEmptyStringsToNull.php(31): Illuminate\\Foundation\\Http\\Middleware\\TransformsRequest->handle()
#20 /home/user/vendor/laravel/framework/src/Illuminate/Pipeline/Pipeline.php(209): Illuminate\\Foundation\\Http\\Middleware\\ConvertEmptyStringsToNull->handle()
#21 /home/user/vendor/laravel/framework/src/Illuminate/Foundation/Http/Middleware/TransformsRequest.php(21): Illuminate\\Pipeline\\Pipeline->{closure:{closure:Illuminate\\Pipeline\\Pipeline::carry():184}:185}()
#22 /home/user/vendor/laravel/framework/src/Illuminate/Foundation/Http/Middleware/TrimStrings.php(51): Illuminate\\Foundation\\Http\\Middleware\\TransformsRequest->handle()
#23 /home/user/vendor/laravel/framework/src/Illuminate/Pipeline/Pipeline.php(209): Illuminate\\Foundation\\Http\\Middleware\\TrimStrings->handle()
#24 /home/user/vendor/laravel/framework/src/Illuminate/Http/Middleware/ValidatePostSize.php(27): Illuminate\\Pipeline\\Pipeline->{closure:{closure:Illuminate\\Pipeline\\Pipeline::carry():184}:185}()
#25 /home/user/vendor/laravel/framework/src/Illuminate/Pipeline/Pipeline.php(209): Illuminate\\Http\\Middleware\\ValidatePostSize->handle()
#26 /home/user/vendor/laravel/framework/src/Illuminate/Foundation/Http/Middleware/PreventRequestsDuringMaintenance.php(110): Illuminate\\Pipeline\\Pipeline->{closure:{closure:Illuminate\\Pipeline\\Pipeline::carry():184}:185}()
#27 /home/user/vendor/laravel/framework/src/Illuminate/Pipeline/Pipeline.php(209): Illuminate\\Foundation\\Http\\Middleware\\PreventRequestsDuringMaintenance->handle()
#28 /home/user/vendor/laravel/framework/src/Illuminate/Http/Middleware/HandleCors.php(62): Illuminate\\Pipeline\\Pipeline->{closure:{closure:Illuminate\\Pipeline\\Pipeline::carry():184}:185}()
#29 /home/user/vendor/laravel/framework/src/Illuminate/Pipeline/Pipeline.php(209): Illuminate\\Http\\Middleware\\HandleCors->handle()
#30 /home/user/vendor/laravel/framework/src/Illuminate/Http/Middleware/TrustProxies.php(58): Illuminate\\Pipeline\\Pipeline->{closure:{closure:Illuminate\\Pipeline\\Pipeline::carry():184}:185}()
#31 /home/user/vendor/laravel/framework/src/Illuminate/Pipeline/Pipeline.php(209): Illuminate\\Http\\Middleware\\TrustProxies->handle()
#32 /home/user/vendor/laravel/framework/src/Illuminate/Foundation/Http/Middleware/InvokeDeferredCallbacks.php(22): Illuminate\\Pipeline\\Pipeline->{closure:{closure:Illuminate\\Pipeline\\Pipeline::carry():184}:185}()
#33 /home/user/vendor/laravel/framework/src/Illuminate/Pipeline/Pipeline.php(209): Illuminate\\Foundation\\Http\\Middleware\\InvokeDeferredCallbacks->handle()
#34 /home/user/vendor/laravel/framework/src/Illuminate/Pipeline/Pipeline.php(127): Illuminate\\Pipeline\\Pipeline->{closure:{closure:Illuminate\\Pipeline\\Pipeline::carry():184}:185}()
#35 /home/user/vendor/laravel/framework/src/Illuminate/Foundation/Http/Kernel.php(176): Illuminate\\Pipeline\\Pipeline->then()
#36 /home/user/vendor/laravel/framework/src/Illuminate/Foundation/Http/Kernel.php(145): Illuminate\\Foundation\\Http\\Kernel->sendRequestThroughRouter()
#37 /home/user/vendor/laravel/framework/src/Illuminate/Foundation/Testing/Concerns/MakesHttpRequests.php(607): Illuminate\\Foundation\\Http\\Kernel->handle()
#38 /home/user/vendor/laravel/framework/src/Illuminate/Foundation/Testing/Concerns/MakesHttpRequests.php(573): Illuminate\\Foundation\\Testing\\TestCase->call()
#39 /home/user/vendor/laravel/framework/src/Illuminate/Foundation/Testing/Concerns/MakesHttpRequests.php(381): Illuminate\\Foundation\\Testing\\TestCase->json()
#40 /home/user/tests/Feature/Api/V1/BetPurchaseApiTest.php(1001): Illuminate\\Foundation\\Testing\\TestCase->getJson()
#41 /home/user/vendor/phpunit/phpunit/src/Framework/TestCase.php(1667): Tests\\Feature\\Api\\V1\\BetPurchaseApiTest->am_an_unexpected_failure_never_exposes_a_stack_trace_or_internals()
#42 /home/user/vendor/phpunit/phpunit/src/Framework/TestCase.php(519): PHPUnit\\Framework\\TestCase->runTest()
#43 /home/user/vendor/phpunit/phpunit/src/Framework/TestRunner/TestRunner.php(87): PHPUnit\\Framework\\TestCase->runBare()
#44 /home/user/vendor/phpunit/phpunit/src/Framework/TestCase.php(365): PHPUnit\\Framework\\TestRunner->run()
#45 /home/user/vendor/phpunit/phpunit/src/Framework/TestSuite.php(369): PHPUnit\\Framework\\TestCase->run()
#46 /home/user/vendor/phpunit/phpunit/src/Framework/TestSuite.php(369): PHPUnit\\Framework\\TestSuite->run()
#47 /home/user/vendor/phpunit/phpunit/src/Framework/TestSuite.php(369): PHPUnit\\Framework\\TestSuite->run()
#48 /home/user/vendor/phpunit/phpunit/src/TextUI/TestRunner.php(64): PHPUnit\\Framework\\TestSuite->run()
#49 /home/user/vendor/phpunit/phpunit/src/TextUI/Application.php(211): PHPUnit\\TextUI\\TestRunner->run()
#50 /home/user/vendor/phpunit/phpunit/phpunit(104): PHPUnit\\TextUI\\Application->run()
#51 /home/user/vendor/bin/phpunit(122): include('...')
#52 {main}
"} 
[2026-09-07 17:48:43] testing.ERROR: api.unhandled_exception {"exception":"[object] (RuntimeException(code: 0): SQLSTATE[42S02]: Base table or view not found: 1146 Table \"thai_lottery.wallets\" doesn't exist (Connection: mysql, SQL: select * from `wallets` where `id` = 1) in /var/www/app/Services/Finance/WalletService.php:118 at /home/user/tests/Feature/Api/V1/BetPurchaseApiTest.php:993)
[stacktrace]
#0 /home/user/vendor/laravel/framework/src/Illuminate/Routing/CallableDispatcher.php(40): Tests\\Feature\\Api\\V1\\BetPurchaseApiTest->{closure:Tests\\Feature\\Api\\V1\\BetPurchaseApiTest::am_an_unexpected_failure_never_exposes_a_stack_trace_or_internals():990}()
#1 /home/user/vendor/laravel/framework/src/Illuminate/Routing/Route.php(244): Illuminate\\Routing\\CallableDispatcher->dispatch()
#2 /home/user/vendor/laravel/framework/src/Illuminate/Routing/Route.php(215): Illuminate\\Routing\\Route->runCallable()
#3 /home/user/vendor/laravel/framework/src/Illuminate/Routing/Router.php(808): Illuminate\\Routing\\Route->run()
#4 /home/user/vendor/laravel/framework/src/Illuminate/Pipeline/Pipeline.php(170): Illuminate\\Routing\\Router->{closure:Illuminate\\Routing\\Router::runRouteWithinStack():807}()
#5 /home/user/vendor/laravel/framework/src/Illuminate/Routing/Middleware/SubstituteBindings.php(51): Illuminate\\Pipeline\\Pipeline->{closure:Illuminate\\Pipeline\\Pipeline::prepareDestination():168}()
#6 /home/user/vendor/laravel/framework/src/Illuminate/Pipeline/Pipeline.php(209): Illuminate\\Routing\\Middleware\\SubstituteBindings->handle()
#7 /home/user/vendor/laravel/framework/src/Illuminate/Pipeline/Pipeline.php(127): Illuminate\\Pipeline\\Pipeline->{closure:{closure:Illuminate\\Pipeline\\Pipeline::carry():184}:185}()
#8 /home/user/vendor/laravel/framework/src/Illuminate/Routing/Router.php(807): Illuminate\\Pipeline\\Pipeline->then()
#9 /home/user/vendor/laravel/framework/src/Illuminate/Routing/Router.php(786): Illuminate\\Routing\\Router->runRouteWithinStack()
#10 /home/user/vendor/laravel/framework/src/Illuminate/Routing/Router.php(750): Illuminate\\Routing\\Router->runRoute()
#11 /home/user/vendor/laravel/framework/src/Illuminate/Routing/Router.php(739): Illuminate\\Routing\\Router->dispatchToRoute()
#12 /home/user/vendor/laravel/framework/src/Illuminate/Foundation/Http/Kernel.php(201): Illuminate\\Routing\\Router->dispatch()
#13 /home/user/vendor/laravel/framework/src/Illuminate/Pipeline/Pipeline.php(170): Illuminate\\Foundation\\Http\\Kernel->{closure:Illuminate\\Foundation\\Http\\Kernel::dispatchToRouter():198}()
#14 /home/user/vendor/livewire/livewire/src/Features/SupportDisablingBackButtonCache/DisableBackButtonCacheMiddleware.php(19): Illuminate\\Pipeline\\Pipeline->{closure:Illuminate\\Pipeline\\Pipeline::prepareDestination():168}()
#15 /home/user/vendor/laravel/framework/src/Illuminate/Pipeline/Pipeline.php(209): Livewire\\Features\\SupportDisablingBackButtonCache\\DisableBackButtonCacheMiddleware->handle()
#16 /home/user/app/Http/Middleware/SecurityHeaders.php(13): Illuminate\\Pipeline\\Pipeline->{closure:{closure:Illuminate\\Pipeline\\Pipeline::carry():184}:185}()
#17 /home/user/vendor/laravel/framework/src/Illuminate/Pipeline/Pipeline.php(209): App\\Http\\Middleware\\SecurityHeaders->handle()
#18 /home/user/vendor/laravel/framework/src/Illuminate/Foundation/Http/Middleware/TransformsRequest.php(21): Illuminate\\Pipeline\\Pipeline->{closure:{closure:Illuminate\\Pipeline\\Pipeline::carry():184}:185}()
#19 /home/user/vendor/laravel/framework/src/Illuminate/Foundation/Http/Middleware/ConvertEmptyStringsToNull.php(31): Illuminate\\Foundation\\Http\\Middleware\\TransformsRequest->handle()
#20 /home/user/vendor/laravel/framework/src/Illuminate/Pipeline/Pipeline.php(209): Illuminate\\Foundation\\Http\\Middleware\\ConvertEmptyStringsToNull->handle()
#21 /home/user/vendor/laravel/framework/src/Illuminate/Foundation/Http/Middleware/TransformsRequest.php(21): Illuminate\\Pipeline\\Pipeline->{closure:{closure:Illuminate\\Pipeline\\Pipeline::carry():184}:185}()
#22 /home/user/vendor/laravel/framework/src/Illuminate/Foundation/Http/Middleware/TrimStrings.php(51): Illuminate\\Foundation\\Http\\Middleware\\TransformsRequest->handle()
#23 /home/user/vendor/laravel/framework/src/Illuminate/Pipeline/Pipeline.php(209): Illuminate\\Foundation\\Http\\Middleware\\TrimStrings->handle()
#24 /home/user/vendor/laravel/framework/src/Illuminate/Http/Middleware/ValidatePostSize.php(27): Illuminate\\Pipeline\\Pipeline->{closure:{closure:Illuminate\\Pipeline\\Pipeline::carry():184}:185}()
#25 /home/user/vendor/laravel/framework/src/Illuminate/Pipeline/Pipeline.php(209): Illuminate\\Http\\Middleware\\ValidatePostSize->handle()
#26 /home/user/vendor/laravel/framework/src/Illuminate/Foundation/Http/Middleware/PreventRequestsDuringMaintenance.php(110): Illuminate\\Pipeline\\Pipeline->{closure:{closure:Illuminate\\Pipeline\\Pipeline::carry():184}:185}()
#27 /home/user/vendor/laravel/framework/src/Illuminate/Pipeline/Pipeline.php(209): Illuminate\\Foundation\\Http\\Middleware\\PreventRequestsDuringMaintenance->handle()
#28 /home/user/vendor/laravel/framework/src/Illuminate/Http/Middleware/HandleCors.php(62): Illuminate\\Pipeline\\Pipeline->{closure:{closure:Illuminate\\Pipeline\\Pipeline::carry():184}:185}()
#29 /home/user/vendor/laravel/framework/src/Illuminate/Pipeline/Pipeline.php(209): Illuminate\\Http\\Middleware\\HandleCors->handle()
#30 /home/user/vendor/laravel/framework/src/Illuminate/Http/Middleware/TrustProxies.php(58): Illuminate\\Pipeline\\Pipeline->{closure:{closure:Illuminate\\Pipeline\\Pipeline::carry():184}:185}()
#31 /home/user/vendor/laravel/framework/src/Illuminate/Pipeline/Pipeline.php(209): Illuminate\\Http\\Middleware\\TrustProxies->handle()
#32 /home/user/vendor/laravel/framework/src/Illuminate/Foundation/Http/Middleware/InvokeDeferredCallbacks.php(22): Illuminate\\Pipeline\\Pipeline->{closure:{closure:Illuminate\\Pipeline\\Pipeline::carry():184}:185}()
#33 /home/user/vendor/laravel/framework/src/Illuminate/Pipeline/Pipeline.php(209): Illuminate\\Foundation\\Http\\Middleware\\InvokeDeferredCallbacks->handle()
#34 /home/user/vendor/laravel/framework/src/Illuminate/Pipeline/Pipeline.php(127): Illuminate\\Pipeline\\Pipeline->{closure:{closure:Illuminate\\Pipeline\\Pipeline::carry():184}:185}()
#35 /home/user/vendor/laravel/framework/src/Illuminate/Foundation/Http/Kernel.php(176): Illuminate\\Pipeline\\Pipeline->then()
#36 /home/user/vendor/laravel/framework/src/Illuminate/Foundation/Http/Kernel.php(145): Illuminate\\Foundation\\Http\\Kernel->sendRequestThroughRouter()
#37 /home/user/vendor/laravel/framework/src/Illuminate/Foundation/Testing/Concerns/MakesHttpRequests.php(607): Illuminate\\Foundation\\Http\\Kernel->handle()
#38 /home/user/vendor/laravel/framework/src/Illuminate/Foundation/Testing/Concerns/MakesHttpRequests.php(573): Illuminate\\Foundation\\Testing\\TestCase->call()
#39 /home/user/vendor/laravel/framework/src/Illuminate/Foundation/Testing/Concerns/MakesHttpRequests.php(381): Illuminate\\Foundation\\Testing\\TestCase->json()
#40 /home/user/tests/Feature/Api/V1/BetPurchaseApiTest.php(1001): Illuminate\\Foundation\\Testing\\TestCase->getJson()
#41 /home/user/vendor/phpunit/phpunit/src/Framework/TestCase.php(1667): Tests\\Feature\\Api\\V1\\BetPurchaseApiTest->am_an_unexpected_failure_never_exposes_a_stack_trace_or_internals()
#42 /home/user/vendor/phpunit/phpunit/src/Framework/TestCase.php(519): PHPUnit\\Framework\\TestCase->runTest()
#43 /home/user/vendor/phpunit/phpunit/src/Framework/TestRunner/TestRunner.php(87): PHPUnit\\Framework\\TestCase->runBare()
#44 /home/user/vendor/phpunit/phpunit/src/Framework/TestCase.php(365): PHPUnit\\Framework\\TestRunner->run()
#45 /home/user/vendor/phpunit/phpunit/src/Framework/TestSuite.php(369): PHPUnit\\Framework\\TestCase->run()
#46 /home/user/vendor/phpunit/phpunit/src/Framework/TestSuite.php(369): PHPUnit\\Framework\\TestSuite->run()
#47 /home/user/vendor/phpunit/phpunit/src/Framework/TestSuite.php(369): PHPUnit\\Framework\\TestSuite->run()
#48 /home/user/vendor/phpunit/phpunit/src/TextUI/TestRunner.php(64): PHPUnit\\Framework\\TestSuite->run()
#49 /home/user/vendor/phpunit/phpunit/src/TextUI/Application.php(211): PHPUnit\\TextUI\\TestRunner->run()
#50 /home/user/vendor/phpunit/phpunit/phpunit(104): PHPUnit\\TextUI\\Application->run()
#51 /home/user/vendor/bin/phpunit(122): include('...')
#52 {main}
","path":"api/v1/__phase44_failure_probe","method":"GET","user_id":null} 
[2026-09-07 17:48:44] testing.CRITICAL: Limit Exceeded (Critical Risk) on number 123 [3d] for draw 1. {"risk_alert_type":"limit_exceeded","risk_level":"critical","audit_log_id":1} 
[2026-09-07 17:48:44] testing.CRITICAL: Critical Exposure (Critical Risk) on number 123 [3d] for draw 1. {"risk_alert_type":"critical_exposure","risk_level":"critical","audit_log_id":2} 
[2026-09-07 17:48:47] testing.INFO: lottery.automation.provisioned {"created":3,"existing":0,"horizon_days":40} 
[2026-09-07 17:48:47] testing.INFO: lottery.automation.provisioned {"created":8,"existing":0,"horizon_days":120} 
[2026-09-07 17:48:47] testing.INFO: lottery.automation.provisioned {"created":0,"existing":8,"horizon_days":120} 
[2026-09-07 17:48:47] testing.INFO: lottery.automation.provisioned {"created":3,"existing":0,"horizon_days":40} 
[2026-09-07 17:48:47] testing.INFO: lottery.automation.provisioned {"created":0,"existing":3,"horizon_days":40} 
[2026-09-07 17:48:47] testing.INFO: lottery.automation.run {"command":"lottery:open-draws","activity":"open","processed":1,"failed":0,"skipped":0,"candidates":1} 
[2026-09-07 17:48:47] testing.INFO: lottery.automation.run {"command":"lottery:close-draws","activity":"close","processed":1,"failed":0,"skipped":0,"candidates":1} 
[2026-09-07 17:48:47] testing.INFO: lottery.automation.run {"command":"lottery:close-draws","activity":"close","processed":1,"failed":0,"skipped":0,"candidates":1} 
[2026-09-07 17:48:47] testing.INFO: lottery.automation.run {"command":"lottery:close-draws","activity":"close","processed":1,"failed":0,"skipped":0,"candidates":1} 
[2026-09-07 17:48:47] testing.INFO: lottery.automation.run {"command":"lottery:mark-results-pending","activity":"mark result-pending","processed":1,"failed":0,"skipped":0,"candidates":1} 
[2026-09-07 17:48:47] testing.INFO: lottery.automation.run {"command":"lottery:mark-results-pending","activity":"mark result-pending","processed":1,"failed":0,"skipped":0,"candidates":1} 
[2026-09-07 17:48:47] testing.INFO: lottery.automation.run {"command":"lottery:settle-draws","activity":"settle","processed":1,"failed":0,"skipped":0,"candidates":1} 
[2026-09-07 17:48:47] testing.INFO: lottery.automation.run {"command":"lottery:mark-results-pending","activity":"mark result-pending","processed":1,"failed":0,"skipped":0,"candidates":1} 
[2026-09-07 17:48:47] testing.INFO: lottery.automation.run {"command":"lottery:mark-results-pending","activity":"mark result-pending","processed":1,"failed":0,"skipped":0,"candidates":1} 
[2026-09-07 17:48:47] testing.INFO: lottery.automation.run {"command":"lottery:settle-draws","activity":"settle","processed":1,"failed":0,"skipped":0,"candidates":1} 
[2026-09-07 17:48:47] testing.INFO: lottery.automation.run {"command":"lottery:mark-results-pending","activity":"mark result-pending","processed":1,"failed":0,"skipped":0,"candidates":1} 
[2026-09-07 17:48:47] testing.INFO: lottery.automation.run {"command":"lottery:settle-draws","activity":"settle","processed":1,"failed":0,"skipped":0,"candidates":1} 
[2026-09-07 17:48:47] testing.INFO: lottery.automation.run {"command":"lottery:settle-draws","activity":"settle","processed":1,"failed":0,"skipped":0,"candidates":1} 
[2026-09-07 17:48:47] testing.INFO: lottery.automation.run {"command":"lottery:mark-results-pending","activity":"mark result-pending","processed":1,"failed":0,"skipped":0,"candidates":1} 
[2026-09-07 17:48:47] testing.INFO: lottery.automation.run {"command":"lottery:settle-draws","activity":"settle","processed":1,"failed":0,"skipped":0,"candidates":1} 
[2026-09-07 17:48:47] testing.INFO: lottery.automation.run {"command":"lottery:mark-results-pending","activity":"mark result-pending","processed":1,"failed":0,"skipped":0,"candidates":1} 
[2026-09-07 17:48:47] testing.ERROR: lottery.automation.draw_failed {"command":"lottery:settle-draws","activity":"settle","draw_id":1,"draw_number":"DR-TEST-0015","exception":"[object] (App\\Exceptions\\DrawLifecycleException(code: 0): Draw 1 is in state result_published, which implies a published official result, but no draw_results row exists for it. This is refused rather than repaired. at /home/user/app/Exceptions/DrawLifecycleException.php:252)
[stacktrace]
#0 /home/user/app/Services/Draw/DrawSettlementSimulationService.php(200): App\\Exceptions\\DrawLifecycleException::resultMissing()
#1 /home/user/app/Services/Draw/DrawSettlementSimulationService.php(393): App\\Services\\Draw\\DrawSettlementSimulationService->publishedResultFor()
#2 /home/user/app/Services/Draw/DrawSettlementSimulationService.php(156): App\\Services\\Draw\\DrawSettlementSimulationService->performSettlement()
#3 /home/user/vendor/laravel/framework/src/Illuminate/Database/Concerns/ManagesTransactions.php(32): App\\Services\\Draw\\DrawSettlementSimulationService->{closure:App\\Services\\Draw\\DrawSettlementSimulationService::settle():145}()
#4 /home/user/vendor/laravel/framework/src/Illuminate/Database/DatabaseManager.php(495): Illuminate\\Database\\Connection->transaction()
#5 /home/user/vendor/laravel/framework/src/Illuminate/Support/Facades/Facade.php(361): Illuminate\\Database\\DatabaseManager->__call()
#6 /home/user/app/Services/Draw/DrawSettlementSimulationService.php(145): Illuminate\\Support\\Facades\\Facade::__callStatic()
#7 /home/user/app/Console/Commands/Lottery/SettleDrawsCommand.php(90): App\\Services\\Draw\\DrawSettlementSimulationService->settle()
#8 /home/user/app/Console/Commands/Lottery/LotteryAutomationCommand.php(155): App\\Console\\Commands\\Lottery\\SettleDrawsCommand->{closure:App\\Console\\Commands\\Lottery\\SettleDrawsCommand::handle():89}()
#9 /home/user/app/Console/Commands/Lottery/SettleDrawsCommand.php(87): App\\Console\\Commands\\Lottery\\LotteryAutomationCommand->eachDueDraw()
#10 /home/user/vendor/laravel/framework/src/Illuminate/Container/BoundMethod.php(36): App\\Console\\Commands\\Lottery\\SettleDrawsCommand->handle()
#11 /home/user/vendor/laravel/framework/src/Illuminate/Container/Util.php(43): Illuminate\\Container\\BoundMethod::{closure:Illuminate\\Container\\BoundMethod::call():35}()
#12 /home/user/vendor/laravel/framework/src/Illuminate/Container/BoundMethod.php(95): Illuminate\\Container\\Util::unwrapIfClosure()
#13 /home/user/vendor/laravel/framework/src/Illuminate/Container/BoundMethod.php(35): Illuminate\\Container\\BoundMethod::callBoundMethod()
#14 /home/user/vendor/laravel/framework/src/Illuminate/Container/Container.php(696): Illuminate\\Container\\BoundMethod::call()
#15 /home/user/vendor/laravel/framework/src/Illuminate/Console/Command.php(213): Illuminate\\Container\\Container->call()
#16 /home/user/vendor/symfony/console/Command/Command.php(341): Illuminate\\Console\\Command->execute()
#17 /home/user/vendor/laravel/framework/src/Illuminate/Console/Command.php(182): Symfony\\Component\\Console\\Command\\Command->run()
#18 /home/user/vendor/symfony/console/Application.php(1094): Illuminate\\Console\\Command->run()
#19 /home/user/vendor/symfony/console/Application.php(356): Symfony\\Component\\Console\\Application->doRunCommand()
#20 /home/user/vendor/symfony/console/Application.php(195): Symfony\\Component\\Console\\Application->doRun()
#21 /home/user/vendor/laravel/framework/src/Illuminate/Console/Application.php(166): Symfony\\Component\\Console\\Application->run()
#22 /home/user/vendor/laravel/framework/src/Illuminate/Foundation/Console/Kernel.php(427): Illuminate\\Console\\Application->call()
#23 /home/user/vendor/laravel/framework/src/Illuminate/Testing/PendingCommand.php(332): Illuminate\\Foundation\\Console\\Kernel->call()
#24 /home/user/vendor/laravel/framework/src/Illuminate/Testing/PendingCommand.php(556): Illuminate\\Testing\\PendingCommand->run()
#25 /home/user/tests/Feature/Console/DrawAutomationTest.php(334): Illuminate\\Testing\\PendingCommand->__destruct()
#26 /home/user/vendor/phpunit/phpunit/src/Framework/TestCase.php(1667): Tests\\Feature\\Console\\DrawAutomationTest->one_bad_draw_does_not_stop_the_batch_and_the_command_still_reports_failure()
#27 /home/user/vendor/phpunit/phpunit/src/Framework/TestCase.php(519): PHPUnit\\Framework\\TestCase->runTest()
#28 /home/user/vendor/phpunit/phpunit/src/Framework/TestRunner/TestRunner.php(87): PHPUnit\\Framework\\TestCase->runBare()
#29 /home/user/vendor/phpunit/phpunit/src/Framework/TestCase.php(365): PHPUnit\\Framework\\TestRunner->run()
#30 /home/user/vendor/phpunit/phpunit/src/Framework/TestSuite.php(369): PHPUnit\\Framework\\TestCase->run()
#31 /home/user/vendor/phpunit/phpunit/src/Framework/TestSuite.php(369): PHPUnit\\Framework\\TestSuite->run()
#32 /home/user/vendor/phpunit/phpunit/src/Framework/TestSuite.php(369): PHPUnit\\Framework\\TestSuite->run()
#33 /home/user/vendor/phpunit/phpunit/src/TextUI/TestRunner.php(64): PHPUnit\\Framework\\TestSuite->run()
#34 /home/user/vendor/phpunit/phpunit/src/TextUI/Application.php(211): PHPUnit\\TextUI\\TestRunner->run()
#35 /home/user/vendor/phpunit/phpunit/phpunit(104): PHPUnit\\TextUI\\Application->run()
#36 /home/user/vendor/bin/phpunit(122): include('...')
#37 {main}
"} 
[2026-09-07 17:48:47] testing.INFO: lottery.automation.run {"command":"lottery:settle-draws","activity":"settle","processed":1,"failed":1,"skipped":0,"candidates":2} 
[2026-09-07 17:48:47] testing.INFO: lottery.tick {"steps":5,"failed_steps":[],"duration_ms":1.0,"dry_run":false} 
[2026-09-07 17:48:47] testing.INFO: lottery.automation.run {"command":"lottery:open-draws","activity":"open","processed":1,"failed":0,"skipped":0,"candidates":1} 
[2026-09-07 17:48:47] testing.INFO: lottery.automation.run {"command":"lottery:close-draws","activity":"close","processed":2,"failed":0,"skipped":0,"candidates":2} 
[2026-09-07 17:48:47] testing.INFO: lottery.automation.provisioned {"created":6,"existing":0,"horizon_days":90} 
[2026-09-07 17:48:47] testing.INFO: lottery.automation.run {"command":"lottery:open-draws","activity":"open","processed":1,"failed":0,"skipped":0,"candidates":1} 
[2026-09-07 17:48:47] testing.INFO: lottery.automation.run {"command":"lottery:close-draws","activity":"close","processed":1,"failed":0,"skipped":0,"candidates":1} 
[2026-09-07 17:48:47] testing.INFO: lottery.automation.run {"command":"lottery:mark-results-pending","activity":"mark result-pending","processed":1,"failed":0,"skipped":0,"candidates":1} 
[2026-09-07 17:48:47] testing.INFO: lottery.tick {"steps":5,"failed_steps":[],"duration_ms":23.0,"dry_run":false} 
[2026-09-07 17:48:47] testing.INFO: lottery.automation.provisioned {"created":6,"existing":0,"horizon_days":90} 
[2026-09-07 17:48:47] testing.INFO: lottery.automation.run {"command":"lottery:open-draws","activity":"open","processed":1,"failed":0,"skipped":0,"candidates":1} 
[2026-09-07 17:48:47] testing.INFO: lottery.automation.run {"command":"lottery:close-draws","activity":"close","processed":1,"failed":0,"skipped":0,"candidates":1} 
[2026-09-07 17:48:47] testing.INFO: lottery.automation.run {"command":"lottery:mark-results-pending","activity":"mark result-pending","processed":1,"failed":0,"skipped":0,"candidates":1} 
[2026-09-07 17:48:47] testing.INFO: lottery.tick {"steps":5,"failed_steps":[],"duration_ms":20.0,"dry_run":false} 
[2026-09-07 17:48:47] testing.INFO: lottery.automation.run {"command":"lottery:mark-results-pending","activity":"mark result-pending","processed":1,"failed":0,"skipped":0,"candidates":1} 
[2026-09-07 17:48:47] testing.INFO: lottery.publication.published {"draw_id":1,"draw_number":"DR-TEST-0025","winning_numbers":6,"operator_command":true} 
[2026-09-07 17:48:47] testing.INFO: lottery.automation.run {"command":"lottery:mark-results-pending","activity":"mark result-pending","processed":1,"failed":0,"skipped":0,"candidates":1} 
[2026-09-07 17:48:47] testing.WARNING: lottery.publication.refused {"draw_id":1,"draw_number":"DR-TEST-0026","exception":"[object] (App\\Exceptions\\DrawResultValidationException(code: 0): The official first prize number must be exactly 6 digits. Received \"12\", which is 2. Leading zeroes count as digits and are never stripped. at /home/user/app/Exceptions/DrawResultValidationException.php:119)
[stacktrace]
#0 /home/user/app/Services/Draw/DrawResultValidator.php(205): App\\Exceptions\\DrawResultValidationException::firstPrizeLength()
#1 /home/user/app/Services/Draw/DrawResultValidator.php(131): App\\Services\\Draw\\DrawResultValidator->validateFirstPrize()
#2 /home/user/app/Services/Draw/DrawResultPublicationService.php(105): App\\Services\\Draw\\DrawResultValidator->validate()
#3 /home/user/app/Console/Commands/Lottery/PublishDrawResultCommand.php(104): App\\Services\\Draw\\DrawResultPublicationService->publish()
#4 /home/user/vendor/laravel/framework/src/Illuminate/Container/BoundMethod.php(36): App\\Console\\Commands\\Lottery\\PublishDrawResultCommand->handle()
#5 /home/user/vendor/laravel/framework/src/Illuminate/Container/Util.php(43): Illuminate\\Container\\BoundMethod::{closure:Illuminate\\Container\\BoundMethod::call():35}()
#6 /home/user/vendor/laravel/framework/src/Illuminate/Container/BoundMethod.php(95): Illuminate\\Container\\Util::unwrapIfClosure()
#7 /home/user/vendor/laravel/framework/src/Illuminate/Container/BoundMethod.php(35): Illuminate\\Container\\BoundMethod::callBoundMethod()
#8 /home/user/vendor/laravel/framework/src/Illuminate/Container/Container.php(696): Illuminate\\Container\\BoundMethod::call()
#9 /home/user/vendor/laravel/framework/src/Illuminate/Console/Command.php(213): Illuminate\\Container\\Container->call()
#10 /home/user/vendor/symfony/console/Command/Command.php(341): Illuminate\\Console\\Command->execute()
#11 /home/user/vendor/laravel/framework/src/Illuminate/Console/Command.php(182): Symfony\\Component\\Console\\Command\\Command->run()
#12 /home/user/vendor/symfony/console/Application.php(1094): Illuminate\\Console\\Command->run()
#13 /home/user/vendor/symfony/console/Application.php(356): Symfony\\Component\\Console\\Application->doRunCommand()
#14 /home/user/vendor/symfony/console/Application.php(195): Symfony\\Component\\Console\\Application->doRun()
#15 /home/user/vendor/laravel/framework/src/Illuminate/Console/Application.php(166): Symfony\\Component\\Console\\Application->run()
#16 /home/user/vendor/laravel/framework/src/Illuminate/Foundation/Console/Kernel.php(427): Illuminate\\Console\\Application->call()
#17 /home/user/vendor/laravel/framework/src/Illuminate/Testing/PendingCommand.php(332): Illuminate\\Foundation\\Console\\Kernel->call()
#18 /home/user/vendor/laravel/framework/src/Illuminate/Testing/PendingCommand.php(556): Illuminate\\Testing\\PendingCommand->run()
#19 /home/user/tests/Feature/Console/DrawAutomationTest.php(443): Illuminate\\Testing\\PendingCommand->__destruct()
#20 /home/user/vendor/phpunit/phpunit/src/Framework/TestCase.php(1667): Tests\\Feature\\Console\\DrawAutomationTest->publication_refuses_numbers_the_validator_rejects_and_writes_nothing()
#21 /home/user/vendor/phpunit/phpunit/src/Framework/TestCase.php(519): PHPUnit\\Framework\\TestCase->runTest()
#22 /home/user/vendor/phpunit/phpunit/src/Framework/TestRunner/TestRunner.php(87): PHPUnit\\Framework\\TestCase->runBare()
#23 /home/user/vendor/phpunit/phpunit/src/Framework/TestCase.php(365): PHPUnit\\Framework\\TestRunner->run()
#24 /home/user/vendor/phpunit/phpunit/src/Framework/TestSuite.php(369): PHPUnit\\Framework\\TestCase->run()
#25 /home/user/vendor/phpunit/phpunit/src/Framework/TestSuite.php(369): PHPUnit\\Framework\\TestSuite->run()
#26 /home/user/vendor/phpunit/phpunit/src/Framework/TestSuite.php(369): PHPUnit\\Framework\\TestSuite->run()
#27 /home/user/vendor/phpunit/phpunit/src/TextUI/TestRunner.php(64): PHPUnit\\Framework\\TestSuite->run()
#28 /home/user/vendor/phpunit/phpunit/src/TextUI/Application.php(211): PHPUnit\\TextUI\\TestRunner->run()
#29 /home/user/vendor/phpunit/phpunit/phpunit(104): PHPUnit\\TextUI\\Application->run()
#30 /home/user/vendor/bin/phpunit(122): include('...')
#31 {main}
"} 
[2026-09-07 17:48:48] testing.WARNING: lottery.publication.refused {"draw_id":1,"draw_number":"DR-TEST-0027","exception":"[object] (App\\Exceptions\\DrawLifecycleException(code: 0): Draw 1 is in state open; an official result may only be published from result_pending. at /home/user/app/Exceptions/DrawLifecycleException.php:191)
[stacktrace]
#0 /home/user/app/Services/Draw/DrawLifecycleService.php(385): App\\Exceptions\\DrawLifecycleException::notPublishable()
#1 /home/user/app/Services/Draw/DrawResultPublicationService.php(110): App\\Services\\Draw\\DrawLifecycleService->assertCanPublishResult()
#2 /home/user/vendor/laravel/framework/src/Illuminate/Database/Concerns/ManagesTransactions.php(32): App\\Services\\Draw\\DrawResultPublicationService->{closure:App\\Services\\Draw\\DrawResultPublicationService::publish():107}()
#3 /home/user/vendor/laravel/framework/src/Illuminate/Database/DatabaseManager.php(495): Illuminate\\Database\\Connection->transaction()
#4 /home/user/vendor/laravel/framework/src/Illuminate/Support/Facades/Facade.php(361): Illuminate\\Database\\DatabaseManager->__call()
#5 /home/user/app/Services/Draw/DrawResultPublicationService.php(139): Illuminate\\Support\\Facades\\Facade::__callStatic()
#6 /home/user/app/Console/Commands/Lottery/PublishDrawResultCommand.php(104): App\\Services\\Draw\\DrawResultPublicationService->publish()
#7 /home/user/vendor/laravel/framework/src/Illuminate/Container/BoundMethod.php(36): App\\Console\\Commands\\Lottery\\PublishDrawResultCommand->handle()
#8 /home/user/vendor/laravel/framework/src/Illuminate/Container/Util.php(43): Illuminate\\Container\\BoundMethod::{closure:Illuminate\\Container\\BoundMethod::call():35}()
#9 /home/user/vendor/laravel/framework/src/Illuminate/Container/BoundMethod.php(95): Illuminate\\Container\\Util::unwrapIfClosure()
#10 /home/user/vendor/laravel/framework/src/Illuminate/Container/BoundMethod.php(35): Illuminate\\Container\\BoundMethod::callBoundMethod()
#11 /home/user/vendor/laravel/framework/src/Illuminate/Container/Container.php(696): Illuminate\\Container\\BoundMethod::call()
#12 /home/user/vendor/laravel/framework/src/Illuminate/Console/Command.php(213): Illuminate\\Container\\Container->call()
#13 /home/user/vendor/symfony/console/Command/Command.php(341): Illuminate\\Console\\Command->execute()
#14 /home/user/vendor/laravel/framework/src/Illuminate/Console/Command.php(182): Symfony\\Component\\Console\\Command\\Command->run()
#15 /home/user/vendor/symfony/console/Application.php(1094): Illuminate\\Console\\Command->run()
#16 /home/user/vendor/symfony/console/Application.php(356): Symfony\\Component\\Console\\Application->doRunCommand()
#17 /home/user/vendor/symfony/console/Application.php(195): Symfony\\Component\\Console\\Application->doRun()
#18 /home/user/vendor/laravel/framework/src/Illuminate/Console/Application.php(166): Symfony\\Component\\Console\\Application->run()
#19 /home/user/vendor/laravel/framework/src/Illuminate/Foundation/Console/Kernel.php(427): Illuminate\\Console\\Application->call()
#20 /home/user/vendor/laravel/framework/src/Illuminate/Testing/PendingCommand.php(332): Illuminate\\Foundation\\Console\\Kernel->call()
#21 /home/user/vendor/laravel/framework/src/Illuminate/Testing/PendingCommand.php(556): Illuminate\\Testing\\PendingCommand->run()
#22 /home/user/tests/Feature/Console/DrawAutomationTest.php(459): Illuminate\\Testing\\PendingCommand->__destruct()
#23 /home/user/vendor/phpunit/phpunit/src/Framework/TestCase.php(1667): Tests\\Feature\\Console\\DrawAutomationTest->publication_is_refused_for_a_draw_that_is_not_awaiting_its_result()
#24 /home/user/vendor/phpunit/phpunit/src/Framework/TestCase.php(519): PHPUnit\\Framework\\TestCase->runTest()
#25 /home/user/vendor/phpunit/phpunit/src/Framework/TestRunner/TestRunner.php(87): PHPUnit\\Framework\\TestCase->runBare()
#26 /home/user/vendor/phpunit/phpunit/src/Framework/TestCase.php(365): PHPUnit\\Framework\\TestRunner->run()
#27 /home/user/vendor/phpunit/phpunit/src/Framework/TestSuite.php(369): PHPUnit\\Framework\\TestCase->run()
#28 /home/user/vendor/phpunit/phpunit/src/Framework/TestSuite.php(369): PHPUnit\\Framework\\TestSuite->run()
#29 /home/user/vendor/phpunit/phpunit/src/Framework/TestSuite.php(369): PHPUnit\\Framework\\TestSuite->run()
#30 /home/user/vendor/phpunit/phpunit/src/TextUI/TestRunner.php(64): PHPUnit\\Framework\\TestSuite->run()
#31 /home/user/vendor/phpunit/phpunit/src/TextUI/Application.php(211): PHPUnit\\TextUI\\TestRunner->run()
#32 /home/user/vendor/phpunit/phpunit/phpunit(104): PHPUnit\\TextUI\\Application->run()
#33 /home/user/vendor/bin/phpunit(122): include('...')
#34 {main}
"} 
[2026-09-07 17:48:48] testing.INFO: lottery.automation.run {"command":"lottery:mark-results-pending","activity":"mark result-pending","processed":1,"failed":0,"skipped":0,"candidates":1} 
[2026-09-07 17:49:33] testing.CRITICAL: DisburseWithdrawalJob: Job permanently failed after max attempts {"withdrawal_id":888888,"attempts":1,"error":"Withdrawal entity 888888 not found"} 
[2026-09-07 17:49:33] testing.INFO: OperationalAlertService: Alert throttled (duplicate within cooldown) {"title":"Critical Ledger Imbalance","fingerprint":"alert:anomaly:304a127cfffc21d342fb8664ff0dc21d"} 
[2026-09-07 17:49:33] testing.INFO: Payment webhook event already processed (replay cache hit) {"gateway":"stripe","event_id":"evt_stripe_concurrency_666"} 
[2026-09-07 17:49:33] testing.INFO: Payment webhook event already processed (replay cache hit) {"gateway":"stripe","event_id":"evt_stripe_concurrency_666"} 
[2026-09-07 17:49:33] testing.INFO: Payment webhook event already processed (replay cache hit) {"gateway":"stripe","event_id":"evt_stripe_concurrency_666"} 
[2026-09-07 17:49:33] testing.INFO: Payment webhook event already processed (replay cache hit) {"gateway":"stripe","event_id":"evt_stripe_concurrency_666"} 
[2026-09-07 17:49:34] testing.WARNING: Payment webhook signature verification failed {"gateway":"stripe","ip":"127.0.0.1"} 
[2026-09-07 17:49:34] testing.WARNING: Payment webhook signature verification failed {"gateway":"bkash","ip":"127.0.0.1"} 
[2026-09-07 17:49:34] testing.WARNING: Stripe webhook rejected: timestamp drift exceeds tolerance. {"event_time":1788777574,"current_time":1788778174,"tolerance":300} 
[2026-09-07 17:49:34] testing.WARNING: Payment webhook signature verification failed {"gateway":"stripe","ip":"127.0.0.1"} 
[2026-09-07 17:49:34] testing.INFO: Payment webhook event already processed (replay cache hit) {"gateway":"stripe","event_id":"evt_unique_test_replay_999"} 
[2026-09-07 17:49:39] testing.INFO: bet_purchase.api.success {"outcome":"purchased","bet_id":1,"bet_number":"BT-20260907-3D9B2E130A49","ticket_id":1,"draw_id":1,"currency":"THB","stake":"100.00","client_key":"client_key_valid_test_16_abc","request_id":"f508ecf75ab7652195bcfaccebd04f5f","user_id":1} 
[2026-09-07 17:49:40] testing.INFO: bet_purchase.api.refused {"outcome":"refused","error_code":"insufficient_balance","http_status":422,"exception":"App\\Exceptions\\BetPurchaseException","client_key":"client_key_insufficient_17","request_id":"38420ac212b53b3e961d34c464cf3e5f","user_id":1} 
[2026-09-07 17:49:40] testing.INFO: bet_purchase.api.refused {"outcome":"refused","error_code":"draw_closed","http_status":422,"exception":"App\\Exceptions\\BetPurchaseValidationException","client_key":"client_key_closed_draw_18","request_id":"bc4fe0f3518ce4a01e7e120f23f52858","user_id":1} 
[2026-09-07 17:49:40] testing.INFO: bet_purchase.api.refused {"outcome":"refused","error_code":"invalid_digits","http_status":422,"exception":"App\\Exceptions\\BetPurchaseValidationException","client_key":"client_key_invalid_market_19","request_id":"4f4341184562ec38f240dcc44c21e469","user_id":1} 
[2026-09-07 17:49:41] testing.INFO: bet_purchase.api.success {"outcome":"purchased","bet_id":1,"bet_number":"BT-20260907-5CD9400DBAEE","ticket_id":1,"draw_id":1,"currency":"THB","stake":"100.00","client_key":"unique_idempotency_key_test_20_xyz","request_id":"f3ffef37f13f2933f4fba307cc8e2674","user_id":1} 
[2026-09-07 17:49:41] testing.INFO: bet_purchase.api.success {"outcome":"replayed","bet_id":1,"bet_number":"BT-20260907-5CD9400DBAEE","ticket_id":1,"draw_id":1,"currency":"THB","stake":"100.00","client_key":"unique_idempotency_key_test_20_xyz","request_id":"90d86826ef9153bce86a707b9f84dbd4","user_id":1} 
[2026-09-07 17:49:48] testing.WARNING: DisburseWithdrawalJob: Transient error during disbursement, queue will retry {"withdrawal_id":1,"attempt":1,"max_tries":3,"exception":"Connection timeout to gateway API."} 
[2026-09-07 17:49:48] testing.ERROR: DisburseWithdrawalJob: Withdrawal not found {"withdrawal_id":999999,"attempt":1} 
[2026-09-07 17:49:48] testing.INFO: DisburseWithdrawalJob: Withdrawal already completed, skipping redundant disbursement {"withdrawal_id":1,"reference_number":"WD-20260907-8351FDCC58B8","status":"completed"} 
[2026-09-07 17:49:48] testing.INFO: DisburseWithdrawalJob: Withdrawal already completed, skipping redundant disbursement {"withdrawal_id":1,"reference_number":"WD-20260907-3EE582CC585C","status":"completed"} 
[2026-09-07 17:49:48] testing.INFO: Payment webhook event already processed (replay cache hit) {"gateway":"bkash","event_id":"evt_job_dup_08"} 
[2026-09-07 17:49:48] testing.CRITICAL: DisburseWithdrawalJob: Job permanently failed after max attempts {"withdrawal_id":1,"attempts":1,"error":"Gateway auth failed for secret token secret_key_123456"} 
[2026-09-07 17:49:48] testing.INFO: DisburseWithdrawalJob: Withdrawal already completed, skipping redundant disbursement {"withdrawal_id":1,"reference_number":"WD-20260907-26971E6A9DA0","status":"completed"} 
[2026-09-07 17:49:48] testing.WARNING: DisburseWithdrawalJob: Withdrawal in terminal failed/cancelled state, aborting job {"withdrawal_id":1,"reference_number":"WD-20260907-72E60710552D","status":"failed"} 
[2026-09-07 17:49:49] testing.ERROR: Call to undefined method App\Models\User::kycStatus() {"userId":1,"exception":"[object] (BadMethodCallException(code: 0): Call to undefined method App\\Models\\User::kycStatus() at /home/user/vendor/laravel/framework/src/Illuminate/Support/Traits/ForwardsCalls.php:67)
[stacktrace]
#0 /home/user/vendor/laravel/framework/src/Illuminate/Support/Traits/ForwardsCalls.php(36): Illuminate\\Database\\Eloquent\\Model::throwBadMethodCallException()
#1 /home/user/vendor/laravel/framework/src/Illuminate/Database/Eloquent/Model.php(2372): Illuminate\\Database\\Eloquent\\Model->forwardCallTo()
#2 /home/user/app/Http/Controllers/Api/V1/KycController.php(39): Illuminate\\Database\\Eloquent\\Model->__call()
#3 /home/user/vendor/laravel/framework/src/Illuminate/Routing/ControllerDispatcher.php(47): App\\Http\\Controllers\\Api\\V1\\KycController->status()
#4 /home/user/vendor/laravel/framework/src/Illuminate/Routing/Route.php(266): Illuminate\\Routing\\ControllerDispatcher->dispatch()
#5 /home/user/vendor/laravel/framework/src/Illuminate/Routing/Route.php(212): Illuminate\\Routing\\Route->runController()
#6 /home/user/vendor/laravel/framework/src/Illuminate/Routing/Router.php(808): Illuminate\\Routing\\Route->run()
#7 /home/user/vendor/laravel/framework/src/Illuminate/Pipeline/Pipeline.php(170): Illuminate\\Routing\\Router->{closure:Illuminate\\Routing\\Router::runRouteWithinStack():807}()
#8 /home/user/app/Http/Middleware/EnsureUserIsActive.php(23): Illuminate\\Pipeline\\Pipeline->{closure:Illuminate\\Pipeline\\Pipeline::prepareDestination():168}()
#9 /home/user/vendor/laravel/framework/src/Illuminate/Pipeline/Pipeline.php(209): App\\Http\\Middleware\\EnsureUserIsActive->handle()
#10 /home/user/vendor/laravel/framework/src/Illuminate/Routing/Middleware/SubstituteBindings.php(51): Illuminate\\Pipeline\\Pipeline->{closure:{closure:Illuminate\\Pipeline\\Pipeline::carry():184}:185}()
#11 /home/user/vendor/laravel/framework/src/Illuminate/Pipeline/Pipeline.php(209): Illuminate\\Routing\\Middleware\\SubstituteBindings->handle()
#12 /home/user/vendor/laravel/framework/src/Illuminate/Routing/Middleware/ThrottleRequests.php(161): Illuminate\\Pipeline\\Pipeline->{closure:{closure:Illuminate\\Pipeline\\Pipeline::carry():184}:185}()
#13 /home/user/vendor/laravel/framework/src/Illuminate/Routing/Middleware/ThrottleRequests.php(127): Illuminate\\Routing\\Middleware\\ThrottleRequests->handleRequest()
#14 /home/user/vendor/laravel/framework/src/Illuminate/Routing/Middleware/ThrottleRequests.php(89): Illuminate\\Routing\\Middleware\\ThrottleRequests->handleRequestUsingNamedLimiter()
#15 /home/user/vendor/laravel/framework/src/Illuminate/Pipeline/Pipeline.php(209): Illuminate\\Routing\\Middleware\\ThrottleRequests->handle()
#16 /home/user/vendor/laravel/framework/src/Illuminate/Auth/Middleware/Authenticate.php(64): Illuminate\\Pipeline\\Pipeline->{closure:{closure:Illuminate\\Pipeline\\Pipeline::carry():184}:185}()
#17 /home/user/vendor/laravel/framework/src/Illuminate/Pipeline/Pipeline.php(209): Illuminate\\Auth\\Middleware\\Authenticate->handle()
#18 /home/user/vendor/laravel/framework/src/Illuminate/Pipeline/Pipeline.php(127): Illuminate\\Pipeline\\Pipeline->{closure:{closure:Illuminate\\Pipeline\\Pipeline::carry():184}:185}()
#19 /home/user/vendor/laravel/framework/src/Illuminate/Routing/Router.php(807): Illuminate\\Pipeline\\Pipeline->then()
#20 /home/user/vendor/laravel/framework/src/Illuminate/Routing/Router.php(786): Illuminate\\Routing\\Router->runRouteWithinStack()
#21 /home/user/vendor/laravel/framework/src/Illuminate/Routing/Router.php(750): Illuminate\\Routing\\Router->runRoute()
#22 /home/user/vendor/laravel/framework/src/Illuminate/Routing/Router.php(739): Illuminate\\Routing\\Router->dispatchToRoute()
#23 /home/user/vendor/laravel/framework/src/Illuminate/Foundation/Http/Kernel.php(201): Illuminate\\Routing\\Router->dispatch()
#24 /home/user/vendor/laravel/framework/src/Illuminate/Pipeline/Pipeline.php(170): Illuminate\\Foundation\\Http\\Kernel->{closure:Illuminate\\Foundation\\Http\\Kernel::dispatchToRouter():198}()
#25 /home/user/vendor/livewire/livewire/src/Features/SupportDisablingBackButtonCache/DisableBackButtonCacheMiddleware.php(19): Illuminate\\Pipeline\\Pipeline->{closure:Illuminate\\Pipeline\\Pipeline::prepareDestination():168}()
#26 /home/user/vendor/laravel/framework/src/Illuminate/Pipeline/Pipeline.php(209): Livewire\\Features\\SupportDisablingBackButtonCache\\DisableBackButtonCacheMiddleware->handle()
#27 /home/user/app/Http/Middleware/SecurityHeaders.php(13): Illuminate\\Pipeline\\Pipeline->{closure:{closure:Illuminate\\Pipeline\\Pipeline::carry():184}:185}()
#28 /home/user/vendor/laravel/framework/src/Illuminate/Pipeline/Pipeline.php(209): App\\Http\\Middleware\\SecurityHeaders->handle()
#29 /home/user/vendor/laravel/framework/src/Illuminate/Foundation/Http/Middleware/TransformsRequest.php(21): Illuminate\\Pipeline\\Pipeline->{closure:{closure:Illuminate\\Pipeline\\Pipeline::carry():184}:185}()
#30 /home/user/vendor/laravel/framework/src/Illuminate/Foundation/Http/Middleware/ConvertEmptyStringsToNull.php(31): Illuminate\\Foundation\\Http\\Middleware\\TransformsRequest->handle()
#31 /home/user/vendor/laravel/framework/src/Illuminate/Pipeline/Pipeline.php(209): Illuminate\\Foundation\\Http\\Middleware\\ConvertEmptyStringsToNull->handle()
#32 /home/user/vendor/laravel/framework/src/Illuminate/Foundation/Http/Middleware/TransformsRequest.php(21): Illuminate\\Pipeline\\Pipeline->{closure:{closure:Illuminate\\Pipeline\\Pipeline::carry():184}:185}()
#33 /home/user/vendor/laravel/framework/src/Illuminate/Foundation/Http/Middleware/TrimStrings.php(51): Illuminate\\Foundation\\Http\\Middleware\\TransformsRequest->handle()
#34 /home/user/vendor/laravel/framework/src/Illuminate/Pipeline/Pipeline.php(209): Illuminate\\Foundation\\Http\\Middleware\\TrimStrings->handle()
#35 /home/user/vendor/laravel/framework/src/Illuminate/Http/Middleware/ValidatePostSize.php(27): Illuminate\\Pipeline\\Pipeline->{closure:{closure:Illuminate\\Pipeline\\Pipeline::carry():184}:185}()
#36 /home/user/vendor/laravel/framework/src/Illuminate/Pipeline/Pipeline.php(209): Illuminate\\Http\\Middleware\\ValidatePostSize->handle()
#37 /home/user/vendor/laravel/framework/src/Illuminate/Foundation/Http/Middleware/PreventRequestsDuringMaintenance.php(110): Illuminate\\Pipeline\\Pipeline->{closure:{closure:Illuminate\\Pipeline\\Pipeline::carry():184}:185}()
#38 /home/user/vendor/laravel/framework/src/Illuminate/Pipeline/Pipeline.php(209): Illuminate\\Foundation\\Http\\Middleware\\PreventRequestsDuringMaintenance->handle()
#39 /home/user/vendor/laravel/framework/src/Illuminate/Http/Middleware/HandleCors.php(62): Illuminate\\Pipeline\\Pipeline->{closure:{closure:Illuminate\\Pipeline\\Pipeline::carry():184}:185}()
#40 /home/user/vendor/laravel/framework/src/Illuminate/Pipeline/Pipeline.php(209): Illuminate\\Http\\Middleware\\HandleCors->handle()
#41 /home/user/vendor/laravel/framework/src/Illuminate/Http/Middleware/TrustProxies.php(58): Illuminate\\Pipeline\\Pipeline->{closure:{closure:Illuminate\\Pipeline\\Pipeline::carry():184}:185}()
#42 /home/user/vendor/laravel/framework/src/Illuminate/Pipeline/Pipeline.php(209): Illuminate\\Http\\Middleware\\TrustProxies->handle()
#43 /home/user/vendor/laravel/framework/src/Illuminate/Foundation/Http/Middleware/InvokeDeferredCallbacks.php(22): Illuminate\\Pipeline\\Pipeline->{closure:{closure:Illuminate\\Pipeline\\Pipeline::carry():184}:185}()
#44 /home/user/vendor/laravel/framework/src/Illuminate/Pipeline/Pipeline.php(209): Illuminate\\Foundation\\Http\\Middleware\\InvokeDeferredCallbacks->handle()
#45 /home/user/vendor/laravel/framework/src/Illuminate/Pipeline/Pipeline.php(127): Illuminate\\Pipeline\\Pipeline->{closure:{closure:Illuminate\\Pipeline\\Pipeline::carry():184}:185}()
#46 /home/user/vendor/laravel/framework/src/Illuminate/Foundation/Http/Kernel.php(176): Illuminate\\Pipeline\\Pipeline->then()
#47 /home/user/vendor/laravel/framework/src/Illuminate/Foundation/Http/Kernel.php(145): Illuminate\\Foundation\\Http\\Kernel->sendRequestThroughRouter()
#48 /home/user/vendor/laravel/framework/src/Illuminate/Foundation/Testing/Concerns/MakesHttpRequests.php(607): Illuminate\\Foundation\\Http\\Kernel->handle()
#49 /home/user/vendor/laravel/framework/src/Illuminate/Foundation/Testing/Concerns/MakesHttpRequests.php(573): Illuminate\\Foundation\\Testing\\TestCase->call()
#50 /home/user/vendor/laravel/framework/src/Illuminate/Foundation/Testing/Concerns/MakesHttpRequests.php(381): Illuminate\\Foundation\\Testing\\TestCase->json()
#51 /home/user/tests/Feature/Security/KycVerificationTest.php(48): Illuminate\\Foundation\\Testing\\TestCase->getJson()
#52 /home/user/vendor/phpunit/phpunit/src/Framework/TestCase.php(1667): Tests\\Feature\\Security\\KycVerificationTest->test_player_can_fetch_initial_unverified_kyc_status()
#53 /home/user/vendor/phpunit/phpunit/src/Framework/TestCase.php(519): PHPUnit\\Framework\\TestCase->runTest()
#54 /home/user/vendor/phpunit/phpunit/src/Framework/TestRunner/TestRunner.php(87): PHPUnit\\Framework\\TestCase->runBare()
#55 /home/user/vendor/phpunit/phpunit/src/Framework/TestCase.php(365): PHPUnit\\Framework\\TestRunner->run()
#56 /home/user/vendor/phpunit/phpunit/src/Framework/TestSuite.php(369): PHPUnit\\Framework\\TestCase->run()
#57 /home/user/vendor/phpunit/phpunit/src/Framework/TestSuite.php(369): PHPUnit\\Framework\\TestSuite->run()
#58 /home/user/vendor/phpunit/phpunit/src/Framework/TestSuite.php(369): PHPUnit\\Framework\\TestSuite->run()
#59 /home/user/vendor/phpunit/phpunit/src/TextUI/TestRunner.php(64): PHPUnit\\Framework\\TestSuite->run()
#60 /home/user/vendor/phpunit/phpunit/src/TextUI/Application.php(211): PHPUnit\\TextUI\\TestRunner->run()
#61 /home/user/vendor/phpunit/phpunit/phpunit(104): PHPUnit\\TextUI\\Application->run()
#62 /home/user/vendor/bin/phpunit(122): include('...')
#63 {main}
"} 
[2026-09-07 17:49:49] testing.ERROR: api.unhandled_exception {"exception":"[object] (BadMethodCallException(code: 0): Call to undefined method App\\Models\\User::kycStatus() at /home/user/vendor/laravel/framework/src/Illuminate/Support/Traits/ForwardsCalls.php:67)
[stacktrace]
#0 /home/user/vendor/laravel/framework/src/Illuminate/Support/Traits/ForwardsCalls.php(36): Illuminate\\Database\\Eloquent\\Model::throwBadMethodCallException()
#1 /home/user/vendor/laravel/framework/src/Illuminate/Database/Eloquent/Model.php(2372): Illuminate\\Database\\Eloquent\\Model->forwardCallTo()
#2 /home/user/app/Http/Controllers/Api/V1/KycController.php(39): Illuminate\\Database\\Eloquent\\Model->__call()
#3 /home/user/vendor/laravel/framework/src/Illuminate/Routing/ControllerDispatcher.php(47): App\\Http\\Controllers\\Api\\V1\\KycController->status()
#4 /home/user/vendor/laravel/framework/src/Illuminate/Routing/Route.php(266): Illuminate\\Routing\\ControllerDispatcher->dispatch()
#5 /home/user/vendor/laravel/framework/src/Illuminate/Routing/Route.php(212): Illuminate\\Routing\\Route->runController()
#6 /home/user/vendor/laravel/framework/src/Illuminate/Routing/Router.php(808): Illuminate\\Routing\\Route->run()
#7 /home/user/vendor/laravel/framework/src/Illuminate/Pipeline/Pipeline.php(170): Illuminate\\Routing\\Router->{closure:Illuminate\\Routing\\Router::runRouteWithinStack():807}()
#8 /home/user/app/Http/Middleware/EnsureUserIsActive.php(23): Illuminate\\Pipeline\\Pipeline->{closure:Illuminate\\Pipeline\\Pipeline::prepareDestination():168}()
#9 /home/user/vendor/laravel/framework/src/Illuminate/Pipeline/Pipeline.php(209): App\\Http\\Middleware\\EnsureUserIsActive->handle()
#10 /home/user/vendor/laravel/framework/src/Illuminate/Routing/Middleware/SubstituteBindings.php(51): Illuminate\\Pipeline\\Pipeline->{closure:{closure:Illuminate\\Pipeline\\Pipeline::carry():184}:185}()
#11 /home/user/vendor/laravel/framework/src/Illuminate/Pipeline/Pipeline.php(209): Illuminate\\Routing\\Middleware\\SubstituteBindings->handle()
#12 /home/user/vendor/laravel/framework/src/Illuminate/Routing/Middleware/ThrottleRequests.php(161): Illuminate\\Pipeline\\Pipeline->{closure:{closure:Illuminate\\Pipeline\\Pipeline::carry():184}:185}()
#13 /home/user/vendor/laravel/framework/src/Illuminate/Routing/Middleware/ThrottleRequests.php(127): Illuminate\\Routing\\Middleware\\ThrottleRequests->handleRequest()
#14 /home/user/vendor/laravel/framework/src/Illuminate/Routing/Middleware/ThrottleRequests.php(89): Illuminate\\Routing\\Middleware\\ThrottleRequests->handleRequestUsingNamedLimiter()
#15 /home/user/vendor/laravel/framework/src/Illuminate/Pipeline/Pipeline.php(209): Illuminate\\Routing\\Middleware\\ThrottleRequests->handle()
#16 /home/user/vendor/laravel/framework/src/Illuminate/Auth/Middleware/Authenticate.php(64): Illuminate\\Pipeline\\Pipeline->{closure:{closure:Illuminate\\Pipeline\\Pipeline::carry():184}:185}()
#17 /home/user/vendor/laravel/framework/src/Illuminate/Pipeline/Pipeline.php(209): Illuminate\\Auth\\Middleware\\Authenticate->handle()
#18 /home/user/vendor/laravel/framework/src/Illuminate/Pipeline/Pipeline.php(127): Illuminate\\Pipeline\\Pipeline->{closure:{closure:Illuminate\\Pipeline\\Pipeline::carry():184}:185}()
#19 /home/user/vendor/laravel/framework/src/Illuminate/Routing/Router.php(807): Illuminate\\Pipeline\\Pipeline->then()
#20 /home/user/vendor/laravel/framework/src/Illuminate/Routing/Router.php(786): Illuminate\\Routing\\Router->runRouteWithinStack()
#21 /home/user/vendor/laravel/framework/src/Illuminate/Routing/Router.php(750): Illuminate\\Routing\\Router->runRoute()
#22 /home/user/vendor/laravel/framework/src/Illuminate/Routing/Router.php(739): Illuminate\\Routing\\Router->dispatchToRoute()
#23 /home/user/vendor/laravel/framework/src/Illuminate/Foundation/Http/Kernel.php(201): Illuminate\\Routing\\Router->dispatch()
#24 /home/user/vendor/laravel/framework/src/Illuminate/Pipeline/Pipeline.php(170): Illuminate\\Foundation\\Http\\Kernel->{closure:Illuminate\\Foundation\\Http\\Kernel::dispatchToRouter():198}()
#25 /home/user/vendor/livewire/livewire/src/Features/SupportDisablingBackButtonCache/DisableBackButtonCacheMiddleware.php(19): Illuminate\\Pipeline\\Pipeline->{closure:Illuminate\\Pipeline\\Pipeline::prepareDestination():168}()
#26 /home/user/vendor/laravel/framework/src/Illuminate/Pipeline/Pipeline.php(209): Livewire\\Features\\SupportDisablingBackButtonCache\\DisableBackButtonCacheMiddleware->handle()
#27 /home/user/app/Http/Middleware/SecurityHeaders.php(13): Illuminate\\Pipeline\\Pipeline->{closure:{closure:Illuminate\\Pipeline\\Pipeline::carry():184}:185}()
#28 /home/user/vendor/laravel/framework/src/Illuminate/Pipeline/Pipeline.php(209): App\\Http\\Middleware\\SecurityHeaders->handle()
#29 /home/user/vendor/laravel/framework/src/Illuminate/Foundation/Http/Middleware/TransformsRequest.php(21): Illuminate\\Pipeline\\Pipeline->{closure:{closure:Illuminate\\Pipeline\\Pipeline::carry():184}:185}()
#30 /home/user/vendor/laravel/framework/src/Illuminate/Foundation/Http/Middleware/ConvertEmptyStringsToNull.php(31): Illuminate\\Foundation\\Http\\Middleware\\TransformsRequest->handle()
#31 /home/user/vendor/laravel/framework/src/Illuminate/Pipeline/Pipeline.php(209): Illuminate\\Foundation\\Http\\Middleware\\ConvertEmptyStringsToNull->handle()
#32 /home/user/vendor/laravel/framework/src/Illuminate/Foundation/Http/Middleware/TransformsRequest.php(21): Illuminate\\Pipeline\\Pipeline->{closure:{closure:Illuminate\\Pipeline\\Pipeline::carry():184}:185}()
#33 /home/user/vendor/laravel/framework/src/Illuminate/Foundation/Http/Middleware/TrimStrings.php(51): Illuminate\\Foundation\\Http\\Middleware\\TransformsRequest->handle()
#34 /home/user/vendor/laravel/framework/src/Illuminate/Pipeline/Pipeline.php(209): Illuminate\\Foundation\\Http\\Middleware\\TrimStrings->handle()
#35 /home/user/vendor/laravel/framework/src/Illuminate/Http/Middleware/ValidatePostSize.php(27): Illuminate\\Pipeline\\Pipeline->{closure:{closure:Illuminate\\Pipeline\\Pipeline::carry():184}:185}()
#36 /home/user/vendor/laravel/framework/src/Illuminate/Pipeline/Pipeline.php(209): Illuminate\\Http\\Middleware\\ValidatePostSize->handle()
#37 /home/user/vendor/laravel/framework/src/Illuminate/Foundation/Http/Middleware/PreventRequestsDuringMaintenance.php(110): Illuminate\\Pipeline\\Pipeline->{closure:{closure:Illuminate\\Pipeline\\Pipeline::carry():184}:185}()
#38 /home/user/vendor/laravel/framework/src/Illuminate/Pipeline/Pipeline.php(209): Illuminate\\Foundation\\Http\\Middleware\\PreventRequestsDuringMaintenance->handle()
#39 /home/user/vendor/laravel/framework/src/Illuminate/Http/Middleware/HandleCors.php(62): Illuminate\\Pipeline\\Pipeline->{closure:{closure:Illuminate\\Pipeline\\Pipeline::carry():184}:185}()
#40 /home/user/vendor/laravel/framework/src/Illuminate/Pipeline/Pipeline.php(209): Illuminate\\Http\\Middleware\\HandleCors->handle()
#41 /home/user/vendor/laravel/framework/src/Illuminate/Http/Middleware/TrustProxies.php(58): Illuminate\\Pipeline\\Pipeline->{closure:{closure:Illuminate\\Pipeline\\Pipeline::carry():184}:185}()
#42 /home/user/vendor/laravel/framework/src/Illuminate/Pipeline/Pipeline.php(209): Illuminate\\Http\\Middleware\\TrustProxies->handle()
#43 /home/user/vendor/laravel/framework/src/Illuminate/Foundation/Http/Middleware/InvokeDeferredCallbacks.php(22): Illuminate\\Pipeline\\Pipeline->{closure:{closure:Illuminate\\Pipeline\\Pipeline::carry():184}:185}()
#44 /home/user/vendor/laravel/framework/src/Illuminate/Pipeline/Pipeline.php(209): Illuminate\\Foundation\\Http\\Middleware\\InvokeDeferredCallbacks->handle()
#45 /home/user/vendor/laravel/framework/src/Illuminate/Pipeline/Pipeline.php(127): Illuminate\\Pipeline\\Pipeline->{closure:{closure:Illuminate\\Pipeline\\Pipeline::carry():184}:185}()
#46 /home/user/vendor/laravel/framework/src/Illuminate/Foundation/Http/Kernel.php(176): Illuminate\\Pipeline\\Pipeline->then()
#47 /home/user/vendor/laravel/framework/src/Illuminate/Foundation/Http/Kernel.php(145): Illuminate\\Foundation\\Http\\Kernel->sendRequestThroughRouter()
#48 /home/user/vendor/laravel/framework/src/Illuminate/Foundation/Testing/Concerns/MakesHttpRequests.php(607): Illuminate\\Foundation\\Http\\Kernel->handle()
#49 /home/user/vendor/laravel/framework/src/Illuminate/Foundation/Testing/Concerns/MakesHttpRequests.php(573): Illuminate\\Foundation\\Testing\\TestCase->call()
#50 /home/user/vendor/laravel/framework/src/Illuminate/Foundation/Testing/Concerns/MakesHttpRequests.php(381): Illuminate\\Foundation\\Testing\\TestCase->json()
#51 /home/user/tests/Feature/Security/KycVerificationTest.php(48): Illuminate\\Foundation\\Testing\\TestCase->getJson()
#52 /home/user/vendor/phpunit/phpunit/src/Framework/TestCase.php(1667): Tests\\Feature\\Security\\KycVerificationTest->test_player_can_fetch_initial_unverified_kyc_status()
#53 /home/user/vendor/phpunit/phpunit/src/Framework/TestCase.php(519): PHPUnit\\Framework\\TestCase->runTest()
#54 /home/user/vendor/phpunit/phpunit/src/Framework/TestRunner/TestRunner.php(87): PHPUnit\\Framework\\TestCase->runBare()
#55 /home/user/vendor/phpunit/phpunit/src/Framework/TestCase.php(365): PHPUnit\\Framework\\TestRunner->run()
#56 /home/user/vendor/phpunit/phpunit/src/Framework/TestSuite.php(369): PHPUnit\\Framework\\TestCase->run()
#57 /home/user/vendor/phpunit/phpunit/src/Framework/TestSuite.php(369): PHPUnit\\Framework\\TestSuite->run()
#58 /home/user/vendor/phpunit/phpunit/src/Framework/TestSuite.php(369): PHPUnit\\Framework\\TestSuite->run()
#59 /home/user/vendor/phpunit/phpunit/src/TextUI/TestRunner.php(64): PHPUnit\\Framework\\TestSuite->run()
#60 /home/user/vendor/phpunit/phpunit/src/TextUI/Application.php(211): PHPUnit\\TextUI\\TestRunner->run()
#61 /home/user/vendor/phpunit/phpunit/phpunit(104): PHPUnit\\TextUI\\Application->run()
#62 /home/user/vendor/bin/phpunit(122): include('...')
#63 {main}
","path":"api/v1/kyc/status","method":"GET","user_id":1} 
[2026-09-07 17:49:50] testing.WARNING: bKash webhook rejected: webhook_secret / app_secret is not configured.  
[2026-09-07 17:49:50] testing.WARNING: Payment webhook signature verification failed {"gateway":"bkash","ip":"127.0.0.1"} 
[2026-09-07 17:49:50] testing.WARNING: bKash webhook rejected: webhook_secret / app_secret is not configured.  
[2026-09-07 17:49:50] testing.WARNING: Payment webhook signature verification failed {"gateway":"bkash","ip":"127.0.0.1"} 
[2026-09-07 17:49:51] testing.WARNING: bKash webhook rejected: webhook_secret / app_secret is not configured.  
[2026-09-07 17:49:51] testing.WARNING: Payment webhook signature verification failed {"gateway":"bkash","ip":"127.0.0.1"} 
[2026-09-07 17:52:30] testing.ERROR: High Exposure (High Risk) on number 123 [3d] for draw 1. {"risk_alert_type":"high_exposure","risk_level":"high","audit_log_id":4} 
[2026-09-07 17:52:36] testing.INFO: bet_purchase.api.success {"outcome":"purchased","bet_id":1,"bet_number":"BT-20260907-1F8DB63AD89A","ticket_id":1,"draw_id":1,"currency":"THB","stake":"10.00","client_key":"api-3fac7e5042598962807ac50192f07570561b1f92","request_id":"b9bc068657fd08d07adf0b5a3f94427e","user_id":1} 
[2026-09-07 17:52:36] testing.INFO: bet_purchase.api.success {"outcome":"purchased","bet_id":1,"bet_number":"BT-20260907-454B4FACDC1D","ticket_id":1,"draw_id":1,"currency":"THB","stake":"10.00","client_key":"api-a676f40bd6585d6668cbe33a51f09953c02a7fef","request_id":"90133b8e4669e73538b9d7ad40ded4b7","user_id":1} 
[2026-09-07 17:52:36] testing.INFO: bet_purchase.api.success {"outcome":"purchased","bet_id":1,"bet_number":"BT-20260907-FF2FB2222AF4","ticket_id":1,"draw_id":1,"currency":"THB","stake":"10.00","client_key":"api-f7b8f591922e9b515c83f0ca28847379e14e3f93","request_id":"cd8a42800832dbe90e89a3a5297610c2","user_id":1} 
[2026-09-07 17:52:36] testing.INFO: bet_purchase.api.success {"outcome":"purchased","bet_id":1,"bet_number":"BT-20260907-8F2993EDE9D0","ticket_id":1,"draw_id":1,"currency":"THB","stake":"10.00","client_key":"api-e187d76746182cbb563423de65c53cff48e1b26c","request_id":"013564e200ea1b537900c28efb937afe","user_id":1} 
[2026-09-07 17:52:36] testing.INFO: bet_purchase.api.success {"outcome":"purchased","bet_id":1,"bet_number":"BT-20260907-1AA6C6703EE4","ticket_id":1,"draw_id":1,"currency":"THB","stake":"10.00","client_key":"api-bd6c2f1a5ca9ea80b589a486be6f1ed025590bed","request_id":"99708cf9d0fad4f05f9dc383ac9e495c","user_id":1} 
[2026-09-07 17:52:37] testing.INFO: bet_purchase.api.success {"outcome":"purchased","bet_id":1,"bet_number":"BT-20260907-5A01F9B1EC8B","ticket_id":1,"draw_id":1,"currency":"THB","stake":"10.00","client_key":"api-8e924a7dac69469f40b6a9525e68f510b7972699","request_id":"f6b84738f5a75ad2120f1d9ac05a5b61","user_id":1} 
[2026-09-07 17:52:37] testing.INFO: bet_purchase.api.success {"outcome":"purchased","bet_id":1,"bet_number":"BT-20260907-C5956082DEB2","ticket_id":1,"draw_id":1,"currency":"THB","stake":"10.00","client_key":"api-63e4863923f9d99f637040c4ecaa95eaf5e39f31","request_id":"1d65e817b0cca856f848b22d379d7fac","user_id":1} 
[2026-09-07 17:52:37] testing.INFO: bet_purchase.api.success {"outcome":"purchased","bet_id":1,"bet_number":"BT-20260907-29054AE5DABF","ticket_id":1,"draw_id":1,"currency":"THB","stake":"10.00","client_key":"api-1d2da6cca6185013559ff92e6eedc11e93618224","request_id":"86582bbc630f9217f70cbce2c984f979","user_id":1} 
[2026-09-07 17:52:37] testing.INFO: bet_purchase.api.success {"outcome":"purchased","bet_id":1,"bet_number":"BT-20260907-13A2C5600B19","ticket_id":1,"draw_id":1,"currency":"THB","stake":"10.00","client_key":"api-4fed3970dcc0d31dccddbf69ef55b00f32d2ca78","request_id":"6901ad5e8c1393054f1be75807e9e0b8","user_id":1} 
[2026-09-07 17:52:37] testing.INFO: bet_purchase.api.success {"outcome":"purchased","bet_id":1,"bet_number":"BT-20260907-6D5B293FE02A","ticket_id":1,"draw_id":1,"currency":"THB","stake":"10.00","client_key":"api-3e23e8160039594a33894f6564e1b1348bbd7a00","request_id":"cd2b382a08c6ad496f0c0063ce088372","user_id":1} 
[2026-09-07 17:52:37] testing.INFO: bet_purchase.api.success {"outcome":"purchased","bet_id":1,"bet_number":"BT-20260907-CD2CBB447449","ticket_id":1,"draw_id":1,"currency":"THB","stake":"10.00","client_key":"api-2e7d2c03a9507ae265ecf5b5356885a53393a202","request_id":"10556e7b632de439ff86778d7dfedc63","user_id":1} 
[2026-09-07 17:52:37] testing.INFO: bet_purchase.api.refused {"outcome":"refused","error_code":"draw_not_found","http_status":404,"exception":"App\\Exceptions\\BetPurchaseValidationException","client_key":"api-3f79bb7b435b05321651daefd374cdc681dc06fa","request_id":"16924e62dcef38fd4b44bda4943852c0","user_id":1} 
[2026-09-07 17:52:37] testing.INFO: bet_purchase.api.refused {"outcome":"refused","error_code":"draw_closed","http_status":422,"exception":"App\\Exceptions\\BetPurchaseValidationException","client_key":"api-252f10c83610ebca1a059c0bae8255eba2f95be4","request_id":"be0eb6f664c6f3686381fc19ec296b5e","user_id":1} 
[2026-09-07 17:52:37] testing.INFO: bet_purchase.api.success {"outcome":"purchased","bet_id":1,"bet_number":"BT-20260907-11FC1600BAC7","ticket_id":1,"draw_id":1,"currency":"THB","stake":"10.00","client_key":"api-de7d1b721a1e0632b7cf04edf5032c8ecffa9f9a","request_id":"88ff73e0cc3664096955b1d14355239e","user_id":1} 
[2026-09-07 17:52:37] testing.INFO: bet_purchase.api.success {"outcome":"purchased","bet_id":1,"bet_number":"BT-20260907-CF0A1A00BBFB","ticket_id":1,"draw_id":1,"currency":"THB","stake":"10.00","client_key":"api-189f40034be7a199f1fa9891668ee3ab6049f82d","request_id":"bba760f477832d104bc3b75f958e0a9f","user_id":1} 
[2026-09-07 17:52:38] testing.INFO: bet_purchase.api.refused {"outcome":"refused","error_code":"invalid_stake","http_status":422,"exception":"App\\Exceptions\\BetPurchaseValidationException","client_key":"api-acac86c0e609ca906f632b0e2dacccb2b77d22b0","request_id":"b47a07349cc8c784fbfd3a222fbbf0aa","user_id":1} 
[2026-09-07 17:52:38] testing.INFO: bet_purchase.api.refused {"outcome":"refused","error_code":"insufficient_balance","http_status":422,"exception":"App\\Exceptions\\BetPurchaseException","client_key":"api-1b16b1df538ba12dc3f97edbb85caa7050d46c14","request_id":"a375f1745d0f187651614f4b99fdb2f9","user_id":1} 
[2026-09-07 17:52:38] testing.INFO: bet_purchase.api.refused {"outcome":"refused","error_code":"risk_rejected","http_status":422,"exception":"App\\Exceptions\\BetPurchaseValidationException","client_key":"api-65c74c15a686187bb6bbf9958f494fc6b8006803","request_id":"4a03f434d1dd8a186748e49d58c03308","user_id":1} 
[2026-09-07 17:52:38] testing.INFO: bet_purchase.api.success {"outcome":"purchased","bet_id":1,"bet_number":"BT-20260907-F357B90C643F","ticket_id":1,"draw_id":1,"currency":"THB","stake":"10.00","client_key":"api-148de9c5a7a44d19e56cd9ae1a554bf67847afb0","request_id":"b013075313090f1300a1faaffe348ff0","user_id":1} 
[2026-09-07 17:52:38] testing.INFO: bet_purchase.api.success {"outcome":"replayed","bet_id":1,"bet_number":"BT-20260907-F357B90C643F","ticket_id":1,"draw_id":1,"currency":"THB","stake":"10.00","client_key":"api-148de9c5a7a44d19e56cd9ae1a554bf67847afb0","request_id":"cc0454ebc8e05f1ad827eec6c4fc99da","user_id":1} 
[2026-09-07 17:52:38] testing.INFO: bet_purchase.api.success {"outcome":"purchased","bet_id":1,"bet_number":"BT-20260907-31DC7EB60F40","ticket_id":1,"draw_id":1,"currency":"THB","stake":"10.00","client_key":"api-8e35c2cd3bf6641bdb0e2050b76932cbb2e6034a","request_id":"027d096b6aaca0f88f94d70ecfdc1f4e","user_id":1} 
[2026-09-07 17:52:38] testing.INFO: bet_purchase.api.refused {"outcome":"refused","error_code":"idempotency_payload_mismatch","http_status":409,"exception":"App\\Exceptions\\BetPurchaseIdempotencyException","client_key":"api-8e35c2cd3bf6641bdb0e2050b76932cbb2e6034a","request_id":"28c80806d0c580f85e4e062e8f907406","user_id":1} 
[2026-09-07 17:52:38] testing.INFO: bet_purchase.api.success {"outcome":"purchased","bet_id":1,"bet_number":"BT-20260907-44E0A4736C5B","ticket_id":1,"draw_id":1,"currency":"THB","stake":"10.00","client_key":"api-454349e422f05297191ead13e21d3db520e5abef","request_id":"baba52d872a9489bffb715e4c6958b7c","user_id":1} 
[2026-09-07 17:52:38] testing.INFO: bet_purchase.api.success {"outcome":"purchased","bet_id":2,"bet_number":"BT-20260907-2E6E50089CBE","ticket_id":2,"draw_id":2,"currency":"THB","stake":"10.00","client_key":"api-454349e422f05297191ead13e21d3db520e5abef","request_id":"dacb66f58d99f76c294f1638ecdb6d86","user_id":2} 
[2026-09-07 17:52:38] testing.INFO: bet_purchase.api.success {"outcome":"purchased","bet_id":1,"bet_number":"BT-20260907-7F27C5078895","ticket_id":1,"draw_id":1,"currency":"THB","stake":"10.00","client_key":"api-043a718774c572bd8a25adbeb1bfcd5c0256ae11","request_id":"fff344a983fd38958036465dd99e7112","user_id":1} 
[2026-09-07 17:52:38] testing.INFO: bet_purchase.api.success {"outcome":"purchased","bet_id":2,"bet_number":"BT-20260907-C94580F5FAA6","ticket_id":2,"draw_id":2,"currency":"THB","stake":"10.00","client_key":"api-043a718774c572bd8a25adbeb1bfcd5c0256ae11","request_id":"c9b6fda2edd85a86a44148e9d33fe4cd","user_id":1} 
[2026-09-07 17:52:38] testing.INFO: bet_purchase.api.success {"outcome":"purchased","bet_id":1,"bet_number":"BT-20260907-153AEC201014","ticket_id":1,"draw_id":1,"currency":"THB","stake":"10.00","client_key":"api-e3b98a4da31a127d4bde6e43033f66ba274cab0e","request_id":"958cc7c8b3678d9742085bb0d694405b","user_id":1} 
[2026-09-07 17:52:38] testing.INFO: bet_purchase.api.success {"outcome":"purchased","bet_id":1,"bet_number":"BT-20260907-930A222C9D3C","ticket_id":1,"draw_id":1,"currency":"THB","stake":"10.00","client_key":"api-2d711642b726b04401627ca9fbac32f5c8530fb1","request_id":"1d23c2ee640a7c10f4bfcb0df920e094","user_id":1} 
[2026-09-07 17:52:38] testing.INFO: bet_purchase.api.success {"outcome":"purchased","bet_id":1,"bet_number":"BT-20260907-308892A29430","ticket_id":1,"draw_id":1,"currency":"THB","stake":"10.00","client_key":"api-a1fce4363854ff888cff4b8e7875d600c2682390","request_id":"5cacc48bf2100aeb5fcb433192a7395f","user_id":1} 
[2026-09-07 17:52:38] testing.INFO: bet_purchase.api.success {"outcome":"purchased","bet_id":1,"bet_number":"BT-20260907-F4AED333A7CF","ticket_id":1,"draw_id":1,"currency":"THB","stake":"10.00","client_key":"api-fb8e20fc2e4c3f248c60c39bd652f3c1347298bb","request_id":"223f4baa913634e7f30546c24bdcf876","user_id":1} 
[2026-09-07 17:52:38] testing.INFO: bet_purchase.api.success {"outcome":"purchased","bet_id":1,"bet_number":"BT-20260907-7675BE2C2BF1","ticket_id":1,"draw_id":1,"currency":"THB","stake":"10.00","client_key":"api-f45de51cdef30991551e41e882dd7b5404799648","request_id":"6a932b364be46485292d6a866c5d3b23","user_id":1} 
[2026-09-07 17:52:39] testing.INFO: bet_purchase.api.success {"outcome":"purchased","bet_id":1,"bet_number":"BT-20260907-6DB9195DCBA5","ticket_id":1,"draw_id":1,"currency":"THB","stake":"10.00","client_key":"api-b0136a3f0a0fae4b4cbb261ae65b245326d69f8a","request_id":"9caf33c51726139683e74f090708900f","user_id":1} 
[2026-09-07 17:52:39] testing.INFO: bet_purchase.api.success {"outcome":"purchased","bet_id":1,"bet_number":"BT-20260907-B1C4C10FD5CC","ticket_id":1,"draw_id":1,"currency":"THB","stake":"10.00","client_key":"api-e5a94045f98e84810bb71edd3ba885463406b087","request_id":"7f5195cc09ea9c9c95fa13ef12302f09","user_id":1} 
[2026-09-07 17:52:39] testing.INFO: bet_purchase.api.success {"outcome":"purchased","bet_id":1,"bet_number":"BT-20260907-CAFA0EA1D64E","ticket_id":1,"draw_id":1,"currency":"THB","stake":"10.00","client_key":"api-b797c8d26a988c97a38d4458172406dc19ab0012","request_id":"d2a9972290c934cb148d05236665ce68","user_id":1} 
[2026-09-07 17:52:39] testing.INFO: bet_purchase.api.success {"outcome":"purchased","bet_id":1,"bet_number":"BT-20260907-600C47489572","ticket_id":1,"draw_id":1,"currency":"THB","stake":"10.00","client_key":"api-70ba33708cbfb103f1a8e34afef333ba7dc02102","request_id":"aa1b18a8a885c39e02c5f0faab0d20e2","user_id":1} 
[2026-09-07 17:52:39] testing.INFO: bet_purchase.api.success {"outcome":"purchased","bet_id":1,"bet_number":"BT-20260907-A72B7CDA8FF4","ticket_id":1,"draw_id":1,"currency":"THB","stake":"10.00","client_key":"api-f9a00f43e97e3966bb846e76b6795e11512c3bbf","request_id":"8df81a983c8aa8237047141bcbb2d97e","user_id":1} 
[2026-09-07 17:52:39] testing.INFO: bet_purchase.api.success {"outcome":"purchased","bet_id":1,"bet_number":"BT-20260907-BEC897150D94","ticket_id":1,"draw_id":1,"currency":"THB","stake":"10.00","client_key":"api-503126878d17fcd6bde7df320ff6eb7c278a1c42","request_id":"5d7083dba1051f681a88ca29cba7883b","user_id":1} 
[2026-09-07 17:52:39] testing.INFO: bet_purchase.api.success {"outcome":"purchased","bet_id":1,"bet_number":"BT-20260907-C94C88E7190E","ticket_id":1,"draw_id":1,"currency":"THB","stake":"10.00","client_key":"api-9aaf680776b98fd17fe63376120525cbcdffc01b","request_id":"be101456d614faccf4ad799a01b4560b","user_id":1} 
[2026-09-07 17:52:39] testing.INFO: bet_purchase.api.success {"outcome":"purchased","bet_id":1,"bet_number":"BT-20260907-594BF4164528","ticket_id":1,"draw_id":1,"currency":"THB","stake":"10.55","client_key":"api-70a0d5198ebb88f97a2cc83a236a8afcc28c7d9e","request_id":"919bbc0f90cc9d26fe35dffc305aa277","user_id":1} 
[2026-09-07 17:52:39] testing.INFO: bet_purchase.api.success {"outcome":"purchased","bet_id":1,"bet_number":"BT-20260907-E28DC48428C4","ticket_id":1,"draw_id":1,"currency":"THB","stake":"10.00","client_key":"api-32e83e92d45d71f69dcf9d214688f03755421086","request_id":"c949ec37b69b30212609d8ba95d6a945","user_id":1} 
[2026-09-07 17:52:39] testing.INFO: bet_purchase.api.success {"outcome":"purchased","bet_id":1,"bet_number":"BT-20260907-EAA49C92BBBE","ticket_id":1,"draw_id":1,"currency":"THB","stake":"10.00","client_key":"api-7d29d73105d636d04ca9fffcf979986d373ac874","request_id":"1c81e7223c2b6281a26f34b2d61036c6","user_id":1} 
[2026-09-07 17:52:40] testing.INFO: bet_purchase.api.success {"outcome":"purchased","bet_id":1,"bet_number":"BT-20260907-C4D14DF744BA","ticket_id":1,"draw_id":2,"currency":"THB","stake":"10.00","client_key":"api-6fdb16bc02366c008d809798cb3faae1efba55a5","request_id":"816a2dbe9d9e2445a5c5876e1526c52e","user_id":2} 
[2026-09-07 17:52:40] testing.ERROR: SQLSTATE[42S02]: Base table or view not found: 1146 Table "thai_lottery.wallets" doesn't exist (Connection: mysql, SQL: select * from `wallets` where `id` = 1) in /var/www/app/Services/Finance/WalletService.php:118 {"exception":"[object] (RuntimeException(code: 0): SQLSTATE[42S02]: Base table or view not found: 1146 Table \"thai_lottery.wallets\" doesn't exist (Connection: mysql, SQL: select * from `wallets` where `id` = 1) in /var/www/app/Services/Finance/WalletService.php:118 at /home/user/tests/Feature/Api/V1/BetPurchaseApiTest.php:993)
[stacktrace]
#0 /home/user/vendor/laravel/framework/src/Illuminate/Routing/CallableDispatcher.php(40): Tests\\Feature\\Api\\V1\\BetPurchaseApiTest->{closure:Tests\\Feature\\Api\\V1\\BetPurchaseApiTest::am_an_unexpected_failure_never_exposes_a_stack_trace_or_internals():990}()
#1 /home/user/vendor/laravel/framework/src/Illuminate/Routing/Route.php(244): Illuminate\\Routing\\CallableDispatcher->dispatch()
#2 /home/user/vendor/laravel/framework/src/Illuminate/Routing/Route.php(215): Illuminate\\Routing\\Route->runCallable()
#3 /home/user/vendor/laravel/framework/src/Illuminate/Routing/Router.php(808): Illuminate\\Routing\\Route->run()
#4 /home/user/vendor/laravel/framework/src/Illuminate/Pipeline/Pipeline.php(170): Illuminate\\Routing\\Router->{closure:Illuminate\\Routing\\Router::runRouteWithinStack():807}()
#5 /home/user/vendor/laravel/framework/src/Illuminate/Routing/Middleware/SubstituteBindings.php(51): Illuminate\\Pipeline\\Pipeline->{closure:Illuminate\\Pipeline\\Pipeline::prepareDestination():168}()
#6 /home/user/vendor/laravel/framework/src/Illuminate/Pipeline/Pipeline.php(209): Illuminate\\Routing\\Middleware\\SubstituteBindings->handle()
#7 /home/user/vendor/laravel/framework/src/Illuminate/Pipeline/Pipeline.php(127): Illuminate\\Pipeline\\Pipeline->{closure:{closure:Illuminate\\Pipeline\\Pipeline::carry():184}:185}()
#8 /home/user/vendor/laravel/framework/src/Illuminate/Routing/Router.php(807): Illuminate\\Pipeline\\Pipeline->then()
#9 /home/user/vendor/laravel/framework/src/Illuminate/Routing/Router.php(786): Illuminate\\Routing\\Router->runRouteWithinStack()
#10 /home/user/vendor/laravel/framework/src/Illuminate/Routing/Router.php(750): Illuminate\\Routing\\Router->runRoute()
#11 /home/user/vendor/laravel/framework/src/Illuminate/Routing/Router.php(739): Illuminate\\Routing\\Router->dispatchToRoute()
#12 /home/user/vendor/laravel/framework/src/Illuminate/Foundation/Http/Kernel.php(201): Illuminate\\Routing\\Router->dispatch()
#13 /home/user/vendor/laravel/framework/src/Illuminate/Pipeline/Pipeline.php(170): Illuminate\\Foundation\\Http\\Kernel->{closure:Illuminate\\Foundation\\Http\\Kernel::dispatchToRouter():198}()
#14 /home/user/vendor/livewire/livewire/src/Features/SupportDisablingBackButtonCache/DisableBackButtonCacheMiddleware.php(19): Illuminate\\Pipeline\\Pipeline->{closure:Illuminate\\Pipeline\\Pipeline::prepareDestination():168}()
#15 /home/user/vendor/laravel/framework/src/Illuminate/Pipeline/Pipeline.php(209): Livewire\\Features\\SupportDisablingBackButtonCache\\DisableBackButtonCacheMiddleware->handle()
#16 /home/user/app/Http/Middleware/SecurityHeaders.php(13): Illuminate\\Pipeline\\Pipeline->{closure:{closure:Illuminate\\Pipeline\\Pipeline::carry():184}:185}()
#17 /home/user/vendor/laravel/framework/src/Illuminate/Pipeline/Pipeline.php(209): App\\Http\\Middleware\\SecurityHeaders->handle()
#18 /home/user/vendor/laravel/framework/src/Illuminate/Foundation/Http/Middleware/TransformsRequest.php(21): Illuminate\\Pipeline\\Pipeline->{closure:{closure:Illuminate\\Pipeline\\Pipeline::carry():184}:185}()
#19 /home/user/vendor/laravel/framework/src/Illuminate/Foundation/Http/Middleware/ConvertEmptyStringsToNull.php(31): Illuminate\\Foundation\\Http\\Middleware\\TransformsRequest->handle()
#20 /home/user/vendor/laravel/framework/src/Illuminate/Pipeline/Pipeline.php(209): Illuminate\\Foundation\\Http\\Middleware\\ConvertEmptyStringsToNull->handle()
#21 /home/user/vendor/laravel/framework/src/Illuminate/Foundation/Http/Middleware/TransformsRequest.php(21): Illuminate\\Pipeline\\Pipeline->{closure:{closure:Illuminate\\Pipeline\\Pipeline::carry():184}:185}()
#22 /home/user/vendor/laravel/framework/src/Illuminate/Foundation/Http/Middleware/TrimStrings.php(51): Illuminate\\Foundation\\Http\\Middleware\\TransformsRequest->handle()
#23 /home/user/vendor/laravel/framework/src/Illuminate/Pipeline/Pipeline.php(209): Illuminate\\Foundation\\Http\\Middleware\\TrimStrings->handle()
#24 /home/user/vendor/laravel/framework/src/Illuminate/Http/Middleware/ValidatePostSize.php(27): Illuminate\\Pipeline\\Pipeline->{closure:{closure:Illuminate\\Pipeline\\Pipeline::carry():184}:185}()
#25 /home/user/vendor/laravel/framework/src/Illuminate/Pipeline/Pipeline.php(209): Illuminate\\Http\\Middleware\\ValidatePostSize->handle()
#26 /home/user/vendor/laravel/framework/src/Illuminate/Foundation/Http/Middleware/PreventRequestsDuringMaintenance.php(110): Illuminate\\Pipeline\\Pipeline->{closure:{closure:Illuminate\\Pipeline\\Pipeline::carry():184}:185}()
#27 /home/user/vendor/laravel/framework/src/Illuminate/Pipeline/Pipeline.php(209): Illuminate\\Foundation\\Http\\Middleware\\PreventRequestsDuringMaintenance->handle()
#28 /home/user/vendor/laravel/framework/src/Illuminate/Http/Middleware/HandleCors.php(62): Illuminate\\Pipeline\\Pipeline->{closure:{closure:Illuminate\\Pipeline\\Pipeline::carry():184}:185}()
#29 /home/user/vendor/laravel/framework/src/Illuminate/Pipeline/Pipeline.php(209): Illuminate\\Http\\Middleware\\HandleCors->handle()
#30 /home/user/vendor/laravel/framework/src/Illuminate/Http/Middleware/TrustProxies.php(58): Illuminate\\Pipeline\\Pipeline->{closure:{closure:Illuminate\\Pipeline\\Pipeline::carry():184}:185}()
#31 /home/user/vendor/laravel/framework/src/Illuminate/Pipeline/Pipeline.php(209): Illuminate\\Http\\Middleware\\TrustProxies->handle()
#32 /home/user/vendor/laravel/framework/src/Illuminate/Foundation/Http/Middleware/InvokeDeferredCallbacks.php(22): Illuminate\\Pipeline\\Pipeline->{closure:{closure:Illuminate\\Pipeline\\Pipeline::carry():184}:185}()
#33 /home/user/vendor/laravel/framework/src/Illuminate/Pipeline/Pipeline.php(209): Illuminate\\Foundation\\Http\\Middleware\\InvokeDeferredCallbacks->handle()
#34 /home/user/vendor/laravel/framework/src/Illuminate/Pipeline/Pipeline.php(127): Illuminate\\Pipeline\\Pipeline->{closure:{closure:Illuminate\\Pipeline\\Pipeline::carry():184}:185}()
#35 /home/user/vendor/laravel/framework/src/Illuminate/Foundation/Http/Kernel.php(176): Illuminate\\Pipeline\\Pipeline->then()
#36 /home/user/vendor/laravel/framework/src/Illuminate/Foundation/Http/Kernel.php(145): Illuminate\\Foundation\\Http\\Kernel->sendRequestThroughRouter()
#37 /home/user/vendor/laravel/framework/src/Illuminate/Foundation/Testing/Concerns/MakesHttpRequests.php(607): Illuminate\\Foundation\\Http\\Kernel->handle()
#38 /home/user/vendor/laravel/framework/src/Illuminate/Foundation/Testing/Concerns/MakesHttpRequests.php(573): Illuminate\\Foundation\\Testing\\TestCase->call()
#39 /home/user/vendor/laravel/framework/src/Illuminate/Foundation/Testing/Concerns/MakesHttpRequests.php(381): Illuminate\\Foundation\\Testing\\TestCase->json()
#40 /home/user/tests/Feature/Api/V1/BetPurchaseApiTest.php(1001): Illuminate\\Foundation\\Testing\\TestCase->getJson()
#41 /home/user/vendor/phpunit/phpunit/src/Framework/TestCase.php(1667): Tests\\Feature\\Api\\V1\\BetPurchaseApiTest->am_an_unexpected_failure_never_exposes_a_stack_trace_or_internals()
#42 /home/user/vendor/phpunit/phpunit/src/Framework/TestCase.php(519): PHPUnit\\Framework\\TestCase->runTest()
#43 /home/user/vendor/phpunit/phpunit/src/Framework/TestRunner/TestRunner.php(87): PHPUnit\\Framework\\TestCase->runBare()
#44 /home/user/vendor/phpunit/phpunit/src/Framework/TestCase.php(365): PHPUnit\\Framework\\TestRunner->run()
#45 /home/user/vendor/phpunit/phpunit/src/Framework/TestSuite.php(369): PHPUnit\\Framework\\TestCase->run()
#46 /home/user/vendor/phpunit/phpunit/src/Framework/TestSuite.php(369): PHPUnit\\Framework\\TestSuite->run()
#47 /home/user/vendor/phpunit/phpunit/src/Framework/TestSuite.php(369): PHPUnit\\Framework\\TestSuite->run()
#48 /home/user/vendor/phpunit/phpunit/src/TextUI/TestRunner.php(64): PHPUnit\\Framework\\TestSuite->run()
#49 /home/user/vendor/phpunit/phpunit/src/TextUI/Application.php(211): PHPUnit\\TextUI\\TestRunner->run()
#50 /home/user/vendor/phpunit/phpunit/phpunit(104): PHPUnit\\TextUI\\Application->run()
#51 /home/user/vendor/bin/phpunit(122): include('...')
#52 {main}
"} 
[2026-09-07 17:52:40] testing.ERROR: api.unhandled_exception {"exception":"[object] (RuntimeException(code: 0): SQLSTATE[42S02]: Base table or view not found: 1146 Table \"thai_lottery.wallets\" doesn't exist (Connection: mysql, SQL: select * from `wallets` where `id` = 1) in /var/www/app/Services/Finance/WalletService.php:118 at /home/user/tests/Feature/Api/V1/BetPurchaseApiTest.php:993)
[stacktrace]
#0 /home/user/vendor/laravel/framework/src/Illuminate/Routing/CallableDispatcher.php(40): Tests\\Feature\\Api\\V1\\BetPurchaseApiTest->{closure:Tests\\Feature\\Api\\V1\\BetPurchaseApiTest::am_an_unexpected_failure_never_exposes_a_stack_trace_or_internals():990}()
#1 /home/user/vendor/laravel/framework/src/Illuminate/Routing/Route.php(244): Illuminate\\Routing\\CallableDispatcher->dispatch()
#2 /home/user/vendor/laravel/framework/src/Illuminate/Routing/Route.php(215): Illuminate\\Routing\\Route->runCallable()
#3 /home/user/vendor/laravel/framework/src/Illuminate/Routing/Router.php(808): Illuminate\\Routing\\Route->run()
#4 /home/user/vendor/laravel/framework/src/Illuminate/Pipeline/Pipeline.php(170): Illuminate\\Routing\\Router->{closure:Illuminate\\Routing\\Router::runRouteWithinStack():807}()
#5 /home/user/vendor/laravel/framework/src/Illuminate/Routing/Middleware/SubstituteBindings.php(51): Illuminate\\Pipeline\\Pipeline->{closure:Illuminate\\Pipeline\\Pipeline::prepareDestination():168}()
#6 /home/user/vendor/laravel/framework/src/Illuminate/Pipeline/Pipeline.php(209): Illuminate\\Routing\\Middleware\\SubstituteBindings->handle()
#7 /home/user/vendor/laravel/framework/src/Illuminate/Pipeline/Pipeline.php(127): Illuminate\\Pipeline\\Pipeline->{closure:{closure:Illuminate\\Pipeline\\Pipeline::carry():184}:185}()
#8 /home/user/vendor/laravel/framework/src/Illuminate/Routing/Router.php(807): Illuminate\\Pipeline\\Pipeline->then()
#9 /home/user/vendor/laravel/framework/src/Illuminate/Routing/Router.php(786): Illuminate\\Routing\\Router->runRouteWithinStack()
#10 /home/user/vendor/laravel/framework/src/Illuminate/Routing/Router.php(750): Illuminate\\Routing\\Router->runRoute()
#11 /home/user/vendor/laravel/framework/src/Illuminate/Routing/Router.php(739): Illuminate\\Routing\\Router->dispatchToRoute()
#12 /home/user/vendor/laravel/framework/src/Illuminate/Foundation/Http/Kernel.php(201): Illuminate\\Routing\\Router->dispatch()
#13 /home/user/vendor/laravel/framework/src/Illuminate/Pipeline/Pipeline.php(170): Illuminate\\Foundation\\Http\\Kernel->{closure:Illuminate\\Foundation\\Http\\Kernel::dispatchToRouter():198}()
#14 /home/user/vendor/livewire/livewire/src/Features/SupportDisablingBackButtonCache/DisableBackButtonCacheMiddleware.php(19): Illuminate\\Pipeline\\Pipeline->{closure:Illuminate\\Pipeline\\Pipeline::prepareDestination():168}()
#15 /home/user/vendor/laravel/framework/src/Illuminate/Pipeline/Pipeline.php(209): Livewire\\Features\\SupportDisablingBackButtonCache\\DisableBackButtonCacheMiddleware->handle()
#16 /home/user/app/Http/Middleware/SecurityHeaders.php(13): Illuminate\\Pipeline\\Pipeline->{closure:{closure:Illuminate\\Pipeline\\Pipeline::carry():184}:185}()
#17 /home/user/vendor/laravel/framework/src/Illuminate/Pipeline/Pipeline.php(209): App\\Http\\Middleware\\SecurityHeaders->handle()
#18 /home/user/vendor/laravel/framework/src/Illuminate/Foundation/Http/Middleware/TransformsRequest.php(21): Illuminate\\Pipeline\\Pipeline->{closure:{closure:Illuminate\\Pipeline\\Pipeline::carry():184}:185}()
#19 /home/user/vendor/laravel/framework/src/Illuminate/Foundation/Http/Middleware/ConvertEmptyStringsToNull.php(31): Illuminate\\Foundation\\Http\\Middleware\\TransformsRequest->handle()
#20 /home/user/vendor/laravel/framework/src/Illuminate/Pipeline/Pipeline.php(209): Illuminate\\Foundation\\Http\\Middleware\\ConvertEmptyStringsToNull->handle()
#21 /home/user/vendor/laravel/framework/src/Illuminate/Foundation/Http/Middleware/TransformsRequest.php(21): Illuminate\\Pipeline\\Pipeline->{closure:{closure:Illuminate\\Pipeline\\Pipeline::carry():184}:185}()
#22 /home/user/vendor/laravel/framework/src/Illuminate/Foundation/Http/Middleware/TrimStrings.php(51): Illuminate\\Foundation\\Http\\Middleware\\TransformsRequest->handle()
#23 /home/user/vendor/laravel/framework/src/Illuminate/Pipeline/Pipeline.php(209): Illuminate\\Foundation\\Http\\Middleware\\TrimStrings->handle()
#24 /home/user/vendor/laravel/framework/src/Illuminate/Http/Middleware/ValidatePostSize.php(27): Illuminate\\Pipeline\\Pipeline->{closure:{closure:Illuminate\\Pipeline\\Pipeline::carry():184}:185}()
#25 /home/user/vendor/laravel/framework/src/Illuminate/Pipeline/Pipeline.php(209): Illuminate\\Http\\Middleware\\ValidatePostSize->handle()
#26 /home/user/vendor/laravel/framework/src/Illuminate/Foundation/Http/Middleware/PreventRequestsDuringMaintenance.php(110): Illuminate\\Pipeline\\Pipeline->{closure:{closure:Illuminate\\Pipeline\\Pipeline::carry():184}:185}()
#27 /home/user/vendor/laravel/framework/src/Illuminate/Pipeline/Pipeline.php(209): Illuminate\\Foundation\\Http\\Middleware\\PreventRequestsDuringMaintenance->handle()
#28 /home/user/vendor/laravel/framework/src/Illuminate/Http/Middleware/HandleCors.php(62): Illuminate\\Pipeline\\Pipeline->{closure:{closure:Illuminate\\Pipeline\\Pipeline::carry():184}:185}()
#29 /home/user/vendor/laravel/framework/src/Illuminate/Pipeline/Pipeline.php(209): Illuminate\\Http\\Middleware\\HandleCors->handle()
#30 /home/user/vendor/laravel/framework/src/Illuminate/Http/Middleware/TrustProxies.php(58): Illuminate\\Pipeline\\Pipeline->{closure:{closure:Illuminate\\Pipeline\\Pipeline::carry():184}:185}()
#31 /home/user/vendor/laravel/framework/src/Illuminate/Pipeline/Pipeline.php(209): Illuminate\\Http\\Middleware\\TrustProxies->handle()
#32 /home/user/vendor/laravel/framework/src/Illuminate/Foundation/Http/Middleware/InvokeDeferredCallbacks.php(22): Illuminate\\Pipeline\\Pipeline->{closure:{closure:Illuminate\\Pipeline\\Pipeline::carry():184}:185}()
#33 /home/user/vendor/laravel/framework/src/Illuminate/Pipeline/Pipeline.php(209): Illuminate\\Foundation\\Http\\Middleware\\InvokeDeferredCallbacks->handle()
#34 /home/user/vendor/laravel/framework/src/Illuminate/Pipeline/Pipeline.php(127): Illuminate\\Pipeline\\Pipeline->{closure:{closure:Illuminate\\Pipeline\\Pipeline::carry():184}:185}()
#35 /home/user/vendor/laravel/framework/src/Illuminate/Foundation/Http/Kernel.php(176): Illuminate\\Pipeline\\Pipeline->then()
#36 /home/user/vendor/laravel/framework/src/Illuminate/Foundation/Http/Kernel.php(145): Illuminate\\Foundation\\Http\\Kernel->sendRequestThroughRouter()
#37 /home/user/vendor/laravel/framework/src/Illuminate/Foundation/Testing/Concerns/MakesHttpRequests.php(607): Illuminate\\Foundation\\Http\\Kernel->handle()
#38 /home/user/vendor/laravel/framework/src/Illuminate/Foundation/Testing/Concerns/MakesHttpRequests.php(573): Illuminate\\Foundation\\Testing\\TestCase->call()
#39 /home/user/vendor/laravel/framework/src/Illuminate/Foundation/Testing/Concerns/MakesHttpRequests.php(381): Illuminate\\Foundation\\Testing\\TestCase->json()
#40 /home/user/tests/Feature/Api/V1/BetPurchaseApiTest.php(1001): Illuminate\\Foundation\\Testing\\TestCase->getJson()
#41 /home/user/vendor/phpunit/phpunit/src/Framework/TestCase.php(1667): Tests\\Feature\\Api\\V1\\BetPurchaseApiTest->am_an_unexpected_failure_never_exposes_a_stack_trace_or_internals()
#42 /home/user/vendor/phpunit/phpunit/src/Framework/TestCase.php(519): PHPUnit\\Framework\\TestCase->runTest()
#43 /home/user/vendor/phpunit/phpunit/src/Framework/TestRunner/TestRunner.php(87): PHPUnit\\Framework\\TestCase->runBare()
#44 /home/user/vendor/phpunit/phpunit/src/Framework/TestCase.php(365): PHPUnit\\Framework\\TestRunner->run()
#45 /home/user/vendor/phpunit/phpunit/src/Framework/TestSuite.php(369): PHPUnit\\Framework\\TestCase->run()
#46 /home/user/vendor/phpunit/phpunit/src/Framework/TestSuite.php(369): PHPUnit\\Framework\\TestSuite->run()
#47 /home/user/vendor/phpunit/phpunit/src/Framework/TestSuite.php(369): PHPUnit\\Framework\\TestSuite->run()
#48 /home/user/vendor/phpunit/phpunit/src/TextUI/TestRunner.php(64): PHPUnit\\Framework\\TestSuite->run()
#49 /home/user/vendor/phpunit/phpunit/src/TextUI/Application.php(211): PHPUnit\\TextUI\\TestRunner->run()
#50 /home/user/vendor/phpunit/phpunit/phpunit(104): PHPUnit\\TextUI\\Application->run()
#51 /home/user/vendor/bin/phpunit(122): include('...')
#52 {main}
","path":"api/v1/__phase44_failure_probe","method":"GET","user_id":null} 
[2026-09-07 17:52:41] testing.CRITICAL: Limit Exceeded (Critical Risk) on number 123 [3d] for draw 1. {"risk_alert_type":"limit_exceeded","risk_level":"critical","audit_log_id":1} 
[2026-09-07 17:52:41] testing.CRITICAL: Critical Exposure (Critical Risk) on number 123 [3d] for draw 1. {"risk_alert_type":"critical_exposure","risk_level":"critical","audit_log_id":2} 
[2026-09-07 17:52:43] testing.INFO: lottery.automation.provisioned {"created":3,"existing":0,"horizon_days":40} 
[2026-09-07 17:52:43] testing.INFO: lottery.automation.provisioned {"created":8,"existing":0,"horizon_days":120} 
[2026-09-07 17:52:43] testing.INFO: lottery.automation.provisioned {"created":0,"existing":8,"horizon_days":120} 
[2026-09-07 17:52:43] testing.INFO: lottery.automation.provisioned {"created":3,"existing":0,"horizon_days":40} 
[2026-09-07 17:52:43] testing.INFO: lottery.automation.provisioned {"created":0,"existing":3,"horizon_days":40} 
[2026-09-07 17:52:43] testing.INFO: lottery.automation.run {"command":"lottery:open-draws","activity":"open","processed":1,"failed":0,"skipped":0,"candidates":1} 
[2026-09-07 17:52:43] testing.INFO: lottery.automation.run {"command":"lottery:close-draws","activity":"close","processed":1,"failed":0,"skipped":0,"candidates":1} 
[2026-09-07 17:52:43] testing.INFO: lottery.automation.run {"command":"lottery:close-draws","activity":"close","processed":1,"failed":0,"skipped":0,"candidates":1} 
[2026-09-07 17:52:43] testing.INFO: lottery.automation.run {"command":"lottery:close-draws","activity":"close","processed":1,"failed":0,"skipped":0,"candidates":1} 
[2026-09-07 17:52:43] testing.INFO: lottery.automation.run {"command":"lottery:mark-results-pending","activity":"mark result-pending","processed":1,"failed":0,"skipped":0,"candidates":1} 
[2026-09-07 17:52:43] testing.INFO: lottery.automation.run {"command":"lottery:mark-results-pending","activity":"mark result-pending","processed":1,"failed":0,"skipped":0,"candidates":1} 
[2026-09-07 17:52:43] testing.INFO: lottery.automation.run {"command":"lottery:settle-draws","activity":"settle","processed":1,"failed":0,"skipped":0,"candidates":1} 
[2026-09-07 17:52:44] testing.INFO: lottery.automation.run {"command":"lottery:mark-results-pending","activity":"mark result-pending","processed":1,"failed":0,"skipped":0,"candidates":1} 
[2026-09-07 17:52:44] testing.INFO: lottery.automation.run {"command":"lottery:mark-results-pending","activity":"mark result-pending","processed":1,"failed":0,"skipped":0,"candidates":1} 
[2026-09-07 17:52:44] testing.INFO: lottery.automation.run {"command":"lottery:settle-draws","activity":"settle","processed":1,"failed":0,"skipped":0,"candidates":1} 
[2026-09-07 17:52:44] testing.INFO: lottery.automation.run {"command":"lottery:mark-results-pending","activity":"mark result-pending","processed":1,"failed":0,"skipped":0,"candidates":1} 
[2026-09-07 17:52:44] testing.INFO: lottery.automation.run {"command":"lottery:settle-draws","activity":"settle","processed":1,"failed":0,"skipped":0,"candidates":1} 
[2026-09-07 17:52:44] testing.INFO: lottery.automation.run {"command":"lottery:settle-draws","activity":"settle","processed":1,"failed":0,"skipped":0,"candidates":1} 
[2026-09-07 17:52:44] testing.INFO: lottery.automation.run {"command":"lottery:mark-results-pending","activity":"mark result-pending","processed":1,"failed":0,"skipped":0,"candidates":1} 
[2026-09-07 17:52:44] testing.INFO: lottery.automation.run {"command":"lottery:settle-draws","activity":"settle","processed":1,"failed":0,"skipped":0,"candidates":1} 
[2026-09-07 17:52:44] testing.INFO: lottery.automation.run {"command":"lottery:mark-results-pending","activity":"mark result-pending","processed":1,"failed":0,"skipped":0,"candidates":1} 
[2026-09-07 17:52:44] testing.ERROR: lottery.automation.draw_failed {"command":"lottery:settle-draws","activity":"settle","draw_id":1,"draw_number":"DR-TEST-0015","exception":"[object] (App\\Exceptions\\DrawLifecycleException(code: 0): Draw 1 is in state result_published, which implies a published official result, but no draw_results row exists for it. This is refused rather than repaired. at /home/user/app/Exceptions/DrawLifecycleException.php:252)
[stacktrace]
#0 /home/user/app/Services/Draw/DrawSettlementSimulationService.php(200): App\\Exceptions\\DrawLifecycleException::resultMissing()
#1 /home/user/app/Services/Draw/DrawSettlementSimulationService.php(393): App\\Services\\Draw\\DrawSettlementSimulationService->publishedResultFor()
#2 /home/user/app/Services/Draw/DrawSettlementSimulationService.php(156): App\\Services\\Draw\\DrawSettlementSimulationService->performSettlement()
#3 /home/user/vendor/laravel/framework/src/Illuminate/Database/Concerns/ManagesTransactions.php(32): App\\Services\\Draw\\DrawSettlementSimulationService->{closure:App\\Services\\Draw\\DrawSettlementSimulationService::settle():145}()
#4 /home/user/vendor/laravel/framework/src/Illuminate/Database/DatabaseManager.php(495): Illuminate\\Database\\Connection->transaction()
#5 /home/user/vendor/laravel/framework/src/Illuminate/Support/Facades/Facade.php(361): Illuminate\\Database\\DatabaseManager->__call()
#6 /home/user/app/Services/Draw/DrawSettlementSimulationService.php(145): Illuminate\\Support\\Facades\\Facade::__callStatic()
#7 /home/user/app/Console/Commands/Lottery/SettleDrawsCommand.php(90): App\\Services\\Draw\\DrawSettlementSimulationService->settle()
#8 /home/user/app/Console/Commands/Lottery/LotteryAutomationCommand.php(155): App\\Console\\Commands\\Lottery\\SettleDrawsCommand->{closure:App\\Console\\Commands\\Lottery\\SettleDrawsCommand::handle():89}()
#9 /home/user/app/Console/Commands/Lottery/SettleDrawsCommand.php(87): App\\Console\\Commands\\Lottery\\LotteryAutomationCommand->eachDueDraw()
#10 /home/user/vendor/laravel/framework/src/Illuminate/Container/BoundMethod.php(36): App\\Console\\Commands\\Lottery\\SettleDrawsCommand->handle()
#11 /home/user/vendor/laravel/framework/src/Illuminate/Container/Util.php(43): Illuminate\\Container\\BoundMethod::{closure:Illuminate\\Container\\BoundMethod::call():35}()
#12 /home/user/vendor/laravel/framework/src/Illuminate/Container/BoundMethod.php(95): Illuminate\\Container\\Util::unwrapIfClosure()
#13 /home/user/vendor/laravel/framework/src/Illuminate/Container/BoundMethod.php(35): Illuminate\\Container\\BoundMethod::callBoundMethod()
#14 /home/user/vendor/laravel/framework/src/Illuminate/Container/Container.php(696): Illuminate\\Container\\BoundMethod::call()
#15 /home/user/vendor/laravel/framework/src/Illuminate/Console/Command.php(213): Illuminate\\Container\\Container->call()
#16 /home/user/vendor/symfony/console/Command/Command.php(341): Illuminate\\Console\\Command->execute()
#17 /home/user/vendor/laravel/framework/src/Illuminate/Console/Command.php(182): Symfony\\Component\\Console\\Command\\Command->run()
#18 /home/user/vendor/symfony/console/Application.php(1094): Illuminate\\Console\\Command->run()
#19 /home/user/vendor/symfony/console/Application.php(356): Symfony\\Component\\Console\\Application->doRunCommand()
#20 /home/user/vendor/symfony/console/Application.php(195): Symfony\\Component\\Console\\Application->doRun()
#21 /home/user/vendor/laravel/framework/src/Illuminate/Console/Application.php(166): Symfony\\Component\\Console\\Application->run()
#22 /home/user/vendor/laravel/framework/src/Illuminate/Foundation/Console/Kernel.php(427): Illuminate\\Console\\Application->call()
#23 /home/user/vendor/laravel/framework/src/Illuminate/Testing/PendingCommand.php(332): Illuminate\\Foundation\\Console\\Kernel->call()
#24 /home/user/vendor/laravel/framework/src/Illuminate/Testing/PendingCommand.php(556): Illuminate\\Testing\\PendingCommand->run()
#25 /home/user/tests/Feature/Console/DrawAutomationTest.php(334): Illuminate\\Testing\\PendingCommand->__destruct()
#26 /home/user/vendor/phpunit/phpunit/src/Framework/TestCase.php(1667): Tests\\Feature\\Console\\DrawAutomationTest->one_bad_draw_does_not_stop_the_batch_and_the_command_still_reports_failure()
#27 /home/user/vendor/phpunit/phpunit/src/Framework/TestCase.php(519): PHPUnit\\Framework\\TestCase->runTest()
#28 /home/user/vendor/phpunit/phpunit/src/Framework/TestRunner/TestRunner.php(87): PHPUnit\\Framework\\TestCase->runBare()
#29 /home/user/vendor/phpunit/phpunit/src/Framework/TestCase.php(365): PHPUnit\\Framework\\TestRunner->run()
#30 /home/user/vendor/phpunit/phpunit/src/Framework/TestSuite.php(369): PHPUnit\\Framework\\TestCase->run()
#31 /home/user/vendor/phpunit/phpunit/src/Framework/TestSuite.php(369): PHPUnit\\Framework\\TestSuite->run()
#32 /home/user/vendor/phpunit/phpunit/src/Framework/TestSuite.php(369): PHPUnit\\Framework\\TestSuite->run()
#33 /home/user/vendor/phpunit/phpunit/src/TextUI/TestRunner.php(64): PHPUnit\\Framework\\TestSuite->run()
#34 /home/user/vendor/phpunit/phpunit/src/TextUI/Application.php(211): PHPUnit\\TextUI\\TestRunner->run()
#35 /home/user/vendor/phpunit/phpunit/phpunit(104): PHPUnit\\TextUI\\Application->run()
#36 /home/user/vendor/bin/phpunit(122): include('...')
#37 {main}
"} 
[2026-09-07 17:52:44] testing.INFO: lottery.automation.run {"command":"lottery:settle-draws","activity":"settle","processed":1,"failed":1,"skipped":0,"candidates":2} 
[2026-09-07 17:52:44] testing.INFO: lottery.tick {"steps":5,"failed_steps":[],"duration_ms":0.0,"dry_run":false} 
[2026-09-07 17:52:44] testing.INFO: lottery.automation.run {"command":"lottery:open-draws","activity":"open","processed":1,"failed":0,"skipped":0,"candidates":1} 
[2026-09-07 17:52:44] testing.INFO: lottery.automation.run {"command":"lottery:close-draws","activity":"close","processed":2,"failed":0,"skipped":0,"candidates":2} 
[2026-09-07 17:52:44] testing.INFO: lottery.automation.provisioned {"created":6,"existing":0,"horizon_days":90} 
[2026-09-07 17:52:44] testing.INFO: lottery.automation.run {"command":"lottery:open-draws","activity":"open","processed":1,"failed":0,"skipped":0,"candidates":1} 
[2026-09-07 17:52:44] testing.INFO: lottery.automation.run {"command":"lottery:close-draws","activity":"close","processed":1,"failed":0,"skipped":0,"candidates":1} 
[2026-09-07 17:52:44] testing.INFO: lottery.automation.run {"command":"lottery:mark-results-pending","activity":"mark result-pending","processed":1,"failed":0,"skipped":0,"candidates":1} 
[2026-09-07 17:52:44] testing.INFO: lottery.tick {"steps":5,"failed_steps":[],"duration_ms":19.0,"dry_run":false} 
[2026-09-07 17:52:44] testing.INFO: lottery.automation.provisioned {"created":6,"existing":0,"horizon_days":90} 
[2026-09-07 17:52:44] testing.INFO: lottery.automation.run {"command":"lottery:open-draws","activity":"open","processed":1,"failed":0,"skipped":0,"candidates":1} 
[2026-09-07 17:52:44] testing.INFO: lottery.automation.run {"command":"lottery:close-draws","activity":"close","processed":1,"failed":0,"skipped":0,"candidates":1} 
[2026-09-07 17:52:44] testing.INFO: lottery.automation.run {"command":"lottery:mark-results-pending","activity":"mark result-pending","processed":1,"failed":0,"skipped":0,"candidates":1} 
[2026-09-07 17:52:44] testing.INFO: lottery.tick {"steps":5,"failed_steps":[],"duration_ms":19.0,"dry_run":false} 
[2026-09-07 17:52:44] testing.INFO: lottery.automation.run {"command":"lottery:mark-results-pending","activity":"mark result-pending","processed":1,"failed":0,"skipped":0,"candidates":1} 
[2026-09-07 17:52:44] testing.INFO: lottery.publication.published {"draw_id":1,"draw_number":"DR-TEST-0025","winning_numbers":6,"operator_command":true} 
[2026-09-07 17:52:44] testing.INFO: lottery.automation.run {"command":"lottery:mark-results-pending","activity":"mark result-pending","processed":1,"failed":0,"skipped":0,"candidates":1} 
[2026-09-07 17:52:44] testing.WARNING: lottery.publication.refused {"draw_id":1,"draw_number":"DR-TEST-0026","exception":"[object] (App\\Exceptions\\DrawResultValidationException(code: 0): The official first prize number must be exactly 6 digits. Received \"12\", which is 2. Leading zeroes count as digits and are never stripped. at /home/user/app/Exceptions/DrawResultValidationException.php:119)
[stacktrace]
#0 /home/user/app/Services/Draw/DrawResultValidator.php(205): App\\Exceptions\\DrawResultValidationException::firstPrizeLength()
#1 /home/user/app/Services/Draw/DrawResultValidator.php(131): App\\Services\\Draw\\DrawResultValidator->validateFirstPrize()
#2 /home/user/app/Services/Draw/DrawResultPublicationService.php(105): App\\Services\\Draw\\DrawResultValidator->validate()
#3 /home/user/app/Console/Commands/Lottery/PublishDrawResultCommand.php(104): App\\Services\\Draw\\DrawResultPublicationService->publish()
#4 /home/user/vendor/laravel/framework/src/Illuminate/Container/BoundMethod.php(36): App\\Console\\Commands\\Lottery\\PublishDrawResultCommand->handle()
#5 /home/user/vendor/laravel/framework/src/Illuminate/Container/Util.php(43): Illuminate\\Container\\BoundMethod::{closure:Illuminate\\Container\\BoundMethod::call():35}()
#6 /home/user/vendor/laravel/framework/src/Illuminate/Container/BoundMethod.php(95): Illuminate\\Container\\Util::unwrapIfClosure()
#7 /home/user/vendor/laravel/framework/src/Illuminate/Container/BoundMethod.php(35): Illuminate\\Container\\BoundMethod::callBoundMethod()
#8 /home/user/vendor/laravel/framework/src/Illuminate/Container/Container.php(696): Illuminate\\Container\\BoundMethod::call()
#9 /home/user/vendor/laravel/framework/src/Illuminate/Console/Command.php(213): Illuminate\\Container\\Container->call()
#10 /home/user/vendor/symfony/console/Command/Command.php(341): Illuminate\\Console\\Command->execute()
#11 /home/user/vendor/laravel/framework/src/Illuminate/Console/Command.php(182): Symfony\\Component\\Console\\Command\\Command->run()
#12 /home/user/vendor/symfony/console/Application.php(1094): Illuminate\\Console\\Command->run()
#13 /home/user/vendor/symfony/console/Application.php(356): Symfony\\Component\\Console\\Application->doRunCommand()
#14 /home/user/vendor/symfony/console/Application.php(195): Symfony\\Component\\Console\\Application->doRun()
#15 /home/user/vendor/laravel/framework/src/Illuminate/Console/Application.php(166): Symfony\\Component\\Console\\Application->run()
#16 /home/user/vendor/laravel/framework/src/Illuminate/Foundation/Console/Kernel.php(427): Illuminate\\Console\\Application->call()
#17 /home/user/vendor/laravel/framework/src/Illuminate/Testing/PendingCommand.php(332): Illuminate\\Foundation\\Console\\Kernel->call()
#18 /home/user/vendor/laravel/framework/src/Illuminate/Testing/PendingCommand.php(556): Illuminate\\Testing\\PendingCommand->run()
#19 /home/user/tests/Feature/Console/DrawAutomationTest.php(443): Illuminate\\Testing\\PendingCommand->__destruct()
#20 /home/user/vendor/phpunit/phpunit/src/Framework/TestCase.php(1667): Tests\\Feature\\Console\\DrawAutomationTest->publication_refuses_numbers_the_validator_rejects_and_writes_nothing()
#21 /home/user/vendor/phpunit/phpunit/src/Framework/TestCase.php(519): PHPUnit\\Framework\\TestCase->runTest()
#22 /home/user/vendor/phpunit/phpunit/src/Framework/TestRunner/TestRunner.php(87): PHPUnit\\Framework\\TestCase->runBare()
#23 /home/user/vendor/phpunit/phpunit/src/Framework/TestCase.php(365): PHPUnit\\Framework\\TestRunner->run()
#24 /home/user/vendor/phpunit/phpunit/src/Framework/TestSuite.php(369): PHPUnit\\Framework\\TestCase->run()
#25 /home/user/vendor/phpunit/phpunit/src/Framework/TestSuite.php(369): PHPUnit\\Framework\\TestSuite->run()
#26 /home/user/vendor/phpunit/phpunit/src/Framework/TestSuite.php(369): PHPUnit\\Framework\\TestSuite->run()
#27 /home/user/vendor/phpunit/phpunit/src/TextUI/TestRunner.php(64): PHPUnit\\Framework\\TestSuite->run()
#28 /home/user/vendor/phpunit/phpunit/src/TextUI/Application.php(211): PHPUnit\\TextUI\\TestRunner->run()
#29 /home/user/vendor/phpunit/phpunit/phpunit(104): PHPUnit\\TextUI\\Application->run()
#30 /home/user/vendor/bin/phpunit(122): include('...')
#31 {main}
"} 
[2026-09-07 17:52:44] testing.WARNING: lottery.publication.refused {"draw_id":1,"draw_number":"DR-TEST-0027","exception":"[object] (App\\Exceptions\\DrawLifecycleException(code: 0): Draw 1 is in state open; an official result may only be published from result_pending. at /home/user/app/Exceptions/DrawLifecycleException.php:191)
[stacktrace]
#0 /home/user/app/Services/Draw/DrawLifecycleService.php(385): App\\Exceptions\\DrawLifecycleException::notPublishable()
#1 /home/user/app/Services/Draw/DrawResultPublicationService.php(110): App\\Services\\Draw\\DrawLifecycleService->assertCanPublishResult()
#2 /home/user/vendor/laravel/framework/src/Illuminate/Database/Concerns/ManagesTransactions.php(32): App\\Services\\Draw\\DrawResultPublicationService->{closure:App\\Services\\Draw\\DrawResultPublicationService::publish():107}()
#3 /home/user/vendor/laravel/framework/src/Illuminate/Database/DatabaseManager.php(495): Illuminate\\Database\\Connection->transaction()
#4 /home/user/vendor/laravel/framework/src/Illuminate/Support/Facades/Facade.php(361): Illuminate\\Database\\DatabaseManager->__call()
#5 /home/user/app/Services/Draw/DrawResultPublicationService.php(139): Illuminate\\Support\\Facades\\Facade::__callStatic()
#6 /home/user/app/Console/Commands/Lottery/PublishDrawResultCommand.php(104): App\\Services\\Draw\\DrawResultPublicationService->publish()
#7 /home/user/vendor/laravel/framework/src/Illuminate/Container/BoundMethod.php(36): App\\Console\\Commands\\Lottery\\PublishDrawResultCommand->handle()
#8 /home/user/vendor/laravel/framework/src/Illuminate/Container/Util.php(43): Illuminate\\Container\\BoundMethod::{closure:Illuminate\\Container\\BoundMethod::call():35}()
#9 /home/user/vendor/laravel/framework/src/Illuminate/Container/BoundMethod.php(95): Illuminate\\Container\\Util::unwrapIfClosure()
#10 /home/user/vendor/laravel/framework/src/Illuminate/Container/BoundMethod.php(35): Illuminate\\Container\\BoundMethod::callBoundMethod()
#11 /home/user/vendor/laravel/framework/src/Illuminate/Container/Container.php(696): Illuminate\\Container\\BoundMethod::call()
#12 /home/user/vendor/laravel/framework/src/Illuminate/Console/Command.php(213): Illuminate\\Container\\Container->call()
#13 /home/user/vendor/symfony/console/Command/Command.php(341): Illuminate\\Console\\Command->execute()
#14 /home/user/vendor/laravel/framework/src/Illuminate/Console/Command.php(182): Symfony\\Component\\Console\\Command\\Command->run()
#15 /home/user/vendor/symfony/console/Application.php(1094): Illuminate\\Console\\Command->run()
#16 /home/user/vendor/symfony/console/Application.php(356): Symfony\\Component\\Console\\Application->doRunCommand()
#17 /home/user/vendor/symfony/console/Application.php(195): Symfony\\Component\\Console\\Application->doRun()
#18 /home/user/vendor/laravel/framework/src/Illuminate/Console/Application.php(166): Symfony\\Component\\Console\\Application->run()
#19 /home/user/vendor/laravel/framework/src/Illuminate/Foundation/Console/Kernel.php(427): Illuminate\\Console\\Application->call()
#20 /home/user/vendor/laravel/framework/src/Illuminate/Testing/PendingCommand.php(332): Illuminate\\Foundation\\Console\\Kernel->call()
#21 /home/user/vendor/laravel/framework/src/Illuminate/Testing/PendingCommand.php(556): Illuminate\\Testing\\PendingCommand->run()
#22 /home/user/tests/Feature/Console/DrawAutomationTest.php(459): Illuminate\\Testing\\PendingCommand->__destruct()
#23 /home/user/vendor/phpunit/phpunit/src/Framework/TestCase.php(1667): Tests\\Feature\\Console\\DrawAutomationTest->publication_is_refused_for_a_draw_that_is_not_awaiting_its_result()
#24 /home/user/vendor/phpunit/phpunit/src/Framework/TestCase.php(519): PHPUnit\\Framework\\TestCase->runTest()
#25 /home/user/vendor/phpunit/phpunit/src/Framework/TestRunner/TestRunner.php(87): PHPUnit\\Framework\\TestCase->runBare()
#26 /home/user/vendor/phpunit/phpunit/src/Framework/TestCase.php(365): PHPUnit\\Framework\\TestRunner->run()
#27 /home/user/vendor/phpunit/phpunit/src/Framework/TestSuite.php(369): PHPUnit\\Framework\\TestCase->run()
#28 /home/user/vendor/phpunit/phpunit/src/Framework/TestSuite.php(369): PHPUnit\\Framework\\TestSuite->run()
#29 /home/user/vendor/phpunit/phpunit/src/Framework/TestSuite.php(369): PHPUnit\\Framework\\TestSuite->run()
#30 /home/user/vendor/phpunit/phpunit/src/TextUI/TestRunner.php(64): PHPUnit\\Framework\\TestSuite->run()
#31 /home/user/vendor/phpunit/phpunit/src/TextUI/Application.php(211): PHPUnit\\TextUI\\TestRunner->run()
#32 /home/user/vendor/phpunit/phpunit/phpunit(104): PHPUnit\\TextUI\\Application->run()
#33 /home/user/vendor/bin/phpunit(122): include('...')
#34 {main}
"} 
[2026-09-07 17:52:44] testing.INFO: lottery.automation.run {"command":"lottery:mark-results-pending","activity":"mark result-pending","processed":1,"failed":0,"skipped":0,"candidates":1} 
[2026-09-07 17:53:28] testing.INFO: Payment webhook event already processed (replay cache hit) {"gateway":"bkash","event_id":"evt_bkash_dup_24"} 
[2026-09-07 17:53:30] testing.CRITICAL: DisburseWithdrawalJob: Job permanently failed after max attempts {"withdrawal_id":888888,"attempts":1,"error":"Withdrawal entity 888888 not found"} 
[2026-09-07 17:53:30] testing.INFO: OperationalAlertService: Alert throttled (duplicate within cooldown) {"title":"Critical Ledger Imbalance","fingerprint":"alert:anomaly:304a127cfffc21d342fb8664ff0dc21d"} 
[2026-09-07 17:53:30] testing.INFO: Payment webhook event already processed (replay cache hit) {"gateway":"stripe","event_id":"evt_stripe_concurrency_666"} 
[2026-09-07 17:53:30] testing.INFO: Payment webhook event already processed (replay cache hit) {"gateway":"stripe","event_id":"evt_stripe_concurrency_666"} 
[2026-09-07 17:53:30] testing.INFO: Payment webhook event already processed (replay cache hit) {"gateway":"stripe","event_id":"evt_stripe_concurrency_666"} 
[2026-09-07 17:53:30] testing.INFO: Payment webhook event already processed (replay cache hit) {"gateway":"stripe","event_id":"evt_stripe_concurrency_666"} 
[2026-09-07 17:53:31] testing.WARNING: Payment webhook signature verification failed {"gateway":"stripe","ip":"127.0.0.1"} 
[2026-09-07 17:53:31] testing.WARNING: Payment webhook signature verification failed {"gateway":"bkash","ip":"127.0.0.1"} 
[2026-09-07 17:53:31] testing.WARNING: Stripe webhook rejected: timestamp drift exceeds tolerance. {"event_time":1788777811,"current_time":1788778411,"tolerance":300} 
[2026-09-07 17:53:31] testing.WARNING: Payment webhook signature verification failed {"gateway":"stripe","ip":"127.0.0.1"} 
[2026-09-07 17:53:31] testing.INFO: Payment webhook event already processed (replay cache hit) {"gateway":"stripe","event_id":"evt_unique_test_replay_999"} 
[2026-09-07 17:53:37] testing.INFO: bet_purchase.api.success {"outcome":"purchased","bet_id":1,"bet_number":"BT-20260907-867D2D4D2AD3","ticket_id":1,"draw_id":1,"currency":"THB","stake":"100.00","client_key":"client_key_valid_test_16_abc","request_id":"9ecfc2545b3cd8f3a3ac9f6003b09425","user_id":1} 
[2026-09-07 17:53:37] testing.INFO: bet_purchase.api.refused {"outcome":"refused","error_code":"insufficient_balance","http_status":422,"exception":"App\\Exceptions\\BetPurchaseException","client_key":"client_key_insufficient_17","request_id":"b9775ccae88532f26111a05b569427ff","user_id":1} 
[2026-09-07 17:53:37] testing.INFO: bet_purchase.api.refused {"outcome":"refused","error_code":"draw_closed","http_status":422,"exception":"App\\Exceptions\\BetPurchaseValidationException","client_key":"client_key_closed_draw_18","request_id":"8167666fbeb4a9111010cacbda2b4095","user_id":1} 
[2026-09-07 17:53:37] testing.INFO: bet_purchase.api.refused {"outcome":"refused","error_code":"invalid_digits","http_status":422,"exception":"App\\Exceptions\\BetPurchaseValidationException","client_key":"client_key_invalid_market_19","request_id":"5c7e9d688bbd764aae508348f29c96d8","user_id":1} 
[2026-09-07 17:53:38] testing.INFO: bet_purchase.api.success {"outcome":"purchased","bet_id":1,"bet_number":"BT-20260907-58798DDDFEB0","ticket_id":1,"draw_id":1,"currency":"THB","stake":"100.00","client_key":"unique_idempotency_key_test_20_xyz","request_id":"43a725213149699e0b36852a3e5bc24b","user_id":1} 
[2026-09-07 17:53:38] testing.INFO: bet_purchase.api.success {"outcome":"replayed","bet_id":1,"bet_number":"BT-20260907-58798DDDFEB0","ticket_id":1,"draw_id":1,"currency":"THB","stake":"100.00","client_key":"unique_idempotency_key_test_20_xyz","request_id":"8e3a25a934ca8df92b8a9ed0c2e14b04","user_id":1} 
[2026-09-07 17:53:45] testing.WARNING: DisburseWithdrawalJob: Transient error during disbursement, queue will retry {"withdrawal_id":1,"attempt":1,"max_tries":3,"exception":"Connection timeout to gateway API."} 
[2026-09-07 17:53:45] testing.ERROR: DisburseWithdrawalJob: Withdrawal not found {"withdrawal_id":999999,"attempt":1} 
[2026-09-07 17:53:45] testing.INFO: DisburseWithdrawalJob: Withdrawal already completed, skipping redundant disbursement {"withdrawal_id":1,"reference_number":"WD-20260907-9ECCD9831992","status":"completed"} 
[2026-09-07 17:53:45] testing.INFO: DisburseWithdrawalJob: Withdrawal already completed, skipping redundant disbursement {"withdrawal_id":1,"reference_number":"WD-20260907-8918B455D631","status":"completed"} 
[2026-09-07 17:53:45] testing.INFO: Payment webhook event already processed (replay cache hit) {"gateway":"bkash","event_id":"evt_job_dup_08"} 
[2026-09-07 17:53:45] testing.CRITICAL: DisburseWithdrawalJob: Job permanently failed after max attempts {"withdrawal_id":1,"attempts":1,"error":"Gateway auth failed for secret token secret_key_123456"} 
[2026-09-07 17:53:45] testing.INFO: DisburseWithdrawalJob: Withdrawal already completed, skipping redundant disbursement {"withdrawal_id":1,"reference_number":"WD-20260907-28AD6222C58A","status":"completed"} 
[2026-09-07 17:53:46] testing.WARNING: DisburseWithdrawalJob: Withdrawal in terminal failed/cancelled state, aborting job {"withdrawal_id":1,"reference_number":"WD-20260907-BF26C2377E18","status":"failed"} 
[2026-09-07 17:53:48] testing.WARNING: bKash webhook rejected: webhook_secret / app_secret is not configured.  
[2026-09-07 17:53:48] testing.WARNING: Payment webhook signature verification failed {"gateway":"bkash","ip":"127.0.0.1"} 
[2026-09-07 17:53:48] testing.WARNING: bKash webhook rejected: webhook_secret / app_secret is not configured.  
[2026-09-07 17:53:48] testing.WARNING: Payment webhook signature verification failed {"gateway":"bkash","ip":"127.0.0.1"} 
[2026-09-07 17:53:48] testing.WARNING: bKash webhook rejected: webhook_secret / app_secret is not configured.  
[2026-09-07 17:53:48] testing.WARNING: Payment webhook signature verification failed {"gateway":"bkash","ip":"127.0.0.1"} 
[2026-09-07 17:55:18] local.ERROR: Class Tests\Feature\Finance\FinancialReconciliationComprehensiveTest@anonymous cannot extend final class Tests\Feature\Finance\FinancialReconciliationComprehensiveTest {"exception":"[object] (Symfony\\Component\\ErrorHandler\\Error\\FatalError(code: 0): Class Tests\\Feature\\Finance\\FinancialReconciliationComprehensiveTest@anonymous cannot extend final class Tests\\Feature\\Finance\\FinancialReconciliationComprehensiveTest at Command line code:8)
[stacktrace]
#0 {main}
"} 
[2026-09-07 17:55:24] local.ERROR: Uncaught Illuminate\Database\Eloquent\MassAssignmentException: Add fillable property [status] to allow mass assignment on [App\Models\Deposit]. in /home/user/vendor/laravel/framework/src/Illuminate/Database/Eloquent/Model.php:559
Stack trace:
#0 Command line code(14): Illuminate\Database\Eloquent\Model->fill()
#1 {main}
  thrown {"exception":"[object] (Symfony\\Component\\ErrorHandler\\Error\\FatalError(code: 0): Uncaught Illuminate\\Database\\Eloquent\\MassAssignmentException: Add fillable property [status] to allow mass assignment on [App\\Models\\Deposit]. in /home/user/vendor/laravel/framework/src/Illuminate/Database/Eloquent/Model.php:559
Stack trace:
#0 Command line code(14): Illuminate\\Database\\Eloquent\\Model->fill()
#1 {main}
  thrown at /home/user/vendor/laravel/framework/src/Illuminate/Database/Eloquent/Model.php:559)
[stacktrace]
#0 {main}
"} 
[2026-09-07 17:55:30] local.ERROR: Uncaught PDOException: SQLSTATE[23000]: Integrity constraint violation: 19 NOT NULL constraint failed: deposits.net_amount in /home/user/vendor/laravel/framework/src/Illuminate/Database/Connection.php:571
Stack trace:
#0 /home/user/vendor/laravel/framework/src/Illuminate/Database/Connection.php(571): PDOStatement->execute()
#1 /home/user/vendor/laravel/framework/src/Illuminate/Database/Connection.php(812): Illuminate\Database\Connection->{closure:Illuminate\Database\Connection::statement():560}()
#2 /home/user/vendor/laravel/framework/src/Illuminate/Database/Connection.php(779): Illuminate\Database\Connection->runQueryCallback()
#3 /home/user/vendor/laravel/framework/src/Illuminate/Database/Connection.php(560): Illuminate\Database\Connection->run()
#4 /home/user/vendor/laravel/framework/src/Illuminate/Database/Connection.php(524): Illuminate\Database\Connection->statement()
#5 /home/user/vendor/laravel/framework/src/Illuminate/Database/Query/Processors/Processor.php(32): Illuminate\Database\Connection->insert()
#6 /home/user/vendor/laravel/framework/src/Illuminate/Database/Query/Builder.php(3766): Illuminate\Database\Query\Processors\Processor->processInsertGetId()
#7 /home/user/vendor/laravel/framework/src/Illuminate/Database/Eloquent/Builder.php(2120): Illuminate\Database\Query\Builder->insertGetId()
#8 /home/user/vendor/laravel/framework/src/Illuminate/Database/Eloquent/Model.php(1359): Illuminate\Database\Eloquent\Builder->__call()
#9 /home/user/vendor/laravel/framework/src/Illuminate/Database/Eloquent/Model.php(1324): Illuminate\Database\Eloquent\Model->insertAndSetId()
#10 /home/user/vendor/laravel/framework/src/Illuminate/Database/Eloquent/Model.php(1163): Illuminate\Database\Eloquent\Model->performInsert()
#11 Command line code(21): Illuminate\Database\Eloquent\Model->save()
#12 {main}

Next Illuminate\Database\QueryException: SQLSTATE[23000]: Integrity constraint violation: 19 NOT NULL constraint failed: deposits.net_amount (Connection: sqlite, SQL: insert into "deposits" ("reference_number", "wallet_id", "user_id", "method", "currency", "amount", "status", "updated_at", "created_at") values (DEP-123, 1, 1, stripe, THB, 500.00, approved, 2026-09-07 17:55:30, 2026-09-07 17:55:30)) in /home/user/vendor/laravel/framework/src/Illuminate/Database/Connection.php:825
Stack trace:
#0 /home/user/vendor/laravel/framework/src/Illuminate/Database/Connection.php(779): Illuminate\Database\Connection->runQueryCallback()
#1 /home/user/vendor/laravel/framework/src/Illuminate/Database/Connection.php(560): Illuminate\Database\Connection->run()
#2 /home/user/vendor/laravel/framework/src/Illuminate/Database/Connection.php(524): Illuminate\Database\Connection->statement()
#3 /home/user/vendor/laravel/framework/src/Illuminate/Database/Query/Processors/Processor.php(32): Illuminate\Database\Connection->insert()
#4 /home/user/vendor/laravel/framework/src/Illuminate/Database/Query/Builder.php(3766): Illuminate\Database\Query\Processors\Processor->processInsertGetId()
#5 /home/user/vendor/laravel/framework/src/Illuminate/Database/Eloquent/Builder.php(2120): Illuminate\Database\Query\Builder->insertGetId()
#6 /home/user/vendor/laravel/framework/src/Illuminate/Database/Eloquent/Model.php(1359): Illuminate\Database\Eloquent\Builder->__call()
#7 /home/user/vendor/laravel/framework/src/Illuminate/Database/Eloquent/Model.php(1324): Illuminate\Database\Eloquent\Model->insertAndSetId()
#8 /home/user/vendor/laravel/framework/src/Illuminate/Database/Eloquent/Model.php(1163): Illuminate\Database\Eloquent\Model->performInsert()
#9 Command line code(21): Illuminate\Database\Eloquent\Model->save()
#10 {main}
  thrown {"exception":"[object] (Symfony\\Component\\ErrorHandler\\Error\\FatalError(code: 0): Uncaught PDOException: SQLSTATE[23000]: Integrity constraint violation: 19 NOT NULL constraint failed: deposits.net_amount in /home/user/vendor/laravel/framework/src/Illuminate/Database/Connection.php:571
Stack trace:
#0 /home/user/vendor/laravel/framework/src/Illuminate/Database/Connection.php(571): PDOStatement->execute()
#1 /home/user/vendor/laravel/framework/src/Illuminate/Database/Connection.php(812): Illuminate\\Database\\Connection->{closure:Illuminate\\Database\\Connection::statement():560}()
#2 /home/user/vendor/laravel/framework/src/Illuminate/Database/Connection.php(779): Illuminate\\Database\\Connection->runQueryCallback()
#3 /home/user/vendor/laravel/framework/src/Illuminate/Database/Connection.php(560): Illuminate\\Database\\Connection->run()
#4 /home/user/vendor/laravel/framework/src/Illuminate/Database/Connection.php(524): Illuminate\\Database\\Connection->statement()
#5 /home/user/vendor/laravel/framework/src/Illuminate/Database/Query/Processors/Processor.php(32): Illuminate\\Database\\Connection->insert()
#6 /home/user/vendor/laravel/framework/src/Illuminate/Database/Query/Builder.php(3766): Illuminate\\Database\\Query\\Processors\\Processor->processInsertGetId()
#7 /home/user/vendor/laravel/framework/src/Illuminate/Database/Eloquent/Builder.php(2120): Illuminate\\Database\\Query\\Builder->insertGetId()
#8 /home/user/vendor/laravel/framework/src/Illuminate/Database/Eloquent/Model.php(1359): Illuminate\\Database\\Eloquent\\Builder->__call()
#9 /home/user/vendor/laravel/framework/src/Illuminate/Database/Eloquent/Model.php(1324): Illuminate\\Database\\Eloquent\\Model->insertAndSetId()
#10 /home/user/vendor/laravel/framework/src/Illuminate/Database/Eloquent/Model.php(1163): Illuminate\\Database\\Eloquent\\Model->performInsert()
#11 Command line code(21): Illuminate\\Database\\Eloquent\\Model->save()
#12 {main}

Next Illuminate\\Database\\QueryException: SQLSTATE[23000]: Integrity constraint violation: 19 NOT NULL constraint failed: deposits.net_amount (Connection: sqlite, SQL: insert into \"deposits\" (\"reference_number\", \"wallet_id\", \"user_id\", \"method\", \"currency\", \"amount\", \"status\", \"updated_at\", \"created_at\") values (DEP-123, 1, 1, stripe, THB, 500.00, approved, 2026-09-07 17:55:30, 2026-09-07 17:55:30)) in /home/user/vendor/laravel/framework/src/Illuminate/Database/Connection.php:825
Stack trace:
#0 /home/user/vendor/laravel/framework/src/Illuminate/Database/Connection.php(779): Illuminate\\Database\\Connection->runQueryCallback()
#1 /home/user/vendor/laravel/framework/src/Illuminate/Database/Connection.php(560): Illuminate\\Database\\Connection->run()
#2 /home/user/vendor/laravel/framework/src/Illuminate/Database/Connection.php(524): Illuminate\\Database\\Connection->statement()
#3 /home/user/vendor/laravel/framework/src/Illuminate/Database/Query/Processors/Processor.php(32): Illuminate\\Database\\Connection->insert()
#4 /home/user/vendor/laravel/framework/src/Illuminate/Database/Query/Builder.php(3766): Illuminate\\Database\\Query\\Processors\\Processor->processInsertGetId()
#5 /home/user/vendor/laravel/framework/src/Illuminate/Database/Eloquent/Builder.php(2120): Illuminate\\Database\\Query\\Builder->insertGetId()
#6 /home/user/vendor/laravel/framework/src/Illuminate/Database/Eloquent/Model.php(1359): Illuminate\\Database\\Eloquent\\Builder->__call()
#7 /home/user/vendor/laravel/framework/src/Illuminate/Database/Eloquent/Model.php(1324): Illuminate\\Database\\Eloquent\\Model->insertAndSetId()
#8 /home/user/vendor/laravel/framework/src/Illuminate/Database/Eloquent/Model.php(1163): Illuminate\\Database\\Eloquent\\Model->performInsert()
#9 Command line code(21): Illuminate\\Database\\Eloquent\\Model->save()
#10 {main}
  thrown at /home/user/vendor/laravel/framework/src/Illuminate/Database/Connection.php:825)
[stacktrace]
#0 {main}
"} 
[2026-09-07 17:56:41] testing.INFO: Payment webhook event already processed (replay cache hit) {"correlation_id":"04e788b7-9ec4-429e-9306-4d64027fd3c2","gateway":"bkash","event_id":"evt_bkash_dup_24"} {"correlation_id":"04e788b7-9ec4-429e-9306-4d64027fd3c2"}
[2026-09-07 17:57:10] testing.INFO: Payment webhook event already processed (replay cache hit) {"correlation_id":"c5563222-e545-4d90-bd78-9d15913c5778","gateway":"bkash","event_id":"evt_bkash_dup_24"} {"correlation_id":"c5563222-e545-4d90-bd78-9d15913c5778"}
[2026-09-07 17:57:34] testing.INFO: Payment webhook event already processed (replay cache hit) {"gateway":"bkash","event_id":"evt_bkash_dup_24"} 
[2026-09-07 17:58:23] testing.INFO: Payment webhook event already processed (replay cache hit) {"gateway":"bkash","event_id":"evt_bkash_dup_24"} 
[2026-09-07 17:58:29] testing.ERROR: High Exposure (High Risk) on number 123 [3d] for draw 1. {"risk_alert_type":"high_exposure","risk_level":"high","audit_log_id":4} 
[2026-09-07 17:58:35] testing.INFO: bet_purchase.api.success {"outcome":"purchased","bet_id":1,"bet_number":"BT-20260907-F1ED41C0E13E","ticket_id":1,"draw_id":1,"currency":"THB","stake":"10.00","client_key":"api-3fac7e5042598962807ac50192f07570561b1f92","request_id":"ea54c009fc87bde8c2fa91d5d8b23bd7","user_id":1} 
[2026-09-07 17:58:35] testing.INFO: bet_purchase.api.success {"outcome":"purchased","bet_id":1,"bet_number":"BT-20260907-090E603514E3","ticket_id":1,"draw_id":1,"currency":"THB","stake":"10.00","client_key":"api-a676f40bd6585d6668cbe33a51f09953c02a7fef","request_id":"291403812f4fb610891c32f04c9ff61d","user_id":1} 
[2026-09-07 17:58:35] testing.INFO: bet_purchase.api.success {"outcome":"purchased","bet_id":1,"bet_number":"BT-20260907-3B18892F34D1","ticket_id":1,"draw_id":1,"currency":"THB","stake":"10.00","client_key":"api-f7b8f591922e9b515c83f0ca28847379e14e3f93","request_id":"3db6f46f1aadf4980578fabd5f3013c4","user_id":1} 
[2026-09-07 17:58:35] testing.INFO: bet_purchase.api.success {"outcome":"purchased","bet_id":1,"bet_number":"BT-20260907-BCDD3629E52B","ticket_id":1,"draw_id":1,"currency":"THB","stake":"10.00","client_key":"api-e187d76746182cbb563423de65c53cff48e1b26c","request_id":"50c3c44b1d6846af35e89a051beafb04","user_id":1} 
[2026-09-07 17:58:35] testing.INFO: bet_purchase.api.success {"outcome":"purchased","bet_id":1,"bet_number":"BT-20260907-A51EA158B7CB","ticket_id":1,"draw_id":1,"currency":"THB","stake":"10.00","client_key":"api-bd6c2f1a5ca9ea80b589a486be6f1ed025590bed","request_id":"e6a9b28e1d92f8e7bd3b0ff7f8ac177e","user_id":1} 
[2026-09-07 17:58:35] testing.INFO: bet_purchase.api.success {"outcome":"purchased","bet_id":1,"bet_number":"BT-20260907-7BA8C30C714C","ticket_id":1,"draw_id":1,"currency":"THB","stake":"10.00","client_key":"api-8e924a7dac69469f40b6a9525e68f510b7972699","request_id":"29d051e4d2379b6ce5c6084d50d653dd","user_id":1} 
[2026-09-07 17:58:35] testing.INFO: bet_purchase.api.success {"outcome":"purchased","bet_id":1,"bet_number":"BT-20260907-48D1B5ACF906","ticket_id":1,"draw_id":1,"currency":"THB","stake":"10.00","client_key":"api-63e4863923f9d99f637040c4ecaa95eaf5e39f31","request_id":"677b6543abc4b1fa8854688840ce57e6","user_id":1} 
[2026-09-07 17:58:36] testing.INFO: bet_purchase.api.success {"outcome":"purchased","bet_id":1,"bet_number":"BT-20260907-DAB089272DBB","ticket_id":1,"draw_id":1,"currency":"THB","stake":"10.00","client_key":"api-1d2da6cca6185013559ff92e6eedc11e93618224","request_id":"0ee8d6e89ea0d4ec64d5739673fd20ad","user_id":1} 
[2026-09-07 17:58:36] testing.INFO: bet_purchase.api.success {"outcome":"purchased","bet_id":1,"bet_number":"BT-20260907-EC05E56FD3EB","ticket_id":1,"draw_id":1,"currency":"THB","stake":"10.00","client_key":"api-4fed3970dcc0d31dccddbf69ef55b00f32d2ca78","request_id":"55ced3434b7c96c4bc8e7038fab73b96","user_id":1} 
[2026-09-07 17:58:36] testing.INFO: bet_purchase.api.success {"outcome":"purchased","bet_id":1,"bet_number":"BT-20260907-0FF63A41C7C6","ticket_id":1,"draw_id":1,"currency":"THB","stake":"10.00","client_key":"api-3e23e8160039594a33894f6564e1b1348bbd7a00","request_id":"82fd3b59f76a136ac46fbce633e12ad7","user_id":1} 
[2026-09-07 17:58:36] testing.INFO: bet_purchase.api.success {"outcome":"purchased","bet_id":1,"bet_number":"BT-20260907-99936155B0E0","ticket_id":1,"draw_id":1,"currency":"THB","stake":"10.00","client_key":"api-2e7d2c03a9507ae265ecf5b5356885a53393a202","request_id":"40a76fe69455ce3a963d40837101399a","user_id":1} 
[2026-09-07 17:58:36] testing.INFO: bet_purchase.api.refused {"outcome":"refused","error_code":"draw_not_found","http_status":404,"exception":"App\\Exceptions\\BetPurchaseValidationException","client_key":"api-3f79bb7b435b05321651daefd374cdc681dc06fa","request_id":"9f408b228df0247a7cf7c3e184650db5","user_id":1} 
[2026-09-07 17:58:36] testing.INFO: bet_purchase.api.refused {"outcome":"refused","error_code":"draw_closed","http_status":422,"exception":"App\\Exceptions\\BetPurchaseValidationException","client_key":"api-252f10c83610ebca1a059c0bae8255eba2f95be4","request_id":"9882f9e361ad08bbe76b74c55731495e","user_id":1} 
[2026-09-07 17:58:36] testing.INFO: bet_purchase.api.success {"outcome":"purchased","bet_id":1,"bet_number":"BT-20260907-AE8B0765B919","ticket_id":1,"draw_id":1,"currency":"THB","stake":"10.00","client_key":"api-de7d1b721a1e0632b7cf04edf5032c8ecffa9f9a","request_id":"14a8970fa51e2cd616ddcb23ab50ee10","user_id":1} 
[2026-09-07 17:58:36] testing.INFO: bet_purchase.api.success {"outcome":"purchased","bet_id":1,"bet_number":"BT-20260907-43691F68F892","ticket_id":1,"draw_id":1,"currency":"THB","stake":"10.00","client_key":"api-189f40034be7a199f1fa9891668ee3ab6049f82d","request_id":"fb95e3cc6b42495e3e9cc610cb86960b","user_id":1} 
[2026-09-07 17:58:36] testing.INFO: bet_purchase.api.refused {"outcome":"refused","error_code":"invalid_stake","http_status":422,"exception":"App\\Exceptions\\BetPurchaseValidationException","client_key":"api-acac86c0e609ca906f632b0e2dacccb2b77d22b0","request_id":"fc2fdab655f81259f4f7d9648494392a","user_id":1} 
[2026-09-07 17:58:36] testing.INFO: bet_purchase.api.refused {"outcome":"refused","error_code":"insufficient_balance","http_status":422,"exception":"App\\Exceptions\\BetPurchaseException","client_key":"api-1b16b1df538ba12dc3f97edbb85caa7050d46c14","request_id":"c3d3166aee5f686fdb4c5df30ec7fd8a","user_id":1} 
[2026-09-07 17:58:37] testing.INFO: bet_purchase.api.refused {"outcome":"refused","error_code":"risk_rejected","http_status":422,"exception":"App\\Exceptions\\BetPurchaseValidationException","client_key":"api-65c74c15a686187bb6bbf9958f494fc6b8006803","request_id":"734d91256063e05194dbbd6995a8f965","user_id":1} 
[2026-09-07 17:58:37] testing.INFO: bet_purchase.api.success {"outcome":"purchased","bet_id":1,"bet_number":"BT-20260907-C41060E74FE0","ticket_id":1,"draw_id":1,"currency":"THB","stake":"10.00","client_key":"api-148de9c5a7a44d19e56cd9ae1a554bf67847afb0","request_id":"fc6a5ea4cf53f950042fb6f5058d2d23","user_id":1} 
[2026-09-07 17:58:37] testing.INFO: bet_purchase.api.success {"outcome":"replayed","bet_id":1,"bet_number":"BT-20260907-C41060E74FE0","ticket_id":1,"draw_id":1,"currency":"THB","stake":"10.00","client_key":"api-148de9c5a7a44d19e56cd9ae1a554bf67847afb0","request_id":"0c663318e93808d6e5d88e94c9b77f34","user_id":1} 
[2026-09-07 17:58:37] testing.INFO: bet_purchase.api.success {"outcome":"purchased","bet_id":1,"bet_number":"BT-20260907-AFB30B9EA918","ticket_id":1,"draw_id":1,"currency":"THB","stake":"10.00","client_key":"api-8e35c2cd3bf6641bdb0e2050b76932cbb2e6034a","request_id":"b1e15a3ae05b8ef3cdb2a00e3c92107d","user_id":1} 
[2026-09-07 17:58:37] testing.INFO: bet_purchase.api.refused {"outcome":"refused","error_code":"idempotency_payload_mismatch","http_status":409,"exception":"App\\Exceptions\\BetPurchaseIdempotencyException","client_key":"api-8e35c2cd3bf6641bdb0e2050b76932cbb2e6034a","request_id":"d7300cfade6e72e46d7bdf80e8aab4f6","user_id":1} 
[2026-09-07 17:58:37] testing.INFO: bet_purchase.api.success {"outcome":"purchased","bet_id":1,"bet_number":"BT-20260907-58E6DB465301","ticket_id":1,"draw_id":1,"currency":"THB","stake":"10.00","client_key":"api-454349e422f05297191ead13e21d3db520e5abef","request_id":"7010006993fdb6658ca8b9b0d4a387c7","user_id":1} 
[2026-09-07 17:58:37] testing.INFO: bet_purchase.api.success {"outcome":"purchased","bet_id":2,"bet_number":"BT-20260907-85063D012B0A","ticket_id":2,"draw_id":2,"currency":"THB","stake":"10.00","client_key":"api-454349e422f05297191ead13e21d3db520e5abef","request_id":"c08a6627c58001d193fd4056ddcac45e","user_id":2} 
[2026-09-07 17:58:37] testing.INFO: bet_purchase.api.success {"outcome":"purchased","bet_id":1,"bet_number":"BT-20260907-C086F53EE4E4","ticket_id":1,"draw_id":1,"currency":"THB","stake":"10.00","client_key":"api-043a718774c572bd8a25adbeb1bfcd5c0256ae11","request_id":"f6c48792f03481e77c27a7ef806edfff","user_id":1} 
[2026-09-07 17:58:37] testing.INFO: bet_purchase.api.success {"outcome":"purchased","bet_id":2,"bet_number":"BT-20260907-7EAAFD026A4B","ticket_id":2,"draw_id":2,"currency":"THB","stake":"10.00","client_key":"api-043a718774c572bd8a25adbeb1bfcd5c0256ae11","request_id":"8fc23ee0456a863b6b5c59995b3f6e38","user_id":1} 
[2026-09-07 17:58:37] testing.INFO: bet_purchase.api.success {"outcome":"purchased","bet_id":1,"bet_number":"BT-20260907-295146274BEE","ticket_id":1,"draw_id":1,"currency":"THB","stake":"10.00","client_key":"api-e3b98a4da31a127d4bde6e43033f66ba274cab0e","request_id":"4d0ab61bf1a89bba142f14b035a82a5a","user_id":1} 
[2026-09-07 17:58:37] testing.INFO: bet_purchase.api.success {"outcome":"purchased","bet_id":1,"bet_number":"BT-20260907-204B0BD0B910","ticket_id":1,"draw_id":1,"currency":"THB","stake":"10.00","client_key":"api-2d711642b726b04401627ca9fbac32f5c8530fb1","request_id":"dcec8872b9773f97ab64321318419175","user_id":1} 
[2026-09-07 17:58:37] testing.INFO: bet_purchase.api.success {"outcome":"purchased","bet_id":1,"bet_number":"BT-20260907-357253EB766C","ticket_id":1,"draw_id":1,"currency":"THB","stake":"10.00","client_key":"api-a1fce4363854ff888cff4b8e7875d600c2682390","request_id":"26ad0b6cd2cf8fbfcd7c0ae997cf490a","user_id":1} 
[2026-09-07 17:58:37] testing.INFO: bet_purchase.api.success {"outcome":"purchased","bet_id":1,"bet_number":"BT-20260907-9B1994CBC2BC","ticket_id":1,"draw_id":1,"currency":"THB","stake":"10.00","client_key":"api-fb8e20fc2e4c3f248c60c39bd652f3c1347298bb","request_id":"cba16a0b8451b1e8e73b4d6dfb4354d4","user_id":1} 
[2026-09-07 17:58:37] testing.INFO: bet_purchase.api.success {"outcome":"purchased","bet_id":1,"bet_number":"BT-20260907-DAA0D88C6843","ticket_id":1,"draw_id":1,"currency":"THB","stake":"10.00","client_key":"api-f45de51cdef30991551e41e882dd7b5404799648","request_id":"c530c0cd8229df864fbddd90540cdc8c","user_id":1} 
[2026-09-07 17:58:38] testing.INFO: bet_purchase.api.success {"outcome":"purchased","bet_id":1,"bet_number":"BT-20260907-15A705A9756C","ticket_id":1,"draw_id":1,"currency":"THB","stake":"10.00","client_key":"api-b0136a3f0a0fae4b4cbb261ae65b245326d69f8a","request_id":"d680e067389dbc9efd6385d6f2f8eda9","user_id":1} 
[2026-09-07 17:58:38] testing.INFO: bet_purchase.api.success {"outcome":"purchased","bet_id":1,"bet_number":"BT-20260907-2A75037314A2","ticket_id":1,"draw_id":1,"currency":"THB","stake":"10.00","client_key":"api-e5a94045f98e84810bb71edd3ba885463406b087","request_id":"3dd08e9b277fe449375a26546221f05b","user_id":1} 
[2026-09-07 17:58:38] testing.INFO: bet_purchase.api.success {"outcome":"purchased","bet_id":1,"bet_number":"BT-20260907-69BE8EE345AB","ticket_id":1,"draw_id":1,"currency":"THB","stake":"10.00","client_key":"api-b797c8d26a988c97a38d4458172406dc19ab0012","request_id":"fca41903a277ec1af45871a166be87ce","user_id":1} 
[2026-09-07 17:58:38] testing.INFO: bet_purchase.api.success {"outcome":"purchased","bet_id":1,"bet_number":"BT-20260907-931B6B528236","ticket_id":1,"draw_id":1,"currency":"THB","stake":"10.00","client_key":"api-70ba33708cbfb103f1a8e34afef333ba7dc02102","request_id":"5e21bc70a5ea21d06740e174426d8ad8","user_id":1} 
[2026-09-07 17:58:38] testing.INFO: bet_purchase.api.success {"outcome":"purchased","bet_id":1,"bet_number":"BT-20260907-50358B9B7588","ticket_id":1,"draw_id":1,"currency":"THB","stake":"10.00","client_key":"api-f9a00f43e97e3966bb846e76b6795e11512c3bbf","request_id":"6a1251be4c33b6b4d0f2ebd02bfec3e9","user_id":1} 
[2026-09-07 17:58:38] testing.INFO: bet_purchase.api.success {"outcome":"purchased","bet_id":1,"bet_number":"BT-20260907-D2DA93A36EB0","ticket_id":1,"draw_id":1,"currency":"THB","stake":"10.00","client_key":"api-503126878d17fcd6bde7df320ff6eb7c278a1c42","request_id":"c6098019d6723722c2496779bed8dc84","user_id":1} 
[2026-09-07 17:58:38] testing.INFO: bet_purchase.api.success {"outcome":"purchased","bet_id":1,"bet_number":"BT-20260907-EA909CB4AF06","ticket_id":1,"draw_id":1,"currency":"THB","stake":"10.00","client_key":"api-9aaf680776b98fd17fe63376120525cbcdffc01b","request_id":"5db9d9f3db655d6a64ceeb9a7a3db7fe","user_id":1} 
[2026-09-07 17:58:38] testing.INFO: bet_purchase.api.success {"outcome":"purchased","bet_id":1,"bet_number":"BT-20260907-5A1A90BA57F9","ticket_id":1,"draw_id":1,"currency":"THB","stake":"10.55","client_key":"api-70a0d5198ebb88f97a2cc83a236a8afcc28c7d9e","request_id":"5963c977dfb363e22f5846cbccf22841","user_id":1} 
[2026-09-07 17:58:38] testing.INFO: bet_purchase.api.success {"outcome":"purchased","bet_id":1,"bet_number":"BT-20260907-F497DD0BADDE","ticket_id":1,"draw_id":1,"currency":"THB","stake":"10.00","client_key":"api-32e83e92d45d71f69dcf9d214688f03755421086","request_id":"411ac5b9f268b445ac011d080bb510ff","user_id":1} 
[2026-09-07 17:58:38] testing.INFO: bet_purchase.api.success {"outcome":"purchased","bet_id":1,"bet_number":"BT-20260907-AEBA0FF90248","ticket_id":1,"draw_id":1,"currency":"THB","stake":"10.00","client_key":"api-7d29d73105d636d04ca9fffcf979986d373ac874","request_id":"58d0cbbf1717630bdbfc133e586f16bc","user_id":1} 
[2026-09-07 17:58:39] testing.INFO: bet_purchase.api.success {"outcome":"purchased","bet_id":1,"bet_number":"BT-20260907-69C993DBE44E","ticket_id":1,"draw_id":2,"currency":"THB","stake":"10.00","client_key":"api-6fdb16bc02366c008d809798cb3faae1efba55a5","request_id":"d28eb33759fb500f3c2fc57ff8a54acd","user_id":2} 
[2026-09-07 17:58:39] testing.ERROR: SQLSTATE[42S02]: Base table or view not found: 1146 Table "thai_lottery.wallets" doesn't exist (Connection: mysql, SQL: select * from `wallets` where `id` = 1) in /var/www/app/Services/Finance/WalletService.php:118 {"exception":"[object] (RuntimeException(code: 0): SQLSTATE[42S02]: Base table or view not found: 1146 Table \"thai_lottery.wallets\" doesn't exist (Connection: mysql, SQL: select * from `wallets` where `id` = 1) in /var/www/app/Services/Finance/WalletService.php:118 at /home/user/tests/Feature/Api/V1/BetPurchaseApiTest.php:993)
[stacktrace]
#0 /home/user/vendor/laravel/framework/src/Illuminate/Routing/CallableDispatcher.php(40): Tests\\Feature\\Api\\V1\\BetPurchaseApiTest->{closure:Tests\\Feature\\Api\\V1\\BetPurchaseApiTest::am_an_unexpected_failure_never_exposes_a_stack_trace_or_internals():990}()
#1 /home/user/vendor/laravel/framework/src/Illuminate/Routing/Route.php(244): Illuminate\\Routing\\CallableDispatcher->dispatch()
#2 /home/user/vendor/laravel/framework/src/Illuminate/Routing/Route.php(215): Illuminate\\Routing\\Route->runCallable()
#3 /home/user/vendor/laravel/framework/src/Illuminate/Routing/Router.php(808): Illuminate\\Routing\\Route->run()
#4 /home/user/vendor/laravel/framework/src/Illuminate/Pipeline/Pipeline.php(170): Illuminate\\Routing\\Router->{closure:Illuminate\\Routing\\Router::runRouteWithinStack():807}()
#5 /home/user/vendor/laravel/framework/src/Illuminate/Routing/Middleware/SubstituteBindings.php(51): Illuminate\\Pipeline\\Pipeline->{closure:Illuminate\\Pipeline\\Pipeline::prepareDestination():168}()
#6 /home/user/vendor/laravel/framework/src/Illuminate/Pipeline/Pipeline.php(209): Illuminate\\Routing\\Middleware\\SubstituteBindings->handle()
#7 /home/user/vendor/laravel/framework/src/Illuminate/Pipeline/Pipeline.php(127): Illuminate\\Pipeline\\Pipeline->{closure:{closure:Illuminate\\Pipeline\\Pipeline::carry():184}:185}()
#8 /home/user/vendor/laravel/framework/src/Illuminate/Routing/Router.php(807): Illuminate\\Pipeline\\Pipeline->then()
#9 /home/user/vendor/laravel/framework/src/Illuminate/Routing/Router.php(786): Illuminate\\Routing\\Router->runRouteWithinStack()
#10 /home/user/vendor/laravel/framework/src/Illuminate/Routing/Router.php(750): Illuminate\\Routing\\Router->runRoute()
#11 /home/user/vendor/laravel/framework/src/Illuminate/Routing/Router.php(739): Illuminate\\Routing\\Router->dispatchToRoute()
#12 /home/user/vendor/laravel/framework/src/Illuminate/Foundation/Http/Kernel.php(201): Illuminate\\Routing\\Router->dispatch()
#13 /home/user/vendor/laravel/framework/src/Illuminate/Pipeline/Pipeline.php(170): Illuminate\\Foundation\\Http\\Kernel->{closure:Illuminate\\Foundation\\Http\\Kernel::dispatchToRouter():198}()
#14 /home/user/vendor/livewire/livewire/src/Features/SupportDisablingBackButtonCache/DisableBackButtonCacheMiddleware.php(19): Illuminate\\Pipeline\\Pipeline->{closure:Illuminate\\Pipeline\\Pipeline::prepareDestination():168}()
#15 /home/user/vendor/laravel/framework/src/Illuminate/Pipeline/Pipeline.php(209): Livewire\\Features\\SupportDisablingBackButtonCache\\DisableBackButtonCacheMiddleware->handle()
#16 /home/user/app/Http/Middleware/SecurityHeaders.php(13): Illuminate\\Pipeline\\Pipeline->{closure:{closure:Illuminate\\Pipeline\\Pipeline::carry():184}:185}()
#17 /home/user/vendor/laravel/framework/src/Illuminate/Pipeline/Pipeline.php(209): App\\Http\\Middleware\\SecurityHeaders->handle()
#18 /home/user/vendor/laravel/framework/src/Illuminate/Foundation/Http/Middleware/TransformsRequest.php(21): Illuminate\\Pipeline\\Pipeline->{closure:{closure:Illuminate\\Pipeline\\Pipeline::carry():184}:185}()
#19 /home/user/vendor/laravel/framework/src/Illuminate/Foundation/Http/Middleware/ConvertEmptyStringsToNull.php(31): Illuminate\\Foundation\\Http\\Middleware\\TransformsRequest->handle()
#20 /home/user/vendor/laravel/framework/src/Illuminate/Pipeline/Pipeline.php(209): Illuminate\\Foundation\\Http\\Middleware\\ConvertEmptyStringsToNull->handle()
#21 /home/user/vendor/laravel/framework/src/Illuminate/Foundation/Http/Middleware/TransformsRequest.php(21): Illuminate\\Pipeline\\Pipeline->{closure:{closure:Illuminate\\Pipeline\\Pipeline::carry():184}:185}()
#22 /home/user/vendor/laravel/framework/src/Illuminate/Foundation/Http/Middleware/TrimStrings.php(51): Illuminate\\Foundation\\Http\\Middleware\\TransformsRequest->handle()
#23 /home/user/vendor/laravel/framework/src/Illuminate/Pipeline/Pipeline.php(209): Illuminate\\Foundation\\Http\\Middleware\\TrimStrings->handle()
#24 /home/user/vendor/laravel/framework/src/Illuminate/Http/Middleware/ValidatePostSize.php(27): Illuminate\\Pipeline\\Pipeline->{closure:{closure:Illuminate\\Pipeline\\Pipeline::carry():184}:185}()
#25 /home/user/vendor/laravel/framework/src/Illuminate/Pipeline/Pipeline.php(209): Illuminate\\Http\\Middleware\\ValidatePostSize->handle()
#26 /home/user/vendor/laravel/framework/src/Illuminate/Foundation/Http/Middleware/PreventRequestsDuringMaintenance.php(110): Illuminate\\Pipeline\\Pipeline->{closure:{closure:Illuminate\\Pipeline\\Pipeline::carry():184}:185}()
#27 /home/user/vendor/laravel/framework/src/Illuminate/Pipeline/Pipeline.php(209): Illuminate\\Foundation\\Http\\Middleware\\PreventRequestsDuringMaintenance->handle()
#28 /home/user/vendor/laravel/framework/src/Illuminate/Http/Middleware/HandleCors.php(62): Illuminate\\Pipeline\\Pipeline->{closure:{closure:Illuminate\\Pipeline\\Pipeline::carry():184}:185}()
#29 /home/user/vendor/laravel/framework/src/Illuminate/Pipeline/Pipeline.php(209): Illuminate\\Http\\Middleware\\HandleCors->handle()
#30 /home/user/vendor/laravel/framework/src/Illuminate/Http/Middleware/TrustProxies.php(58): Illuminate\\Pipeline\\Pipeline->{closure:{closure:Illuminate\\Pipeline\\Pipeline::carry():184}:185}()
#31 /home/user/vendor/laravel/framework/src/Illuminate/Pipeline/Pipeline.php(209): Illuminate\\Http\\Middleware\\TrustProxies->handle()
#32 /home/user/vendor/laravel/framework/src/Illuminate/Foundation/Http/Middleware/InvokeDeferredCallbacks.php(22): Illuminate\\Pipeline\\Pipeline->{closure:{closure:Illuminate\\Pipeline\\Pipeline::carry():184}:185}()
#33 /home/user/vendor/laravel/framework/src/Illuminate/Pipeline/Pipeline.php(209): Illuminate\\Foundation\\Http\\Middleware\\InvokeDeferredCallbacks->handle()
#34 /home/user/vendor/laravel/framework/src/Illuminate/Pipeline/Pipeline.php(127): Illuminate\\Pipeline\\Pipeline->{closure:{closure:Illuminate\\Pipeline\\Pipeline::carry():184}:185}()
#35 /home/user/vendor/laravel/framework/src/Illuminate/Foundation/Http/Kernel.php(176): Illuminate\\Pipeline\\Pipeline->then()
#36 /home/user/vendor/laravel/framework/src/Illuminate/Foundation/Http/Kernel.php(145): Illuminate\\Foundation\\Http\\Kernel->sendRequestThroughRouter()
#37 /home/user/vendor/laravel/framework/src/Illuminate/Foundation/Testing/Concerns/MakesHttpRequests.php(607): Illuminate\\Foundation\\Http\\Kernel->handle()
#38 /home/user/vendor/laravel/framework/src/Illuminate/Foundation/Testing/Concerns/MakesHttpRequests.php(573): Illuminate\\Foundation\\Testing\\TestCase->call()
#39 /home/user/vendor/laravel/framework/src/Illuminate/Foundation/Testing/Concerns/MakesHttpRequests.php(381): Illuminate\\Foundation\\Testing\\TestCase->json()
#40 /home/user/tests/Feature/Api/V1/BetPurchaseApiTest.php(1001): Illuminate\\Foundation\\Testing\\TestCase->getJson()
#41 /home/user/vendor/phpunit/phpunit/src/Framework/TestCase.php(1667): Tests\\Feature\\Api\\V1\\BetPurchaseApiTest->am_an_unexpected_failure_never_exposes_a_stack_trace_or_internals()
#42 /home/user/vendor/phpunit/phpunit/src/Framework/TestCase.php(519): PHPUnit\\Framework\\TestCase->runTest()
#43 /home/user/vendor/phpunit/phpunit/src/Framework/TestRunner/TestRunner.php(87): PHPUnit\\Framework\\TestCase->runBare()
#44 /home/user/vendor/phpunit/phpunit/src/Framework/TestCase.php(365): PHPUnit\\Framework\\TestRunner->run()
#45 /home/user/vendor/phpunit/phpunit/src/Framework/TestSuite.php(369): PHPUnit\\Framework\\TestCase->run()
#46 /home/user/vendor/phpunit/phpunit/src/Framework/TestSuite.php(369): PHPUnit\\Framework\\TestSuite->run()
#47 /home/user/vendor/phpunit/phpunit/src/Framework/TestSuite.php(369): PHPUnit\\Framework\\TestSuite->run()
#48 /home/user/vendor/phpunit/phpunit/src/TextUI/TestRunner.php(64): PHPUnit\\Framework\\TestSuite->run()
#49 /home/user/vendor/phpunit/phpunit/src/TextUI/Application.php(211): PHPUnit\\TextUI\\TestRunner->run()
#50 /home/user/vendor/phpunit/phpunit/phpunit(104): PHPUnit\\TextUI\\Application->run()
#51 /home/user/vendor/bin/phpunit(122): include('...')
#52 {main}
"} 
[2026-09-07 17:58:39] testing.ERROR: api.unhandled_exception {"exception":"[object] (RuntimeException(code: 0): SQLSTATE[42S02]: Base table or view not found: 1146 Table \"thai_lottery.wallets\" doesn't exist (Connection: mysql, SQL: select * from `wallets` where `id` = 1) in /var/www/app/Services/Finance/WalletService.php:118 at /home/user/tests/Feature/Api/V1/BetPurchaseApiTest.php:993)
[stacktrace]
#0 /home/user/vendor/laravel/framework/src/Illuminate/Routing/CallableDispatcher.php(40): Tests\\Feature\\Api\\V1\\BetPurchaseApiTest->{closure:Tests\\Feature\\Api\\V1\\BetPurchaseApiTest::am_an_unexpected_failure_never_exposes_a_stack_trace_or_internals():990}()
#1 /home/user/vendor/laravel/framework/src/Illuminate/Routing/Route.php(244): Illuminate\\Routing\\CallableDispatcher->dispatch()
#2 /home/user/vendor/laravel/framework/src/Illuminate/Routing/Route.php(215): Illuminate\\Routing\\Route->runCallable()
#3 /home/user/vendor/laravel/framework/src/Illuminate/Routing/Router.php(808): Illuminate\\Routing\\Route->run()
#4 /home/user/vendor/laravel/framework/src/Illuminate/Pipeline/Pipeline.php(170): Illuminate\\Routing\\Router->{closure:Illuminate\\Routing\\Router::runRouteWithinStack():807}()
#5 /home/user/vendor/laravel/framework/src/Illuminate/Routing/Middleware/SubstituteBindings.php(51): Illuminate\\Pipeline\\Pipeline->{closure:Illuminate\\Pipeline\\Pipeline::prepareDestination():168}()
#6 /home/user/vendor/laravel/framework/src/Illuminate/Pipeline/Pipeline.php(209): Illuminate\\Routing\\Middleware\\SubstituteBindings->handle()
#7 /home/user/vendor/laravel/framework/src/Illuminate/Pipeline/Pipeline.php(127): Illuminate\\Pipeline\\Pipeline->{closure:{closure:Illuminate\\Pipeline\\Pipeline::carry():184}:185}()
#8 /home/user/vendor/laravel/framework/src/Illuminate/Routing/Router.php(807): Illuminate\\Pipeline\\Pipeline->then()
#9 /home/user/vendor/laravel/framework/src/Illuminate/Routing/Router.php(786): Illuminate\\Routing\\Router->runRouteWithinStack()
#10 /home/user/vendor/laravel/framework/src/Illuminate/Routing/Router.php(750): Illuminate\\Routing\\Router->runRoute()
#11 /home/user/vendor/laravel/framework/src/Illuminate/Routing/Router.php(739): Illuminate\\Routing\\Router->dispatchToRoute()
#12 /home/user/vendor/laravel/framework/src/Illuminate/Foundation/Http/Kernel.php(201): Illuminate\\Routing\\Router->dispatch()
#13 /home/user/vendor/laravel/framework/src/Illuminate/Pipeline/Pipeline.php(170): Illuminate\\Foundation\\Http\\Kernel->{closure:Illuminate\\Foundation\\Http\\Kernel::dispatchToRouter():198}()
#14 /home/user/vendor/livewire/livewire/src/Features/SupportDisablingBackButtonCache/DisableBackButtonCacheMiddleware.php(19): Illuminate\\Pipeline\\Pipeline->{closure:Illuminate\\Pipeline\\Pipeline::prepareDestination():168}()
#15 /home/user/vendor/laravel/framework/src/Illuminate/Pipeline/Pipeline.php(209): Livewire\\Features\\SupportDisablingBackButtonCache\\DisableBackButtonCacheMiddleware->handle()
#16 /home/user/app/Http/Middleware/SecurityHeaders.php(13): Illuminate\\Pipeline\\Pipeline->{closure:{closure:Illuminate\\Pipeline\\Pipeline::carry():184}:185}()
#17 /home/user/vendor/laravel/framework/src/Illuminate/Pipeline/Pipeline.php(209): App\\Http\\Middleware\\SecurityHeaders->handle()
#18 /home/user/vendor/laravel/framework/src/Illuminate/Foundation/Http/Middleware/TransformsRequest.php(21): Illuminate\\Pipeline\\Pipeline->{closure:{closure:Illuminate\\Pipeline\\Pipeline::carry():184}:185}()
#19 /home/user/vendor/laravel/framework/src/Illuminate/Foundation/Http/Middleware/ConvertEmptyStringsToNull.php(31): Illuminate\\Foundation\\Http\\Middleware\\TransformsRequest->handle()
#20 /home/user/vendor/laravel/framework/src/Illuminate/Pipeline/Pipeline.php(209): Illuminate\\Foundation\\Http\\Middleware\\ConvertEmptyStringsToNull->handle()
#21 /home/user/vendor/laravel/framework/src/Illuminate/Foundation/Http/Middleware/TransformsRequest.php(21): Illuminate\\Pipeline\\Pipeline->{closure:{closure:Illuminate\\Pipeline\\Pipeline::carry():184}:185}()
#22 /home/user/vendor/laravel/framework/src/Illuminate/Foundation/Http/Middleware/TrimStrings.php(51): Illuminate\\Foundation\\Http\\Middleware\\TransformsRequest->handle()
#23 /home/user/vendor/laravel/framework/src/Illuminate/Pipeline/Pipeline.php(209): Illuminate\\Foundation\\Http\\Middleware\\TrimStrings->handle()
#24 /home/user/vendor/laravel/framework/src/Illuminate/Http/Middleware/ValidatePostSize.php(27): Illuminate\\Pipeline\\Pipeline->{closure:{closure:Illuminate\\Pipeline\\Pipeline::carry():184}:185}()
#25 /home/user/vendor/laravel/framework/src/Illuminate/Pipeline/Pipeline.php(209): Illuminate\\Http\\Middleware\\ValidatePostSize->handle()
#26 /home/user/vendor/laravel/framework/src/Illuminate/Foundation/Http/Middleware/PreventRequestsDuringMaintenance.php(110): Illuminate\\Pipeline\\Pipeline->{closure:{closure:Illuminate\\Pipeline\\Pipeline::carry():184}:185}()
#27 /home/user/vendor/laravel/framework/src/Illuminate/Pipeline/Pipeline.php(209): Illuminate\\Foundation\\Http\\Middleware\\PreventRequestsDuringMaintenance->handle()
#28 /home/user/vendor/laravel/framework/src/Illuminate/Http/Middleware/HandleCors.php(62): Illuminate\\Pipeline\\Pipeline->{closure:{closure:Illuminate\\Pipeline\\Pipeline::carry():184}:185}()
#29 /home/user/vendor/laravel/framework/src/Illuminate/Pipeline/Pipeline.php(209): Illuminate\\Http\\Middleware\\HandleCors->handle()
#30 /home/user/vendor/laravel/framework/src/Illuminate/Http/Middleware/TrustProxies.php(58): Illuminate\\Pipeline\\Pipeline->{closure:{closure:Illuminate\\Pipeline\\Pipeline::carry():184}:185}()
#31 /home/user/vendor/laravel/framework/src/Illuminate/Pipeline/Pipeline.php(209): Illuminate\\Http\\Middleware\\TrustProxies->handle()
#32 /home/user/vendor/laravel/framework/src/Illuminate/Foundation/Http/Middleware/InvokeDeferredCallbacks.php(22): Illuminate\\Pipeline\\Pipeline->{closure:{closure:Illuminate\\Pipeline\\Pipeline::carry():184}:185}()
#33 /home/user/vendor/laravel/framework/src/Illuminate/Pipeline/Pipeline.php(209): Illuminate\\Foundation\\Http\\Middleware\\InvokeDeferredCallbacks->handle()
#34 /home/user/vendor/laravel/framework/src/Illuminate/Pipeline/Pipeline.php(127): Illuminate\\Pipeline\\Pipeline->{closure:{closure:Illuminate\\Pipeline\\Pipeline::carry():184}:185}()
#35 /home/user/vendor/laravel/framework/src/Illuminate/Foundation/Http/Kernel.php(176): Illuminate\\Pipeline\\Pipeline->then()
#36 /home/user/vendor/laravel/framework/src/Illuminate/Foundation/Http/Kernel.php(145): Illuminate\\Foundation\\Http\\Kernel->sendRequestThroughRouter()
#37 /home/user/vendor/laravel/framework/src/Illuminate/Foundation/Testing/Concerns/MakesHttpRequests.php(607): Illuminate\\Foundation\\Http\\Kernel->handle()
#38 /home/user/vendor/laravel/framework/src/Illuminate/Foundation/Testing/Concerns/MakesHttpRequests.php(573): Illuminate\\Foundation\\Testing\\TestCase->call()
#39 /home/user/vendor/laravel/framework/src/Illuminate/Foundation/Testing/Concerns/MakesHttpRequests.php(381): Illuminate\\Foundation\\Testing\\TestCase->json()
#40 /home/user/tests/Feature/Api/V1/BetPurchaseApiTest.php(1001): Illuminate\\Foundation\\Testing\\TestCase->getJson()
#41 /home/user/vendor/phpunit/phpunit/src/Framework/TestCase.php(1667): Tests\\Feature\\Api\\V1\\BetPurchaseApiTest->am_an_unexpected_failure_never_exposes_a_stack_trace_or_internals()
#42 /home/user/vendor/phpunit/phpunit/src/Framework/TestCase.php(519): PHPUnit\\Framework\\TestCase->runTest()
#43 /home/user/vendor/phpunit/phpunit/src/Framework/TestRunner/TestRunner.php(87): PHPUnit\\Framework\\TestCase->runBare()
#44 /home/user/vendor/phpunit/phpunit/src/Framework/TestCase.php(365): PHPUnit\\Framework\\TestRunner->run()
#45 /home/user/vendor/phpunit/phpunit/src/Framework/TestSuite.php(369): PHPUnit\\Framework\\TestCase->run()
#46 /home/user/vendor/phpunit/phpunit/src/Framework/TestSuite.php(369): PHPUnit\\Framework\\TestSuite->run()
#47 /home/user/vendor/phpunit/phpunit/src/Framework/TestSuite.php(369): PHPUnit\\Framework\\TestSuite->run()
#48 /home/user/vendor/phpunit/phpunit/src/TextUI/TestRunner.php(64): PHPUnit\\Framework\\TestSuite->run()
#49 /home/user/vendor/phpunit/phpunit/src/TextUI/Application.php(211): PHPUnit\\TextUI\\TestRunner->run()
#50 /home/user/vendor/phpunit/phpunit/phpunit(104): PHPUnit\\TextUI\\Application->run()
#51 /home/user/vendor/bin/phpunit(122): include('...')
#52 {main}
","path":"api/v1/__phase44_failure_probe","method":"GET","user_id":null} 
[2026-09-07 17:58:40] testing.CRITICAL: Limit Exceeded (Critical Risk) on number 123 [3d] for draw 1. {"risk_alert_type":"limit_exceeded","risk_level":"critical","audit_log_id":1} 
[2026-09-07 17:58:40] testing.CRITICAL: Critical Exposure (Critical Risk) on number 123 [3d] for draw 1. {"risk_alert_type":"critical_exposure","risk_level":"critical","audit_log_id":2} 
[2026-09-07 17:58:42] testing.INFO: lottery.automation.provisioned {"created":3,"existing":0,"horizon_days":40} 
[2026-09-07 17:58:42] testing.INFO: lottery.automation.provisioned {"created":8,"existing":0,"horizon_days":120} 
[2026-09-07 17:58:42] testing.INFO: lottery.automation.provisioned {"created":0,"existing":8,"horizon_days":120} 
[2026-09-07 17:58:42] testing.INFO: lottery.automation.provisioned {"created":3,"existing":0,"horizon_days":40} 
[2026-09-07 17:58:42] testing.INFO: lottery.automation.provisioned {"created":0,"existing":3,"horizon_days":40} 
[2026-09-07 17:58:42] testing.INFO: lottery.automation.run {"command":"lottery:open-draws","activity":"open","processed":1,"failed":0,"skipped":0,"candidates":1} 
[2026-09-07 17:58:42] testing.INFO: lottery.automation.run {"command":"lottery:close-draws","activity":"close","processed":1,"failed":0,"skipped":0,"candidates":1} 
[2026-09-07 17:58:42] testing.INFO: lottery.automation.run {"command":"lottery:close-draws","activity":"close","processed":1,"failed":0,"skipped":0,"candidates":1} 
[2026-09-07 17:58:42] testing.INFO: lottery.automation.run {"command":"lottery:close-draws","activity":"close","processed":1,"failed":0,"skipped":0,"candidates":1} 
[2026-09-07 17:58:42] testing.INFO: lottery.automation.run {"command":"lottery:mark-results-pending","activity":"mark result-pending","processed":1,"failed":0,"skipped":0,"candidates":1} 
[2026-09-07 17:58:42] testing.INFO: lottery.automation.run {"command":"lottery:mark-results-pending","activity":"mark result-pending","processed":1,"failed":0,"skipped":0,"candidates":1} 
[2026-09-07 17:58:42] testing.INFO: lottery.automation.run {"command":"lottery:settle-draws","activity":"settle","processed":1,"failed":0,"skipped":0,"candidates":1} 
[2026-09-07 17:58:42] testing.INFO: lottery.automation.run {"command":"lottery:mark-results-pending","activity":"mark result-pending","processed":1,"failed":0,"skipped":0,"candidates":1} 
[2026-09-07 17:58:42] testing.INFO: lottery.automation.run {"command":"lottery:mark-results-pending","activity":"mark result-pending","processed":1,"failed":0,"skipped":0,"candidates":1} 
[2026-09-07 17:58:42] testing.INFO: lottery.automation.run {"command":"lottery:settle-draws","activity":"settle","processed":1,"failed":0,"skipped":0,"candidates":1} 
[2026-09-07 17:58:42] testing.INFO: lottery.automation.run {"command":"lottery:mark-results-pending","activity":"mark result-pending","processed":1,"failed":0,"skipped":0,"candidates":1} 
[2026-09-07 17:58:42] testing.INFO: lottery.automation.run {"command":"lottery:settle-draws","activity":"settle","processed":1,"failed":0,"skipped":0,"candidates":1} 
[2026-09-07 17:58:42] testing.INFO: lottery.automation.run {"command":"lottery:settle-draws","activity":"settle","processed":1,"failed":0,"skipped":0,"candidates":1} 
[2026-09-07 17:58:42] testing.INFO: lottery.automation.run {"command":"lottery:mark-results-pending","activity":"mark result-pending","processed":1,"failed":0,"skipped":0,"candidates":1} 
[2026-09-07 17:58:42] testing.INFO: lottery.automation.run {"command":"lottery:settle-draws","activity":"settle","processed":1,"failed":0,"skipped":0,"candidates":1} 
[2026-09-07 17:58:42] testing.INFO: lottery.automation.run {"command":"lottery:mark-results-pending","activity":"mark result-pending","processed":1,"failed":0,"skipped":0,"candidates":1} 
[2026-09-07 17:58:42] testing.ERROR: lottery.automation.draw_failed {"command":"lottery:settle-draws","activity":"settle","draw_id":1,"draw_number":"DR-TEST-0015","exception":"[object] (App\\Exceptions\\DrawLifecycleException(code: 0): Draw 1 is in state result_published, which implies a published official result, but no draw_results row exists for it. This is refused rather than repaired. at /home/user/app/Exceptions/DrawLifecycleException.php:252)
[stacktrace]
#0 /home/user/app/Services/Draw/DrawSettlementSimulationService.php(200): App\\Exceptions\\DrawLifecycleException::resultMissing()
#1 /home/user/app/Services/Draw/DrawSettlementSimulationService.php(393): App\\Services\\Draw\\DrawSettlementSimulationService->publishedResultFor()
#2 /home/user/app/Services/Draw/DrawSettlementSimulationService.php(156): App\\Services\\Draw\\DrawSettlementSimulationService->performSettlement()
#3 /home/user/vendor/laravel/framework/src/Illuminate/Database/Concerns/ManagesTransactions.php(32): App\\Services\\Draw\\DrawSettlementSimulationService->{closure:App\\Services\\Draw\\DrawSettlementSimulationService::settle():145}()
#4 /home/user/vendor/laravel/framework/src/Illuminate/Database/DatabaseManager.php(495): Illuminate\\Database\\Connection->transaction()
#5 /home/user/vendor/laravel/framework/src/Illuminate/Support/Facades/Facade.php(361): Illuminate\\Database\\DatabaseManager->__call()
#6 /home/user/app/Services/Draw/DrawSettlementSimulationService.php(145): Illuminate\\Support\\Facades\\Facade::__callStatic()
#7 /home/user/app/Console/Commands/Lottery/SettleDrawsCommand.php(90): App\\Services\\Draw\\DrawSettlementSimulationService->settle()
#8 /home/user/app/Console/Commands/Lottery/LotteryAutomationCommand.php(155): App\\Console\\Commands\\Lottery\\SettleDrawsCommand->{closure:App\\Console\\Commands\\Lottery\\SettleDrawsCommand::handle():89}()
#9 /home/user/app/Console/Commands/Lottery/SettleDrawsCommand.php(87): App\\Console\\Commands\\Lottery\\LotteryAutomationCommand->eachDueDraw()
#10 /home/user/vendor/laravel/framework/src/Illuminate/Container/BoundMethod.php(36): App\\Console\\Commands\\Lottery\\SettleDrawsCommand->handle()
#11 /home/user/vendor/laravel/framework/src/Illuminate/Container/Util.php(43): Illuminate\\Container\\BoundMethod::{closure:Illuminate\\Container\\BoundMethod::call():35}()
#12 /home/user/vendor/laravel/framework/src/Illuminate/Container/BoundMethod.php(95): Illuminate\\Container\\Util::unwrapIfClosure()
#13 /home/user/vendor/laravel/framework/src/Illuminate/Container/BoundMethod.php(35): Illuminate\\Container\\BoundMethod::callBoundMethod()
#14 /home/user/vendor/laravel/framework/src/Illuminate/Container/Container.php(696): Illuminate\\Container\\BoundMethod::call()
#15 /home/user/vendor/laravel/framework/src/Illuminate/Console/Command.php(213): Illuminate\\Container\\Container->call()
#16 /home/user/vendor/symfony/console/Command/Command.php(341): Illuminate\\Console\\Command->execute()
#17 /home/user/vendor/laravel/framework/src/Illuminate/Console/Command.php(182): Symfony\\Component\\Console\\Command\\Command->run()
#18 /home/user/vendor/symfony/console/Application.php(1094): Illuminate\\Console\\Command->run()
#19 /home/user/vendor/symfony/console/Application.php(356): Symfony\\Component\\Console\\Application->doRunCommand()
#20 /home/user/vendor/symfony/console/Application.php(195): Symfony\\Component\\Console\\Application->doRun()
#21 /home/user/vendor/laravel/framework/src/Illuminate/Console/Application.php(166): Symfony\\Component\\Console\\Application->run()
#22 /home/user/vendor/laravel/framework/src/Illuminate/Foundation/Console/Kernel.php(427): Illuminate\\Console\\Application->call()
#23 /home/user/vendor/laravel/framework/src/Illuminate/Testing/PendingCommand.php(332): Illuminate\\Foundation\\Console\\Kernel->call()
#24 /home/user/vendor/laravel/framework/src/Illuminate/Testing/PendingCommand.php(556): Illuminate\\Testing\\PendingCommand->run()
#25 /home/user/tests/Feature/Console/DrawAutomationTest.php(334): Illuminate\\Testing\\PendingCommand->__destruct()
#26 /home/user/vendor/phpunit/phpunit/src/Framework/TestCase.php(1667): Tests\\Feature\\Console\\DrawAutomationTest->one_bad_draw_does_not_stop_the_batch_and_the_command_still_reports_failure()
#27 /home/user/vendor/phpunit/phpunit/src/Framework/TestCase.php(519): PHPUnit\\Framework\\TestCase->runTest()
#28 /home/user/vendor/phpunit/phpunit/src/Framework/TestRunner/TestRunner.php(87): PHPUnit\\Framework\\TestCase->runBare()
#29 /home/user/vendor/phpunit/phpunit/src/Framework/TestCase.php(365): PHPUnit\\Framework\\TestRunner->run()
#30 /home/user/vendor/phpunit/phpunit/src/Framework/TestSuite.php(369): PHPUnit\\Framework\\TestCase->run()
#31 /home/user/vendor/phpunit/phpunit/src/Framework/TestSuite.php(369): PHPUnit\\Framework\\TestSuite->run()
#32 /home/user/vendor/phpunit/phpunit/src/Framework/TestSuite.php(369): PHPUnit\\Framework\\TestSuite->run()
#33 /home/user/vendor/phpunit/phpunit/src/TextUI/TestRunner.php(64): PHPUnit\\Framework\\TestSuite->run()
#34 /home/user/vendor/phpunit/phpunit/src/TextUI/Application.php(211): PHPUnit\\TextUI\\TestRunner->run()
#35 /home/user/vendor/phpunit/phpunit/phpunit(104): PHPUnit\\TextUI\\Application->run()
#36 /home/user/vendor/bin/phpunit(122): include('...')
#37 {main}
"} 
[2026-09-07 17:58:42] testing.INFO: lottery.automation.run {"command":"lottery:settle-draws","activity":"settle","processed":1,"failed":1,"skipped":0,"candidates":2} 
[2026-09-07 17:58:42] testing.INFO: lottery.tick {"steps":5,"failed_steps":[],"duration_ms":0.0,"dry_run":false} 
[2026-09-07 17:58:42] testing.INFO: lottery.automation.run {"command":"lottery:open-draws","activity":"open","processed":1,"failed":0,"skipped":0,"candidates":1} 
[2026-09-07 17:58:43] testing.INFO: lottery.automation.run {"command":"lottery:close-draws","activity":"close","processed":2,"failed":0,"skipped":0,"candidates":2} 
[2026-09-07 17:58:43] testing.INFO: lottery.automation.provisioned {"created":6,"existing":0,"horizon_days":90} 
[2026-09-07 17:58:43] testing.INFO: lottery.automation.run {"command":"lottery:open-draws","activity":"open","processed":1,"failed":0,"skipped":0,"candidates":1} 
[2026-09-07 17:58:43] testing.INFO: lottery.automation.run {"command":"lottery:close-draws","activity":"close","processed":1,"failed":0,"skipped":0,"candidates":1} 
[2026-09-07 17:58:43] testing.INFO: lottery.automation.run {"command":"lottery:mark-results-pending","activity":"mark result-pending","processed":1,"failed":0,"skipped":0,"candidates":1} 
[2026-09-07 17:58:43] testing.INFO: lottery.tick {"steps":5,"failed_steps":[],"duration_ms":20.0,"dry_run":false} 
[2026-09-07 17:58:43] testing.INFO: lottery.automation.provisioned {"created":6,"existing":0,"horizon_days":90} 
[2026-09-07 17:58:43] testing.INFO: lottery.automation.run {"command":"lottery:open-draws","activity":"open","processed":1,"failed":0,"skipped":0,"candidates":1} 
[2026-09-07 17:58:43] testing.INFO: lottery.automation.run {"command":"lottery:close-draws","activity":"close","processed":1,"failed":0,"skipped":0,"candidates":1} 
[2026-09-07 17:58:43] testing.INFO: lottery.automation.run {"command":"lottery:mark-results-pending","activity":"mark result-pending","processed":1,"failed":0,"skipped":0,"candidates":1} 
[2026-09-07 17:58:43] testing.INFO: lottery.tick {"steps":5,"failed_steps":[],"duration_ms":26.0,"dry_run":false} 
[2026-09-07 17:58:43] testing.INFO: lottery.automation.run {"command":"lottery:mark-results-pending","activity":"mark result-pending","processed":1,"failed":0,"skipped":0,"candidates":1} 
[2026-09-07 17:58:43] testing.INFO: lottery.publication.published {"draw_id":1,"draw_number":"DR-TEST-0025","winning_numbers":6,"operator_command":true} 
[2026-09-07 17:58:43] testing.INFO: lottery.automation.run {"command":"lottery:mark-results-pending","activity":"mark result-pending","processed":1,"failed":0,"skipped":0,"candidates":1} 
[2026-09-07 17:58:43] testing.WARNING: lottery.publication.refused {"draw_id":1,"draw_number":"DR-TEST-0026","exception":"[object] (App\\Exceptions\\DrawResultValidationException(code: 0): The official first prize number must be exactly 6 digits. Received \"12\", which is 2. Leading zeroes count as digits and are never stripped. at /home/user/app/Exceptions/DrawResultValidationException.php:119)
[stacktrace]
#0 /home/user/app/Services/Draw/DrawResultValidator.php(205): App\\Exceptions\\DrawResultValidationException::firstPrizeLength()
#1 /home/user/app/Services/Draw/DrawResultValidator.php(131): App\\Services\\Draw\\DrawResultValidator->validateFirstPrize()
#2 /home/user/app/Services/Draw/DrawResultPublicationService.php(105): App\\Services\\Draw\\DrawResultValidator->validate()
#3 /home/user/app/Console/Commands/Lottery/PublishDrawResultCommand.php(104): App\\Services\\Draw\\DrawResultPublicationService->publish()
#4 /home/user/vendor/laravel/framework/src/Illuminate/Container/BoundMethod.php(36): App\\Console\\Commands\\Lottery\\PublishDrawResultCommand->handle()
#5 /home/user/vendor/laravel/framework/src/Illuminate/Container/Util.php(43): Illuminate\\Container\\BoundMethod::{closure:Illuminate\\Container\\BoundMethod::call():35}()
#6 /home/user/vendor/laravel/framework/src/Illuminate/Container/BoundMethod.php(95): Illuminate\\Container\\Util::unwrapIfClosure()
#7 /home/user/vendor/laravel/framework/src/Illuminate/Container/BoundMethod.php(35): Illuminate\\Container\\BoundMethod::callBoundMethod()
#8 /home/user/vendor/laravel/framework/src/Illuminate/Container/Container.php(696): Illuminate\\Container\\BoundMethod::call()
#9 /home/user/vendor/laravel/framework/src/Illuminate/Console/Command.php(213): Illuminate\\Container\\Container->call()
#10 /home/user/vendor/symfony/console/Command/Command.php(341): Illuminate\\Console\\Command->execute()
#11 /home/user/vendor/laravel/framework/src/Illuminate/Console/Command.php(182): Symfony\\Component\\Console\\Command\\Command->run()
#12 /home/user/vendor/symfony/console/Application.php(1094): Illuminate\\Console\\Command->run()
#13 /home/user/vendor/symfony/console/Application.php(356): Symfony\\Component\\Console\\Application->doRunCommand()
#14 /home/user/vendor/symfony/console/Application.php(195): Symfony\\Component\\Console\\Application->doRun()
#15 /home/user/vendor/laravel/framework/src/Illuminate/Console/Application.php(166): Symfony\\Component\\Console\\Application->run()
#16 /home/user/vendor/laravel/framework/src/Illuminate/Foundation/Console/Kernel.php(427): Illuminate\\Console\\Application->call()
#17 /home/user/vendor/laravel/framework/src/Illuminate/Testing/PendingCommand.php(332): Illuminate\\Foundation\\Console\\Kernel->call()
#18 /home/user/vendor/laravel/framework/src/Illuminate/Testing/PendingCommand.php(556): Illuminate\\Testing\\PendingCommand->run()
#19 /home/user/tests/Feature/Console/DrawAutomationTest.php(443): Illuminate\\Testing\\PendingCommand->__destruct()
#20 /home/user/vendor/phpunit/phpunit/src/Framework/TestCase.php(1667): Tests\\Feature\\Console\\DrawAutomationTest->publication_refuses_numbers_the_validator_rejects_and_writes_nothing()
#21 /home/user/vendor/phpunit/phpunit/src/Framework/TestCase.php(519): PHPUnit\\Framework\\TestCase->runTest()
#22 /home/user/vendor/phpunit/phpunit/src/Framework/TestRunner/TestRunner.php(87): PHPUnit\\Framework\\TestCase->runBare()
#23 /home/user/vendor/phpunit/phpunit/src/Framework/TestCase.php(365): PHPUnit\\Framework\\TestRunner->run()
#24 /home/user/vendor/phpunit/phpunit/src/Framework/TestSuite.php(369): PHPUnit\\Framework\\TestCase->run()
#25 /home/user/vendor/phpunit/phpunit/src/Framework/TestSuite.php(369): PHPUnit\\Framework\\TestSuite->run()
#26 /home/user/vendor/phpunit/phpunit/src/Framework/TestSuite.php(369): PHPUnit\\Framework\\TestSuite->run()
#27 /home/user/vendor/phpunit/phpunit/src/TextUI/TestRunner.php(64): PHPUnit\\Framework\\TestSuite->run()
#28 /home/user/vendor/phpunit/phpunit/src/TextUI/Application.php(211): PHPUnit\\TextUI\\TestRunner->run()
#29 /home/user/vendor/phpunit/phpunit/phpunit(104): PHPUnit\\TextUI\\Application->run()
#30 /home/user/vendor/bin/phpunit(122): include('...')
#31 {main}
"} 
[2026-09-07 17:58:43] testing.WARNING: lottery.publication.refused {"draw_id":1,"draw_number":"DR-TEST-0027","exception":"[object] (App\\Exceptions\\DrawLifecycleException(code: 0): Draw 1 is in state open; an official result may only be published from result_pending. at /home/user/app/Exceptions/DrawLifecycleException.php:191)
[stacktrace]
#0 /home/user/app/Services/Draw/DrawLifecycleService.php(385): App\\Exceptions\\DrawLifecycleException::notPublishable()
#1 /home/user/app/Services/Draw/DrawResultPublicationService.php(110): App\\Services\\Draw\\DrawLifecycleService->assertCanPublishResult()
#2 /home/user/vendor/laravel/framework/src/Illuminate/Database/Concerns/ManagesTransactions.php(32): App\\Services\\Draw\\DrawResultPublicationService->{closure:App\\Services\\Draw\\DrawResultPublicationService::publish():107}()
#3 /home/user/vendor/laravel/framework/src/Illuminate/Database/DatabaseManager.php(495): Illuminate\\Database\\Connection->transaction()
#4 /home/user/vendor/laravel/framework/src/Illuminate/Support/Facades/Facade.php(361): Illuminate\\Database\\DatabaseManager->__call()
#5 /home/user/app/Services/Draw/DrawResultPublicationService.php(139): Illuminate\\Support\\Facades\\Facade::__callStatic()
#6 /home/user/app/Console/Commands/Lottery/PublishDrawResultCommand.php(104): App\\Services\\Draw\\DrawResultPublicationService->publish()
#7 /home/user/vendor/laravel/framework/src/Illuminate/Container/BoundMethod.php(36): App\\Console\\Commands\\Lottery\\PublishDrawResultCommand->handle()
#8 /home/user/vendor/laravel/framework/src/Illuminate/Container/Util.php(43): Illuminate\\Container\\BoundMethod::{closure:Illuminate\\Container\\BoundMethod::call():35}()
#9 /home/user/vendor/laravel/framework/src/Illuminate/Container/BoundMethod.php(95): Illuminate\\Container\\Util::unwrapIfClosure()
#10 /home/user/vendor/laravel/framework/src/Illuminate/Container/BoundMethod.php(35): Illuminate\\Container\\BoundMethod::callBoundMethod()
#11 /home/user/vendor/laravel/framework/src/Illuminate/Container/Container.php(696): Illuminate\\Container\\BoundMethod::call()
#12 /home/user/vendor/laravel/framework/src/Illuminate/Console/Command.php(213): Illuminate\\Container\\Container->call()
#13 /home/user/vendor/symfony/console/Command/Command.php(341): Illuminate\\Console\\Command->execute()
#14 /home/user/vendor/laravel/framework/src/Illuminate/Console/Command.php(182): Symfony\\Component\\Console\\Command\\Command->run()
#15 /home/user/vendor/symfony/console/Application.php(1094): Illuminate\\Console\\Command->run()
#16 /home/user/vendor/symfony/console/Application.php(356): Symfony\\Component\\Console\\Application->doRunCommand()
#17 /home/user/vendor/symfony/console/Application.php(195): Symfony\\Component\\Console\\Application->doRun()
#18 /home/user/vendor/laravel/framework/src/Illuminate/Console/Application.php(166): Symfony\\Component\\Console\\Application->run()
#19 /home/user/vendor/laravel/framework/src/Illuminate/Foundation/Console/Kernel.php(427): Illuminate\\Console\\Application->call()
#20 /home/user/vendor/laravel/framework/src/Illuminate/Testing/PendingCommand.php(332): Illuminate\\Foundation\\Console\\Kernel->call()
#21 /home/user/vendor/laravel/framework/src/Illuminate/Testing/PendingCommand.php(556): Illuminate\\Testing\\PendingCommand->run()
#22 /home/user/tests/Feature/Console/DrawAutomationTest.php(459): Illuminate\\Testing\\PendingCommand->__destruct()
#23 /home/user/vendor/phpunit/phpunit/src/Framework/TestCase.php(1667): Tests\\Feature\\Console\\DrawAutomationTest->publication_is_refused_for_a_draw_that_is_not_awaiting_its_result()
#24 /home/user/vendor/phpunit/phpunit/src/Framework/TestCase.php(519): PHPUnit\\Framework\\TestCase->runTest()
#25 /home/user/vendor/phpunit/phpunit/src/Framework/TestRunner/TestRunner.php(87): PHPUnit\\Framework\\TestCase->runBare()
#26 /home/user/vendor/phpunit/phpunit/src/Framework/TestCase.php(365): PHPUnit\\Framework\\TestRunner->run()
#27 /home/user/vendor/phpunit/phpunit/src/Framework/TestSuite.php(369): PHPUnit\\Framework\\TestCase->run()
#28 /home/user/vendor/phpunit/phpunit/src/Framework/TestSuite.php(369): PHPUnit\\Framework\\TestSuite->run()
#29 /home/user/vendor/phpunit/phpunit/src/Framework/TestSuite.php(369): PHPUnit\\Framework\\TestSuite->run()
#30 /home/user/vendor/phpunit/phpunit/src/TextUI/TestRunner.php(64): PHPUnit\\Framework\\TestSuite->run()
#31 /home/user/vendor/phpunit/phpunit/src/TextUI/Application.php(211): PHPUnit\\TextUI\\TestRunner->run()
#32 /home/user/vendor/phpunit/phpunit/phpunit(104): PHPUnit\\TextUI\\Application->run()
#33 /home/user/vendor/bin/phpunit(122): include('...')
#34 {main}
"} 
[2026-09-07 17:58:43] testing.INFO: lottery.automation.run {"command":"lottery:mark-results-pending","activity":"mark result-pending","processed":1,"failed":0,"skipped":0,"candidates":1} 
[2026-09-07 17:59:27] testing.INFO: Payment webhook event already processed (replay cache hit) {"gateway":"bkash","event_id":"evt_bkash_dup_24"} 
[2026-09-07 17:59:28] testing.CRITICAL: DisburseWithdrawalJob: Job permanently failed after max attempts {"withdrawal_id":888888,"attempts":1,"error":"Withdrawal entity 888888 not found"} 
[2026-09-07 17:59:29] testing.INFO: OperationalAlertService: Alert throttled (duplicate within cooldown) {"title":"Critical Ledger Imbalance","fingerprint":"alert:anomaly:304a127cfffc21d342fb8664ff0dc21d"} 
[2026-09-07 17:59:29] testing.INFO: Payment webhook event already processed (replay cache hit) {"gateway":"stripe","event_id":"evt_stripe_concurrency_666"} 
[2026-09-07 17:59:29] testing.INFO: Payment webhook event already processed (replay cache hit) {"gateway":"stripe","event_id":"evt_stripe_concurrency_666"} 
[2026-09-07 17:59:29] testing.INFO: Payment webhook event already processed (replay cache hit) {"gateway":"stripe","event_id":"evt_stripe_concurrency_666"} 
[2026-09-07 17:59:29] testing.INFO: Payment webhook event already processed (replay cache hit) {"gateway":"stripe","event_id":"evt_stripe_concurrency_666"} 
[2026-09-07 17:59:29] testing.WARNING: Payment webhook signature verification failed {"gateway":"stripe","ip":"127.0.0.1"} 
[2026-09-07 17:59:29] testing.WARNING: Payment webhook signature verification failed {"gateway":"bkash","ip":"127.0.0.1"} 
[2026-09-07 17:59:29] testing.WARNING: Stripe webhook rejected: timestamp drift exceeds tolerance. {"event_time":1788778169,"current_time":1788778769,"tolerance":300} 
[2026-09-07 17:59:29] testing.WARNING: Payment webhook signature verification failed {"gateway":"stripe","ip":"127.0.0.1"} 
[2026-09-07 17:59:30] testing.INFO: Payment webhook event already processed (replay cache hit) {"gateway":"stripe","event_id":"evt_unique_test_replay_999"} 
[2026-09-07 17:59:35] testing.INFO: bet_purchase.api.success {"outcome":"purchased","bet_id":1,"bet_number":"BT-20260907-DB29F3EEBF39","ticket_id":1,"draw_id":1,"currency":"THB","stake":"100.00","client_key":"client_key_valid_test_16_abc","request_id":"0e4a7ef192abb1acf2f2628cf117bac6","user_id":1} 
[2026-09-07 17:59:35] testing.INFO: bet_purchase.api.refused {"outcome":"refused","error_code":"insufficient_balance","http_status":422,"exception":"App\\Exceptions\\BetPurchaseException","client_key":"client_key_insufficient_17","request_id":"507ba3a0857c8713b343d176a9e1cecf","user_id":1} 
[2026-09-07 17:59:35] testing.INFO: bet_purchase.api.refused {"outcome":"refused","error_code":"draw_closed","http_status":422,"exception":"App\\Exceptions\\BetPurchaseValidationException","client_key":"client_key_closed_draw_18","request_id":"41d7a75841b54534a12ab92907b56e37","user_id":1} 
[2026-09-07 17:59:35] testing.INFO: bet_purchase.api.refused {"outcome":"refused","error_code":"invalid_digits","http_status":422,"exception":"App\\Exceptions\\BetPurchaseValidationException","client_key":"client_key_invalid_market_19","request_id":"4046df55eabbd76e76dfd0761f0de780","user_id":1} 
[2026-09-07 17:59:36] testing.INFO: bet_purchase.api.success {"outcome":"purchased","bet_id":1,"bet_number":"BT-20260907-F5AEDC32DFC7","ticket_id":1,"draw_id":1,"currency":"THB","stake":"100.00","client_key":"unique_idempotency_key_test_20_xyz","request_id":"15086a0ba6d48f6be1d6729085fe0ae0","user_id":1} 
[2026-09-07 17:59:36] testing.INFO: bet_purchase.api.success {"outcome":"replayed","bet_id":1,"bet_number":"BT-20260907-F5AEDC32DFC7","ticket_id":1,"draw_id":1,"currency":"THB","stake":"100.00","client_key":"unique_idempotency_key_test_20_xyz","request_id":"1cdf941729c034ae07036f89e6c0da15","user_id":1} 
[2026-09-07 17:59:43] testing.WARNING: DisburseWithdrawalJob: Transient error during disbursement, queue will retry {"withdrawal_id":1,"attempt":1,"max_tries":3,"exception":"Connection timeout to gateway API."} 
[2026-09-07 17:59:43] testing.ERROR: DisburseWithdrawalJob: Withdrawal not found {"withdrawal_id":999999,"attempt":1} 
[2026-09-07 17:59:43] testing.INFO: DisburseWithdrawalJob: Withdrawal already completed, skipping redundant disbursement {"withdrawal_id":1,"reference_number":"WD-20260907-1948008FCEAB","status":"completed"} 
[2026-09-07 17:59:43] testing.INFO: DisburseWithdrawalJob: Withdrawal already completed, skipping redundant disbursement {"withdrawal_id":1,"reference_number":"WD-20260907-195DBDEEAD67","status":"completed"} 
[2026-09-07 17:59:43] testing.WARNING: ProcessPrizeSettlementJob: Transient error during settlement, queue will retry {"draw_id":1,"draw_number":"DRW-20260907-G16HUY","attempt":1,"exception":"App\\Services\\Draw\\SelectionSettlementResolver::resolve(): Argument #2 ($bet) must be of type App\\Models\\Bet, array given, called in /home/user/app/Services/Draw/RealPrizeSettlementService.php on line 79"} 
[2026-09-07 17:59:43] testing.INFO: Payment webhook event already processed (replay cache hit) {"gateway":"bkash","event_id":"evt_job_dup_08"} 
[2026-09-07 17:59:43] testing.CRITICAL: DisburseWithdrawalJob: Job permanently failed after max attempts {"withdrawal_id":1,"attempts":1,"error":"Gateway auth failed for secret token secret_key_123456"} 
[2026-09-07 17:59:43] testing.INFO: DisburseWithdrawalJob: Withdrawal already completed, skipping redundant disbursement {"withdrawal_id":1,"reference_number":"WD-20260907-52365E6CD6B7","status":"completed"} 
[2026-09-07 17:59:44] testing.WARNING: DisburseWithdrawalJob: Withdrawal in terminal failed/cancelled state, aborting job {"withdrawal_id":1,"reference_number":"WD-20260907-4C8CE8D0DF64","status":"failed"} 
[2026-09-07 17:59:46] testing.WARNING: bKash webhook rejected: webhook_secret / app_secret is not configured.  
[2026-09-07 17:59:46] testing.WARNING: Payment webhook signature verification failed {"gateway":"bkash","ip":"127.0.0.1"} 
[2026-09-07 17:59:46] testing.WARNING: bKash webhook rejected: webhook_secret / app_secret is not configured.  
[2026-09-07 17:59:46] testing.WARNING: Payment webhook signature verification failed {"gateway":"bkash","ip":"127.0.0.1"} 
[2026-09-07 17:59:46] testing.WARNING: bKash webhook rejected: webhook_secret / app_secret is not configured.  
[2026-09-07 17:59:46] testing.WARNING: Payment webhook signature verification failed {"gateway":"bkash","ip":"127.0.0.1"} 
[2026-09-07 18:01:10] testing.INFO: bet_purchase.api.success {"correlation_id":"30a01e17-51f5-464e-9e9f-189b03d3e1bf","outcome":"purchased","bet_id":1,"bet_number":"BT-20260907-CB9596CE8AC4","ticket_id":1,"draw_id":1,"currency":"THB","stake":"100.00","client_key":"client_key_valid_test_16_abc","request_id":"badd9da67d94695a7ea415fe871c08d5","user_id":1} {"correlation_id":"30a01e17-51f5-464e-9e9f-189b03d3e1bf"}
[2026-09-07 18:01:10] testing.INFO: bet_purchase.api.refused {"correlation_id":"dee0158b-ee17-4bd4-8543-597b9a247995","outcome":"refused","error_code":"insufficient_balance","http_status":422,"exception":"App\\Exceptions\\BetPurchaseException","client_key":"client_key_insufficient_17","request_id":"5df68491e1f5c5c54aaa751db07e4baa","user_id":1} {"correlation_id":"dee0158b-ee17-4bd4-8543-597b9a247995"}
[2026-09-07 18:01:10] testing.INFO: bet_purchase.api.refused {"correlation_id":"dd5fbe23-0707-40ce-b0f3-1054b20256b5","outcome":"refused","error_code":"draw_closed","http_status":422,"exception":"App\\Exceptions\\BetPurchaseValidationException","client_key":"client_key_closed_draw_18","request_id":"67fadd813716ea520e4743eafa346534","user_id":1} {"correlation_id":"dd5fbe23-0707-40ce-b0f3-1054b20256b5"}
[2026-09-07 18:01:11] testing.INFO: bet_purchase.api.refused {"correlation_id":"82d6808f-3f82-400d-a1d2-6fca3feeee76","outcome":"refused","error_code":"invalid_digits","http_status":422,"exception":"App\\Exceptions\\BetPurchaseValidationException","client_key":"client_key_invalid_market_19","request_id":"a6079a0a8a2df6130d5e119f9b33d01e","user_id":1} {"correlation_id":"82d6808f-3f82-400d-a1d2-6fca3feeee76"}
[2026-09-07 18:01:11] testing.INFO: bet_purchase.api.success {"correlation_id":"a8643074-49d9-4167-81d8-41e5a573ad0f","outcome":"purchased","bet_id":1,"bet_number":"BT-20260907-F11463FC7D40","ticket_id":1,"draw_id":1,"currency":"THB","stake":"100.00","client_key":"unique_idempotency_key_test_20_xyz","request_id":"955ae7393ef73c40671992a512d85aec","user_id":1} {"correlation_id":"a8643074-49d9-4167-81d8-41e5a573ad0f"}
[2026-09-07 18:01:11] testing.INFO: bet_purchase.api.success {"correlation_id":"2f369ce4-fccc-498a-a4ee-2216cbc1f694","outcome":"replayed","bet_id":1,"bet_number":"BT-20260907-F11463FC7D40","ticket_id":1,"draw_id":1,"currency":"THB","stake":"100.00","client_key":"unique_idempotency_key_test_20_xyz","request_id":"430c50489efc5fe35380a1f41886e7e1","user_id":1} {"correlation_id":"2f369ce4-fccc-498a-a4ee-2216cbc1f694"}
[2026-09-07 18:01:19] testing.CRITICAL: DisburseWithdrawalJob: Job permanently failed after max attempts {"withdrawal_id":888888,"attempts":1,"error":"Withdrawal entity 888888 not found"} 
[2026-09-07 18:01:19] testing.INFO: OperationalAlertService: Alert throttled (duplicate within cooldown) {"title":"Critical Ledger Imbalance","fingerprint":"alert:anomaly:304a127cfffc21d342fb8664ff0dc21d"} 
[2026-09-07 18:01:19] testing.WARNING: DisburseWithdrawalJob: Transient error during disbursement, queue will retry {"withdrawal_id":1,"attempt":1,"max_tries":3,"exception":"Connection timeout to gateway API."} 
[2026-09-07 18:01:19] testing.ERROR: DisburseWithdrawalJob: Withdrawal not found {"withdrawal_id":999999,"attempt":1} 
[2026-09-07 18:01:19] testing.INFO: DisburseWithdrawalJob: Withdrawal already completed, skipping redundant disbursement {"withdrawal_id":1,"reference_number":"WD-20260907-FD120204AF97","status":"completed"} 
[2026-09-07 18:01:19] testing.INFO: DisburseWithdrawalJob: Withdrawal already completed, skipping redundant disbursement {"withdrawal_id":1,"reference_number":"WD-20260907-6985266A6BF6","status":"completed"} 
[2026-09-07 18:01:20] testing.WARNING: ProcessPrizeSettlementJob: Transient error during settlement, queue will retry {"draw_id":1,"draw_number":"DRW-20260907-E0WVSC","attempt":1,"exception":"Undefined property: App\\DTOs\\SettlementSelectionResult::$isWinner"} 
[2026-09-07 18:01:20] testing.INFO: Payment webhook event already processed (replay cache hit) {"gateway":"bkash","event_id":"evt_job_dup_08"} 
[2026-09-07 18:01:20] testing.CRITICAL: DisburseWithdrawalJob: Job permanently failed after max attempts {"withdrawal_id":1,"attempts":1,"error":"Gateway auth failed for secret token secret_key_123456"} 
[2026-09-07 18:01:20] testing.INFO: DisburseWithdrawalJob: Withdrawal already completed, skipping redundant disbursement {"withdrawal_id":1,"reference_number":"WD-20260907-E34F7437146D","status":"completed"} 
[2026-09-07 18:01:20] testing.WARNING: DisburseWithdrawalJob: Withdrawal in terminal failed/cancelled state, aborting job {"withdrawal_id":1,"reference_number":"WD-20260907-018C80A843D3","status":"failed"} 
[2026-09-07 18:01:31] testing.WARNING: DisburseWithdrawalJob: Transient error during disbursement, queue will retry {"withdrawal_id":1,"attempt":1,"max_tries":3,"exception":"Connection timeout to gateway API."} 
[2026-09-07 18:01:31] testing.ERROR: DisburseWithdrawalJob: Withdrawal not found {"withdrawal_id":999999,"attempt":1} 
[2026-09-07 18:01:31] testing.INFO: DisburseWithdrawalJob: Withdrawal already completed, skipping redundant disbursement {"withdrawal_id":1,"reference_number":"WD-20260907-8EA7AD82008C","status":"completed"} 
[2026-09-07 18:01:31] testing.INFO: DisburseWithdrawalJob: Withdrawal already completed, skipping redundant disbursement {"withdrawal_id":1,"reference_number":"WD-20260907-9478871DD5E2","status":"completed"} 
[2026-09-07 18:01:31] testing.WARNING: ProcessPrizeSettlementJob: Transient error during settlement, queue will retry {"draw_id":1,"draw_number":"DRW-20260907-LXEQU6","attempt":1,"exception":"Add fillable property [status, settled_at] to allow mass assignment on [App\\Models\\Payout]."} 
[2026-09-07 18:01:32] testing.INFO: Payment webhook event already processed (replay cache hit) {"gateway":"bkash","event_id":"evt_job_dup_08"} 
[2026-09-07 18:01:32] testing.CRITICAL: DisburseWithdrawalJob: Job permanently failed after max attempts {"withdrawal_id":1,"attempts":1,"error":"Gateway auth failed for secret token secret_key_123456"} 
[2026-09-07 18:01:32] testing.INFO: DisburseWithdrawalJob: Withdrawal already completed, skipping redundant disbursement {"withdrawal_id":1,"reference_number":"WD-20260907-51CFC81C4BD9","status":"completed"} 
[2026-09-07 18:01:32] testing.WARNING: DisburseWithdrawalJob: Withdrawal in terminal failed/cancelled state, aborting job {"withdrawal_id":1,"reference_number":"WD-20260907-F4E702F3A6E0","status":"failed"} 
[2026-09-07 18:01:43] testing.WARNING: DisburseWithdrawalJob: Transient error during disbursement, queue will retry {"withdrawal_id":1,"attempt":1,"max_tries":3,"exception":"Connection timeout to gateway API."} 
[2026-09-07 18:01:43] testing.ERROR: DisburseWithdrawalJob: Withdrawal not found {"withdrawal_id":999999,"attempt":1} 
[2026-09-07 18:01:43] testing.INFO: DisburseWithdrawalJob: Withdrawal already completed, skipping redundant disbursement {"withdrawal_id":1,"reference_number":"WD-20260907-0CA5241F48D8","status":"completed"} 
[2026-09-07 18:01:43] testing.INFO: DisburseWithdrawalJob: Withdrawal already completed, skipping redundant disbursement {"withdrawal_id":1,"reference_number":"WD-20260907-D8835BDAC130","status":"completed"} 
[2026-09-07 18:01:43] testing.WARNING: ProcessPrizeSettlementJob: Transient error during settlement, queue will retry {"draw_id":1,"draw_number":"DRW-20260907-FEC7I7","attempt":1,"exception":"Undefined constant App\\Enums\\FinancialTransactionType::PrizePayout"} 
[2026-09-07 18:01:43] testing.INFO: Payment webhook event already processed (replay cache hit) {"gateway":"bkash","event_id":"evt_job_dup_08"} 
[2026-09-07 18:01:43] testing.CRITICAL: DisburseWithdrawalJob: Job permanently failed after max attempts {"withdrawal_id":1,"attempts":1,"error":"Gateway auth failed for secret token secret_key_123456"} 
[2026-09-07 18:01:43] testing.INFO: DisburseWithdrawalJob: Withdrawal already completed, skipping redundant disbursement {"withdrawal_id":1,"reference_number":"WD-20260907-3B51D888795C","status":"completed"} 
[2026-09-07 18:01:43] testing.WARNING: DisburseWithdrawalJob: Withdrawal in terminal failed/cancelled state, aborting job {"withdrawal_id":1,"reference_number":"WD-20260907-0713D621CF87","status":"failed"} 
[2026-09-07 18:01:53] testing.WARNING: DisburseWithdrawalJob: Transient error during disbursement, queue will retry {"withdrawal_id":1,"attempt":1,"max_tries":3,"exception":"Connection timeout to gateway API."} 
[2026-09-07 18:01:53] testing.ERROR: DisburseWithdrawalJob: Withdrawal not found {"withdrawal_id":999999,"attempt":1} 
[2026-09-07 18:01:53] testing.INFO: DisburseWithdrawalJob: Withdrawal already completed, skipping redundant disbursement {"withdrawal_id":1,"reference_number":"WD-20260907-C0A172E1634F","status":"completed"} 
[2026-09-07 18:01:53] testing.INFO: DisburseWithdrawalJob: Withdrawal already completed, skipping redundant disbursement {"withdrawal_id":1,"reference_number":"WD-20260907-7C0C454D4F1C","status":"completed"} 
[2026-09-07 18:01:53] testing.WARNING: ProcessPrizeSettlementJob: Transient error during settlement, queue will retry {"draw_id":1,"draw_number":"DRW-20260907-N47AGV","attempt":1,"exception":"Add fillable property [balance_before, balance_after, status] to allow mass assignment on [App\\Models\\FinancialTransaction]."} 
[2026-09-07 18:01:53] testing.INFO: Payment webhook event already processed (replay cache hit) {"gateway":"bkash","event_id":"evt_job_dup_08"} 
[2026-09-07 18:01:53] testing.CRITICAL: DisburseWithdrawalJob: Job permanently failed after max attempts {"withdrawal_id":1,"attempts":1,"error":"Gateway auth failed for secret token secret_key_123456"} 
[2026-09-07 18:01:53] testing.INFO: DisburseWithdrawalJob: Withdrawal already completed, skipping redundant disbursement {"withdrawal_id":1,"reference_number":"WD-20260907-3CAD64806FFB","status":"completed"} 
[2026-09-07 18:01:54] testing.WARNING: DisburseWithdrawalJob: Withdrawal in terminal failed/cancelled state, aborting job {"withdrawal_id":1,"reference_number":"WD-20260907-0E4C7BB4A50B","status":"failed"} 
[2026-09-07 18:02:04] testing.WARNING: DisburseWithdrawalJob: Transient error during disbursement, queue will retry {"withdrawal_id":1,"attempt":1,"max_tries":3,"exception":"Connection timeout to gateway API."} 
[2026-09-07 18:02:04] testing.ERROR: DisburseWithdrawalJob: Withdrawal not found {"withdrawal_id":999999,"attempt":1} 
[2026-09-07 18:02:04] testing.INFO: DisburseWithdrawalJob: Withdrawal already completed, skipping redundant disbursement {"withdrawal_id":1,"reference_number":"WD-20260907-4A8DF6BD329D","status":"completed"} 
[2026-09-07 18:02:04] testing.INFO: DisburseWithdrawalJob: Withdrawal already completed, skipping redundant disbursement {"withdrawal_id":1,"reference_number":"WD-20260907-81FF08D6A341","status":"completed"} 
[2026-09-07 18:02:05] testing.WARNING: ProcessPrizeSettlementJob: Transient error during settlement, queue will retry {"draw_id":1,"draw_number":"DRW-20260907-GPQIKX","attempt":1,"exception":"Call to undefined method App\\Services\\Finance\\LedgerPostingService::postPrizePayout()"} 
[2026-09-07 18:02:05] testing.INFO: Payment webhook event already processed (replay cache hit) {"gateway":"bkash","event_id":"evt_job_dup_08"} 
[2026-09-07 18:02:05] testing.CRITICAL: DisburseWithdrawalJob: Job permanently failed after max attempts {"withdrawal_id":1,"attempts":1,"error":"Gateway auth failed for secret token secret_key_123456"} 
[2026-09-07 18:02:05] testing.INFO: DisburseWithdrawalJob: Withdrawal already completed, skipping redundant disbursement {"withdrawal_id":1,"reference_number":"WD-20260907-7C8B204DB7D0","status":"completed"} 
[2026-09-07 18:02:05] testing.WARNING: DisburseWithdrawalJob: Withdrawal in terminal failed/cancelled state, aborting job {"withdrawal_id":1,"reference_number":"WD-20260907-D98627016082","status":"failed"} 
[2026-09-07 18:02:38] testing.WARNING: DisburseWithdrawalJob: Transient error during disbursement, queue will retry {"withdrawal_id":1,"attempt":1,"max_tries":3,"exception":"Connection timeout to gateway API."} 
[2026-09-07 18:02:38] testing.ERROR: DisburseWithdrawalJob: Withdrawal not found {"withdrawal_id":999999,"attempt":1} 
[2026-09-07 18:02:38] testing.INFO: DisburseWithdrawalJob: Withdrawal already completed, skipping redundant disbursement {"withdrawal_id":1,"reference_number":"WD-20260907-DB69441BDB1E","status":"completed"} 
[2026-09-07 18:02:38] testing.INFO: DisburseWithdrawalJob: Withdrawal already completed, skipping redundant disbursement {"withdrawal_id":1,"reference_number":"WD-20260907-F7A63881CA80","status":"completed"} 
[2026-09-07 18:02:38] testing.WARNING: ProcessPrizeSettlementJob: Transient error during settlement, queue will retry {"draw_id":1,"draw_number":"DRW-20260907-RQPMIX","attempt":1,"exception":"Unknown named parameter $walletId"} 
[2026-09-07 18:02:38] testing.INFO: Payment webhook event already processed (replay cache hit) {"gateway":"bkash","event_id":"evt_job_dup_08"} 
[2026-09-07 18:02:38] testing.CRITICAL: DisburseWithdrawalJob: Job permanently failed after max attempts {"withdrawal_id":1,"attempts":1,"error":"Gateway auth failed for secret token secret_key_123456"} 
[2026-09-07 18:02:38] testing.INFO: DisburseWithdrawalJob: Withdrawal already completed, skipping redundant disbursement {"withdrawal_id":1,"reference_number":"WD-20260907-305C86E83C3B","status":"completed"} 
[2026-09-07 18:02:39] testing.WARNING: DisburseWithdrawalJob: Withdrawal in terminal failed/cancelled state, aborting job {"withdrawal_id":1,"reference_number":"WD-20260907-048263783F8E","status":"failed"} 
[2026-09-07 18:03:05] testing.WARNING: DisburseWithdrawalJob: Transient error during disbursement, queue will retry {"withdrawal_id":1,"attempt":1,"max_tries":3,"exception":"Connection timeout to gateway API."} 
[2026-09-07 18:03:05] testing.ERROR: DisburseWithdrawalJob: Withdrawal not found {"withdrawal_id":999999,"attempt":1} 
[2026-09-07 18:03:05] testing.INFO: DisburseWithdrawalJob: Withdrawal already completed, skipping redundant disbursement {"withdrawal_id":1,"reference_number":"WD-20260907-07771E8FE9F2","status":"completed"} 
[2026-09-07 18:03:05] testing.INFO: DisburseWithdrawalJob: Withdrawal already completed, skipping redundant disbursement {"withdrawal_id":1,"reference_number":"WD-20260907-472680980494","status":"completed"} 
[2026-09-07 18:03:05] testing.INFO: Payment webhook event already processed (replay cache hit) {"gateway":"bkash","event_id":"evt_job_dup_08"} 
[2026-09-07 18:03:05] testing.CRITICAL: DisburseWithdrawalJob: Job permanently failed after max attempts {"withdrawal_id":1,"attempts":1,"error":"Gateway auth failed for secret token secret_key_123456"} 
[2026-09-07 18:03:05] testing.INFO: DisburseWithdrawalJob: Withdrawal already completed, skipping redundant disbursement {"withdrawal_id":1,"reference_number":"WD-20260907-E53DE9FCE9E8","status":"completed"} 
[2026-09-07 18:03:05] testing.WARNING: DisburseWithdrawalJob: Withdrawal in terminal failed/cancelled state, aborting job {"withdrawal_id":1,"reference_number":"WD-20260907-7CE4F08F6967","status":"failed"} 
[2026-09-07 18:03:22] testing.WARNING: DisburseWithdrawalJob: Transient error during disbursement, queue will retry {"withdrawal_id":1,"attempt":1,"max_tries":3,"exception":"Connection timeout to gateway API."} 
[2026-09-07 18:03:22] testing.ERROR: DisburseWithdrawalJob: Withdrawal not found {"withdrawal_id":999999,"attempt":1} 
[2026-09-07 18:03:22] testing.INFO: DisburseWithdrawalJob: Withdrawal already completed, skipping redundant disbursement {"withdrawal_id":1,"reference_number":"WD-20260907-C6BF9A16AF72","status":"completed"} 
[2026-09-07 18:03:22] testing.INFO: DisburseWithdrawalJob: Withdrawal already completed, skipping redundant disbursement {"withdrawal_id":1,"reference_number":"WD-20260907-89EED1A5F01C","status":"completed"} 
[2026-09-07 18:03:23] testing.ERROR: ProcessPrizeSettlementJob: Permanent FinancialException encountered {"draw_id":1,"draw_number":"DRW-20260907-AYLPCH","error_code":"idempotency_key_invalid_length","message":"An idempotency key must be between 16 and 128 characters long."} 
[2026-09-07 18:03:23] testing.INFO: Payment webhook event already processed (replay cache hit) {"gateway":"bkash","event_id":"evt_job_dup_08"} 
[2026-09-07 18:03:23] testing.CRITICAL: DisburseWithdrawalJob: Job permanently failed after max attempts {"withdrawal_id":1,"attempts":1,"error":"Gateway auth failed for secret token secret_key_123456"} 
[2026-09-07 18:03:23] testing.INFO: DisburseWithdrawalJob: Withdrawal already completed, skipping redundant disbursement {"withdrawal_id":1,"reference_number":"WD-20260907-786827AAEDC4","status":"completed"} 
[2026-09-07 18:03:23] testing.WARNING: DisburseWithdrawalJob: Withdrawal in terminal failed/cancelled state, aborting job {"withdrawal_id":1,"reference_number":"WD-20260907-47AB1AA8154D","status":"failed"} 
[2026-09-07 18:03:50] testing.WARNING: DisburseWithdrawalJob: Transient error during disbursement, queue will retry {"withdrawal_id":1,"attempt":1,"max_tries":3,"exception":"Connection timeout to gateway API."} 
[2026-09-07 18:03:50] testing.ERROR: DisburseWithdrawalJob: Withdrawal not found {"withdrawal_id":999999,"attempt":1} 
[2026-09-07 18:03:50] testing.INFO: DisburseWithdrawalJob: Withdrawal already completed, skipping redundant disbursement {"withdrawal_id":1,"reference_number":"WD-20260907-2BC280F3811F","status":"completed"} 
[2026-09-07 18:03:50] testing.INFO: DisburseWithdrawalJob: Withdrawal already completed, skipping redundant disbursement {"withdrawal_id":1,"reference_number":"WD-20260907-24AA85FA521F","status":"completed"} 
[2026-09-07 18:03:50] testing.ERROR: ProcessPrizeSettlementJob: Permanent FinancialException encountered {"draw_id":1,"draw_number":"DRW-20260907-JCZYXM","error_code":"idempotency_key_invalid_length","message":"An idempotency key must be between 16 and 128 characters long."} 
[2026-09-07 18:03:50] testing.INFO: Payment webhook event already processed (replay cache hit) {"gateway":"bkash","event_id":"evt_job_dup_08"} 
[2026-09-07 18:03:50] testing.CRITICAL: DisburseWithdrawalJob: Job permanently failed after max attempts {"withdrawal_id":1,"attempts":1,"error":"Gateway auth failed for secret token secret_key_123456"} 
[2026-09-07 18:03:50] testing.INFO: DisburseWithdrawalJob: Withdrawal already completed, skipping redundant disbursement {"withdrawal_id":1,"reference_number":"WD-20260907-8EB8B19CDBD5","status":"completed"} 
[2026-09-07 18:03:51] testing.WARNING: DisburseWithdrawalJob: Withdrawal in terminal failed/cancelled state, aborting job {"withdrawal_id":1,"reference_number":"WD-20260907-0FAB214C6F17","status":"failed"} 
[2026-09-07 18:04:03] testing.ERROR: ProcessPrizeSettlementJob: Permanent FinancialException encountered {"draw_id":1,"draw_number":"DRW-20260907-RKQQHM","error_code":"idempotency_key_invalid_length","message":"An idempotency key must be between 16 and 128 characters long."} 
[2026-09-07 18:04:26] testing.ERROR: ProcessPrizeSettlementJob: Permanent FinancialException encountered {"draw_id":1,"draw_number":"DRW-20260907-I8HMGB","error_code":"idempotency_key_invalid_length","message":"An idempotency key must be between 16 and 128 characters long."} 
[2026-09-07 18:04:40] testing.INFO: RealPrizeSettlementService: Settled Draw #DRW-20260907-A4AXZT {"correlation_id":"36db33c9-26a4-4862-8b35-99e13c72b583","draw_id":1,"winners":1,"total_payout":"9000.00"} {"correlation_id":"36db33c9-26a4-4862-8b35-99e13c72b583"}
[2026-09-07 18:04:40] testing.WARNING: ProcessPrizeSettlementJob: Transient error during settlement, queue will retry {"correlation_id":"36db33c9-26a4-4862-8b35-99e13c72b583","draw_id":1,"draw_number":"DRW-20260907-A4AXZT","attempt":1,"exception":"Unknown named parameter $winnersCount"} {"correlation_id":"36db33c9-26a4-4862-8b35-99e13c72b583"}
[2026-09-07 18:05:00] testing.WARNING: DisburseWithdrawalJob: Transient error during disbursement, queue will retry {"withdrawal_id":1,"attempt":1,"max_tries":3,"exception":"Connection timeout to gateway API."} 
[2026-09-07 18:05:00] testing.ERROR: DisburseWithdrawalJob: Withdrawal not found {"withdrawal_id":999999,"attempt":1} 
[2026-09-07 18:05:00] testing.INFO: DisburseWithdrawalJob: Withdrawal already completed, skipping redundant disbursement {"withdrawal_id":1,"reference_number":"WD-20260907-21662D503DAE","status":"completed"} 
[2026-09-07 18:05:00] testing.INFO: DisburseWithdrawalJob: Withdrawal already completed, skipping redundant disbursement {"withdrawal_id":1,"reference_number":"WD-20260907-C2DD19E4F50E","status":"completed"} 
[2026-09-07 18:05:00] testing.INFO: RealPrizeSettlementService: Settled Draw #DRW-20260907-M6UUP5 {"draw_id":1,"winners":1,"total_payout":"9000.00"} 
[2026-09-07 18:05:00] testing.INFO: ProcessPrizeSettlementJob: Draw is already settled, skipping redundant execution {"draw_id":1,"draw_number":"DRW-20260907-M6UUP5","status":"completed"} 
[2026-09-07 18:05:00] testing.INFO: Payment webhook event already processed (replay cache hit) {"gateway":"bkash","event_id":"evt_job_dup_08"} 
[2026-09-07 18:05:00] testing.CRITICAL: DisburseWithdrawalJob: Job permanently failed after max attempts {"withdrawal_id":1,"attempts":1,"error":"Gateway auth failed for secret token secret_key_123456"} 
[2026-09-07 18:05:00] testing.INFO: DisburseWithdrawalJob: Withdrawal already completed, skipping redundant disbursement {"withdrawal_id":1,"reference_number":"WD-20260907-B6C60190C022","status":"completed"} 
[2026-09-07 18:05:01] testing.WARNING: DisburseWithdrawalJob: Withdrawal in terminal failed/cancelled state, aborting job {"withdrawal_id":1,"reference_number":"WD-20260907-52A30E8519B1","status":"failed"} 
[2026-09-07 18:05:05] testing.ERROR: High Exposure (High Risk) on number 123 [3d] for draw 1. {"risk_alert_type":"high_exposure","risk_level":"high","audit_log_id":4} 
[2026-09-07 18:05:12] testing.INFO: bet_purchase.api.success {"correlation_id":"3fa7354f-9a7d-4f18-afca-a9668c07507b","outcome":"purchased","bet_id":1,"bet_number":"BT-20260907-E128B51D685E","ticket_id":1,"draw_id":1,"currency":"THB","stake":"10.00","client_key":"api-3fac7e5042598962807ac50192f07570561b1f92","request_id":"fc11d88a70937dde7e6cb2cc4387f592","user_id":1} {"correlation_id":"3fa7354f-9a7d-4f18-afca-a9668c07507b"}
[2026-09-07 18:05:12] testing.INFO: bet_purchase.api.success {"correlation_id":"3e576f75-b31f-4f76-8f17-3647b408d207","outcome":"purchased","bet_id":1,"bet_number":"BT-20260907-2E59AAB94AD0","ticket_id":1,"draw_id":1,"currency":"THB","stake":"10.00","client_key":"api-a676f40bd6585d6668cbe33a51f09953c02a7fef","request_id":"7d00188439fd42f4f751beeae07a6ea7","user_id":1} {"correlation_id":"3e576f75-b31f-4f76-8f17-3647b408d207"}
[2026-09-07 18:05:12] testing.INFO: bet_purchase.api.success {"correlation_id":"5f6776a5-9ad6-47ab-a034-d01354490946","outcome":"purchased","bet_id":1,"bet_number":"BT-20260907-A75CB5F5DC28","ticket_id":1,"draw_id":1,"currency":"THB","stake":"10.00","client_key":"api-f7b8f591922e9b515c83f0ca28847379e14e3f93","request_id":"57b4ffd42f4c7ab2179da35075442dba","user_id":1} {"correlation_id":"5f6776a5-9ad6-47ab-a034-d01354490946"}
[2026-09-07 18:05:12] testing.INFO: bet_purchase.api.success {"correlation_id":"3eb51adb-2e34-40f0-9620-06ad284509f6","outcome":"purchased","bet_id":1,"bet_number":"BT-20260907-2C0901AA8D10","ticket_id":1,"draw_id":1,"currency":"THB","stake":"10.00","client_key":"api-e187d76746182cbb563423de65c53cff48e1b26c","request_id":"fbcf6462dbc0bcb8d9424ff79f910123","user_id":1} {"correlation_id":"3eb51adb-2e34-40f0-9620-06ad284509f6"}
[2026-09-07 18:05:12] testing.INFO: bet_purchase.api.success {"correlation_id":"e58ded94-e59a-4a8c-b8f5-67c2e87f71d3","outcome":"purchased","bet_id":1,"bet_number":"BT-20260907-A15B2EDDF8D2","ticket_id":1,"draw_id":1,"currency":"THB","stake":"10.00","client_key":"api-bd6c2f1a5ca9ea80b589a486be6f1ed025590bed","request_id":"e30663833322000d55b5fcf512eaed47","user_id":1} {"correlation_id":"e58ded94-e59a-4a8c-b8f5-67c2e87f71d3"}
[2026-09-07 18:05:12] testing.INFO: bet_purchase.api.success {"correlation_id":"da5324b2-1d1d-433f-ad2f-72868a5368eb","outcome":"purchased","bet_id":1,"bet_number":"BT-20260907-E96449BB4DBD","ticket_id":1,"draw_id":1,"currency":"THB","stake":"10.00","client_key":"api-8e924a7dac69469f40b6a9525e68f510b7972699","request_id":"62142e82210e53776d1910e3acee1346","user_id":1} {"correlation_id":"da5324b2-1d1d-433f-ad2f-72868a5368eb"}
[2026-09-07 18:05:12] testing.INFO: bet_purchase.api.success {"correlation_id":"a7c65eab-8b32-4308-8973-5d5f22f87006","outcome":"purchased","bet_id":1,"bet_number":"BT-20260907-0A5D2E50E078","ticket_id":1,"draw_id":1,"currency":"THB","stake":"10.00","client_key":"api-63e4863923f9d99f637040c4ecaa95eaf5e39f31","request_id":"8026f7f52349249d2dce362ab9dbfb1d","user_id":1} {"correlation_id":"a7c65eab-8b32-4308-8973-5d5f22f87006"}
[2026-09-07 18:05:12] testing.INFO: bet_purchase.api.success {"correlation_id":"ec371330-2c4b-4472-a4e1-c9567115fab8","outcome":"purchased","bet_id":1,"bet_number":"BT-20260907-38C48C32A7A2","ticket_id":1,"draw_id":1,"currency":"THB","stake":"10.00","client_key":"api-1d2da6cca6185013559ff92e6eedc11e93618224","request_id":"5c5dda2eec3efecb58c2ef20c38e4607","user_id":1} {"correlation_id":"ec371330-2c4b-4472-a4e1-c9567115fab8"}
[2026-09-07 18:05:12] testing.INFO: bet_purchase.api.success {"correlation_id":"636565ad-9a81-4e7b-b240-408a1293708d","outcome":"purchased","bet_id":1,"bet_number":"BT-20260907-D9A262C8A27A","ticket_id":1,"draw_id":1,"currency":"THB","stake":"10.00","client_key":"api-4fed3970dcc0d31dccddbf69ef55b00f32d2ca78","request_id":"8a05a00c2200659dbf15c42b2988eda4","user_id":1} {"correlation_id":"636565ad-9a81-4e7b-b240-408a1293708d"}
[2026-09-07 18:05:12] testing.INFO: bet_purchase.api.success {"correlation_id":"3f63e8af-73cc-4a4a-97c9-22df45838379","outcome":"purchased","bet_id":1,"bet_number":"BT-20260907-56730E739BD7","ticket_id":1,"draw_id":1,"currency":"THB","stake":"10.00","client_key":"api-3e23e8160039594a33894f6564e1b1348bbd7a00","request_id":"4a213aeec2355e47338aea30a4e7946b","user_id":1} {"correlation_id":"3f63e8af-73cc-4a4a-97c9-22df45838379"}
[2026-09-07 18:05:13] testing.INFO: bet_purchase.api.success {"correlation_id":"332ccb1e-784e-4b08-9cfc-d7a2776a675a","outcome":"purchased","bet_id":1,"bet_number":"BT-20260907-637131615EAE","ticket_id":1,"draw_id":1,"currency":"THB","stake":"10.00","client_key":"api-2e7d2c03a9507ae265ecf5b5356885a53393a202","request_id":"edb4d2ad74d3936d271be7f738a8952f","user_id":1} {"correlation_id":"332ccb1e-784e-4b08-9cfc-d7a2776a675a"}
[2026-09-07 18:05:13] testing.INFO: bet_purchase.api.refused {"correlation_id":"042e127a-fbd2-4a41-b0a5-c82021ce176d","outcome":"refused","error_code":"draw_not_found","http_status":404,"exception":"App\\Exceptions\\BetPurchaseValidationException","client_key":"api-3f79bb7b435b05321651daefd374cdc681dc06fa","request_id":"c4be7d5112aa5892648ce9f8b19e93ae","user_id":1} {"correlation_id":"042e127a-fbd2-4a41-b0a5-c82021ce176d"}
[2026-09-07 18:05:13] testing.INFO: bet_purchase.api.refused {"correlation_id":"4b0943ae-ef0d-4c07-8dcc-61527c51c011","outcome":"refused","error_code":"draw_closed","http_status":422,"exception":"App\\Exceptions\\BetPurchaseValidationException","client_key":"api-252f10c83610ebca1a059c0bae8255eba2f95be4","request_id":"49bf15053967d50c9c39a1c3dbee8834","user_id":1} {"correlation_id":"4b0943ae-ef0d-4c07-8dcc-61527c51c011"}
[2026-09-07 18:05:13] testing.INFO: bet_purchase.api.success {"correlation_id":"dc9b058f-a954-49aa-830e-f67307fe48a9","outcome":"purchased","bet_id":1,"bet_number":"BT-20260907-E6295C9EDC33","ticket_id":1,"draw_id":1,"currency":"THB","stake":"10.00","client_key":"api-de7d1b721a1e0632b7cf04edf5032c8ecffa9f9a","request_id":"49cb0f9057224ca8791cd7e38d451898","user_id":1} {"correlation_id":"dc9b058f-a954-49aa-830e-f67307fe48a9"}
[2026-09-07 18:05:13] testing.INFO: bet_purchase.api.success {"correlation_id":"0eb9d834-a27f-476b-9b3f-aa0a2de0de67","outcome":"purchased","bet_id":1,"bet_number":"BT-20260907-520D64D279CB","ticket_id":1,"draw_id":1,"currency":"THB","stake":"10.00","client_key":"api-189f40034be7a199f1fa9891668ee3ab6049f82d","request_id":"1d35e59a404ebec82b64e7990c5bb691","user_id":1} {"correlation_id":"0eb9d834-a27f-476b-9b3f-aa0a2de0de67"}
[2026-09-07 18:05:13] testing.INFO: bet_purchase.api.refused {"correlation_id":"5cc895c0-cb5f-4c8e-87e9-50dc49cfd7fd","outcome":"refused","error_code":"invalid_stake","http_status":422,"exception":"App\\Exceptions\\BetPurchaseValidationException","client_key":"api-acac86c0e609ca906f632b0e2dacccb2b77d22b0","request_id":"2a9352d37405175e0909b4f1fec9320f","user_id":1} {"correlation_id":"5cc895c0-cb5f-4c8e-87e9-50dc49cfd7fd"}
[2026-09-07 18:05:13] testing.INFO: bet_purchase.api.refused {"correlation_id":"e37a1147-4dcf-4020-b1d9-8e6a5cfd605c","outcome":"refused","error_code":"insufficient_balance","http_status":422,"exception":"App\\Exceptions\\BetPurchaseException","client_key":"api-1b16b1df538ba12dc3f97edbb85caa7050d46c14","request_id":"3b2065888cad9412d49d7e4fc0e2ac1e","user_id":1} {"correlation_id":"e37a1147-4dcf-4020-b1d9-8e6a5cfd605c"}
[2026-09-07 18:05:13] testing.INFO: bet_purchase.api.refused {"correlation_id":"116cac3d-fc9a-4f88-9318-ae386357fdb9","outcome":"refused","error_code":"risk_rejected","http_status":422,"exception":"App\\Exceptions\\BetPurchaseValidationException","client_key":"api-65c74c15a686187bb6bbf9958f494fc6b8006803","request_id":"71b71d0ee49d431f0dd9af5e22a3961c","user_id":1} {"correlation_id":"116cac3d-fc9a-4f88-9318-ae386357fdb9"}
[2026-09-07 18:05:13] testing.INFO: bet_purchase.api.success {"correlation_id":"3bf0185b-9205-47d3-9ec0-1811b7e907f6","outcome":"purchased","bet_id":1,"bet_number":"BT-20260907-35D761D303DE","ticket_id":1,"draw_id":1,"currency":"THB","stake":"10.00","client_key":"api-148de9c5a7a44d19e56cd9ae1a554bf67847afb0","request_id":"4ab044fe315e6fb021f7400fa80f9e4a","user_id":1} {"correlation_id":"3bf0185b-9205-47d3-9ec0-1811b7e907f6"}
[2026-09-07 18:05:13] testing.INFO: bet_purchase.api.success {"correlation_id":"14716dc1-29eb-4a24-8271-c80c37fe3f98","outcome":"replayed","bet_id":1,"bet_number":"BT-20260907-35D761D303DE","ticket_id":1,"draw_id":1,"currency":"THB","stake":"10.00","client_key":"api-148de9c5a7a44d19e56cd9ae1a554bf67847afb0","request_id":"67456261929424333831eced12db058d","user_id":1} {"correlation_id":"14716dc1-29eb-4a24-8271-c80c37fe3f98"}
[2026-09-07 18:05:13] testing.INFO: bet_purchase.api.success {"correlation_id":"796c2330-0b7d-48ad-aa87-8ac31d08f540","outcome":"purchased","bet_id":1,"bet_number":"BT-20260907-1F5C98D05E26","ticket_id":1,"draw_id":1,"currency":"THB","stake":"10.00","client_key":"api-8e35c2cd3bf6641bdb0e2050b76932cbb2e6034a","request_id":"fbe61e954ba3b5c29929bfede407dd64","user_id":1} {"correlation_id":"796c2330-0b7d-48ad-aa87-8ac31d08f540"}
[2026-09-07 18:05:13] testing.INFO: bet_purchase.api.refused {"correlation_id":"08a95e19-510d-4019-8f6d-9f90fd57c257","outcome":"refused","error_code":"idempotency_payload_mismatch","http_status":409,"exception":"App\\Exceptions\\BetPurchaseIdempotencyException","client_key":"api-8e35c2cd3bf6641bdb0e2050b76932cbb2e6034a","request_id":"db86cf9b2d2ada7fbca6b90136cc25f1","user_id":1} {"correlation_id":"08a95e19-510d-4019-8f6d-9f90fd57c257"}
[2026-09-07 18:05:13] testing.INFO: bet_purchase.api.success {"correlation_id":"1099a4ae-2dfb-4cdd-b8ec-a3473cec3d20","outcome":"purchased","bet_id":1,"bet_number":"BT-20260907-189EA6F67E09","ticket_id":1,"draw_id":1,"currency":"THB","stake":"10.00","client_key":"api-454349e422f05297191ead13e21d3db520e5abef","request_id":"5bccdc28f897f5ee121bfcc989be7e46","user_id":1} {"correlation_id":"1099a4ae-2dfb-4cdd-b8ec-a3473cec3d20"}
[2026-09-07 18:05:13] testing.INFO: bet_purchase.api.success {"correlation_id":"73859c52-3a71-4680-a83b-a02297f0afe9","outcome":"purchased","bet_id":2,"bet_number":"BT-20260907-2A3624547566","ticket_id":2,"draw_id":2,"currency":"THB","stake":"10.00","client_key":"api-454349e422f05297191ead13e21d3db520e5abef","request_id":"79ff797145be310f61b1c10348204009","user_id":2} {"correlation_id":"73859c52-3a71-4680-a83b-a02297f0afe9"}
[2026-09-07 18:05:14] testing.INFO: bet_purchase.api.success {"correlation_id":"e169f209-331d-4fab-af8f-185ef593f5cd","outcome":"purchased","bet_id":1,"bet_number":"BT-20260907-4A44594ABD76","ticket_id":1,"draw_id":1,"currency":"THB","stake":"10.00","client_key":"api-043a718774c572bd8a25adbeb1bfcd5c0256ae11","request_id":"d88e76253e7403bdd02dbc5fcd435f4a","user_id":1} {"correlation_id":"e169f209-331d-4fab-af8f-185ef593f5cd"}
[2026-09-07 18:05:14] testing.INFO: bet_purchase.api.success {"correlation_id":"88efe637-8ac0-4ef3-8b6d-f1a7678e8847","outcome":"purchased","bet_id":2,"bet_number":"BT-20260907-C4DB6136A028","ticket_id":2,"draw_id":2,"currency":"THB","stake":"10.00","client_key":"api-043a718774c572bd8a25adbeb1bfcd5c0256ae11","request_id":"2881e9b5ade6a21cbe3ac0efbc84b5f1","user_id":1} {"correlation_id":"88efe637-8ac0-4ef3-8b6d-f1a7678e8847"}
[2026-09-07 18:05:14] testing.INFO: bet_purchase.api.success {"correlation_id":"e20892ae-18ae-45d6-821b-ce19c17a6126","outcome":"purchased","bet_id":1,"bet_number":"BT-20260907-EA45E04351A7","ticket_id":1,"draw_id":1,"currency":"THB","stake":"10.00","client_key":"api-e3b98a4da31a127d4bde6e43033f66ba274cab0e","request_id":"1a60d4d366db00f5538fa062efd394b6","user_id":1} {"correlation_id":"e20892ae-18ae-45d6-821b-ce19c17a6126"}
[2026-09-07 18:05:14] testing.INFO: bet_purchase.api.success {"correlation_id":"1b970bc9-fc9c-4aab-88b4-f3392384adca","outcome":"purchased","bet_id":1,"bet_number":"BT-20260907-792E097F8A88","ticket_id":1,"draw_id":1,"currency":"THB","stake":"10.00","client_key":"api-2d711642b726b04401627ca9fbac32f5c8530fb1","request_id":"b3d32cf32a2b164e3c3c90815f00d6b0","user_id":1} {"correlation_id":"1b970bc9-fc9c-4aab-88b4-f3392384adca"}
[2026-09-07 18:05:14] testing.INFO: bet_purchase.api.success {"correlation_id":"6929f62a-7f31-4aaa-93f2-522b1c9d5b9b","outcome":"purchased","bet_id":1,"bet_number":"BT-20260907-F17E5A20D1C0","ticket_id":1,"draw_id":1,"currency":"THB","stake":"10.00","client_key":"api-a1fce4363854ff888cff4b8e7875d600c2682390","request_id":"e33f7398aeb40b5471f235514d9eeb29","user_id":1} {"correlation_id":"6929f62a-7f31-4aaa-93f2-522b1c9d5b9b"}
[2026-09-07 18:05:14] testing.INFO: bet_purchase.api.success {"correlation_id":"9cdf39c7-4d21-4b2d-b000-e6940777cba9","outcome":"purchased","bet_id":1,"bet_number":"BT-20260907-34452564CFAA","ticket_id":1,"draw_id":1,"currency":"THB","stake":"10.00","client_key":"api-fb8e20fc2e4c3f248c60c39bd652f3c1347298bb","request_id":"5aca1d71f90769fc3d07a8ab3072c0b5","user_id":1} {"correlation_id":"9cdf39c7-4d21-4b2d-b000-e6940777cba9"}
[2026-09-07 18:05:14] testing.INFO: bet_purchase.api.success {"correlation_id":"f5cf4e8a-b5d6-46f7-a7ed-f0405dcbfb58","outcome":"purchased","bet_id":1,"bet_number":"BT-20260907-E7741ACF4D0B","ticket_id":1,"draw_id":1,"currency":"THB","stake":"10.00","client_key":"api-f45de51cdef30991551e41e882dd7b5404799648","request_id":"e647814ceb3d226ed4be2c327b43baa8","user_id":1} {"correlation_id":"f5cf4e8a-b5d6-46f7-a7ed-f0405dcbfb58"}
[2026-09-07 18:05:14] testing.INFO: bet_purchase.api.success {"correlation_id":"a37c842b-6a13-4f3b-9920-ae2097dba5a7","outcome":"purchased","bet_id":1,"bet_number":"BT-20260907-BF3E8B331E29","ticket_id":1,"draw_id":1,"currency":"THB","stake":"10.00","client_key":"api-b0136a3f0a0fae4b4cbb261ae65b245326d69f8a","request_id":"c5eb1dc3cd72d81beafbdaeebf89bbcd","user_id":1} {"correlation_id":"a37c842b-6a13-4f3b-9920-ae2097dba5a7"}
[2026-09-07 18:05:14] testing.INFO: bet_purchase.api.success {"correlation_id":"ee95db1f-40c0-458f-ac49-2a9394c3812f","outcome":"purchased","bet_id":1,"bet_number":"BT-20260907-E238CFD99088","ticket_id":1,"draw_id":1,"currency":"THB","stake":"10.00","client_key":"api-e5a94045f98e84810bb71edd3ba885463406b087","request_id":"a2b59cf2bcb91d6830c927e47682402f","user_id":1} {"correlation_id":"ee95db1f-40c0-458f-ac49-2a9394c3812f"}
[2026-09-07 18:05:14] testing.INFO: bet_purchase.api.success {"correlation_id":"83704558-2f82-4ce6-88da-22a261758745","outcome":"purchased","bet_id":1,"bet_number":"BT-20260907-5F4FBEE5AC8C","ticket_id":1,"draw_id":1,"currency":"THB","stake":"10.00","client_key":"api-b797c8d26a988c97a38d4458172406dc19ab0012","request_id":"3f2c4525d6a6cba3bb32c2a7449e0eb5","user_id":1} {"correlation_id":"83704558-2f82-4ce6-88da-22a261758745"}
[2026-09-07 18:05:14] testing.INFO: bet_purchase.api.success {"correlation_id":"38377eca-7a72-47f9-a0a7-d15f1961fd0a","outcome":"purchased","bet_id":1,"bet_number":"BT-20260907-9F8F30DFA5EA","ticket_id":1,"draw_id":1,"currency":"THB","stake":"10.00","client_key":"api-70ba33708cbfb103f1a8e34afef333ba7dc02102","request_id":"41d2393f897d4a4b98dcbe313ad30145","user_id":1} {"correlation_id":"38377eca-7a72-47f9-a0a7-d15f1961fd0a"}
[2026-09-07 18:05:14] testing.INFO: bet_purchase.api.success {"correlation_id":"37e4333e-7359-41c3-b4da-d7e5c76db347","outcome":"purchased","bet_id":1,"bet_number":"BT-20260907-CEC4E72D6C2E","ticket_id":1,"draw_id":1,"currency":"THB","stake":"10.00","client_key":"api-f9a00f43e97e3966bb846e76b6795e11512c3bbf","request_id":"5fd85a1e268c3aa8419e81479574a7b1","user_id":1} {"correlation_id":"37e4333e-7359-41c3-b4da-d7e5c76db347"}
[2026-09-07 18:05:15] testing.INFO: bet_purchase.api.success {"correlation_id":"14c96510-b294-49cc-825a-d15fc5070743","outcome":"purchased","bet_id":1,"bet_number":"BT-20260907-B855682E334A","ticket_id":1,"draw_id":1,"currency":"THB","stake":"10.00","client_key":"api-503126878d17fcd6bde7df320ff6eb7c278a1c42","request_id":"a1f841d1ced40bf98667b546a9edf646","user_id":1} {"correlation_id":"14c96510-b294-49cc-825a-d15fc5070743"}
[2026-09-07 18:05:15] testing.INFO: bet_purchase.api.success {"correlation_id":"9c3f2e3b-31fd-4c72-88eb-8f83f92d8dc8","outcome":"purchased","bet_id":1,"bet_number":"BT-20260907-D1C8EDD61F42","ticket_id":1,"draw_id":1,"currency":"THB","stake":"10.00","client_key":"api-9aaf680776b98fd17fe63376120525cbcdffc01b","request_id":"90a593f4e5068f7d3efddee2e3b7fcb0","user_id":1} {"correlation_id":"9c3f2e3b-31fd-4c72-88eb-8f83f92d8dc8"}
[2026-09-07 18:05:15] testing.INFO: bet_purchase.api.success {"correlation_id":"ec486115-e567-4cfa-a19f-4e74d4b1cdd8","outcome":"purchased","bet_id":1,"bet_number":"BT-20260907-C4E28FDDD6C0","ticket_id":1,"draw_id":1,"currency":"THB","stake":"10.55","client_key":"api-70a0d5198ebb88f97a2cc83a236a8afcc28c7d9e","request_id":"23716e9a68c1b54c77d9483ff2b99f4a","user_id":1} {"correlation_id":"ec486115-e567-4cfa-a19f-4e74d4b1cdd8"}
[2026-09-07 18:05:15] testing.INFO: bet_purchase.api.success {"correlation_id":"76edd542-957f-437e-ba90-e5619fd4257d","outcome":"purchased","bet_id":1,"bet_number":"BT-20260907-58383FF4C4FC","ticket_id":1,"draw_id":1,"currency":"THB","stake":"10.00","client_key":"api-32e83e92d45d71f69dcf9d214688f03755421086","request_id":"6f2eeae8f58639334754523c5e1e954c","user_id":1} {"correlation_id":"76edd542-957f-437e-ba90-e5619fd4257d"}
[2026-09-07 18:05:15] testing.INFO: bet_purchase.api.success {"correlation_id":"ea68e325-dcee-46bf-8b64-6ead7cebb433","outcome":"purchased","bet_id":1,"bet_number":"BT-20260907-8C002839EFC0","ticket_id":1,"draw_id":1,"currency":"THB","stake":"10.00","client_key":"api-7d29d73105d636d04ca9fffcf979986d373ac874","request_id":"c4a6ce9fc4793f6b2606b154d9fe797a","user_id":1} {"correlation_id":"ea68e325-dcee-46bf-8b64-6ead7cebb433"}
[2026-09-07 18:05:15] testing.INFO: bet_purchase.api.success {"correlation_id":"a90fbc44-337a-42c6-a77c-c6e52ec7f8fc","outcome":"purchased","bet_id":1,"bet_number":"BT-20260907-97FD3C5F64EE","ticket_id":1,"draw_id":2,"currency":"THB","stake":"10.00","client_key":"api-6fdb16bc02366c008d809798cb3faae1efba55a5","request_id":"377eea34dba9b90e9682b79891b1362d","user_id":2} {"correlation_id":"a90fbc44-337a-42c6-a77c-c6e52ec7f8fc"}
[2026-09-07 18:05:15] testing.ERROR: SQLSTATE[42S02]: Base table or view not found: 1146 Table "thai_lottery.wallets" doesn't exist (Connection: mysql, SQL: select * from `wallets` where `id` = 1) in /var/www/app/Services/Finance/WalletService.php:118 {"correlation_id":"915c7ca5-bb1c-4d19-a207-6ad313b94a54","exception":"[object] (RuntimeException(code: 0): SQLSTATE[42S02]: Base table or view not found: 1146 Table \"thai_lottery.wallets\" doesn't exist (Connection: mysql, SQL: select * from `wallets` where `id` = 1) in /var/www/app/Services/Finance/WalletService.php:118 at /home/user/tests/Feature/Api/V1/BetPurchaseApiTest.php:993)
[stacktrace]
#0 /home/user/vendor/laravel/framework/src/Illuminate/Routing/CallableDispatcher.php(40): Tests\\Feature\\Api\\V1\\BetPurchaseApiTest->{closure:Tests\\Feature\\Api\\V1\\BetPurchaseApiTest::am_an_unexpected_failure_never_exposes_a_stack_trace_or_internals():990}()
#1 /home/user/vendor/laravel/framework/src/Illuminate/Routing/Route.php(244): Illuminate\\Routing\\CallableDispatcher->dispatch()
#2 /home/user/vendor/laravel/framework/src/Illuminate/Routing/Route.php(215): Illuminate\\Routing\\Route->runCallable()
#3 /home/user/vendor/laravel/framework/src/Illuminate/Routing/Router.php(808): Illuminate\\Routing\\Route->run()
#4 /home/user/vendor/laravel/framework/src/Illuminate/Pipeline/Pipeline.php(170): Illuminate\\Routing\\Router->{closure:Illuminate\\Routing\\Router::runRouteWithinStack():807}()
#5 /home/user/vendor/laravel/framework/src/Illuminate/Routing/Middleware/SubstituteBindings.php(51): Illuminate\\Pipeline\\Pipeline->{closure:Illuminate\\Pipeline\\Pipeline::prepareDestination():168}()
#6 /home/user/vendor/laravel/framework/src/Illuminate/Pipeline/Pipeline.php(209): Illuminate\\Routing\\Middleware\\SubstituteBindings->handle()
#7 /home/user/vendor/laravel/framework/src/Illuminate/Pipeline/Pipeline.php(127): Illuminate\\Pipeline\\Pipeline->{closure:{closure:Illuminate\\Pipeline\\Pipeline::carry():184}:185}()
#8 /home/user/vendor/laravel/framework/src/Illuminate/Routing/Router.php(807): Illuminate\\Pipeline\\Pipeline->then()
#9 /home/user/vendor/laravel/framework/src/Illuminate/Routing/Router.php(786): Illuminate\\Routing\\Router->runRouteWithinStack()
#10 /home/user/vendor/laravel/framework/src/Illuminate/Routing/Router.php(750): Illuminate\\Routing\\Router->runRoute()
#11 /home/user/vendor/laravel/framework/src/Illuminate/Routing/Router.php(739): Illuminate\\Routing\\Router->dispatchToRoute()
#12 /home/user/vendor/laravel/framework/src/Illuminate/Foundation/Http/Kernel.php(201): Illuminate\\Routing\\Router->dispatch()
#13 /home/user/vendor/laravel/framework/src/Illuminate/Pipeline/Pipeline.php(170): Illuminate\\Foundation\\Http\\Kernel->{closure:Illuminate\\Foundation\\Http\\Kernel::dispatchToRouter():198}()
#14 /home/user/vendor/livewire/livewire/src/Features/SupportDisablingBackButtonCache/DisableBackButtonCacheMiddleware.php(19): Illuminate\\Pipeline\\Pipeline->{closure:Illuminate\\Pipeline\\Pipeline::prepareDestination():168}()
#15 /home/user/vendor/laravel/framework/src/Illuminate/Pipeline/Pipeline.php(209): Livewire\\Features\\SupportDisablingBackButtonCache\\DisableBackButtonCacheMiddleware->handle()
#16 /home/user/app/Http/Middleware/SecurityHeaders.php(13): Illuminate\\Pipeline\\Pipeline->{closure:{closure:Illuminate\\Pipeline\\Pipeline::carry():184}:185}()
#17 /home/user/vendor/laravel/framework/src/Illuminate/Pipeline/Pipeline.php(209): App\\Http\\Middleware\\SecurityHeaders->handle()
#18 /home/user/app/Http/Middleware/CorrelationIdMiddleware.php(35): Illuminate\\Pipeline\\Pipeline->{closure:{closure:Illuminate\\Pipeline\\Pipeline::carry():184}:185}()
#19 /home/user/vendor/laravel/framework/src/Illuminate/Pipeline/Pipeline.php(209): App\\Http\\Middleware\\CorrelationIdMiddleware->handle()
#20 /home/user/vendor/laravel/framework/src/Illuminate/Foundation/Http/Middleware/TransformsRequest.php(21): Illuminate\\Pipeline\\Pipeline->{closure:{closure:Illuminate\\Pipeline\\Pipeline::carry():184}:185}()
#21 /home/user/vendor/laravel/framework/src/Illuminate/Foundation/Http/Middleware/ConvertEmptyStringsToNull.php(31): Illuminate\\Foundation\\Http\\Middleware\\TransformsRequest->handle()
#22 /home/user/vendor/laravel/framework/src/Illuminate/Pipeline/Pipeline.php(209): Illuminate\\Foundation\\Http\\Middleware\\ConvertEmptyStringsToNull->handle()
#23 /home/user/vendor/laravel/framework/src/Illuminate/Foundation/Http/Middleware/TransformsRequest.php(21): Illuminate\\Pipeline\\Pipeline->{closure:{closure:Illuminate\\Pipeline\\Pipeline::carry():184}:185}()
#24 /home/user/vendor/laravel/framework/src/Illuminate/Foundation/Http/Middleware/TrimStrings.php(51): Illuminate\\Foundation\\Http\\Middleware\\TransformsRequest->handle()
#25 /home/user/vendor/laravel/framework/src/Illuminate/Pipeline/Pipeline.php(209): Illuminate\\Foundation\\Http\\Middleware\\TrimStrings->handle()
#26 /home/user/vendor/laravel/framework/src/Illuminate/Http/Middleware/ValidatePostSize.php(27): Illuminate\\Pipeline\\Pipeline->{closure:{closure:Illuminate\\Pipeline\\Pipeline::carry():184}:185}()
#27 /home/user/vendor/laravel/framework/src/Illuminate/Pipeline/Pipeline.php(209): Illuminate\\Http\\Middleware\\ValidatePostSize->handle()
#28 /home/user/vendor/laravel/framework/src/Illuminate/Foundation/Http/Middleware/PreventRequestsDuringMaintenance.php(110): Illuminate\\Pipeline\\Pipeline->{closure:{closure:Illuminate\\Pipeline\\Pipeline::carry():184}:185}()
#29 /home/user/vendor/laravel/framework/src/Illuminate/Pipeline/Pipeline.php(209): Illuminate\\Foundation\\Http\\Middleware\\PreventRequestsDuringMaintenance->handle()
#30 /home/user/vendor/laravel/framework/src/Illuminate/Http/Middleware/HandleCors.php(62): Illuminate\\Pipeline\\Pipeline->{closure:{closure:Illuminate\\Pipeline\\Pipeline::carry():184}:185}()
#31 /home/user/vendor/laravel/framework/src/Illuminate/Pipeline/Pipeline.php(209): Illuminate\\Http\\Middleware\\HandleCors->handle()
#32 /home/user/vendor/laravel/framework/src/Illuminate/Http/Middleware/TrustProxies.php(58): Illuminate\\Pipeline\\Pipeline->{closure:{closure:Illuminate\\Pipeline\\Pipeline::carry():184}:185}()
#33 /home/user/vendor/laravel/framework/src/Illuminate/Pipeline/Pipeline.php(209): Illuminate\\Http\\Middleware\\TrustProxies->handle()
#34 /home/user/vendor/laravel/framework/src/Illuminate/Foundation/Http/Middleware/InvokeDeferredCallbacks.php(22): Illuminate\\Pipeline\\Pipeline->{closure:{closure:Illuminate\\Pipeline\\Pipeline::carry():184}:185}()
#35 /home/user/vendor/laravel/framework/src/Illuminate/Pipeline/Pipeline.php(209): Illuminate\\Foundation\\Http\\Middleware\\InvokeDeferredCallbacks->handle()
#36 /home/user/vendor/laravel/framework/src/Illuminate/Pipeline/Pipeline.php(127): Illuminate\\Pipeline\\Pipeline->{closure:{closure:Illuminate\\Pipeline\\Pipeline::carry():184}:185}()
#37 /home/user/vendor/laravel/framework/src/Illuminate/Foundation/Http/Kernel.php(176): Illuminate\\Pipeline\\Pipeline->then()
#38 /home/user/vendor/laravel/framework/src/Illuminate/Foundation/Http/Kernel.php(145): Illuminate\\Foundation\\Http\\Kernel->sendRequestThroughRouter()
#39 /home/user/vendor/laravel/framework/src/Illuminate/Foundation/Testing/Concerns/MakesHttpRequests.php(607): Illuminate\\Foundation\\Http\\Kernel->handle()
#40 /home/user/vendor/laravel/framework/src/Illuminate/Foundation/Testing/Concerns/MakesHttpRequests.php(573): Illuminate\\Foundation\\Testing\\TestCase->call()
#41 /home/user/vendor/laravel/framework/src/Illuminate/Foundation/Testing/Concerns/MakesHttpRequests.php(381): Illuminate\\Foundation\\Testing\\TestCase->json()
#42 /home/user/tests/Feature/Api/V1/BetPurchaseApiTest.php(1001): Illuminate\\Foundation\\Testing\\TestCase->getJson()
#43 /home/user/vendor/phpunit/phpunit/src/Framework/TestCase.php(1667): Tests\\Feature\\Api\\V1\\BetPurchaseApiTest->am_an_unexpected_failure_never_exposes_a_stack_trace_or_internals()
#44 /home/user/vendor/phpunit/phpunit/src/Framework/TestCase.php(519): PHPUnit\\Framework\\TestCase->runTest()
#45 /home/user/vendor/phpunit/phpunit/src/Framework/TestRunner/TestRunner.php(87): PHPUnit\\Framework\\TestCase->runBare()
#46 /home/user/vendor/phpunit/phpunit/src/Framework/TestCase.php(365): PHPUnit\\Framework\\TestRunner->run()
#47 /home/user/vendor/phpunit/phpunit/src/Framework/TestSuite.php(369): PHPUnit\\Framework\\TestCase->run()
#48 /home/user/vendor/phpunit/phpunit/src/Framework/TestSuite.php(369): PHPUnit\\Framework\\TestSuite->run()
#49 /home/user/vendor/phpunit/phpunit/src/Framework/TestSuite.php(369): PHPUnit\\Framework\\TestSuite->run()
#50 /home/user/vendor/phpunit/phpunit/src/TextUI/TestRunner.php(64): PHPUnit\\Framework\\TestSuite->run()
#51 /home/user/vendor/phpunit/phpunit/src/TextUI/Application.php(211): PHPUnit\\TextUI\\TestRunner->run()
#52 /home/user/vendor/phpunit/phpunit/phpunit(104): PHPUnit\\TextUI\\Application->run()
#53 /home/user/vendor/bin/phpunit(122): include('...')
#54 {main}
"} {"correlation_id":"915c7ca5-bb1c-4d19-a207-6ad313b94a54"}
[2026-09-07 18:05:15] testing.ERROR: api.unhandled_exception {"correlation_id":"915c7ca5-bb1c-4d19-a207-6ad313b94a54","exception":"[object] (RuntimeException(code: 0): SQLSTATE[42S02]: Base table or view not found: 1146 Table \"thai_lottery.wallets\" doesn't exist (Connection: mysql, SQL: select * from `wallets` where `id` = 1) in /var/www/app/Services/Finance/WalletService.php:118 at /home/user/tests/Feature/Api/V1/BetPurchaseApiTest.php:993)
[stacktrace]
#0 /home/user/vendor/laravel/framework/src/Illuminate/Routing/CallableDispatcher.php(40): Tests\\Feature\\Api\\V1\\BetPurchaseApiTest->{closure:Tests\\Feature\\Api\\V1\\BetPurchaseApiTest::am_an_unexpected_failure_never_exposes_a_stack_trace_or_internals():990}()
#1 /home/user/vendor/laravel/framework/src/Illuminate/Routing/Route.php(244): Illuminate\\Routing\\CallableDispatcher->dispatch()
#2 /home/user/vendor/laravel/framework/src/Illuminate/Routing/Route.php(215): Illuminate\\Routing\\Route->runCallable()
#3 /home/user/vendor/laravel/framework/src/Illuminate/Routing/Router.php(808): Illuminate\\Routing\\Route->run()
#4 /home/user/vendor/laravel/framework/src/Illuminate/Pipeline/Pipeline.php(170): Illuminate\\Routing\\Router->{closure:Illuminate\\Routing\\Router::runRouteWithinStack():807}()
#5 /home/user/vendor/laravel/framework/src/Illuminate/Routing/Middleware/SubstituteBindings.php(51): Illuminate\\Pipeline\\Pipeline->{closure:Illuminate\\Pipeline\\Pipeline::prepareDestination():168}()
#6 /home/user/vendor/laravel/framework/src/Illuminate/Pipeline/Pipeline.php(209): Illuminate\\Routing\\Middleware\\SubstituteBindings->handle()
#7 /home/user/vendor/laravel/framework/src/Illuminate/Pipeline/Pipeline.php(127): Illuminate\\Pipeline\\Pipeline->{closure:{closure:Illuminate\\Pipeline\\Pipeline::carry():184}:185}()
#8 /home/user/vendor/laravel/framework/src/Illuminate/Routing/Router.php(807): Illuminate\\Pipeline\\Pipeline->then()
#9 /home/user/vendor/laravel/framework/src/Illuminate/Routing/Router.php(786): Illuminate\\Routing\\Router->runRouteWithinStack()
#10 /home/user/vendor/laravel/framework/src/Illuminate/Routing/Router.php(750): Illuminate\\Routing\\Router->runRoute()
#11 /home/user/vendor/laravel/framework/src/Illuminate/Routing/Router.php(739): Illuminate\\Routing\\Router->dispatchToRoute()
#12 /home/user/vendor/laravel/framework/src/Illuminate/Foundation/Http/Kernel.php(201): Illuminate\\Routing\\Router->dispatch()
#13 /home/user/vendor/laravel/framework/src/Illuminate/Pipeline/Pipeline.php(170): Illuminate\\Foundation\\Http\\Kernel->{closure:Illuminate\\Foundation\\Http\\Kernel::dispatchToRouter():198}()
#14 /home/user/vendor/livewire/livewire/src/Features/SupportDisablingBackButtonCache/DisableBackButtonCacheMiddleware.php(19): Illuminate\\Pipeline\\Pipeline->{closure:Illuminate\\Pipeline\\Pipeline::prepareDestination():168}()
#15 /home/user/vendor/laravel/framework/src/Illuminate/Pipeline/Pipeline.php(209): Livewire\\Features\\SupportDisablingBackButtonCache\\DisableBackButtonCacheMiddleware->handle()
#16 /home/user/app/Http/Middleware/SecurityHeaders.php(13): Illuminate\\Pipeline\\Pipeline->{closure:{closure:Illuminate\\Pipeline\\Pipeline::carry():184}:185}()
#17 /home/user/vendor/laravel/framework/src/Illuminate/Pipeline/Pipeline.php(209): App\\Http\\Middleware\\SecurityHeaders->handle()
#18 /home/user/app/Http/Middleware/CorrelationIdMiddleware.php(35): Illuminate\\Pipeline\\Pipeline->{closure:{closure:Illuminate\\Pipeline\\Pipeline::carry():184}:185}()
#19 /home/user/vendor/laravel/framework/src/Illuminate/Pipeline/Pipeline.php(209): App\\Http\\Middleware\\CorrelationIdMiddleware->handle()
#20 /home/user/vendor/laravel/framework/src/Illuminate/Foundation/Http/Middleware/TransformsRequest.php(21): Illuminate\\Pipeline\\Pipeline->{closure:{closure:Illuminate\\Pipeline\\Pipeline::carry():184}:185}()
#21 /home/user/vendor/laravel/framework/src/Illuminate/Foundation/Http/Middleware/ConvertEmptyStringsToNull.php(31): Illuminate\\Foundation\\Http\\Middleware\\TransformsRequest->handle()
#22 /home/user/vendor/laravel/framework/src/Illuminate/Pipeline/Pipeline.php(209): Illuminate\\Foundation\\Http\\Middleware\\ConvertEmptyStringsToNull->handle()
#23 /home/user/vendor/laravel/framework/src/Illuminate/Foundation/Http/Middleware/TransformsRequest.php(21): Illuminate\\Pipeline\\Pipeline->{closure:{closure:Illuminate\\Pipeline\\Pipeline::carry():184}:185}()
#24 /home/user/vendor/laravel/framework/src/Illuminate/Foundation/Http/Middleware/TrimStrings.php(51): Illuminate\\Foundation\\Http\\Middleware\\TransformsRequest->handle()
#25 /home/user/vendor/laravel/framework/src/Illuminate/Pipeline/Pipeline.php(209): Illuminate\\Foundation\\Http\\Middleware\\TrimStrings->handle()
#26 /home/user/vendor/laravel/framework/src/Illuminate/Http/Middleware/ValidatePostSize.php(27): Illuminate\\Pipeline\\Pipeline->{closure:{closure:Illuminate\\Pipeline\\Pipeline::carry():184}:185}()
#27 /home/user/vendor/laravel/framework/src/Illuminate/Pipeline/Pipeline.php(209): Illuminate\\Http\\Middleware\\ValidatePostSize->handle()
#28 /home/user/vendor/laravel/framework/src/Illuminate/Foundation/Http/Middleware/PreventRequestsDuringMaintenance.php(110): Illuminate\\Pipeline\\Pipeline->{closure:{closure:Illuminate\\Pipeline\\Pipeline::carry():184}:185}()
#29 /home/user/vendor/laravel/framework/src/Illuminate/Pipeline/Pipeline.php(209): Illuminate\\Foundation\\Http\\Middleware\\PreventRequestsDuringMaintenance->handle()
#30 /home/user/vendor/laravel/framework/src/Illuminate/Http/Middleware/HandleCors.php(62): Illuminate\\Pipeline\\Pipeline->{closure:{closure:Illuminate\\Pipeline\\Pipeline::carry():184}:185}()
#31 /home/user/vendor/laravel/framework/src/Illuminate/Pipeline/Pipeline.php(209): Illuminate\\Http\\Middleware\\HandleCors->handle()
#32 /home/user/vendor/laravel/framework/src/Illuminate/Http/Middleware/TrustProxies.php(58): Illuminate\\Pipeline\\Pipeline->{closure:{closure:Illuminate\\Pipeline\\Pipeline::carry():184}:185}()
#33 /home/user/vendor/laravel/framework/src/Illuminate/Pipeline/Pipeline.php(209): Illuminate\\Http\\Middleware\\TrustProxies->handle()
#34 /home/user/vendor/laravel/framework/src/Illuminate/Foundation/Http/Middleware/InvokeDeferredCallbacks.php(22): Illuminate\\Pipeline\\Pipeline->{closure:{closure:Illuminate\\Pipeline\\Pipeline::carry():184}:185}()
#35 /home/user/vendor/laravel/framework/src/Illuminate/Pipeline/Pipeline.php(209): Illuminate\\Foundation\\Http\\Middleware\\InvokeDeferredCallbacks->handle()
#36 /home/user/vendor/laravel/framework/src/Illuminate/Pipeline/Pipeline.php(127): Illuminate\\Pipeline\\Pipeline->{closure:{closure:Illuminate\\Pipeline\\Pipeline::carry():184}:185}()
#37 /home/user/vendor/laravel/framework/src/Illuminate/Foundation/Http/Kernel.php(176): Illuminate\\Pipeline\\Pipeline->then()
#38 /home/user/vendor/laravel/framework/src/Illuminate/Foundation/Http/Kernel.php(145): Illuminate\\Foundation\\Http\\Kernel->sendRequestThroughRouter()
#39 /home/user/vendor/laravel/framework/src/Illuminate/Foundation/Testing/Concerns/MakesHttpRequests.php(607): Illuminate\\Foundation\\Http\\Kernel->handle()
#40 /home/user/vendor/laravel/framework/src/Illuminate/Foundation/Testing/Concerns/MakesHttpRequests.php(573): Illuminate\\Foundation\\Testing\\TestCase->call()
#41 /home/user/vendor/laravel/framework/src/Illuminate/Foundation/Testing/Concerns/MakesHttpRequests.php(381): Illuminate\\Foundation\\Testing\\TestCase->json()
#42 /home/user/tests/Feature/Api/V1/BetPurchaseApiTest.php(1001): Illuminate\\Foundation\\Testing\\TestCase->getJson()
#43 /home/user/vendor/phpunit/phpunit/src/Framework/TestCase.php(1667): Tests\\Feature\\Api\\V1\\BetPurchaseApiTest->am_an_unexpected_failure_never_exposes_a_stack_trace_or_internals()
#44 /home/user/vendor/phpunit/phpunit/src/Framework/TestCase.php(519): PHPUnit\\Framework\\TestCase->runTest()
#45 /home/user/vendor/phpunit/phpunit/src/Framework/TestRunner/TestRunner.php(87): PHPUnit\\Framework\\TestCase->runBare()
#46 /home/user/vendor/phpunit/phpunit/src/Framework/TestCase.php(365): PHPUnit\\Framework\\TestRunner->run()
#47 /home/user/vendor/phpunit/phpunit/src/Framework/TestSuite.php(369): PHPUnit\\Framework\\TestCase->run()
#48 /home/user/vendor/phpunit/phpunit/src/Framework/TestSuite.php(369): PHPUnit\\Framework\\TestSuite->run()
#49 /home/user/vendor/phpunit/phpunit/src/Framework/TestSuite.php(369): PHPUnit\\Framework\\TestSuite->run()
#50 /home/user/vendor/phpunit/phpunit/src/TextUI/TestRunner.php(64): PHPUnit\\Framework\\TestSuite->run()
#51 /home/user/vendor/phpunit/phpunit/src/TextUI/Application.php(211): PHPUnit\\TextUI\\TestRunner->run()
#52 /home/user/vendor/phpunit/phpunit/phpunit(104): PHPUnit\\TextUI\\Application->run()
#53 /home/user/vendor/bin/phpunit(122): include('...')
#54 {main}
","path":"api/v1/__phase44_failure_probe","method":"GET","user_id":null} {"correlation_id":"915c7ca5-bb1c-4d19-a207-6ad313b94a54"}
[2026-09-07 18:05:17] testing.CRITICAL: Limit Exceeded (Critical Risk) on number 123 [3d] for draw 1. {"risk_alert_type":"limit_exceeded","risk_level":"critical","audit_log_id":1} 
[2026-09-07 18:05:17] testing.CRITICAL: Critical Exposure (Critical Risk) on number 123 [3d] for draw 1. {"risk_alert_type":"critical_exposure","risk_level":"critical","audit_log_id":2} 
[2026-09-07 18:05:19] testing.INFO: lottery.automation.provisioned {"created":3,"existing":0,"horizon_days":40} 
[2026-09-07 18:05:19] testing.INFO: lottery.automation.provisioned {"created":8,"existing":0,"horizon_days":120} 
[2026-09-07 18:05:19] testing.INFO: lottery.automation.provisioned {"created":0,"existing":8,"horizon_days":120} 
[2026-09-07 18:05:19] testing.INFO: lottery.automation.provisioned {"created":3,"existing":0,"horizon_days":40} 
[2026-09-07 18:05:19] testing.INFO: lottery.automation.provisioned {"created":0,"existing":3,"horizon_days":40} 
[2026-09-07 18:05:19] testing.INFO: lottery.automation.run {"command":"lottery:open-draws","activity":"open","processed":1,"failed":0,"skipped":0,"candidates":1} 
[2026-09-07 18:05:19] testing.INFO: lottery.automation.run {"command":"lottery:close-draws","activity":"close","processed":1,"failed":0,"skipped":0,"candidates":1} 
[2026-09-07 18:05:19] testing.INFO: lottery.automation.run {"command":"lottery:close-draws","activity":"close","processed":1,"failed":0,"skipped":0,"candidates":1} 
[2026-09-07 18:05:19] testing.INFO: lottery.automation.run {"command":"lottery:close-draws","activity":"close","processed":1,"failed":0,"skipped":0,"candidates":1} 
[2026-09-07 18:05:19] testing.INFO: lottery.automation.run {"command":"lottery:mark-results-pending","activity":"mark result-pending","processed":1,"failed":0,"skipped":0,"candidates":1} 
[2026-09-07 18:05:19] testing.INFO: lottery.automation.run {"command":"lottery:mark-results-pending","activity":"mark result-pending","processed":1,"failed":0,"skipped":0,"candidates":1} 
[2026-09-07 18:05:19] testing.INFO: lottery.automation.run {"command":"lottery:settle-draws","activity":"settle","processed":1,"failed":0,"skipped":0,"candidates":1} 
[2026-09-07 18:05:19] testing.INFO: lottery.automation.run {"command":"lottery:mark-results-pending","activity":"mark result-pending","processed":1,"failed":0,"skipped":0,"candidates":1} 
[2026-09-07 18:05:20] testing.INFO: lottery.automation.run {"command":"lottery:mark-results-pending","activity":"mark result-pending","processed":1,"failed":0,"skipped":0,"candidates":1} 
[2026-09-07 18:05:20] testing.INFO: lottery.automation.run {"command":"lottery:settle-draws","activity":"settle","processed":1,"failed":0,"skipped":0,"candidates":1} 
[2026-09-07 18:05:20] testing.INFO: lottery.automation.run {"command":"lottery:mark-results-pending","activity":"mark result-pending","processed":1,"failed":0,"skipped":0,"candidates":1} 
[2026-09-07 18:05:20] testing.INFO: lottery.automation.run {"command":"lottery:settle-draws","activity":"settle","processed":1,"failed":0,"skipped":0,"candidates":1} 
[2026-09-07 18:05:20] testing.INFO: lottery.automation.run {"command":"lottery:settle-draws","activity":"settle","processed":1,"failed":0,"skipped":0,"candidates":1} 
[2026-09-07 18:05:20] testing.INFO: lottery.automation.run {"command":"lottery:mark-results-pending","activity":"mark result-pending","processed":1,"failed":0,"skipped":0,"candidates":1} 
[2026-09-07 18:05:20] testing.INFO: lottery.automation.run {"command":"lottery:settle-draws","activity":"settle","processed":1,"failed":0,"skipped":0,"candidates":1} 
[2026-09-07 18:05:20] testing.INFO: lottery.automation.run {"command":"lottery:mark-results-pending","activity":"mark result-pending","processed":1,"failed":0,"skipped":0,"candidates":1} 
[2026-09-07 18:05:20] testing.ERROR: lottery.automation.draw_failed {"command":"lottery:settle-draws","activity":"settle","draw_id":1,"draw_number":"DR-TEST-0015","exception":"[object] (App\\Exceptions\\DrawLifecycleException(code: 0): Draw 1 is in state result_published, which implies a published official result, but no draw_results row exists for it. This is refused rather than repaired. at /home/user/app/Exceptions/DrawLifecycleException.php:252)
[stacktrace]
#0 /home/user/app/Services/Draw/DrawSettlementSimulationService.php(200): App\\Exceptions\\DrawLifecycleException::resultMissing()
#1 /home/user/app/Services/Draw/DrawSettlementSimulationService.php(393): App\\Services\\Draw\\DrawSettlementSimulationService->publishedResultFor()
#2 /home/user/app/Services/Draw/DrawSettlementSimulationService.php(156): App\\Services\\Draw\\DrawSettlementSimulationService->performSettlement()
#3 /home/user/vendor/laravel/framework/src/Illuminate/Database/Concerns/ManagesTransactions.php(32): App\\Services\\Draw\\DrawSettlementSimulationService->{closure:App\\Services\\Draw\\DrawSettlementSimulationService::settle():145}()
#4 /home/user/vendor/laravel/framework/src/Illuminate/Database/DatabaseManager.php(495): Illuminate\\Database\\Connection->transaction()
#5 /home/user/vendor/laravel/framework/src/Illuminate/Support/Facades/Facade.php(361): Illuminate\\Database\\DatabaseManager->__call()
#6 /home/user/app/Services/Draw/DrawSettlementSimulationService.php(145): Illuminate\\Support\\Facades\\Facade::__callStatic()
#7 /home/user/app/Console/Commands/Lottery/SettleDrawsCommand.php(90): App\\Services\\Draw\\DrawSettlementSimulationService->settle()
#8 /home/user/app/Console/Commands/Lottery/LotteryAutomationCommand.php(155): App\\Console\\Commands\\Lottery\\SettleDrawsCommand->{closure:App\\Console\\Commands\\Lottery\\SettleDrawsCommand::handle():89}()
#9 /home/user/app/Console/Commands/Lottery/SettleDrawsCommand.php(87): App\\Console\\Commands\\Lottery\\LotteryAutomationCommand->eachDueDraw()
#10 /home/user/vendor/laravel/framework/src/Illuminate/Container/BoundMethod.php(36): App\\Console\\Commands\\Lottery\\SettleDrawsCommand->handle()
#11 /home/user/vendor/laravel/framework/src/Illuminate/Container/Util.php(43): Illuminate\\Container\\BoundMethod::{closure:Illuminate\\Container\\BoundMethod::call():35}()
#12 /home/user/vendor/laravel/framework/src/Illuminate/Container/BoundMethod.php(95): Illuminate\\Container\\Util::unwrapIfClosure()
#13 /home/user/vendor/laravel/framework/src/Illuminate/Container/BoundMethod.php(35): Illuminate\\Container\\BoundMethod::callBoundMethod()
#14 /home/user/vendor/laravel/framework/src/Illuminate/Container/Container.php(696): Illuminate\\Container\\BoundMethod::call()
#15 /home/user/vendor/laravel/framework/src/Illuminate/Console/Command.php(213): Illuminate\\Container\\Container->call()
#16 /home/user/vendor/symfony/console/Command/Command.php(341): Illuminate\\Console\\Command->execute()
#17 /home/user/vendor/laravel/framework/src/Illuminate/Console/Command.php(182): Symfony\\Component\\Console\\Command\\Command->run()
#18 /home/user/vendor/symfony/console/Application.php(1094): Illuminate\\Console\\Command->run()
#19 /home/user/vendor/symfony/console/Application.php(356): Symfony\\Component\\Console\\Application->doRunCommand()
#20 /home/user/vendor/symfony/console/Application.php(195): Symfony\\Component\\Console\\Application->doRun()
#21 /home/user/vendor/laravel/framework/src/Illuminate/Console/Application.php(166): Symfony\\Component\\Console\\Application->run()
#22 /home/user/vendor/laravel/framework/src/Illuminate/Foundation/Console/Kernel.php(427): Illuminate\\Console\\Application->call()
#23 /home/user/vendor/laravel/framework/src/Illuminate/Testing/PendingCommand.php(332): Illuminate\\Foundation\\Console\\Kernel->call()
#24 /home/user/vendor/laravel/framework/src/Illuminate/Testing/PendingCommand.php(556): Illuminate\\Testing\\PendingCommand->run()
#25 /home/user/tests/Feature/Console/DrawAutomationTest.php(334): Illuminate\\Testing\\PendingCommand->__destruct()
#26 /home/user/vendor/phpunit/phpunit/src/Framework/TestCase.php(1667): Tests\\Feature\\Console\\DrawAutomationTest->one_bad_draw_does_not_stop_the_batch_and_the_command_still_reports_failure()
#27 /home/user/vendor/phpunit/phpunit/src/Framework/TestCase.php(519): PHPUnit\\Framework\\TestCase->runTest()
#28 /home/user/vendor/phpunit/phpunit/src/Framework/TestRunner/TestRunner.php(87): PHPUnit\\Framework\\TestCase->runBare()
#29 /home/user/vendor/phpunit/phpunit/src/Framework/TestCase.php(365): PHPUnit\\Framework\\TestRunner->run()
#30 /home/user/vendor/phpunit/phpunit/src/Framework/TestSuite.php(369): PHPUnit\\Framework\\TestCase->run()
#31 /home/user/vendor/phpunit/phpunit/src/Framework/TestSuite.php(369): PHPUnit\\Framework\\TestSuite->run()
#32 /home/user/vendor/phpunit/phpunit/src/Framework/TestSuite.php(369): PHPUnit\\Framework\\TestSuite->run()
#33 /home/user/vendor/phpunit/phpunit/src/TextUI/TestRunner.php(64): PHPUnit\\Framework\\TestSuite->run()
#34 /home/user/vendor/phpunit/phpunit/src/TextUI/Application.php(211): PHPUnit\\TextUI\\TestRunner->run()
#35 /home/user/vendor/phpunit/phpunit/phpunit(104): PHPUnit\\TextUI\\Application->run()
#36 /home/user/vendor/bin/phpunit(122): include('...')
#37 {main}
"} 
[2026-09-07 18:05:20] testing.INFO: lottery.automation.run {"command":"lottery:settle-draws","activity":"settle","processed":1,"failed":1,"skipped":0,"candidates":2} 
[2026-09-07 18:05:20] testing.INFO: lottery.tick {"steps":5,"failed_steps":[],"duration_ms":1.0,"dry_run":false} 
[2026-09-07 18:05:20] testing.INFO: lottery.automation.run {"command":"lottery:open-draws","activity":"open","processed":1,"failed":0,"skipped":0,"candidates":1} 
[2026-09-07 18:05:20] testing.INFO: lottery.automation.run {"command":"lottery:close-draws","activity":"close","processed":2,"failed":0,"skipped":0,"candidates":2} 
[2026-09-07 18:05:20] testing.INFO: lottery.automation.provisioned {"created":6,"existing":0,"horizon_days":90} 
[2026-09-07 18:05:20] testing.INFO: lottery.automation.run {"command":"lottery:open-draws","activity":"open","processed":1,"failed":0,"skipped":0,"candidates":1} 
[2026-09-07 18:05:20] testing.INFO: lottery.automation.run {"command":"lottery:close-draws","activity":"close","processed":1,"failed":0,"skipped":0,"candidates":1} 
[2026-09-07 18:05:20] testing.INFO: lottery.automation.run {"command":"lottery:mark-results-pending","activity":"mark result-pending","processed":1,"failed":0,"skipped":0,"candidates":1} 
[2026-09-07 18:05:20] testing.INFO: lottery.tick {"steps":5,"failed_steps":[],"duration_ms":27.0,"dry_run":false} 
[2026-09-07 18:05:20] testing.INFO: lottery.automation.provisioned {"created":6,"existing":0,"horizon_days":90} 
[2026-09-07 18:05:20] testing.INFO: lottery.automation.run {"command":"lottery:open-draws","activity":"open","processed":1,"failed":0,"skipped":0,"candidates":1} 
[2026-09-07 18:05:20] testing.INFO: lottery.automation.run {"command":"lottery:close-draws","activity":"close","processed":1,"failed":0,"skipped":0,"candidates":1} 
[2026-09-07 18:05:20] testing.INFO: lottery.automation.run {"command":"lottery:mark-results-pending","activity":"mark result-pending","processed":1,"failed":0,"skipped":0,"candidates":1} 
[2026-09-07 18:05:20] testing.INFO: lottery.tick {"steps":5,"failed_steps":[],"duration_ms":25.0,"dry_run":false} 
[2026-09-07 18:05:20] testing.INFO: lottery.automation.run {"command":"lottery:mark-results-pending","activity":"mark result-pending","processed":1,"failed":0,"skipped":0,"candidates":1} 
[2026-09-07 18:05:20] testing.INFO: lottery.publication.published {"draw_id":1,"draw_number":"DR-TEST-0025","winning_numbers":6,"operator_command":true} 
[2026-09-07 18:05:20] testing.INFO: lottery.automation.run {"command":"lottery:mark-results-pending","activity":"mark result-pending","processed":1,"failed":0,"skipped":0,"candidates":1} 
[2026-09-07 18:05:20] testing.WARNING: lottery.publication.refused {"draw_id":1,"draw_number":"DR-TEST-0026","exception":"[object] (App\\Exceptions\\DrawResultValidationException(code: 0): The official first prize number must be exactly 6 digits. Received \"12\", which is 2. Leading zeroes count as digits and are never stripped. at /home/user/app/Exceptions/DrawResultValidationException.php:119)
[stacktrace]
#0 /home/user/app/Services/Draw/DrawResultValidator.php(205): App\\Exceptions\\DrawResultValidationException::firstPrizeLength()
#1 /home/user/app/Services/Draw/DrawResultValidator.php(131): App\\Services\\Draw\\DrawResultValidator->validateFirstPrize()
#2 /home/user/app/Services/Draw/DrawResultPublicationService.php(105): App\\Services\\Draw\\DrawResultValidator->validate()
#3 /home/user/app/Console/Commands/Lottery/PublishDrawResultCommand.php(104): App\\Services\\Draw\\DrawResultPublicationService->publish()
#4 /home/user/vendor/laravel/framework/src/Illuminate/Container/BoundMethod.php(36): App\\Console\\Commands\\Lottery\\PublishDrawResultCommand->handle()
#5 /home/user/vendor/laravel/framework/src/Illuminate/Container/Util.php(43): Illuminate\\Container\\BoundMethod::{closure:Illuminate\\Container\\BoundMethod::call():35}()
#6 /home/user/vendor/laravel/framework/src/Illuminate/Container/BoundMethod.php(95): Illuminate\\Container\\Util::unwrapIfClosure()
#7 /home/user/vendor/laravel/framework/src/Illuminate/Container/BoundMethod.php(35): Illuminate\\Container\\BoundMethod::callBoundMethod()
#8 /home/user/vendor/laravel/framework/src/Illuminate/Container/Container.php(696): Illuminate\\Container\\BoundMethod::call()
#9 /home/user/vendor/laravel/framework/src/Illuminate/Console/Command.php(213): Illuminate\\Container\\Container->call()
#10 /home/user/vendor/symfony/console/Command/Command.php(341): Illuminate\\Console\\Command->execute()
#11 /home/user/vendor/laravel/framework/src/Illuminate/Console/Command.php(182): Symfony\\Component\\Console\\Command\\Command->run()
#12 /home/user/vendor/symfony/console/Application.php(1094): Illuminate\\Console\\Command->run()
#13 /home/user/vendor/symfony/console/Application.php(356): Symfony\\Component\\Console\\Application->doRunCommand()
#14 /home/user/vendor/symfony/console/Application.php(195): Symfony\\Component\\Console\\Application->doRun()
#15 /home/user/vendor/laravel/framework/src/Illuminate/Console/Application.php(166): Symfony\\Component\\Console\\Application->run()
#16 /home/user/vendor/laravel/framework/src/Illuminate/Foundation/Console/Kernel.php(427): Illuminate\\Console\\Application->call()
#17 /home/user/vendor/laravel/framework/src/Illuminate/Testing/PendingCommand.php(332): Illuminate\\Foundation\\Console\\Kernel->call()
#18 /home/user/vendor/laravel/framework/src/Illuminate/Testing/PendingCommand.php(556): Illuminate\\Testing\\PendingCommand->run()
#19 /home/user/tests/Feature/Console/DrawAutomationTest.php(443): Illuminate\\Testing\\PendingCommand->__destruct()
#20 /home/user/vendor/phpunit/phpunit/src/Framework/TestCase.php(1667): Tests\\Feature\\Console\\DrawAutomationTest->publication_refuses_numbers_the_validator_rejects_and_writes_nothing()
#21 /home/user/vendor/phpunit/phpunit/src/Framework/TestCase.php(519): PHPUnit\\Framework\\TestCase->runTest()
#22 /home/user/vendor/phpunit/phpunit/src/Framework/TestRunner/TestRunner.php(87): PHPUnit\\Framework\\TestCase->runBare()
#23 /home/user/vendor/phpunit/phpunit/src/Framework/TestCase.php(365): PHPUnit\\Framework\\TestRunner->run()
#24 /home/user/vendor/phpunit/phpunit/src/Framework/TestSuite.php(369): PHPUnit\\Framework\\TestCase->run()
#25 /home/user/vendor/phpunit/phpunit/src/Framework/TestSuite.php(369): PHPUnit\\Framework\\TestSuite->run()
#26 /home/user/vendor/phpunit/phpunit/src/Framework/TestSuite.php(369): PHPUnit\\Framework\\TestSuite->run()
#27 /home/user/vendor/phpunit/phpunit/src/TextUI/TestRunner.php(64): PHPUnit\\Framework\\TestSuite->run()
#28 /home/user/vendor/phpunit/phpunit/src/TextUI/Application.php(211): PHPUnit\\TextUI\\TestRunner->run()
#29 /home/user/vendor/phpunit/phpunit/phpunit(104): PHPUnit\\TextUI\\Application->run()
#30 /home/user/vendor/bin/phpunit(122): include('...')
#31 {main}
"} 
[2026-09-07 18:05:20] testing.WARNING: lottery.publication.refused {"draw_id":1,"draw_number":"DR-TEST-0027","exception":"[object] (App\\Exceptions\\DrawLifecycleException(code: 0): Draw 1 is in state open; an official result may only be published from result_pending. at /home/user/app/Exceptions/DrawLifecycleException.php:191)
[stacktrace]
#0 /home/user/app/Services/Draw/DrawLifecycleService.php(385): App\\Exceptions\\DrawLifecycleException::notPublishable()
#1 /home/user/app/Services/Draw/DrawResultPublicationService.php(110): App\\Services\\Draw\\DrawLifecycleService->assertCanPublishResult()
#2 /home/user/vendor/laravel/framework/src/Illuminate/Database/Concerns/ManagesTransactions.php(32): App\\Services\\Draw\\DrawResultPublicationService->{closure:App\\Services\\Draw\\DrawResultPublicationService::publish():107}()
#3 /home/user/vendor/laravel/framework/src/Illuminate/Database/DatabaseManager.php(495): Illuminate\\Database\\Connection->transaction()
#4 /home/user/vendor/laravel/framework/src/Illuminate/Support/Facades/Facade.php(361): Illuminate\\Database\\DatabaseManager->__call()
#5 /home/user/app/Services/Draw/DrawResultPublicationService.php(139): Illuminate\\Support\\Facades\\Facade::__callStatic()
#6 /home/user/app/Console/Commands/Lottery/PublishDrawResultCommand.php(104): App\\Services\\Draw\\DrawResultPublicationService->publish()
#7 /home/user/vendor/laravel/framework/src/Illuminate/Container/BoundMethod.php(36): App\\Console\\Commands\\Lottery\\PublishDrawResultCommand->handle()
#8 /home/user/vendor/laravel/framework/src/Illuminate/Container/Util.php(43): Illuminate\\Container\\BoundMethod::{closure:Illuminate\\Container\\BoundMethod::call():35}()
#9 /home/user/vendor/laravel/framework/src/Illuminate/Container/BoundMethod.php(95): Illuminate\\Container\\Util::unwrapIfClosure()
#10 /home/user/vendor/laravel/framework/src/Illuminate/Container/BoundMethod.php(35): Illuminate\\Container\\BoundMethod::callBoundMethod()
#11 /home/user/vendor/laravel/framework/src/Illuminate/Container/Container.php(696): Illuminate\\Container\\BoundMethod::call()
#12 /home/user/vendor/laravel/framework/src/Illuminate/Console/Command.php(213): Illuminate\\Container\\Container->call()
#13 /home/user/vendor/symfony/console/Command/Command.php(341): Illuminate\\Console\\Command->execute()
#14 /home/user/vendor/laravel/framework/src/Illuminate/Console/Command.php(182): Symfony\\Component\\Console\\Command\\Command->run()
#15 /home/user/vendor/symfony/console/Application.php(1094): Illuminate\\Console\\Command->run()
#16 /home/user/vendor/symfony/console/Application.php(356): Symfony\\Component\\Console\\Application->doRunCommand()
#17 /home/user/vendor/symfony/console/Application.php(195): Symfony\\Component\\Console\\Application->doRun()
#18 /home/user/vendor/laravel/framework/src/Illuminate/Console/Application.php(166): Symfony\\Component\\Console\\Application->run()
#19 /home/user/vendor/laravel/framework/src/Illuminate/Foundation/Console/Kernel.php(427): Illuminate\\Console\\Application->call()
#20 /home/user/vendor/laravel/framework/src/Illuminate/Testing/PendingCommand.php(332): Illuminate\\Foundation\\Console\\Kernel->call()
#21 /home/user/vendor/laravel/framework/src/Illuminate/Testing/PendingCommand.php(556): Illuminate\\Testing\\PendingCommand->run()
#22 /home/user/tests/Feature/Console/DrawAutomationTest.php(459): Illuminate\\Testing\\PendingCommand->__destruct()
#23 /home/user/vendor/phpunit/phpunit/src/Framework/TestCase.php(1667): Tests\\Feature\\Console\\DrawAutomationTest->publication_is_refused_for_a_draw_that_is_not_awaiting_its_result()
#24 /home/user/vendor/phpunit/phpunit/src/Framework/TestCase.php(519): PHPUnit\\Framework\\TestCase->runTest()
#25 /home/user/vendor/phpunit/phpunit/src/Framework/TestRunner/TestRunner.php(87): PHPUnit\\Framework\\TestCase->runBare()
#26 /home/user/vendor/phpunit/phpunit/src/Framework/TestCase.php(365): PHPUnit\\Framework\\TestRunner->run()
#27 /home/user/vendor/phpunit/phpunit/src/Framework/TestSuite.php(369): PHPUnit\\Framework\\TestCase->run()
#28 /home/user/vendor/phpunit/phpunit/src/Framework/TestSuite.php(369): PHPUnit\\Framework\\TestSuite->run()
#29 /home/user/vendor/phpunit/phpunit/src/Framework/TestSuite.php(369): PHPUnit\\Framework\\TestSuite->run()
#30 /home/user/vendor/phpunit/phpunit/src/TextUI/TestRunner.php(64): PHPUnit\\Framework\\TestSuite->run()
#31 /home/user/vendor/phpunit/phpunit/src/TextUI/Application.php(211): PHPUnit\\TextUI\\TestRunner->run()
#32 /home/user/vendor/phpunit/phpunit/phpunit(104): PHPUnit\\TextUI\\Application->run()
#33 /home/user/vendor/bin/phpunit(122): include('...')
#34 {main}
"} 
[2026-09-07 18:05:20] testing.INFO: lottery.automation.run {"command":"lottery:mark-results-pending","activity":"mark result-pending","processed":1,"failed":0,"skipped":0,"candidates":1} 
[2026-09-07 18:06:07] testing.INFO: Payment webhook event already processed (replay cache hit) {"gateway":"bkash","event_id":"evt_bkash_dup_24"} 
[2026-09-07 18:06:09] testing.CRITICAL: DisburseWithdrawalJob: Job permanently failed after max attempts {"withdrawal_id":888888,"attempts":1,"error":"Withdrawal entity 888888 not found"} 
[2026-09-07 18:06:09] testing.INFO: OperationalAlertService: Alert throttled (duplicate within cooldown) {"title":"Critical Ledger Imbalance","fingerprint":"alert:anomaly:304a127cfffc21d342fb8664ff0dc21d"} 
[2026-09-07 18:06:09] testing.INFO: Payment webhook event already processed (replay cache hit) {"gateway":"stripe","event_id":"evt_stripe_concurrency_666"} 
[2026-09-07 18:06:09] testing.INFO: Payment webhook event already processed (replay cache hit) {"gateway":"stripe","event_id":"evt_stripe_concurrency_666"} 
[2026-09-07 18:06:09] testing.INFO: Payment webhook event already processed (replay cache hit) {"gateway":"stripe","event_id":"evt_stripe_concurrency_666"} 
[2026-09-07 18:06:09] testing.INFO: Payment webhook event already processed (replay cache hit) {"gateway":"stripe","event_id":"evt_stripe_concurrency_666"} 
[2026-09-07 18:06:10] testing.WARNING: Payment webhook signature verification failed {"correlation_id":"c9932b76-7b99-41aa-b06c-ef4736ea4452","gateway":"stripe","ip":"127.0.0.1"} {"correlation_id":"c9932b76-7b99-41aa-b06c-ef4736ea4452"}
[2026-09-07 18:06:10] testing.WARNING: Payment webhook signature verification failed {"correlation_id":"5d2dd793-cefa-4243-96c0-65aef48f7033","gateway":"bkash","ip":"127.0.0.1"} {"correlation_id":"5d2dd793-cefa-4243-96c0-65aef48f7033"}
[2026-09-07 18:06:10] testing.WARNING: Stripe webhook rejected: timestamp drift exceeds tolerance. {"correlation_id":"4b735483-ecee-48e2-9ea7-e0c4150ca33c","event_time":1788778570,"current_time":1788779170,"tolerance":300} {"correlation_id":"4b735483-ecee-48e2-9ea7-e0c4150ca33c"}
[2026-09-07 18:06:10] testing.WARNING: Payment webhook signature verification failed {"correlation_id":"4b735483-ecee-48e2-9ea7-e0c4150ca33c","gateway":"stripe","ip":"127.0.0.1"} {"correlation_id":"4b735483-ecee-48e2-9ea7-e0c4150ca33c"}
[2026-09-07 18:06:10] testing.INFO: Payment webhook event already processed (replay cache hit) {"gateway":"stripe","event_id":"evt_unique_test_replay_999"} 
[2026-09-07 18:06:16] testing.INFO: bet_purchase.api.success {"correlation_id":"157f1dc8-8d02-458f-bfd7-e27f04cb34f7","outcome":"purchased","bet_id":1,"bet_number":"BT-20260907-C0A22CAD8062","ticket_id":1,"draw_id":1,"currency":"THB","stake":"100.00","client_key":"client_key_valid_test_16_abc","request_id":"6f1b441313abcfb50c946d508b0530f2","user_id":1} {"correlation_id":"157f1dc8-8d02-458f-bfd7-e27f04cb34f7"}
[2026-09-07 18:06:16] testing.INFO: bet_purchase.api.refused {"correlation_id":"db8824dc-22be-4867-9444-5cc7027976c3","outcome":"refused","error_code":"insufficient_balance","http_status":422,"exception":"App\\Exceptions\\BetPurchaseException","client_key":"client_key_insufficient_17","request_id":"d4b08fe8a168b9abaf348e039861b196","user_id":1} {"correlation_id":"db8824dc-22be-4867-9444-5cc7027976c3"}
[2026-09-07 18:06:16] testing.INFO: bet_purchase.api.refused {"correlation_id":"3d2d0cab-c3a7-4fb1-9efe-42f11d5476ec","outcome":"refused","error_code":"draw_closed","http_status":422,"exception":"App\\Exceptions\\BetPurchaseValidationException","client_key":"client_key_closed_draw_18","request_id":"1b07c207d8e576d6d090899bf1131362","user_id":1} {"correlation_id":"3d2d0cab-c3a7-4fb1-9efe-42f11d5476ec"}
[2026-09-07 18:06:16] testing.INFO: bet_purchase.api.refused {"correlation_id":"757d6547-96ba-4228-a213-de257ff2d299","outcome":"refused","error_code":"invalid_digits","http_status":422,"exception":"App\\Exceptions\\BetPurchaseValidationException","client_key":"client_key_invalid_market_19","request_id":"497f198503a56b4b8ef1136d9a383672","user_id":1} {"correlation_id":"757d6547-96ba-4228-a213-de257ff2d299"}
[2026-09-07 18:06:17] testing.INFO: bet_purchase.api.success {"correlation_id":"8f605957-4891-42b2-927e-3db5f707facc","outcome":"purchased","bet_id":1,"bet_number":"BT-20260907-10D1C3B653AC","ticket_id":1,"draw_id":1,"currency":"THB","stake":"100.00","client_key":"unique_idempotency_key_test_20_xyz","request_id":"03b79834dfe24feeacd73677beab52dc","user_id":1} {"correlation_id":"8f605957-4891-42b2-927e-3db5f707facc"}
[2026-09-07 18:06:17] testing.INFO: bet_purchase.api.success {"correlation_id":"eda7986c-b9e0-4e52-b901-0c89aec59224","outcome":"replayed","bet_id":1,"bet_number":"BT-20260907-10D1C3B653AC","ticket_id":1,"draw_id":1,"currency":"THB","stake":"100.00","client_key":"unique_idempotency_key_test_20_xyz","request_id":"f8e9b41b9120df188a96a5ae876a9c19","user_id":1} {"correlation_id":"eda7986c-b9e0-4e52-b901-0c89aec59224"}
[2026-09-07 18:06:24] testing.WARNING: DisburseWithdrawalJob: Transient error during disbursement, queue will retry {"withdrawal_id":1,"attempt":1,"max_tries":3,"exception":"Connection timeout to gateway API."} 
[2026-09-07 18:06:24] testing.ERROR: DisburseWithdrawalJob: Withdrawal not found {"withdrawal_id":999999,"attempt":1} 
[2026-09-07 18:06:24] testing.INFO: DisburseWithdrawalJob: Withdrawal already completed, skipping redundant disbursement {"withdrawal_id":1,"reference_number":"WD-20260907-4A5C3C48DE6E","status":"completed"} 
[2026-09-07 18:06:24] testing.INFO: DisburseWithdrawalJob: Withdrawal already completed, skipping redundant disbursement {"withdrawal_id":1,"reference_number":"WD-20260907-E8EA349421A1","status":"completed"} 
[2026-09-07 18:06:24] testing.INFO: RealPrizeSettlementService: Settled Draw #DRW-20260907-X5GR7M {"draw_id":1,"winners":1,"total_payout":"9000.00"} 
[2026-09-07 18:06:24] testing.INFO: ProcessPrizeSettlementJob: Draw is already settled, skipping redundant execution {"draw_id":1,"draw_number":"DRW-20260907-X5GR7M","status":"completed"} 
[2026-09-07 18:06:24] testing.INFO: Payment webhook event already processed (replay cache hit) {"gateway":"bkash","event_id":"evt_job_dup_08"} 
[2026-09-07 18:06:24] testing.CRITICAL: DisburseWithdrawalJob: Job permanently failed after max attempts {"withdrawal_id":1,"attempts":1,"error":"Gateway auth failed for secret token secret_key_123456"} 
[2026-09-07 18:06:24] testing.INFO: DisburseWithdrawalJob: Withdrawal already completed, skipping redundant disbursement {"withdrawal_id":1,"reference_number":"WD-20260907-E7CACB1AA873","status":"completed"} 
[2026-09-07 18:06:25] testing.WARNING: DisburseWithdrawalJob: Withdrawal in terminal failed/cancelled state, aborting job {"withdrawal_id":1,"reference_number":"WD-20260907-77F68D9012C7","status":"failed"} 
[2026-09-07 18:06:27] testing.WARNING: bKash webhook rejected: webhook_secret / app_secret is not configured. {"correlation_id":"a8aa9d35-c157-4ec1-97cd-68f41a38e8b7"} {"correlation_id":"a8aa9d35-c157-4ec1-97cd-68f41a38e8b7"}
[2026-09-07 18:06:27] testing.WARNING: Payment webhook signature verification failed {"correlation_id":"a8aa9d35-c157-4ec1-97cd-68f41a38e8b7","gateway":"bkash","ip":"127.0.0.1"} {"correlation_id":"a8aa9d35-c157-4ec1-97cd-68f41a38e8b7"}
[2026-09-07 18:06:27] testing.WARNING: bKash webhook rejected: webhook_secret / app_secret is not configured. {"correlation_id":"8e67ba06-e557-4e4c-b8a0-e75755c96fd4"} {"correlation_id":"8e67ba06-e557-4e4c-b8a0-e75755c96fd4"}
[2026-09-07 18:06:27] testing.WARNING: Payment webhook signature verification failed {"correlation_id":"8e67ba06-e557-4e4c-b8a0-e75755c96fd4","gateway":"bkash","ip":"127.0.0.1"} {"correlation_id":"8e67ba06-e557-4e4c-b8a0-e75755c96fd4"}
[2026-09-07 18:06:27] testing.WARNING: bKash webhook rejected: webhook_secret / app_secret is not configured. {"correlation_id":"263371ce-566c-4b82-9513-fc0dc7a5450c"} {"correlation_id":"263371ce-566c-4b82-9513-fc0dc7a5450c"}
[2026-09-07 18:06:27] testing.WARNING: Payment webhook signature verification failed {"correlation_id":"263371ce-566c-4b82-9513-fc0dc7a5450c","gateway":"bkash","ip":"127.0.0.1"} {"correlation_id":"263371ce-566c-4b82-9513-fc0dc7a5450c"}
[2026-09-07 18:06:41] testing.ERROR: High Exposure (High Risk) on number 123 [3d] for draw 1. {"risk_alert_type":"high_exposure","risk_level":"high","audit_log_id":4} 
[2026-09-07 18:06:47] testing.INFO: bet_purchase.api.success {"correlation_id":"5c6535c9-4808-4f73-90ef-c4b02c350a71","outcome":"purchased","bet_id":1,"bet_number":"BT-20260907-A4446BA63D8F","ticket_id":1,"draw_id":1,"currency":"THB","stake":"10.00","client_key":"api-3fac7e5042598962807ac50192f07570561b1f92","request_id":"a4c6550108e6b9e7ecc4fed2ab2f354a","user_id":1} {"correlation_id":"5c6535c9-4808-4f73-90ef-c4b02c350a71"}
[2026-09-07 18:06:47] testing.INFO: bet_purchase.api.success {"correlation_id":"c7e9ac23-ceff-4b7f-94ff-fa74e8180af6","outcome":"purchased","bet_id":1,"bet_number":"BT-20260907-2A13DA062619","ticket_id":1,"draw_id":1,"currency":"THB","stake":"10.00","client_key":"api-a676f40bd6585d6668cbe33a51f09953c02a7fef","request_id":"a51d96ec152c1b699ff660043830e6d0","user_id":1} {"correlation_id":"c7e9ac23-ceff-4b7f-94ff-fa74e8180af6"}
[2026-09-07 18:06:47] testing.INFO: bet_purchase.api.success {"correlation_id":"9b5f0181-85f6-4614-868c-d71f429c3fa8","outcome":"purchased","bet_id":1,"bet_number":"BT-20260907-3C77D90DB37A","ticket_id":1,"draw_id":1,"currency":"THB","stake":"10.00","client_key":"api-f7b8f591922e9b515c83f0ca28847379e14e3f93","request_id":"a597113db4f50238a2528e87f91e7e6c","user_id":1} {"correlation_id":"9b5f0181-85f6-4614-868c-d71f429c3fa8"}
[2026-09-07 18:06:47] testing.INFO: bet_purchase.api.success {"correlation_id":"69f70de3-5667-450d-b670-4ea6b889e767","outcome":"purchased","bet_id":1,"bet_number":"BT-20260907-DA6E5E3825E2","ticket_id":1,"draw_id":1,"currency":"THB","stake":"10.00","client_key":"api-e187d76746182cbb563423de65c53cff48e1b26c","request_id":"9bd64d6ebc62de2da72e23086e74c821","user_id":1} {"correlation_id":"69f70de3-5667-450d-b670-4ea6b889e767"}
[2026-09-07 18:06:47] testing.INFO: bet_purchase.api.success {"correlation_id":"ea6c4fd6-3055-4198-8480-dcadd468042a","outcome":"purchased","bet_id":1,"bet_number":"BT-20260907-5382D3024195","ticket_id":1,"draw_id":1,"currency":"THB","stake":"10.00","client_key":"api-bd6c2f1a5ca9ea80b589a486be6f1ed025590bed","request_id":"b4ed435fabe189d35d5b0f8d7b921e48","user_id":1} {"correlation_id":"ea6c4fd6-3055-4198-8480-dcadd468042a"}
[2026-09-07 18:06:47] testing.INFO: bet_purchase.api.success {"correlation_id":"5666f90e-c00f-48ce-8a73-22322f7892e0","outcome":"purchased","bet_id":1,"bet_number":"BT-20260907-B2B26380740D","ticket_id":1,"draw_id":1,"currency":"THB","stake":"10.00","client_key":"api-8e924a7dac69469f40b6a9525e68f510b7972699","request_id":"6c54d4526fd341be0627923021f9bb05","user_id":1} {"correlation_id":"5666f90e-c00f-48ce-8a73-22322f7892e0"}
[2026-09-07 18:06:48] testing.INFO: bet_purchase.api.success {"correlation_id":"662f756b-1cd4-4e40-8433-1872dfb7c0ce","outcome":"purchased","bet_id":1,"bet_number":"BT-20260907-23282C327711","ticket_id":1,"draw_id":1,"currency":"THB","stake":"10.00","client_key":"api-63e4863923f9d99f637040c4ecaa95eaf5e39f31","request_id":"53755dac1a0af24c9687c193ac147e4b","user_id":1} {"correlation_id":"662f756b-1cd4-4e40-8433-1872dfb7c0ce"}
[2026-09-07 18:06:48] testing.INFO: bet_purchase.api.success {"correlation_id":"b6021f08-4edf-47d1-8e2d-f9a9060453fe","outcome":"purchased","bet_id":1,"bet_number":"BT-20260907-4FD171B2CE14","ticket_id":1,"draw_id":1,"currency":"THB","stake":"10.00","client_key":"api-1d2da6cca6185013559ff92e6eedc11e93618224","request_id":"ab4604a4bd7163e769708b355ec97045","user_id":1} {"correlation_id":"b6021f08-4edf-47d1-8e2d-f9a9060453fe"}
[2026-09-07 18:06:48] testing.INFO: bet_purchase.api.success {"correlation_id":"adb95b36-7a89-4b98-92c2-1f7f4e869e99","outcome":"purchased","bet_id":1,"bet_number":"BT-20260907-21A07B82FD8B","ticket_id":1,"draw_id":1,"currency":"THB","stake":"10.00","client_key":"api-4fed3970dcc0d31dccddbf69ef55b00f32d2ca78","request_id":"79ff438c9a17b7e87147c65912de052a","user_id":1} {"correlation_id":"adb95b36-7a89-4b98-92c2-1f7f4e869e99"}
[2026-09-07 18:06:48] testing.INFO: bet_purchase.api.success {"correlation_id":"fe28283e-9f11-4f00-84ac-3cfc5606a54d","outcome":"purchased","bet_id":1,"bet_number":"BT-20260907-840F6B81F744","ticket_id":1,"draw_id":1,"currency":"THB","stake":"10.00","client_key":"api-3e23e8160039594a33894f6564e1b1348bbd7a00","request_id":"5c0c788f308c63a9133653500fff6f2f","user_id":1} {"correlation_id":"fe28283e-9f11-4f00-84ac-3cfc5606a54d"}
[2026-09-07 18:06:48] testing.INFO: bet_purchase.api.success {"correlation_id":"9f630bea-b2c5-487c-9888-4a2fb2f57dc5","outcome":"purchased","bet_id":1,"bet_number":"BT-20260907-5B3F6621DC57","ticket_id":1,"draw_id":1,"currency":"THB","stake":"10.00","client_key":"api-2e7d2c03a9507ae265ecf5b5356885a53393a202","request_id":"2bd058d5c8080d6d57b72831436f08a6","user_id":1} {"correlation_id":"9f630bea-b2c5-487c-9888-4a2fb2f57dc5"}
[2026-09-07 18:06:48] testing.INFO: bet_purchase.api.refused {"correlation_id":"a7230c7c-ebcb-43ab-8379-438d21be0915","outcome":"refused","error_code":"draw_not_found","http_status":404,"exception":"App\\Exceptions\\BetPurchaseValidationException","client_key":"api-3f79bb7b435b05321651daefd374cdc681dc06fa","request_id":"37c5335ae490b8bf9c4c004fd7fcae9b","user_id":1} {"correlation_id":"a7230c7c-ebcb-43ab-8379-438d21be0915"}
[2026-09-07 18:06:48] testing.INFO: bet_purchase.api.refused {"correlation_id":"7a0591e8-4dc1-4a20-9646-16b99b6fbf7b","outcome":"refused","error_code":"draw_closed","http_status":422,"exception":"App\\Exceptions\\BetPurchaseValidationException","client_key":"api-252f10c83610ebca1a059c0bae8255eba2f95be4","request_id":"111e02f0cd20a88723c88da435771ea7","user_id":1} {"correlation_id":"7a0591e8-4dc1-4a20-9646-16b99b6fbf7b"}
[2026-09-07 18:06:48] testing.INFO: bet_purchase.api.success {"correlation_id":"9a338c0e-3da8-4531-aab4-0eaebb280ec3","outcome":"purchased","bet_id":1,"bet_number":"BT-20260907-D450FADC2EBE","ticket_id":1,"draw_id":1,"currency":"THB","stake":"10.00","client_key":"api-de7d1b721a1e0632b7cf04edf5032c8ecffa9f9a","request_id":"b8e790351827b9679f5a4a141e55eabe","user_id":1} {"correlation_id":"9a338c0e-3da8-4531-aab4-0eaebb280ec3"}
[2026-09-07 18:06:48] testing.INFO: bet_purchase.api.success {"correlation_id":"480ef202-1371-40cd-87c2-a8581b60b371","outcome":"purchased","bet_id":1,"bet_number":"BT-20260907-5CF2774DBC6C","ticket_id":1,"draw_id":1,"currency":"THB","stake":"10.00","client_key":"api-189f40034be7a199f1fa9891668ee3ab6049f82d","request_id":"43125b7e7d4504bc47a772d6bd489ea8","user_id":1} {"correlation_id":"480ef202-1371-40cd-87c2-a8581b60b371"}
[2026-09-07 18:06:48] testing.INFO: bet_purchase.api.refused {"correlation_id":"b2aa907d-35d2-4a64-a5d8-1d2b50921d57","outcome":"refused","error_code":"invalid_stake","http_status":422,"exception":"App\\Exceptions\\BetPurchaseValidationException","client_key":"api-acac86c0e609ca906f632b0e2dacccb2b77d22b0","request_id":"e2b5fbd1d98cde305d193a2368b3dff8","user_id":1} {"correlation_id":"b2aa907d-35d2-4a64-a5d8-1d2b50921d57"}
[2026-09-07 18:06:49] testing.INFO: bet_purchase.api.refused {"correlation_id":"8239278f-c407-44b9-af6f-35a8629dd192","outcome":"refused","error_code":"insufficient_balance","http_status":422,"exception":"App\\Exceptions\\BetPurchaseException","client_key":"api-1b16b1df538ba12dc3f97edbb85caa7050d46c14","request_id":"27f40153e34ff7f1585d9f302c14dc75","user_id":1} {"correlation_id":"8239278f-c407-44b9-af6f-35a8629dd192"}
[2026-09-07 18:06:49] testing.INFO: bet_purchase.api.refused {"correlation_id":"865858ad-e508-414a-87ce-57caf25010c5","outcome":"refused","error_code":"risk_rejected","http_status":422,"exception":"App\\Exceptions\\BetPurchaseValidationException","client_key":"api-65c74c15a686187bb6bbf9958f494fc6b8006803","request_id":"0d6ba20eef2f81bb0d283662c6b7b77d","user_id":1} {"correlation_id":"865858ad-e508-414a-87ce-57caf25010c5"}
[2026-09-07 18:06:49] testing.INFO: bet_purchase.api.success {"correlation_id":"0b2fac65-0648-4bc8-8d74-e7f9c60827ce","outcome":"purchased","bet_id":1,"bet_number":"BT-20260907-D32237490A75","ticket_id":1,"draw_id":1,"currency":"THB","stake":"10.00","client_key":"api-148de9c5a7a44d19e56cd9ae1a554bf67847afb0","request_id":"834af0462a13bc5ea712b2de174deb96","user_id":1} {"correlation_id":"0b2fac65-0648-4bc8-8d74-e7f9c60827ce"}
[2026-09-07 18:06:49] testing.INFO: bet_purchase.api.success {"correlation_id":"5fc74a13-372d-466b-b3d1-42586288b6f0","outcome":"replayed","bet_id":1,"bet_number":"BT-20260907-D32237490A75","ticket_id":1,"draw_id":1,"currency":"THB","stake":"10.00","client_key":"api-148de9c5a7a44d19e56cd9ae1a554bf67847afb0","request_id":"e1cc6953a2604e4332363035385668a2","user_id":1} {"correlation_id":"5fc74a13-372d-466b-b3d1-42586288b6f0"}
[2026-09-07 18:06:49] testing.INFO: bet_purchase.api.success {"correlation_id":"33954634-0d91-4ac0-9835-530c2eaa7ca6","outcome":"purchased","bet_id":1,"bet_number":"BT-20260907-91AC8F1C10CF","ticket_id":1,"draw_id":1,"currency":"THB","stake":"10.00","client_key":"api-8e35c2cd3bf6641bdb0e2050b76932cbb2e6034a","request_id":"f91238998392424c55dae2dd0d58641a","user_id":1} {"correlation_id":"33954634-0d91-4ac0-9835-530c2eaa7ca6"}
[2026-09-07 18:06:49] testing.INFO: bet_purchase.api.refused {"correlation_id":"5e62771c-4fe6-401e-aacd-c6054b5ec9ea","outcome":"refused","error_code":"idempotency_payload_mismatch","http_status":409,"exception":"App\\Exceptions\\BetPurchaseIdempotencyException","client_key":"api-8e35c2cd3bf6641bdb0e2050b76932cbb2e6034a","request_id":"09a05f10edbe2420dcdbf58b02e5aa1a","user_id":1} {"correlation_id":"5e62771c-4fe6-401e-aacd-c6054b5ec9ea"}
[2026-09-07 18:06:49] testing.INFO: bet_purchase.api.success {"correlation_id":"c31517bf-52bc-4ee7-b141-f2f1ff733b2b","outcome":"purchased","bet_id":1,"bet_number":"BT-20260907-14164276143E","ticket_id":1,"draw_id":1,"currency":"THB","stake":"10.00","client_key":"api-454349e422f05297191ead13e21d3db520e5abef","request_id":"81eab3df4b5033187347e0baa93f3a33","user_id":1} {"correlation_id":"c31517bf-52bc-4ee7-b141-f2f1ff733b2b"}
[2026-09-07 18:06:49] testing.INFO: bet_purchase.api.success {"correlation_id":"b44bd926-b2eb-4e39-aaf4-b805629f6d6d","outcome":"purchased","bet_id":2,"bet_number":"BT-20260907-01F461B356F9","ticket_id":2,"draw_id":2,"currency":"THB","stake":"10.00","client_key":"api-454349e422f05297191ead13e21d3db520e5abef","request_id":"de94201b425fc603cca4bee20ed3248c","user_id":2} {"correlation_id":"b44bd926-b2eb-4e39-aaf4-b805629f6d6d"}
[2026-09-07 18:06:49] testing.INFO: bet_purchase.api.success {"correlation_id":"6dd4a0b4-acda-4c8a-b4e6-50169c4248da","outcome":"purchased","bet_id":1,"bet_number":"BT-20260907-3122D35F4703","ticket_id":1,"draw_id":1,"currency":"THB","stake":"10.00","client_key":"api-043a718774c572bd8a25adbeb1bfcd5c0256ae11","request_id":"7572e951c7177a3e09086f832a0a9875","user_id":1} {"correlation_id":"6dd4a0b4-acda-4c8a-b4e6-50169c4248da"}
[2026-09-07 18:06:49] testing.INFO: bet_purchase.api.success {"correlation_id":"3685bcaa-33a1-4fd6-88e0-4ffdda96f002","outcome":"purchased","bet_id":2,"bet_number":"BT-20260907-1CF768F2045D","ticket_id":2,"draw_id":2,"currency":"THB","stake":"10.00","client_key":"api-043a718774c572bd8a25adbeb1bfcd5c0256ae11","request_id":"e2581648fdcd5649cb1706483e48a64e","user_id":1} {"correlation_id":"3685bcaa-33a1-4fd6-88e0-4ffdda96f002"}
[2026-09-07 18:06:49] testing.INFO: bet_purchase.api.success {"correlation_id":"f1ab0f22-3d4c-4bfb-80d3-78c96c442360","outcome":"purchased","bet_id":1,"bet_number":"BT-20260907-5AEC38B06073","ticket_id":1,"draw_id":1,"currency":"THB","stake":"10.00","client_key":"api-e3b98a4da31a127d4bde6e43033f66ba274cab0e","request_id":"dafb110ebf3c94c3d0ad90420f003b07","user_id":1} {"correlation_id":"f1ab0f22-3d4c-4bfb-80d3-78c96c442360"}
[2026-09-07 18:06:49] testing.INFO: bet_purchase.api.success {"correlation_id":"e7ccb024-7d14-4cdb-acb0-9a96b5e409b3","outcome":"purchased","bet_id":1,"bet_number":"BT-20260907-E19196851F7E","ticket_id":1,"draw_id":1,"currency":"THB","stake":"10.00","client_key":"api-2d711642b726b04401627ca9fbac32f5c8530fb1","request_id":"ca06c1bc3fd5a8ad2251d43b87b20750","user_id":1} {"correlation_id":"e7ccb024-7d14-4cdb-acb0-9a96b5e409b3"}
[2026-09-07 18:06:49] testing.INFO: bet_purchase.api.success {"correlation_id":"77739cab-3b7a-40a7-baff-ec38a118f8b9","outcome":"purchased","bet_id":1,"bet_number":"BT-20260907-688C07AD54D4","ticket_id":1,"draw_id":1,"currency":"THB","stake":"10.00","client_key":"api-a1fce4363854ff888cff4b8e7875d600c2682390","request_id":"efbec07d5c572de97abe7722b08bd459","user_id":1} {"correlation_id":"77739cab-3b7a-40a7-baff-ec38a118f8b9"}
[2026-09-07 18:06:49] testing.INFO: bet_purchase.api.success {"correlation_id":"f19a9d81-73ff-4d44-a261-7e011ef55261","outcome":"purchased","bet_id":1,"bet_number":"BT-20260907-4AD6F8519015","ticket_id":1,"draw_id":1,"currency":"THB","stake":"10.00","client_key":"api-fb8e20fc2e4c3f248c60c39bd652f3c1347298bb","request_id":"b9f1cc7024206371c4c376297decdc5e","user_id":1} {"correlation_id":"f19a9d81-73ff-4d44-a261-7e011ef55261"}
[2026-09-07 18:06:50] testing.INFO: bet_purchase.api.success {"correlation_id":"1b092dcc-e608-4463-b548-18c417f8156a","outcome":"purchased","bet_id":1,"bet_number":"BT-20260907-D8FAE8EA7DCA","ticket_id":1,"draw_id":1,"currency":"THB","stake":"10.00","client_key":"api-f45de51cdef30991551e41e882dd7b5404799648","request_id":"976027bf386edd24bb95d9faf65ca0be","user_id":1} {"correlation_id":"1b092dcc-e608-4463-b548-18c417f8156a"}
[2026-09-07 18:06:50] testing.INFO: bet_purchase.api.success {"correlation_id":"6892c5cd-f2ca-4ceb-95d0-7b1ec2013513","outcome":"purchased","bet_id":1,"bet_number":"BT-20260907-E72A336F669A","ticket_id":1,"draw_id":1,"currency":"THB","stake":"10.00","client_key":"api-b0136a3f0a0fae4b4cbb261ae65b245326d69f8a","request_id":"c67b9da201ec314ec7aa8d774e24dbc6","user_id":1} {"correlation_id":"6892c5cd-f2ca-4ceb-95d0-7b1ec2013513"}
[2026-09-07 18:06:50] testing.INFO: bet_purchase.api.success {"correlation_id":"621a65a5-d5a9-4630-967b-cfc379502300","outcome":"purchased","bet_id":1,"bet_number":"BT-20260907-EE8B11382C76","ticket_id":1,"draw_id":1,"currency":"THB","stake":"10.00","client_key":"api-e5a94045f98e84810bb71edd3ba885463406b087","request_id":"c6c668aa1166652e387adb4cc0c0bfc3","user_id":1} {"correlation_id":"621a65a5-d5a9-4630-967b-cfc379502300"}
[2026-09-07 18:06:50] testing.INFO: bet_purchase.api.success {"correlation_id":"407f4b18-2b47-4bf5-bf3e-4f5bb3975373","outcome":"purchased","bet_id":1,"bet_number":"BT-20260907-2FE4A66B936A","ticket_id":1,"draw_id":1,"currency":"THB","stake":"10.00","client_key":"api-b797c8d26a988c97a38d4458172406dc19ab0012","request_id":"a752f15b59d50761281c30853a65e106","user_id":1} {"correlation_id":"407f4b18-2b47-4bf5-bf3e-4f5bb3975373"}
[2026-09-07 18:06:50] testing.INFO: bet_purchase.api.success {"correlation_id":"a862618d-bfd2-4716-b085-f6fd7e8dba3d","outcome":"purchased","bet_id":1,"bet_number":"BT-20260907-2E2284C13F13","ticket_id":1,"draw_id":1,"currency":"THB","stake":"10.00","client_key":"api-70ba33708cbfb103f1a8e34afef333ba7dc02102","request_id":"fc2e828dfeae882ecc002a2eaa4d6c38","user_id":1} {"correlation_id":"a862618d-bfd2-4716-b085-f6fd7e8dba3d"}
[2026-09-07 18:06:50] testing.INFO: bet_purchase.api.success {"correlation_id":"cffc5197-6be3-4879-9bd7-1cfd2eb09b92","outcome":"purchased","bet_id":1,"bet_number":"BT-20260907-CE69C1633BD1","ticket_id":1,"draw_id":1,"currency":"THB","stake":"10.00","client_key":"api-f9a00f43e97e3966bb846e76b6795e11512c3bbf","request_id":"7e0d03fd32778f8495ce761b5e89fb32","user_id":1} {"correlation_id":"cffc5197-6be3-4879-9bd7-1cfd2eb09b92"}
[2026-09-07 18:06:50] testing.INFO: bet_purchase.api.success {"correlation_id":"9d2d6a17-98e4-4abb-97ca-360cc273a6c3","outcome":"purchased","bet_id":1,"bet_number":"BT-20260907-2706072CE702","ticket_id":1,"draw_id":1,"currency":"THB","stake":"10.00","client_key":"api-503126878d17fcd6bde7df320ff6eb7c278a1c42","request_id":"aaf3a5fa5e28398ed7cf804dfe40a3c9","user_id":1} {"correlation_id":"9d2d6a17-98e4-4abb-97ca-360cc273a6c3"}
[2026-09-07 18:06:50] testing.INFO: bet_purchase.api.success {"correlation_id":"d860f099-30d1-4638-afbc-5c209a590179","outcome":"purchased","bet_id":1,"bet_number":"BT-20260907-FFD45C475431","ticket_id":1,"draw_id":1,"currency":"THB","stake":"10.00","client_key":"api-9aaf680776b98fd17fe63376120525cbcdffc01b","request_id":"1ccd3f4d85de15816412b630c1cdd7a6","user_id":1} {"correlation_id":"d860f099-30d1-4638-afbc-5c209a590179"}
[2026-09-07 18:06:50] testing.INFO: bet_purchase.api.success {"correlation_id":"2c4d1cdd-f624-465c-8abe-f65929e62b01","outcome":"purchased","bet_id":1,"bet_number":"BT-20260907-229F45A6D8C2","ticket_id":1,"draw_id":1,"currency":"THB","stake":"10.55","client_key":"api-70a0d5198ebb88f97a2cc83a236a8afcc28c7d9e","request_id":"0cc5cca14959bf0939f79cde866cc9b6","user_id":1} {"correlation_id":"2c4d1cdd-f624-465c-8abe-f65929e62b01"}
[2026-09-07 18:06:50] testing.INFO: bet_purchase.api.success {"correlation_id":"66a1a862-c619-4768-bb00-5ec878421f91","outcome":"purchased","bet_id":1,"bet_number":"BT-20260907-2DB7819AE2BF","ticket_id":1,"draw_id":1,"currency":"THB","stake":"10.00","client_key":"api-32e83e92d45d71f69dcf9d214688f03755421086","request_id":"7f131cb101a812943b8e97abf2152ccb","user_id":1} {"correlation_id":"66a1a862-c619-4768-bb00-5ec878421f91"}
[2026-09-07 18:06:50] testing.INFO: bet_purchase.api.success {"correlation_id":"5d8f05f7-01d7-4c77-b872-e8ea1469ece5","outcome":"purchased","bet_id":1,"bet_number":"BT-20260907-9FED46BB4AF9","ticket_id":1,"draw_id":1,"currency":"THB","stake":"10.00","client_key":"api-7d29d73105d636d04ca9fffcf979986d373ac874","request_id":"f3323e30e51f225a060c1c0675bf5c56","user_id":1} {"correlation_id":"5d8f05f7-01d7-4c77-b872-e8ea1469ece5"}
[2026-09-07 18:06:51] testing.INFO: bet_purchase.api.success {"correlation_id":"81fe8c73-c666-49c6-b72b-ca904b382320","outcome":"purchased","bet_id":1,"bet_number":"BT-20260907-09F81FDB6F6B","ticket_id":1,"draw_id":2,"currency":"THB","stake":"10.00","client_key":"api-6fdb16bc02366c008d809798cb3faae1efba55a5","request_id":"0e34b98c659561a46dfc6b9bf766d00f","user_id":2} {"correlation_id":"81fe8c73-c666-49c6-b72b-ca904b382320"}
[2026-09-07 18:06:51] testing.ERROR: SQLSTATE[42S02]: Base table or view not found: 1146 Table "thai_lottery.wallets" doesn't exist (Connection: mysql, SQL: select * from `wallets` where `id` = 1) in /var/www/app/Services/Finance/WalletService.php:118 {"correlation_id":"64499762-e016-4897-b854-d2d79b71d17d","exception":"[object] (RuntimeException(code: 0): SQLSTATE[42S02]: Base table or view not found: 1146 Table \"thai_lottery.wallets\" doesn't exist (Connection: mysql, SQL: select * from `wallets` where `id` = 1) in /var/www/app/Services/Finance/WalletService.php:118 at /home/user/tests/Feature/Api/V1/BetPurchaseApiTest.php:993)
[stacktrace]
#0 /home/user/vendor/laravel/framework/src/Illuminate/Routing/CallableDispatcher.php(40): Tests\\Feature\\Api\\V1\\BetPurchaseApiTest->{closure:Tests\\Feature\\Api\\V1\\BetPurchaseApiTest::am_an_unexpected_failure_never_exposes_a_stack_trace_or_internals():990}()
#1 /home/user/vendor/laravel/framework/src/Illuminate/Routing/Route.php(244): Illuminate\\Routing\\CallableDispatcher->dispatch()
#2 /home/user/vendor/laravel/framework/src/Illuminate/Routing/Route.php(215): Illuminate\\Routing\\Route->runCallable()
#3 /home/user/vendor/laravel/framework/src/Illuminate/Routing/Router.php(808): Illuminate\\Routing\\Route->run()
#4 /home/user/vendor/laravel/framework/src/Illuminate/Pipeline/Pipeline.php(170): Illuminate\\Routing\\Router->{closure:Illuminate\\Routing\\Router::runRouteWithinStack():807}()
#5 /home/user/vendor/laravel/framework/src/Illuminate/Routing/Middleware/SubstituteBindings.php(51): Illuminate\\Pipeline\\Pipeline->{closure:Illuminate\\Pipeline\\Pipeline::prepareDestination():168}()
#6 /home/user/vendor/laravel/framework/src/Illuminate/Pipeline/Pipeline.php(209): Illuminate\\Routing\\Middleware\\SubstituteBindings->handle()
#7 /home/user/vendor/laravel/framework/src/Illuminate/Pipeline/Pipeline.php(127): Illuminate\\Pipeline\\Pipeline->{closure:{closure:Illuminate\\Pipeline\\Pipeline::carry():184}:185}()
#8 /home/user/vendor/laravel/framework/src/Illuminate/Routing/Router.php(807): Illuminate\\Pipeline\\Pipeline->then()
#9 /home/user/vendor/laravel/framework/src/Illuminate/Routing/Router.php(786): Illuminate\\Routing\\Router->runRouteWithinStack()
#10 /home/user/vendor/laravel/framework/src/Illuminate/Routing/Router.php(750): Illuminate\\Routing\\Router->runRoute()
#11 /home/user/vendor/laravel/framework/src/Illuminate/Routing/Router.php(739): Illuminate\\Routing\\Router->dispatchToRoute()
#12 /home/user/vendor/laravel/framework/src/Illuminate/Foundation/Http/Kernel.php(201): Illuminate\\Routing\\Router->dispatch()
#13 /home/user/vendor/laravel/framework/src/Illuminate/Pipeline/Pipeline.php(170): Illuminate\\Foundation\\Http\\Kernel->{closure:Illuminate\\Foundation\\Http\\Kernel::dispatchToRouter():198}()
#14 /home/user/vendor/livewire/livewire/src/Features/SupportDisablingBackButtonCache/DisableBackButtonCacheMiddleware.php(19): Illuminate\\Pipeline\\Pipeline->{closure:Illuminate\\Pipeline\\Pipeline::prepareDestination():168}()
#15 /home/user/vendor/laravel/framework/src/Illuminate/Pipeline/Pipeline.php(209): Livewire\\Features\\SupportDisablingBackButtonCache\\DisableBackButtonCacheMiddleware->handle()
#16 /home/user/app/Http/Middleware/SecurityHeaders.php(13): Illuminate\\Pipeline\\Pipeline->{closure:{closure:Illuminate\\Pipeline\\Pipeline::carry():184}:185}()
#17 /home/user/vendor/laravel/framework/src/Illuminate/Pipeline/Pipeline.php(209): App\\Http\\Middleware\\SecurityHeaders->handle()
#18 /home/user/app/Http/Middleware/CorrelationIdMiddleware.php(35): Illuminate\\Pipeline\\Pipeline->{closure:{closure:Illuminate\\Pipeline\\Pipeline::carry():184}:185}()
#19 /home/user/vendor/laravel/framework/src/Illuminate/Pipeline/Pipeline.php(209): App\\Http\\Middleware\\CorrelationIdMiddleware->handle()
#20 /home/user/vendor/laravel/framework/src/Illuminate/Foundation/Http/Middleware/TransformsRequest.php(21): Illuminate\\Pipeline\\Pipeline->{closure:{closure:Illuminate\\Pipeline\\Pipeline::carry():184}:185}()
#21 /home/user/vendor/laravel/framework/src/Illuminate/Foundation/Http/Middleware/ConvertEmptyStringsToNull.php(31): Illuminate\\Foundation\\Http\\Middleware\\TransformsRequest->handle()
#22 /home/user/vendor/laravel/framework/src/Illuminate/Pipeline/Pipeline.php(209): Illuminate\\Foundation\\Http\\Middleware\\ConvertEmptyStringsToNull->handle()
#23 /home/user/vendor/laravel/framework/src/Illuminate/Foundation/Http/Middleware/TransformsRequest.php(21): Illuminate\\Pipeline\\Pipeline->{closure:{closure:Illuminate\\Pipeline\\Pipeline::carry():184}:185}()
#24 /home/user/vendor/laravel/framework/src/Illuminate/Foundation/Http/Middleware/TrimStrings.php(51): Illuminate\\Foundation\\Http\\Middleware\\TransformsRequest->handle()
#25 /home/user/vendor/laravel/framework/src/Illuminate/Pipeline/Pipeline.php(209): Illuminate\\Foundation\\Http\\Middleware\\TrimStrings->handle()
#26 /home/user/vendor/laravel/framework/src/Illuminate/Http/Middleware/ValidatePostSize.php(27): Illuminate\\Pipeline\\Pipeline->{closure:{closure:Illuminate\\Pipeline\\Pipeline::carry():184}:185}()
#27 /home/user/vendor/laravel/framework/src/Illuminate/Pipeline/Pipeline.php(209): Illuminate\\Http\\Middleware\\ValidatePostSize->handle()
#28 /home/user/vendor/laravel/framework/src/Illuminate/Foundation/Http/Middleware/PreventRequestsDuringMaintenance.php(110): Illuminate\\Pipeline\\Pipeline->{closure:{closure:Illuminate\\Pipeline\\Pipeline::carry():184}:185}()
#29 /home/user/vendor/laravel/framework/src/Illuminate/Pipeline/Pipeline.php(209): Illuminate\\Foundation\\Http\\Middleware\\PreventRequestsDuringMaintenance->handle()
#30 /home/user/vendor/laravel/framework/src/Illuminate/Http/Middleware/HandleCors.php(62): Illuminate\\Pipeline\\Pipeline->{closure:{closure:Illuminate\\Pipeline\\Pipeline::carry():184}:185}()
#31 /home/user/vendor/laravel/framework/src/Illuminate/Pipeline/Pipeline.php(209): Illuminate\\Http\\Middleware\\HandleCors->handle()
#32 /home/user/vendor/laravel/framework/src/Illuminate/Http/Middleware/TrustProxies.php(58): Illuminate\\Pipeline\\Pipeline->{closure:{closure:Illuminate\\Pipeline\\Pipeline::carry():184}:185}()
#33 /home/user/vendor/laravel/framework/src/Illuminate/Pipeline/Pipeline.php(209): Illuminate\\Http\\Middleware\\TrustProxies->handle()
#34 /home/user/vendor/laravel/framework/src/Illuminate/Foundation/Http/Middleware/InvokeDeferredCallbacks.php(22): Illuminate\\Pipeline\\Pipeline->{closure:{closure:Illuminate\\Pipeline\\Pipeline::carry():184}:185}()
#35 /home/user/vendor/laravel/framework/src/Illuminate/Pipeline/Pipeline.php(209): Illuminate\\Foundation\\Http\\Middleware\\InvokeDeferredCallbacks->handle()
#36 /home/user/vendor/laravel/framework/src/Illuminate/Pipeline/Pipeline.php(127): Illuminate\\Pipeline\\Pipeline->{closure:{closure:Illuminate\\Pipeline\\Pipeline::carry():184}:185}()
#37 /home/user/vendor/laravel/framework/src/Illuminate/Foundation/Http/Kernel.php(176): Illuminate\\Pipeline\\Pipeline->then()
#38 /home/user/vendor/laravel/framework/src/Illuminate/Foundation/Http/Kernel.php(145): Illuminate\\Foundation\\Http\\Kernel->sendRequestThroughRouter()
#39 /home/user/vendor/laravel/framework/src/Illuminate/Foundation/Testing/Concerns/MakesHttpRequests.php(607): Illuminate\\Foundation\\Http\\Kernel->handle()
#40 /home/user/vendor/laravel/framework/src/Illuminate/Foundation/Testing/Concerns/MakesHttpRequests.php(573): Illuminate\\Foundation\\Testing\\TestCase->call()
#41 /home/user/vendor/laravel/framework/src/Illuminate/Foundation/Testing/Concerns/MakesHttpRequests.php(381): Illuminate\\Foundation\\Testing\\TestCase->json()
#42 /home/user/tests/Feature/Api/V1/BetPurchaseApiTest.php(1001): Illuminate\\Foundation\\Testing\\TestCase->getJson()
#43 /home/user/vendor/phpunit/phpunit/src/Framework/TestCase.php(1667): Tests\\Feature\\Api\\V1\\BetPurchaseApiTest->am_an_unexpected_failure_never_exposes_a_stack_trace_or_internals()
#44 /home/user/vendor/phpunit/phpunit/src/Framework/TestCase.php(519): PHPUnit\\Framework\\TestCase->runTest()
#45 /home/user/vendor/phpunit/phpunit/src/Framework/TestRunner/TestRunner.php(87): PHPUnit\\Framework\\TestCase->runBare()
#46 /home/user/vendor/phpunit/phpunit/src/Framework/TestCase.php(365): PHPUnit\\Framework\\TestRunner->run()
#47 /home/user/vendor/phpunit/phpunit/src/Framework/TestSuite.php(369): PHPUnit\\Framework\\TestCase->run()
#48 /home/user/vendor/phpunit/phpunit/src/Framework/TestSuite.php(369): PHPUnit\\Framework\\TestSuite->run()
#49 /home/user/vendor/phpunit/phpunit/src/Framework/TestSuite.php(369): PHPUnit\\Framework\\TestSuite->run()
#50 /home/user/vendor/phpunit/phpunit/src/TextUI/TestRunner.php(64): PHPUnit\\Framework\\TestSuite->run()
#51 /home/user/vendor/phpunit/phpunit/src/TextUI/Application.php(211): PHPUnit\\TextUI\\TestRunner->run()
#52 /home/user/vendor/phpunit/phpunit/phpunit(104): PHPUnit\\TextUI\\Application->run()
#53 /home/user/vendor/bin/phpunit(122): include('...')
#54 {main}
"} {"correlation_id":"64499762-e016-4897-b854-d2d79b71d17d"}
[2026-09-07 18:06:51] testing.ERROR: api.unhandled_exception {"correlation_id":"64499762-e016-4897-b854-d2d79b71d17d","exception":"[object] (RuntimeException(code: 0): SQLSTATE[42S02]: Base table or view not found: 1146 Table \"thai_lottery.wallets\" doesn't exist (Connection: mysql, SQL: select * from `wallets` where `id` = 1) in /var/www/app/Services/Finance/WalletService.php:118 at /home/user/tests/Feature/Api/V1/BetPurchaseApiTest.php:993)
[stacktrace]
#0 /home/user/vendor/laravel/framework/src/Illuminate/Routing/CallableDispatcher.php(40): Tests\\Feature\\Api\\V1\\BetPurchaseApiTest->{closure:Tests\\Feature\\Api\\V1\\BetPurchaseApiTest::am_an_unexpected_failure_never_exposes_a_stack_trace_or_internals():990}()
#1 /home/user/vendor/laravel/framework/src/Illuminate/Routing/Route.php(244): Illuminate\\Routing\\CallableDispatcher->dispatch()
#2 /home/user/vendor/laravel/framework/src/Illuminate/Routing/Route.php(215): Illuminate\\Routing\\Route->runCallable()
#3 /home/user/vendor/laravel/framework/src/Illuminate/Routing/Router.php(808): Illuminate\\Routing\\Route->run()
#4 /home/user/vendor/laravel/framework/src/Illuminate/Pipeline/Pipeline.php(170): Illuminate\\Routing\\Router->{closure:Illuminate\\Routing\\Router::runRouteWithinStack():807}()
#5 /home/user/vendor/laravel/framework/src/Illuminate/Routing/Middleware/SubstituteBindings.php(51): Illuminate\\Pipeline\\Pipeline->{closure:Illuminate\\Pipeline\\Pipeline::prepareDestination():168}()
#6 /home/user/vendor/laravel/framework/src/Illuminate/Pipeline/Pipeline.php(209): Illuminate\\Routing\\Middleware\\SubstituteBindings->handle()
#7 /home/user/vendor/laravel/framework/src/Illuminate/Pipeline/Pipeline.php(127): Illuminate\\Pipeline\\Pipeline->{closure:{closure:Illuminate\\Pipeline\\Pipeline::carry():184}:185}()
#8 /home/user/vendor/laravel/framework/src/Illuminate/Routing/Router.php(807): Illuminate\\Pipeline\\Pipeline->then()
#9 /home/user/vendor/laravel/framework/src/Illuminate/Routing/Router.php(786): Illuminate\\Routing\\Router->runRouteWithinStack()
#10 /home/user/vendor/laravel/framework/src/Illuminate/Routing/Router.php(750): Illuminate\\Routing\\Router->runRoute()
#11 /home/user/vendor/laravel/framework/src/Illuminate/Routing/Router.php(739): Illuminate\\Routing\\Router->dispatchToRoute()
#12 /home/user/vendor/laravel/framework/src/Illuminate/Foundation/Http/Kernel.php(201): Illuminate\\Routing\\Router->dispatch()
#13 /home/user/vendor/laravel/framework/src/Illuminate/Pipeline/Pipeline.php(170): Illuminate\\Foundation\\Http\\Kernel->{closure:Illuminate\\Foundation\\Http\\Kernel::dispatchToRouter():198}()
#14 /home/user/vendor/livewire/livewire/src/Features/SupportDisablingBackButtonCache/DisableBackButtonCacheMiddleware.php(19): Illuminate\\Pipeline\\Pipeline->{closure:Illuminate\\Pipeline\\Pipeline::prepareDestination():168}()
#15 /home/user/vendor/laravel/framework/src/Illuminate/Pipeline/Pipeline.php(209): Livewire\\Features\\SupportDisablingBackButtonCache\\DisableBackButtonCacheMiddleware->handle()
#16 /home/user/app/Http/Middleware/SecurityHeaders.php(13): Illuminate\\Pipeline\\Pipeline->{closure:{closure:Illuminate\\Pipeline\\Pipeline::carry():184}:185}()
#17 /home/user/vendor/laravel/framework/src/Illuminate/Pipeline/Pipeline.php(209): App\\Http\\Middleware\\SecurityHeaders->handle()
#18 /home/user/app/Http/Middleware/CorrelationIdMiddleware.php(35): Illuminate\\Pipeline\\Pipeline->{closure:{closure:Illuminate\\Pipeline\\Pipeline::carry():184}:185}()
#19 /home/user/vendor/laravel/framework/src/Illuminate/Pipeline/Pipeline.php(209): App\\Http\\Middleware\\CorrelationIdMiddleware->handle()
#20 /home/user/vendor/laravel/framework/src/Illuminate/Foundation/Http/Middleware/TransformsRequest.php(21): Illuminate\\Pipeline\\Pipeline->{closure:{closure:Illuminate\\Pipeline\\Pipeline::carry():184}:185}()
#21 /home/user/vendor/laravel/framework/src/Illuminate/Foundation/Http/Middleware/ConvertEmptyStringsToNull.php(31): Illuminate\\Foundation\\Http\\Middleware\\TransformsRequest->handle()
#22 /home/user/vendor/laravel/framework/src/Illuminate/Pipeline/Pipeline.php(209): Illuminate\\Foundation\\Http\\Middleware\\ConvertEmptyStringsToNull->handle()
#23 /home/user/vendor/laravel/framework/src/Illuminate/Foundation/Http/Middleware/TransformsRequest.php(21): Illuminate\\Pipeline\\Pipeline->{closure:{closure:Illuminate\\Pipeline\\Pipeline::carry():184}:185}()
#24 /home/user/vendor/laravel/framework/src/Illuminate/Foundation/Http/Middleware/TrimStrings.php(51): Illuminate\\Foundation\\Http\\Middleware\\TransformsRequest->handle()
#25 /home/user/vendor/laravel/framework/src/Illuminate/Pipeline/Pipeline.php(209): Illuminate\\Foundation\\Http\\Middleware\\TrimStrings->handle()
#26 /home/user/vendor/laravel/framework/src/Illuminate/Http/Middleware/ValidatePostSize.php(27): Illuminate\\Pipeline\\Pipeline->{closure:{closure:Illuminate\\Pipeline\\Pipeline::carry():184}:185}()
#27 /home/user/vendor/laravel/framework/src/Illuminate/Pipeline/Pipeline.php(209): Illuminate\\Http\\Middleware\\ValidatePostSize->handle()
#28 /home/user/vendor/laravel/framework/src/Illuminate/Foundation/Http/Middleware/PreventRequestsDuringMaintenance.php(110): Illuminate\\Pipeline\\Pipeline->{closure:{closure:Illuminate\\Pipeline\\Pipeline::carry():184}:185}()
#29 /home/user/vendor/laravel/framework/src/Illuminate/Pipeline/Pipeline.php(209): Illuminate\\Foundation\\Http\\Middleware\\PreventRequestsDuringMaintenance->handle()
#30 /home/user/vendor/laravel/framework/src/Illuminate/Http/Middleware/HandleCors.php(62): Illuminate\\Pipeline\\Pipeline->{closure:{closure:Illuminate\\Pipeline\\Pipeline::carry():184}:185}()
#31 /home/user/vendor/laravel/framework/src/Illuminate/Pipeline/Pipeline.php(209): Illuminate\\Http\\Middleware\\HandleCors->handle()
#32 /home/user/vendor/laravel/framework/src/Illuminate/Http/Middleware/TrustProxies.php(58): Illuminate\\Pipeline\\Pipeline->{closure:{closure:Illuminate\\Pipeline\\Pipeline::carry():184}:185}()
#33 /home/user/vendor/laravel/framework/src/Illuminate/Pipeline/Pipeline.php(209): Illuminate\\Http\\Middleware\\TrustProxies->handle()
#34 /home/user/vendor/laravel/framework/src/Illuminate/Foundation/Http/Middleware/InvokeDeferredCallbacks.php(22): Illuminate\\Pipeline\\Pipeline->{closure:{closure:Illuminate\\Pipeline\\Pipeline::carry():184}:185}()
#35 /home/user/vendor/laravel/framework/src/Illuminate/Pipeline/Pipeline.php(209): Illuminate\\Foundation\\Http\\Middleware\\InvokeDeferredCallbacks->handle()
#36 /home/user/vendor/laravel/framework/src/Illuminate/Pipeline/Pipeline.php(127): Illuminate\\Pipeline\\Pipeline->{closure:{closure:Illuminate\\Pipeline\\Pipeline::carry():184}:185}()
#37 /home/user/vendor/laravel/framework/src/Illuminate/Foundation/Http/Kernel.php(176): Illuminate\\Pipeline\\Pipeline->then()
#38 /home/user/vendor/laravel/framework/src/Illuminate/Foundation/Http/Kernel.php(145): Illuminate\\Foundation\\Http\\Kernel->sendRequestThroughRouter()
#39 /home/user/vendor/laravel/framework/src/Illuminate/Foundation/Testing/Concerns/MakesHttpRequests.php(607): Illuminate\\Foundation\\Http\\Kernel->handle()
#40 /home/user/vendor/laravel/framework/src/Illuminate/Foundation/Testing/Concerns/MakesHttpRequests.php(573): Illuminate\\Foundation\\Testing\\TestCase->call()
#41 /home/user/vendor/laravel/framework/src/Illuminate/Foundation/Testing/Concerns/MakesHttpRequests.php(381): Illuminate\\Foundation\\Testing\\TestCase->json()
#42 /home/user/tests/Feature/Api/V1/BetPurchaseApiTest.php(1001): Illuminate\\Foundation\\Testing\\TestCase->getJson()
#43 /home/user/vendor/phpunit/phpunit/src/Framework/TestCase.php(1667): Tests\\Feature\\Api\\V1\\BetPurchaseApiTest->am_an_unexpected_failure_never_exposes_a_stack_trace_or_internals()
#44 /home/user/vendor/phpunit/phpunit/src/Framework/TestCase.php(519): PHPUnit\\Framework\\TestCase->runTest()
#45 /home/user/vendor/phpunit/phpunit/src/Framework/TestRunner/TestRunner.php(87): PHPUnit\\Framework\\TestCase->runBare()
#46 /home/user/vendor/phpunit/phpunit/src/Framework/TestCase.php(365): PHPUnit\\Framework\\TestRunner->run()
#47 /home/user/vendor/phpunit/phpunit/src/Framework/TestSuite.php(369): PHPUnit\\Framework\\TestCase->run()
#48 /home/user/vendor/phpunit/phpunit/src/Framework/TestSuite.php(369): PHPUnit\\Framework\\TestSuite->run()
#49 /home/user/vendor/phpunit/phpunit/src/Framework/TestSuite.php(369): PHPUnit\\Framework\\TestSuite->run()
#50 /home/user/vendor/phpunit/phpunit/src/TextUI/TestRunner.php(64): PHPUnit\\Framework\\TestSuite->run()
#51 /home/user/vendor/phpunit/phpunit/src/TextUI/Application.php(211): PHPUnit\\TextUI\\TestRunner->run()
#52 /home/user/vendor/phpunit/phpunit/phpunit(104): PHPUnit\\TextUI\\Application->run()
#53 /home/user/vendor/bin/phpunit(122): include('...')
#54 {main}
","path":"api/v1/__phase44_failure_probe","method":"GET","user_id":null} {"correlation_id":"64499762-e016-4897-b854-d2d79b71d17d"}
[2026-09-07 18:06:52] testing.CRITICAL: Limit Exceeded (Critical Risk) on number 123 [3d] for draw 1. {"risk_alert_type":"limit_exceeded","risk_level":"critical","audit_log_id":1} 
[2026-09-07 18:06:52] testing.CRITICAL: Critical Exposure (Critical Risk) on number 123 [3d] for draw 1. {"risk_alert_type":"critical_exposure","risk_level":"critical","audit_log_id":2} 
[2026-09-07 18:06:54] testing.INFO: lottery.automation.provisioned {"created":3,"existing":0,"horizon_days":40} 
[2026-09-07 18:06:54] testing.INFO: lottery.automation.provisioned {"created":8,"existing":0,"horizon_days":120} 
[2026-09-07 18:06:54] testing.INFO: lottery.automation.provisioned {"created":0,"existing":8,"horizon_days":120} 
[2026-09-07 18:06:54] testing.INFO: lottery.automation.provisioned {"created":3,"existing":0,"horizon_days":40} 
[2026-09-07 18:06:54] testing.INFO: lottery.automation.provisioned {"created":0,"existing":3,"horizon_days":40} 
[2026-09-07 18:06:54] testing.INFO: lottery.automation.run {"command":"lottery:open-draws","activity":"open","processed":1,"failed":0,"skipped":0,"candidates":1} 
[2026-09-07 18:06:54] testing.INFO: lottery.automation.run {"command":"lottery:close-draws","activity":"close","processed":1,"failed":0,"skipped":0,"candidates":1} 
[2026-09-07 18:06:54] testing.INFO: lottery.automation.run {"command":"lottery:close-draws","activity":"close","processed":1,"failed":0,"skipped":0,"candidates":1} 
[2026-09-07 18:06:54] testing.INFO: lottery.automation.run {"command":"lottery:close-draws","activity":"close","processed":1,"failed":0,"skipped":0,"candidates":1} 
[2026-09-07 18:06:54] testing.INFO: lottery.automation.run {"command":"lottery:mark-results-pending","activity":"mark result-pending","processed":1,"failed":0,"skipped":0,"candidates":1} 
[2026-09-07 18:06:54] testing.INFO: lottery.automation.run {"command":"lottery:mark-results-pending","activity":"mark result-pending","processed":1,"failed":0,"skipped":0,"candidates":1} 
[2026-09-07 18:06:54] testing.INFO: lottery.automation.run {"command":"lottery:settle-draws","activity":"settle","processed":1,"failed":0,"skipped":0,"candidates":1} 
[2026-09-07 18:06:54] testing.INFO: lottery.automation.run {"command":"lottery:mark-results-pending","activity":"mark result-pending","processed":1,"failed":0,"skipped":0,"candidates":1} 
[2026-09-07 18:06:54] testing.INFO: lottery.automation.run {"command":"lottery:mark-results-pending","activity":"mark result-pending","processed":1,"failed":0,"skipped":0,"candidates":1} 
[2026-09-07 18:06:54] testing.INFO: lottery.automation.run {"command":"lottery:settle-draws","activity":"settle","processed":1,"failed":0,"skipped":0,"candidates":1} 
[2026-09-07 18:06:55] testing.INFO: lottery.automation.run {"command":"lottery:mark-results-pending","activity":"mark result-pending","processed":1,"failed":0,"skipped":0,"candidates":1} 
[2026-09-07 18:06:55] testing.INFO: lottery.automation.run {"command":"lottery:settle-draws","activity":"settle","processed":1,"failed":0,"skipped":0,"candidates":1} 
[2026-09-07 18:06:55] testing.INFO: lottery.automation.run {"command":"lottery:settle-draws","activity":"settle","processed":1,"failed":0,"skipped":0,"candidates":1} 
[2026-09-07 18:06:55] testing.INFO: lottery.automation.run {"command":"lottery:mark-results-pending","activity":"mark result-pending","processed":1,"failed":0,"skipped":0,"candidates":1} 
[2026-09-07 18:06:55] testing.INFO: lottery.automation.run {"command":"lottery:settle-draws","activity":"settle","processed":1,"failed":0,"skipped":0,"candidates":1} 
[2026-09-07 18:06:55] testing.INFO: lottery.automation.run {"command":"lottery:mark-results-pending","activity":"mark result-pending","processed":1,"failed":0,"skipped":0,"candidates":1} 
[2026-09-07 18:06:55] testing.ERROR: lottery.automation.draw_failed {"command":"lottery:settle-draws","activity":"settle","draw_id":1,"draw_number":"DR-TEST-0015","exception":"[object] (App\\Exceptions\\DrawLifecycleException(code: 0): Draw 1 is in state result_published, which implies a published official result, but no draw_results row exists for it. This is refused rather than repaired. at /home/user/app/Exceptions/DrawLifecycleException.php:252)
[stacktrace]
#0 /home/user/app/Services/Draw/DrawSettlementSimulationService.php(200): App\\Exceptions\\DrawLifecycleException::resultMissing()
#1 /home/user/app/Services/Draw/DrawSettlementSimulationService.php(393): App\\Services\\Draw\\DrawSettlementSimulationService->publishedResultFor()
#2 /home/user/app/Services/Draw/DrawSettlementSimulationService.php(156): App\\Services\\Draw\\DrawSettlementSimulationService->performSettlement()
#3 /home/user/vendor/laravel/framework/src/Illuminate/Database/Concerns/ManagesTransactions.php(32): App\\Services\\Draw\\DrawSettlementSimulationService->{closure:App\\Services\\Draw\\DrawSettlementSimulationService::settle():145}()
#4 /home/user/vendor/laravel/framework/src/Illuminate/Database/DatabaseManager.php(495): Illuminate\\Database\\Connection->transaction()
#5 /home/user/vendor/laravel/framework/src/Illuminate/Support/Facades/Facade.php(361): Illuminate\\Database\\DatabaseManager->__call()
#6 /home/user/app/Services/Draw/DrawSettlementSimulationService.php(145): Illuminate\\Support\\Facades\\Facade::__callStatic()
#7 /home/user/app/Console/Commands/Lottery/SettleDrawsCommand.php(90): App\\Services\\Draw\\DrawSettlementSimulationService->settle()
#8 /home/user/app/Console/Commands/Lottery/LotteryAutomationCommand.php(155): App\\Console\\Commands\\Lottery\\SettleDrawsCommand->{closure:App\\Console\\Commands\\Lottery\\SettleDrawsCommand::handle():89}()
#9 /home/user/app/Console/Commands/Lottery/SettleDrawsCommand.php(87): App\\Console\\Commands\\Lottery\\LotteryAutomationCommand->eachDueDraw()
#10 /home/user/vendor/laravel/framework/src/Illuminate/Container/BoundMethod.php(36): App\\Console\\Commands\\Lottery\\SettleDrawsCommand->handle()
#11 /home/user/vendor/laravel/framework/src/Illuminate/Container/Util.php(43): Illuminate\\Container\\BoundMethod::{closure:Illuminate\\Container\\BoundMethod::call():35}()
#12 /home/user/vendor/laravel/framework/src/Illuminate/Container/BoundMethod.php(95): Illuminate\\Container\\Util::unwrapIfClosure()
#13 /home/user/vendor/laravel/framework/src/Illuminate/Container/BoundMethod.php(35): Illuminate\\Container\\BoundMethod::callBoundMethod()
#14 /home/user/vendor/laravel/framework/src/Illuminate/Container/Container.php(696): Illuminate\\Container\\BoundMethod::call()
#15 /home/user/vendor/laravel/framework/src/Illuminate/Console/Command.php(213): Illuminate\\Container\\Container->call()
#16 /home/user/vendor/symfony/console/Command/Command.php(341): Illuminate\\Console\\Command->execute()
#17 /home/user/vendor/laravel/framework/src/Illuminate/Console/Command.php(182): Symfony\\Component\\Console\\Command\\Command->run()
#18 /home/user/vendor/symfony/console/Application.php(1094): Illuminate\\Console\\Command->run()
#19 /home/user/vendor/symfony/console/Application.php(356): Symfony\\Component\\Console\\Application->doRunCommand()
#20 /home/user/vendor/symfony/console/Application.php(195): Symfony\\Component\\Console\\Application->doRun()
#21 /home/user/vendor/laravel/framework/src/Illuminate/Console/Application.php(166): Symfony\\Component\\Console\\Application->run()
#22 /home/user/vendor/laravel/framework/src/Illuminate/Foundation/Console/Kernel.php(427): Illuminate\\Console\\Application->call()
#23 /home/user/vendor/laravel/framework/src/Illuminate/Testing/PendingCommand.php(332): Illuminate\\Foundation\\Console\\Kernel->call()
#24 /home/user/vendor/laravel/framework/src/Illuminate/Testing/PendingCommand.php(556): Illuminate\\Testing\\PendingCommand->run()
#25 /home/user/tests/Feature/Console/DrawAutomationTest.php(334): Illuminate\\Testing\\PendingCommand->__destruct()
#26 /home/user/vendor/phpunit/phpunit/src/Framework/TestCase.php(1667): Tests\\Feature\\Console\\DrawAutomationTest->one_bad_draw_does_not_stop_the_batch_and_the_command_still_reports_failure()
#27 /home/user/vendor/phpunit/phpunit/src/Framework/TestCase.php(519): PHPUnit\\Framework\\TestCase->runTest()
#28 /home/user/vendor/phpunit/phpunit/src/Framework/TestRunner/TestRunner.php(87): PHPUnit\\Framework\\TestCase->runBare()
#29 /home/user/vendor/phpunit/phpunit/src/Framework/TestCase.php(365): PHPUnit\\Framework\\TestRunner->run()
#30 /home/user/vendor/phpunit/phpunit/src/Framework/TestSuite.php(369): PHPUnit\\Framework\\TestCase->run()
#31 /home/user/vendor/phpunit/phpunit/src/Framework/TestSuite.php(369): PHPUnit\\Framework\\TestSuite->run()
#32 /home/user/vendor/phpunit/phpunit/src/Framework/TestSuite.php(369): PHPUnit\\Framework\\TestSuite->run()
#33 /home/user/vendor/phpunit/phpunit/src/TextUI/TestRunner.php(64): PHPUnit\\Framework\\TestSuite->run()
#34 /home/user/vendor/phpunit/phpunit/src/TextUI/Application.php(211): PHPUnit\\TextUI\\TestRunner->run()
#35 /home/user/vendor/phpunit/phpunit/phpunit(104): PHPUnit\\TextUI\\Application->run()
#36 /home/user/vendor/bin/phpunit(122): include('...')
#37 {main}
"} 
[2026-09-07 18:06:55] testing.INFO: lottery.automation.run {"command":"lottery:settle-draws","activity":"settle","processed":1,"failed":1,"skipped":0,"candidates":2} 
[2026-09-07 18:06:55] testing.INFO: lottery.tick {"steps":5,"failed_steps":[],"duration_ms":1.0,"dry_run":false} 
[2026-09-07 18:06:55] testing.INFO: lottery.automation.run {"command":"lottery:open-draws","activity":"open","processed":1,"failed":0,"skipped":0,"candidates":1} 
[2026-09-07 18:06:55] testing.INFO: lottery.automation.run {"command":"lottery:close-draws","activity":"close","processed":2,"failed":0,"skipped":0,"candidates":2} 
[2026-09-07 18:06:55] testing.INFO: lottery.automation.provisioned {"created":6,"existing":0,"horizon_days":90} 
[2026-09-07 18:06:55] testing.INFO: lottery.automation.run {"command":"lottery:open-draws","activity":"open","processed":1,"failed":0,"skipped":0,"candidates":1} 
[2026-09-07 18:06:55] testing.INFO: lottery.automation.run {"command":"lottery:close-draws","activity":"close","processed":1,"failed":0,"skipped":0,"candidates":1} 
[2026-09-07 18:06:55] testing.INFO: lottery.automation.run {"command":"lottery:mark-results-pending","activity":"mark result-pending","processed":1,"failed":0,"skipped":0,"candidates":1} 
[2026-09-07 18:06:55] testing.INFO: lottery.tick {"steps":5,"failed_steps":[],"duration_ms":19.0,"dry_run":false} 
[2026-09-07 18:06:55] testing.INFO: lottery.automation.provisioned {"created":6,"existing":0,"horizon_days":90} 
[2026-09-07 18:06:55] testing.INFO: lottery.automation.run {"command":"lottery:open-draws","activity":"open","processed":1,"failed":0,"skipped":0,"candidates":1} 
[2026-09-07 18:06:55] testing.INFO: lottery.automation.run {"command":"lottery:close-draws","activity":"close","processed":1,"failed":0,"skipped":0,"candidates":1} 
[2026-09-07 18:06:55] testing.INFO: lottery.automation.run {"command":"lottery:mark-results-pending","activity":"mark result-pending","processed":1,"failed":0,"skipped":0,"candidates":1} 
[2026-09-07 18:06:55] testing.INFO: lottery.tick {"steps":5,"failed_steps":[],"duration_ms":23.0,"dry_run":false} 
[2026-09-07 18:06:55] testing.INFO: lottery.automation.run {"command":"lottery:mark-results-pending","activity":"mark result-pending","processed":1,"failed":0,"skipped":0,"candidates":1} 
[2026-09-07 18:06:55] testing.INFO: lottery.publication.published {"draw_id":1,"draw_number":"DR-TEST-0025","winning_numbers":6,"operator_command":true} 
[2026-09-07 18:06:55] testing.INFO: lottery.automation.run {"command":"lottery:mark-results-pending","activity":"mark result-pending","processed":1,"failed":0,"skipped":0,"candidates":1} 
[2026-09-07 18:06:55] testing.WARNING: lottery.publication.refused {"draw_id":1,"draw_number":"DR-TEST-0026","exception":"[object] (App\\Exceptions\\DrawResultValidationException(code: 0): The official first prize number must be exactly 6 digits. Received \"12\", which is 2. Leading zeroes count as digits and are never stripped. at /home/user/app/Exceptions/DrawResultValidationException.php:119)
[stacktrace]
#0 /home/user/app/Services/Draw/DrawResultValidator.php(205): App\\Exceptions\\DrawResultValidationException::firstPrizeLength()
#1 /home/user/app/Services/Draw/DrawResultValidator.php(131): App\\Services\\Draw\\DrawResultValidator->validateFirstPrize()
#2 /home/user/app/Services/Draw/DrawResultPublicationService.php(105): App\\Services\\Draw\\DrawResultValidator->validate()
#3 /home/user/app/Console/Commands/Lottery/PublishDrawResultCommand.php(104): App\\Services\\Draw\\DrawResultPublicationService->publish()
#4 /home/user/vendor/laravel/framework/src/Illuminate/Container/BoundMethod.php(36): App\\Console\\Commands\\Lottery\\PublishDrawResultCommand->handle()
#5 /home/user/vendor/laravel/framework/src/Illuminate/Container/Util.php(43): Illuminate\\Container\\BoundMethod::{closure:Illuminate\\Container\\BoundMethod::call():35}()
#6 /home/user/vendor/laravel/framework/src/Illuminate/Container/BoundMethod.php(95): Illuminate\\Container\\Util::unwrapIfClosure()
#7 /home/user/vendor/laravel/framework/src/Illuminate/Container/BoundMethod.php(35): Illuminate\\Container\\BoundMethod::callBoundMethod()
#8 /home/user/vendor/laravel/framework/src/Illuminate/Container/Container.php(696): Illuminate\\Container\\BoundMethod::call()
#9 /home/user/vendor/laravel/framework/src/Illuminate/Console/Command.php(213): Illuminate\\Container\\Container->call()
#10 /home/user/vendor/symfony/console/Command/Command.php(341): Illuminate\\Console\\Command->execute()
#11 /home/user/vendor/laravel/framework/src/Illuminate/Console/Command.php(182): Symfony\\Component\\Console\\Command\\Command->run()
#12 /home/user/vendor/symfony/console/Application.php(1094): Illuminate\\Console\\Command->run()
#13 /home/user/vendor/symfony/console/Application.php(356): Symfony\\Component\\Console\\Application->doRunCommand()
#14 /home/user/vendor/symfony/console/Application.php(195): Symfony\\Component\\Console\\Application->doRun()
#15 /home/user/vendor/laravel/framework/src/Illuminate/Console/Application.php(166): Symfony\\Component\\Console\\Application->run()
#16 /home/user/vendor/laravel/framework/src/Illuminate/Foundation/Console/Kernel.php(427): Illuminate\\Console\\Application->call()
#17 /home/user/vendor/laravel/framework/src/Illuminate/Testing/PendingCommand.php(332): Illuminate\\Foundation\\Console\\Kernel->call()
#18 /home/user/vendor/laravel/framework/src/Illuminate/Testing/PendingCommand.php(556): Illuminate\\Testing\\PendingCommand->run()
#19 /home/user/tests/Feature/Console/DrawAutomationTest.php(443): Illuminate\\Testing\\PendingCommand->__destruct()
#20 /home/user/vendor/phpunit/phpunit/src/Framework/TestCase.php(1667): Tests\\Feature\\Console\\DrawAutomationTest->publication_refuses_numbers_the_validator_rejects_and_writes_nothing()
#21 /home/user/vendor/phpunit/phpunit/src/Framework/TestCase.php(519): PHPUnit\\Framework\\TestCase->runTest()
#22 /home/user/vendor/phpunit/phpunit/src/Framework/TestRunner/TestRunner.php(87): PHPUnit\\Framework\\TestCase->runBare()
#23 /home/user/vendor/phpunit/phpunit/src/Framework/TestCase.php(365): PHPUnit\\Framework\\TestRunner->run()
#24 /home/user/vendor/phpunit/phpunit/src/Framework/TestSuite.php(369): PHPUnit\\Framework\\TestCase->run()
#25 /home/user/vendor/phpunit/phpunit/src/Framework/TestSuite.php(369): PHPUnit\\Framework\\TestSuite->run()
#26 /home/user/vendor/phpunit/phpunit/src/Framework/TestSuite.php(369): PHPUnit\\Framework\\TestSuite->run()
#27 /home/user/vendor/phpunit/phpunit/src/TextUI/TestRunner.php(64): PHPUnit\\Framework\\TestSuite->run()
#28 /home/user/vendor/phpunit/phpunit/src/TextUI/Application.php(211): PHPUnit\\TextUI\\TestRunner->run()
#29 /home/user/vendor/phpunit/phpunit/phpunit(104): PHPUnit\\TextUI\\Application->run()
#30 /home/user/vendor/bin/phpunit(122): include('...')
#31 {main}
"} 
[2026-09-07 18:06:55] testing.WARNING: lottery.publication.refused {"draw_id":1,"draw_number":"DR-TEST-0027","exception":"[object] (App\\Exceptions\\DrawLifecycleException(code: 0): Draw 1 is in state open; an official result may only be published from result_pending. at /home/user/app/Exceptions/DrawLifecycleException.php:191)
[stacktrace]
#0 /home/user/app/Services/Draw/DrawLifecycleService.php(385): App\\Exceptions\\DrawLifecycleException::notPublishable()
#1 /home/user/app/Services/Draw/DrawResultPublicationService.php(110): App\\Services\\Draw\\DrawLifecycleService->assertCanPublishResult()
#2 /home/user/vendor/laravel/framework/src/Illuminate/Database/Concerns/ManagesTransactions.php(32): App\\Services\\Draw\\DrawResultPublicationService->{closure:App\\Services\\Draw\\DrawResultPublicationService::publish():107}()
#3 /home/user/vendor/laravel/framework/src/Illuminate/Database/DatabaseManager.php(495): Illuminate\\Database\\Connection->transaction()
#4 /home/user/vendor/laravel/framework/src/Illuminate/Support/Facades/Facade.php(361): Illuminate\\Database\\DatabaseManager->__call()
#5 /home/user/app/Services/Draw/DrawResultPublicationService.php(139): Illuminate\\Support\\Facades\\Facade::__callStatic()
#6 /home/user/app/Console/Commands/Lottery/PublishDrawResultCommand.php(104): App\\Services\\Draw\\DrawResultPublicationService->publish()
#7 /home/user/vendor/laravel/framework/src/Illuminate/Container/BoundMethod.php(36): App\\Console\\Commands\\Lottery\\PublishDrawResultCommand->handle()
#8 /home/user/vendor/laravel/framework/src/Illuminate/Container/Util.php(43): Illuminate\\Container\\BoundMethod::{closure:Illuminate\\Container\\BoundMethod::call():35}()
#9 /home/user/vendor/laravel/framework/src/Illuminate/Container/BoundMethod.php(95): Illuminate\\Container\\Util::unwrapIfClosure()
#10 /home/user/vendor/laravel/framework/src/Illuminate/Container/BoundMethod.php(35): Illuminate\\Container\\BoundMethod::callBoundMethod()
#11 /home/user/vendor/laravel/framework/src/Illuminate/Container/Container.php(696): Illuminate\\Container\\BoundMethod::call()
#12 /home/user/vendor/laravel/framework/src/Illuminate/Console/Command.php(213): Illuminate\\Container\\Container->call()
#13 /home/user/vendor/symfony/console/Command/Command.php(341): Illuminate\\Console\\Command->execute()
#14 /home/user/vendor/laravel/framework/src/Illuminate/Console/Command.php(182): Symfony\\Component\\Console\\Command\\Command->run()
#15 /home/user/vendor/symfony/console/Application.php(1094): Illuminate\\Console\\Command->run()
#16 /home/user/vendor/symfony/console/Application.php(356): Symfony\\Component\\Console\\Application->doRunCommand()
#17 /home/user/vendor/symfony/console/Application.php(195): Symfony\\Component\\Console\\Application->doRun()
#18 /home/user/vendor/laravel/framework/src/Illuminate/Console/Application.php(166): Symfony\\Component\\Console\\Application->run()
#19 /home/user/vendor/laravel/framework/src/Illuminate/Foundation/Console/Kernel.php(427): Illuminate\\Console\\Application->call()
#20 /home/user/vendor/laravel/framework/src/Illuminate/Testing/PendingCommand.php(332): Illuminate\\Foundation\\Console\\Kernel->call()
#21 /home/user/vendor/laravel/framework/src/Illuminate/Testing/PendingCommand.php(556): Illuminate\\Testing\\PendingCommand->run()
#22 /home/user/tests/Feature/Console/DrawAutomationTest.php(459): Illuminate\\Testing\\PendingCommand->__destruct()
#23 /home/user/vendor/phpunit/phpunit/src/Framework/TestCase.php(1667): Tests\\Feature\\Console\\DrawAutomationTest->publication_is_refused_for_a_draw_that_is_not_awaiting_its_result()
#24 /home/user/vendor/phpunit/phpunit/src/Framework/TestCase.php(519): PHPUnit\\Framework\\TestCase->runTest()
#25 /home/user/vendor/phpunit/phpunit/src/Framework/TestRunner/TestRunner.php(87): PHPUnit\\Framework\\TestCase->runBare()
#26 /home/user/vendor/phpunit/phpunit/src/Framework/TestCase.php(365): PHPUnit\\Framework\\TestRunner->run()
#27 /home/user/vendor/phpunit/phpunit/src/Framework/TestSuite.php(369): PHPUnit\\Framework\\TestCase->run()
#28 /home/user/vendor/phpunit/phpunit/src/Framework/TestSuite.php(369): PHPUnit\\Framework\\TestSuite->run()
#29 /home/user/vendor/phpunit/phpunit/src/Framework/TestSuite.php(369): PHPUnit\\Framework\\TestSuite->run()
#30 /home/user/vendor/phpunit/phpunit/src/TextUI/TestRunner.php(64): PHPUnit\\Framework\\TestSuite->run()
#31 /home/user/vendor/phpunit/phpunit/src/TextUI/Application.php(211): PHPUnit\\TextUI\\TestRunner->run()
#32 /home/user/vendor/phpunit/phpunit/phpunit(104): PHPUnit\\TextUI\\Application->run()
#33 /home/user/vendor/bin/phpunit(122): include('...')
#34 {main}
"} 
[2026-09-07 18:06:55] testing.INFO: lottery.automation.run {"command":"lottery:mark-results-pending","activity":"mark result-pending","processed":1,"failed":0,"skipped":0,"candidates":1} 
