[2026-09-08 10:36:48] local.ERROR: Please provide a valid cache path. {"exception":"[object] (InvalidArgumentException(code: 0): Please provide a valid cache path. at /home/user/vendor/laravel/framework/src/Illuminate/View/Compilers/Compiler.php:67)
[stacktrace]
#0 /home/user/vendor/laravel/framework/src/Illuminate/View/ViewServiceProvider.php(97): Illuminate\\View\\Compilers\\Compiler->__construct()
#1 /home/user/vendor/laravel/framework/src/Illuminate/Container/Container.php(952): Illuminate\\View\\ViewServiceProvider->{closure:Illuminate\\View\\ViewServiceProvider::registerBladeCompiler():96}()
#2 /home/user/vendor/laravel/framework/src/Illuminate/Container/Container.php(832): Illuminate\\Container\\Container->build()
#3 /home/user/vendor/laravel/framework/src/Illuminate/Foundation/Application.php(1078): Illuminate\\Container\\Container->resolve()
#4 /home/user/vendor/laravel/framework/src/Illuminate/Container/Container.php(763): Illuminate\\Foundation\\Application->resolve()
#5 /home/user/vendor/laravel/framework/src/Illuminate/Foundation/Application.php(1058): Illuminate\\Container\\Container->make()
#6 /home/user/vendor/laravel/framework/src/Illuminate/Container/Container.php(1580): Illuminate\\Foundation\\Application->make()
#7 /home/user/vendor/laravel/framework/src/Illuminate/Support/Facades/Facade.php(239): Illuminate\\Container\\Container->offsetGet()
#8 /home/user/vendor/laravel/framework/src/Illuminate/Support/Facades/Facade.php(210): Illuminate\\Support\\Facades\\Facade::resolveFacadeInstance()
#9 /home/user/vendor/laravel/framework/src/Illuminate/Support/Facades/Facade.php(355): Illuminate\\Support\\Facades\\Facade::getFacadeRoot()
#10 /home/user/vendor/blade-ui-kit/blade-icons/src/BladeIconsServiceProvider.php(122): Illuminate\\Support\\Facades\\Facade::__callStatic()
#11 /home/user/vendor/blade-ui-kit/blade-icons/src/BladeIconsServiceProvider.php(27): BladeUI\\Icons\\BladeIconsServiceProvider->bootDirectives()
#12 /home/user/vendor/laravel/framework/src/Illuminate/Container/BoundMethod.php(36): BladeUI\\Icons\\BladeIconsServiceProvider->boot()
#13 /home/user/vendor/laravel/framework/src/Illuminate/Container/Util.php(43): Illuminate\\Container\\BoundMethod::{closure:Illuminate\\Container\\BoundMethod::call():35}()
#14 /home/user/vendor/laravel/framework/src/Illuminate/Container/BoundMethod.php(95): Illuminate\\Container\\Util::unwrapIfClosure()
#15 /home/user/vendor/laravel/framework/src/Illuminate/Container/BoundMethod.php(35): Illuminate\\Container\\BoundMethod::callBoundMethod()
#16 /home/user/vendor/laravel/framework/src/Illuminate/Container/Container.php(696): Illuminate\\Container\\BoundMethod::call()
#17 /home/user/vendor/laravel/framework/src/Illuminate/Foundation/Application.php(1151): Illuminate\\Container\\Container->call()
#18 /home/user/vendor/laravel/framework/src/Illuminate/Foundation/Application.php(1132): Illuminate\\Foundation\\Application->bootProvider()
#19 [internal function]: Illuminate\\Foundation\\Application->{closure:Illuminate\\Foundation\\Application::boot():1131}()
#20 /home/user/vendor/laravel/framework/src/Illuminate/Foundation/Application.php(1131): array_walk()
#21 /home/user/vendor/laravel/framework/src/Illuminate/Foundation/Bootstrap/BootProviders.php(17): Illuminate\\Foundation\\Application->boot()
#22 /home/user/vendor/laravel/framework/src/Illuminate/Foundation/Application.php(342): Illuminate\\Foundation\\Bootstrap\\BootProviders->bootstrap()
#23 /home/user/vendor/laravel/framework/src/Illuminate/Foundation/Console/Kernel.php(474): Illuminate\\Foundation\\Application->bootstrapWith()
#24 /home/user/vendor/laravel/framework/src/Illuminate/Foundation/Console/Kernel.php(196): Illuminate\\Foundation\\Console\\Kernel->bootstrap()
#25 /home/user/vendor/laravel/framework/src/Illuminate/Foundation/Application.php(1235): Illuminate\\Foundation\\Console\\Kernel->handle()
#26 /home/user/artisan(15): Illuminate\\Foundation\\Application->handleCommand()
#27 {main}
"} 
[2026-09-08 10:36:51] local.ERROR: Target class [App\Services\Draw\DrawScheduleService] does not exist. {"exception":"[object] (Illuminate\\Contracts\\Container\\BindingResolutionException(code: 0): Target class [App\\Services\\Draw\\DrawScheduleService] does not exist. at /home/user/vendor/laravel/framework/src/Illuminate/Container/Container.php:961)
[stacktrace]
#0 /home/user/vendor/laravel/framework/src/Illuminate/Container/Container.php(832): Illuminate\\Container\\Container->build()
#1 /home/user/vendor/laravel/framework/src/Illuminate/Foundation/Application.php(1078): Illuminate\\Container\\Container->resolve()
#2 /home/user/vendor/laravel/framework/src/Illuminate/Container/Container.php(763): Illuminate\\Foundation\\Application->resolve()
#3 /home/user/vendor/laravel/framework/src/Illuminate/Foundation/Application.php(1058): Illuminate\\Container\\Container->make()
#4 /home/user/vendor/laravel/framework/src/Illuminate/Container/Container.php(1133): Illuminate\\Foundation\\Application->make()
#5 /home/user/vendor/laravel/framework/src/Illuminate/Container/Container.php(1043): Illuminate\\Container\\Container->resolveClass()
#6 /home/user/vendor/laravel/framework/src/Illuminate/Container/Container.php(994): Illuminate\\Container\\Container->resolveDependencies()
#7 /home/user/vendor/laravel/framework/src/Illuminate/Container/Container.php(832): Illuminate\\Container\\Container->build()
#8 /home/user/vendor/laravel/framework/src/Illuminate/Foundation/Application.php(1078): Illuminate\\Container\\Container->resolve()
#9 /home/user/vendor/laravel/framework/src/Illuminate/Container/Container.php(763): Illuminate\\Foundation\\Application->resolve()
#10 /home/user/vendor/laravel/framework/src/Illuminate/Foundation/Application.php(1058): Illuminate\\Container\\Container->make()
#11 /home/user/vendor/laravel/framework/src/Illuminate/Console/Application.php(291): Illuminate\\Foundation\\Application->make()
#12 /home/user/vendor/laravel/framework/src/Illuminate/Foundation/Console/Kernel.php(376): Illuminate\\Console\\Application->resolve()
#13 /home/user/vendor/laravel/framework/src/Illuminate/Console/Application.php(134): Illuminate\\Foundation\\Console\\Kernel->{closure:Illuminate\\Foundation\\Console\\Kernel::load():375}()
#14 /home/user/vendor/laravel/framework/src/Illuminate/Console/Application.php(81): Illuminate\\Console\\Application->bootstrap()
#15 /home/user/vendor/laravel/framework/src/Illuminate/Foundation/Console/Kernel.php(540): Illuminate\\Console\\Application->__construct()
#16 /home/user/vendor/laravel/framework/src/Illuminate/Foundation/Console/Kernel.php(198): Illuminate\\Foundation\\Console\\Kernel->getArtisan()
#17 /home/user/vendor/laravel/framework/src/Illuminate/Foundation/Application.php(1235): Illuminate\\Foundation\\Console\\Kernel->handle()
#18 /home/user/artisan(15): Illuminate\\Foundation\\Application->handleCommand()
#19 {main}

[previous exception] [object] (ReflectionException(code: -1): Class \"App\\Services\\Draw\\DrawScheduleService\" does not exist at /home/user/vendor/laravel/framework/src/Illuminate/Container/Container.php:959)
[stacktrace]
#0 /home/user/vendor/laravel/framework/src/Illuminate/Container/Container.php(959): ReflectionClass->__construct()
#1 /home/user/vendor/laravel/framework/src/Illuminate/Container/Container.php(832): Illuminate\\Container\\Container->build()
#2 /home/user/vendor/laravel/framework/src/Illuminate/Foundation/Application.php(1078): Illuminate\\Container\\Container->resolve()
#3 /home/user/vendor/laravel/framework/src/Illuminate/Container/Container.php(763): Illuminate\\Foundation\\Application->resolve()
#4 /home/user/vendor/laravel/framework/src/Illuminate/Foundation/Application.php(1058): Illuminate\\Container\\Container->make()
#5 /home/user/vendor/laravel/framework/src/Illuminate/Container/Container.php(1133): Illuminate\\Foundation\\Application->make()
#6 /home/user/vendor/laravel/framework/src/Illuminate/Container/Container.php(1043): Illuminate\\Container\\Container->resolveClass()
#7 /home/user/vendor/laravel/framework/src/Illuminate/Container/Container.php(994): Illuminate\\Container\\Container->resolveDependencies()
#8 /home/user/vendor/laravel/framework/src/Illuminate/Container/Container.php(832): Illuminate\\Container\\Container->build()
#9 /home/user/vendor/laravel/framework/src/Illuminate/Foundation/Application.php(1078): Illuminate\\Container\\Container->resolve()
#10 /home/user/vendor/laravel/framework/src/Illuminate/Container/Container.php(763): Illuminate\\Foundation\\Application->resolve()
#11 /home/user/vendor/laravel/framework/src/Illuminate/Foundation/Application.php(1058): Illuminate\\Container\\Container->make()
#12 /home/user/vendor/laravel/framework/src/Illuminate/Console/Application.php(291): Illuminate\\Foundation\\Application->make()
#13 /home/user/vendor/laravel/framework/src/Illuminate/Foundation/Console/Kernel.php(376): Illuminate\\Console\\Application->resolve()
#14 /home/user/vendor/laravel/framework/src/Illuminate/Console/Application.php(134): Illuminate\\Foundation\\Console\\Kernel->{closure:Illuminate\\Foundation\\Console\\Kernel::load():375}()
#15 /home/user/vendor/laravel/framework/src/Illuminate/Console/Application.php(81): Illuminate\\Console\\Application->bootstrap()
#16 /home/user/vendor/laravel/framework/src/Illuminate/Foundation/Console/Kernel.php(540): Illuminate\\Console\\Application->__construct()
#17 /home/user/vendor/laravel/framework/src/Illuminate/Foundation/Console/Kernel.php(198): Illuminate\\Foundation\\Console\\Kernel->getArtisan()
#18 /home/user/vendor/laravel/framework/src/Illuminate/Foundation/Application.php(1235): Illuminate\\Foundation\\Console\\Kernel->handle()
#19 /home/user/artisan(15): Illuminate\\Foundation\\Application->handleCommand()
#20 {main}
"} 
[2026-09-08 10:37:53] testing.INFO: bet_purchase.api.success {"outcome":"purchased","bet_id":1,"bet_number":"BT-20260908-E86736303F86","ticket_id":1,"draw_id":1,"currency":"THB","stake":"10.00","client_key":"api-3fac7e5042598962807ac50192f07570561b1f92","request_id":"9ea04280a4a83e0536102bbff413eecb","user_id":1} 
[2026-09-08 10:37:53] testing.INFO: bet_purchase.api.success {"outcome":"purchased","bet_id":1,"bet_number":"BT-20260908-4EA52ABABC2C","ticket_id":1,"draw_id":1,"currency":"THB","stake":"10.00","client_key":"api-a676f40bd6585d6668cbe33a51f09953c02a7fef","request_id":"e401a3f907ff6ce68a074bb58645ac96","user_id":1} 
[2026-09-08 10:37:53] testing.INFO: bet_purchase.api.success {"outcome":"purchased","bet_id":1,"bet_number":"BT-20260908-74DD95308840","ticket_id":1,"draw_id":1,"currency":"THB","stake":"10.00","client_key":"api-f7b8f591922e9b515c83f0ca28847379e14e3f93","request_id":"0f7f62f7c483b097a1a2c6960b4613eb","user_id":1} 
[2026-09-08 10:37:53] testing.INFO: bet_purchase.api.success {"outcome":"purchased","bet_id":1,"bet_number":"BT-20260908-E586C1CAC761","ticket_id":1,"draw_id":1,"currency":"THB","stake":"10.00","client_key":"api-e187d76746182cbb563423de65c53cff48e1b26c","request_id":"bc6557601b37243a98904501ddb8fb6a","user_id":1} 
[2026-09-08 10:37:53] testing.INFO: bet_purchase.api.success {"outcome":"purchased","bet_id":1,"bet_number":"BT-20260908-1BC477C4C741","ticket_id":1,"draw_id":1,"currency":"THB","stake":"10.00","client_key":"api-bd6c2f1a5ca9ea80b589a486be6f1ed025590bed","request_id":"7869239e3aab49500f9d38862da7fc97","user_id":1} 
[2026-09-08 10:37:53] testing.INFO: bet_purchase.api.success {"outcome":"purchased","bet_id":1,"bet_number":"BT-20260908-ED132B007F31","ticket_id":1,"draw_id":1,"currency":"THB","stake":"10.00","client_key":"api-8e924a7dac69469f40b6a9525e68f510b7972699","request_id":"35abe1944b9b512937167c0c42c0b8a8","user_id":1} 
[2026-09-08 10:37:53] testing.INFO: bet_purchase.api.success {"outcome":"purchased","bet_id":1,"bet_number":"BT-20260908-3E377B887126","ticket_id":1,"draw_id":1,"currency":"THB","stake":"10.00","client_key":"api-63e4863923f9d99f637040c4ecaa95eaf5e39f31","request_id":"8fad9f9ebcd98bfbfbb49b3b042ca3cc","user_id":1} 
[2026-09-08 10:37:54] testing.INFO: bet_purchase.api.success {"outcome":"purchased","bet_id":1,"bet_number":"BT-20260908-306911E03C89","ticket_id":1,"draw_id":1,"currency":"THB","stake":"10.00","client_key":"api-1d2da6cca6185013559ff92e6eedc11e93618224","request_id":"37a4bac88f23475ded9bd94c8bfa45a8","user_id":1} 
[2026-09-08 10:37:54] testing.INFO: bet_purchase.api.success {"outcome":"purchased","bet_id":1,"bet_number":"BT-20260908-4AB4A8C38FA1","ticket_id":1,"draw_id":1,"currency":"THB","stake":"10.00","client_key":"api-4fed3970dcc0d31dccddbf69ef55b00f32d2ca78","request_id":"208dcadfdfd301a238c7e4111cabf6a9","user_id":1} 
[2026-09-08 10:37:54] testing.INFO: bet_purchase.api.success {"outcome":"purchased","bet_id":1,"bet_number":"BT-20260908-08E9445C556E","ticket_id":1,"draw_id":1,"currency":"THB","stake":"10.00","client_key":"api-3e23e8160039594a33894f6564e1b1348bbd7a00","request_id":"c6dfc041a98e2e1d8a656ddb24403409","user_id":1} 
[2026-09-08 10:37:54] testing.INFO: bet_purchase.api.success {"outcome":"purchased","bet_id":1,"bet_number":"BT-20260908-715EC7D3DA75","ticket_id":1,"draw_id":1,"currency":"THB","stake":"10.00","client_key":"api-2e7d2c03a9507ae265ecf5b5356885a53393a202","request_id":"a97fa4035fbaa4adb2600e32283cdf2a","user_id":1} 
[2026-09-08 10:37:54] testing.INFO: bet_purchase.api.refused {"outcome":"refused","error_code":"draw_not_found","http_status":404,"exception":"App\\Exceptions\\BetPurchaseValidationException","client_key":"api-3f79bb7b435b05321651daefd374cdc681dc06fa","request_id":"174d5e723a777550e72bf400ef5e86b2","user_id":1} 
[2026-09-08 10:37:54] testing.INFO: bet_purchase.api.refused {"outcome":"refused","error_code":"draw_closed","http_status":422,"exception":"App\\Exceptions\\BetPurchaseValidationException","client_key":"api-252f10c83610ebca1a059c0bae8255eba2f95be4","request_id":"c0081a725018dc67d8b37fcc77137017","user_id":1} 
[2026-09-08 10:37:54] testing.INFO: bet_purchase.api.success {"outcome":"purchased","bet_id":1,"bet_number":"BT-20260908-998131A96EC5","ticket_id":1,"draw_id":1,"currency":"THB","stake":"10.00","client_key":"api-de7d1b721a1e0632b7cf04edf5032c8ecffa9f9a","request_id":"ae03df47a7b8fe5a537a71c444312c14","user_id":1} 
[2026-09-08 10:37:54] testing.INFO: bet_purchase.api.success {"outcome":"purchased","bet_id":1,"bet_number":"BT-20260908-E59D4D9FDA1F","ticket_id":1,"draw_id":1,"currency":"THB","stake":"10.00","client_key":"api-189f40034be7a199f1fa9891668ee3ab6049f82d","request_id":"029b5062977fa887821409ff9094e69d","user_id":1} 
[2026-09-08 10:37:54] testing.INFO: bet_purchase.api.refused {"outcome":"refused","error_code":"invalid_stake","http_status":422,"exception":"App\\Exceptions\\BetPurchaseValidationException","client_key":"api-acac86c0e609ca906f632b0e2dacccb2b77d22b0","request_id":"49d700e523cbf5055104a25d2a9e16d2","user_id":1} 
[2026-09-08 10:37:54] testing.INFO: bet_purchase.api.refused {"outcome":"refused","error_code":"insufficient_balance","http_status":422,"exception":"App\\Exceptions\\BetPurchaseException","client_key":"api-1b16b1df538ba12dc3f97edbb85caa7050d46c14","request_id":"6b30058de3c5edfc46c5a6653c35adc3","user_id":1} 
[2026-09-08 10:37:54] testing.INFO: bet_purchase.api.refused {"outcome":"refused","error_code":"risk_rejected","http_status":422,"exception":"App\\Exceptions\\BetPurchaseValidationException","client_key":"api-65c74c15a686187bb6bbf9958f494fc6b8006803","request_id":"a3d56256e7b38036f101a4fb68b70aee","user_id":1} 
[2026-09-08 10:37:54] testing.INFO: bet_purchase.api.success {"outcome":"purchased","bet_id":1,"bet_number":"BT-20260908-6D321DBEC17C","ticket_id":1,"draw_id":1,"currency":"THB","stake":"10.00","client_key":"api-148de9c5a7a44d19e56cd9ae1a554bf67847afb0","request_id":"c672d585c014f64f7c885ca6ded30a1d","user_id":1} 
[2026-09-08 10:37:55] testing.INFO: bet_purchase.api.success {"outcome":"replayed","bet_id":1,"bet_number":"BT-20260908-6D321DBEC17C","ticket_id":1,"draw_id":1,"currency":"THB","stake":"10.00","client_key":"api-148de9c5a7a44d19e56cd9ae1a554bf67847afb0","request_id":"43079e73c0216f190c0d98cb32b18b58","user_id":1} 
[2026-09-08 10:37:55] testing.INFO: bet_purchase.api.success {"outcome":"purchased","bet_id":1,"bet_number":"BT-20260908-2897F5FF04CA","ticket_id":1,"draw_id":1,"currency":"THB","stake":"10.00","client_key":"api-8e35c2cd3bf6641bdb0e2050b76932cbb2e6034a","request_id":"76b834d625f3f32bafa09c0f66b7666e","user_id":1} 
[2026-09-08 10:37:55] testing.INFO: bet_purchase.api.refused {"outcome":"refused","error_code":"idempotency_payload_mismatch","http_status":409,"exception":"App\\Exceptions\\BetPurchaseIdempotencyException","client_key":"api-8e35c2cd3bf6641bdb0e2050b76932cbb2e6034a","request_id":"8c6082896c2b69cc2ea510e1fb1ee202","user_id":1} 
[2026-09-08 10:37:55] testing.INFO: bet_purchase.api.success {"outcome":"purchased","bet_id":1,"bet_number":"BT-20260908-581ED1CDADB9","ticket_id":1,"draw_id":1,"currency":"THB","stake":"10.00","client_key":"api-454349e422f05297191ead13e21d3db520e5abef","request_id":"9808bc05ffe8153706f443e557211350","user_id":1} 
[2026-09-08 10:37:55] testing.INFO: bet_purchase.api.success {"outcome":"purchased","bet_id":2,"bet_number":"BT-20260908-15B563549DA1","ticket_id":2,"draw_id":2,"currency":"THB","stake":"10.00","client_key":"api-454349e422f05297191ead13e21d3db520e5abef","request_id":"d3b4a16de5c3f6e045300b62b882ae51","user_id":2} 
[2026-09-08 10:37:55] testing.INFO: bet_purchase.api.success {"outcome":"purchased","bet_id":1,"bet_number":"BT-20260908-42DB06DED5C4","ticket_id":1,"draw_id":1,"currency":"THB","stake":"10.00","client_key":"api-043a718774c572bd8a25adbeb1bfcd5c0256ae11","request_id":"c85c9009679aa7c7cad071483828484a","user_id":1} 
[2026-09-08 10:37:55] testing.INFO: bet_purchase.api.success {"outcome":"purchased","bet_id":2,"bet_number":"BT-20260908-E69D77FA7CAB","ticket_id":2,"draw_id":2,"currency":"THB","stake":"10.00","client_key":"api-043a718774c572bd8a25adbeb1bfcd5c0256ae11","request_id":"cc784a6360411c521b6096aa1084665b","user_id":1} 
[2026-09-08 10:37:55] testing.INFO: bet_purchase.api.success {"outcome":"purchased","bet_id":1,"bet_number":"BT-20260908-F312232901E2","ticket_id":1,"draw_id":1,"currency":"THB","stake":"10.00","client_key":"api-e3b98a4da31a127d4bde6e43033f66ba274cab0e","request_id":"e16170da4883ac26ff2000f985f6e0de","user_id":1} 
[2026-09-08 10:37:55] testing.INFO: bet_purchase.api.success {"outcome":"purchased","bet_id":1,"bet_number":"BT-20260908-B2DFF6791C7E","ticket_id":1,"draw_id":1,"currency":"THB","stake":"10.00","client_key":"api-2d711642b726b04401627ca9fbac32f5c8530fb1","request_id":"ccb64919e48dd063d0d174178f335f99","user_id":1} 
[2026-09-08 10:37:55] testing.INFO: bet_purchase.api.success {"outcome":"purchased","bet_id":1,"bet_number":"BT-20260908-7A021AC2C4E7","ticket_id":1,"draw_id":1,"currency":"THB","stake":"10.00","client_key":"api-a1fce4363854ff888cff4b8e7875d600c2682390","request_id":"47f065e144feb09341b8d43474cc82fc","user_id":1} 
[2026-09-08 10:37:55] testing.INFO: bet_purchase.api.success {"outcome":"purchased","bet_id":1,"bet_number":"BT-20260908-B3E7339E0115","ticket_id":1,"draw_id":1,"currency":"THB","stake":"10.00","client_key":"api-fb8e20fc2e4c3f248c60c39bd652f3c1347298bb","request_id":"c30659073a90f1464dcadca57842387f","user_id":1} 
[2026-09-08 10:37:55] testing.INFO: bet_purchase.api.success {"outcome":"purchased","bet_id":1,"bet_number":"BT-20260908-E1BBF3E223DE","ticket_id":1,"draw_id":1,"currency":"THB","stake":"10.00","client_key":"api-f45de51cdef30991551e41e882dd7b5404799648","request_id":"0e721b3d4d932221a26b6c972eb6cd2e","user_id":1} 
[2026-09-08 10:37:55] testing.INFO: bet_purchase.api.success {"outcome":"purchased","bet_id":1,"bet_number":"BT-20260908-46B0B0D2AFB4","ticket_id":1,"draw_id":1,"currency":"THB","stake":"10.00","client_key":"api-b0136a3f0a0fae4b4cbb261ae65b245326d69f8a","request_id":"d07b2e27c120a5ea15e2d570fd5f65f2","user_id":1} 
[2026-09-08 10:37:55] testing.INFO: bet_purchase.api.success {"outcome":"purchased","bet_id":1,"bet_number":"BT-20260908-1DE91683DB79","ticket_id":1,"draw_id":1,"currency":"THB","stake":"10.00","client_key":"api-e5a94045f98e84810bb71edd3ba885463406b087","request_id":"52377aac24c38ad3708e5caf1fe2a755","user_id":1} 
[2026-09-08 10:37:56] testing.INFO: bet_purchase.api.success {"outcome":"purchased","bet_id":1,"bet_number":"BT-20260908-F9EA5EC90471","ticket_id":1,"draw_id":1,"currency":"THB","stake":"10.00","client_key":"api-b797c8d26a988c97a38d4458172406dc19ab0012","request_id":"05c9b5e614aebf1833f47a9d02e51b58","user_id":1} 
[2026-09-08 10:37:56] testing.INFO: bet_purchase.api.success {"outcome":"purchased","bet_id":1,"bet_number":"BT-20260908-36AF904A49C9","ticket_id":1,"draw_id":1,"currency":"THB","stake":"10.00","client_key":"api-70ba33708cbfb103f1a8e34afef333ba7dc02102","request_id":"47023b02b59c081d5574109007eac655","user_id":1} 
[2026-09-08 10:37:56] testing.INFO: bet_purchase.api.success {"outcome":"purchased","bet_id":1,"bet_number":"BT-20260908-CD52642E61BE","ticket_id":1,"draw_id":1,"currency":"THB","stake":"10.00","client_key":"api-f9a00f43e97e3966bb846e76b6795e11512c3bbf","request_id":"2d1caeb14d842b2c01bea0f8980a778e","user_id":1} 
[2026-09-08 10:37:56] testing.INFO: bet_purchase.api.success {"outcome":"purchased","bet_id":1,"bet_number":"BT-20260908-6D6F71AA2B25","ticket_id":1,"draw_id":1,"currency":"THB","stake":"10.00","client_key":"api-503126878d17fcd6bde7df320ff6eb7c278a1c42","request_id":"6356c7d40767e7989058c45d5cf7f627","user_id":1} 
[2026-09-08 10:37:56] testing.INFO: bet_purchase.api.success {"outcome":"purchased","bet_id":1,"bet_number":"BT-20260908-B3FC7AF9F344","ticket_id":1,"draw_id":1,"currency":"THB","stake":"10.00","client_key":"api-9aaf680776b98fd17fe63376120525cbcdffc01b","request_id":"e6f90156d2ccd34713c5f5690eea8fb4","user_id":1} 
[2026-09-08 10:37:56] testing.INFO: bet_purchase.api.success {"outcome":"purchased","bet_id":1,"bet_number":"BT-20260908-9155714142B3","ticket_id":1,"draw_id":1,"currency":"THB","stake":"10.55","client_key":"api-70a0d5198ebb88f97a2cc83a236a8afcc28c7d9e","request_id":"026129c5e703f62c11a9cb401fcce88a","user_id":1} 
[2026-09-08 10:37:56] testing.INFO: bet_purchase.api.success {"outcome":"purchased","bet_id":1,"bet_number":"BT-20260908-08D463B3C20C","ticket_id":1,"draw_id":1,"currency":"THB","stake":"10.00","client_key":"api-32e83e92d45d71f69dcf9d214688f03755421086","request_id":"2137e33d700621af65a33938d119d785","user_id":1} 
[2026-09-08 10:37:56] testing.INFO: bet_purchase.api.success {"outcome":"purchased","bet_id":1,"bet_number":"BT-20260908-DAEE171FE20A","ticket_id":1,"draw_id":1,"currency":"THB","stake":"10.00","client_key":"api-7d29d73105d636d04ca9fffcf979986d373ac874","request_id":"93b27041bec43ae775d7138646f1a03d","user_id":1} 
[2026-09-08 10:37:56] testing.INFO: bet_purchase.api.success {"outcome":"purchased","bet_id":1,"bet_number":"BT-20260908-F224D2CE362C","ticket_id":1,"draw_id":2,"currency":"THB","stake":"10.00","client_key":"api-6fdb16bc02366c008d809798cb3faae1efba55a5","request_id":"01d37391b508c47b593f5f17d960a383","user_id":2} 
[2026-09-08 10:37:56] testing.ERROR: SQLSTATE[42S02]: Base table or view not found: 1146 Table "thai_lottery.wallets" doesn't exist (Connection: mysql, SQL: select * from `wallets` where `id` = 1) in /var/www/app/Services/Finance/WalletService.php:118 {"exception":"[object] (RuntimeException(code: 0): SQLSTATE[42S02]: Base table or view not found: 1146 Table \"thai_lottery.wallets\" doesn't exist (Connection: mysql, SQL: select * from `wallets` where `id` = 1) in /var/www/app/Services/Finance/WalletService.php:118 at /home/user/tests/Feature/Api/V1/BetPurchaseApiTest.php:993)
[stacktrace]
#0 /home/user/vendor/laravel/framework/src/Illuminate/Routing/CallableDispatcher.php(40): Tests\\Feature\\Api\\V1\\BetPurchaseApiTest->{closure:Tests\\Feature\\Api\\V1\\BetPurchaseApiTest::am_an_unexpected_failure_never_exposes_a_stack_trace_or_internals():990}()
#1 /home/user/vendor/laravel/framework/src/Illuminate/Routing/Route.php(244): Illuminate\\Routing\\CallableDispatcher->dispatch()
#2 /home/user/vendor/laravel/framework/src/Illuminate/Routing/Route.php(215): Illuminate\\Routing\\Route->runCallable()
#3 /home/user/vendor/laravel/framework/src/Illuminate/Routing/Router.php(808): Illuminate\\Routing\\Route->run()
#4 /home/user/vendor/laravel/framework/src/Illuminate/Pipeline/Pipeline.php(170): Illuminate\\Routing\\Router->{closure:Illuminate\\Routing\\Router::runRouteWithinStack():807}()
#5 /home/user/vendor/laravel/framework/src/Illuminate/Routing/Middleware/SubstituteBindings.php(51): Illuminate\\Pipeline\\Pipeline->{closure:Illuminate\\Pipeline\\Pipeline::prepareDestination():168}()
#6 /home/user/vendor/laravel/framework/src/Illuminate/Pipeline/Pipeline.php(209): Illuminate\\Routing\\Middleware\\SubstituteBindings->handle()
#7 /home/user/vendor/laravel/framework/src/Illuminate/Pipeline/Pipeline.php(127): Illuminate\\Pipeline\\Pipeline->{closure:{closure:Illuminate\\Pipeline\\Pipeline::carry():184}:185}()
#8 /home/user/vendor/laravel/framework/src/Illuminate/Routing/Router.php(807): Illuminate\\Pipeline\\Pipeline->then()
#9 /home/user/vendor/laravel/framework/src/Illuminate/Routing/Router.php(786): Illuminate\\Routing\\Router->runRouteWithinStack()
#10 /home/user/vendor/laravel/framework/src/Illuminate/Routing/Router.php(750): Illuminate\\Routing\\Router->runRoute()
#11 /home/user/vendor/laravel/framework/src/Illuminate/Routing/Router.php(739): Illuminate\\Routing\\Router->dispatchToRoute()
#12 /home/user/vendor/laravel/framework/src/Illuminate/Foundation/Http/Kernel.php(201): Illuminate\\Routing\\Router->dispatch()
#13 /home/user/vendor/laravel/framework/src/Illuminate/Pipeline/Pipeline.php(170): Illuminate\\Foundation\\Http\\Kernel->{closure:Illuminate\\Foundation\\Http\\Kernel::dispatchToRouter():198}()
#14 /home/user/vendor/livewire/livewire/src/Features/SupportDisablingBackButtonCache/DisableBackButtonCacheMiddleware.php(19): Illuminate\\Pipeline\\Pipeline->{closure:Illuminate\\Pipeline\\Pipeline::prepareDestination():168}()
#15 /home/user/vendor/laravel/framework/src/Illuminate/Pipeline/Pipeline.php(209): Livewire\\Features\\SupportDisablingBackButtonCache\\DisableBackButtonCacheMiddleware->handle()
#16 /home/user/app/Http/Middleware/SecurityHeaders.php(13): Illuminate\\Pipeline\\Pipeline->{closure:{closure:Illuminate\\Pipeline\\Pipeline::carry():184}:185}()
#17 /home/user/vendor/laravel/framework/src/Illuminate/Pipeline/Pipeline.php(209): App\\Http\\Middleware\\SecurityHeaders->handle()
#18 /home/user/vendor/laravel/framework/src/Illuminate/Foundation/Http/Middleware/TransformsRequest.php(21): Illuminate\\Pipeline\\Pipeline->{closure:{closure:Illuminate\\Pipeline\\Pipeline::carry():184}:185}()
#19 /home/user/vendor/laravel/framework/src/Illuminate/Foundation/Http/Middleware/ConvertEmptyStringsToNull.php(31): Illuminate\\Foundation\\Http\\Middleware\\TransformsRequest->handle()
#20 /home/user/vendor/laravel/framework/src/Illuminate/Pipeline/Pipeline.php(209): Illuminate\\Foundation\\Http\\Middleware\\ConvertEmptyStringsToNull->handle()
#21 /home/user/vendor/laravel/framework/src/Illuminate/Foundation/Http/Middleware/TransformsRequest.php(21): Illuminate\\Pipeline\\Pipeline->{closure:{closure:Illuminate\\Pipeline\\Pipeline::carry():184}:185}()
#22 /home/user/vendor/laravel/framework/src/Illuminate/Foundation/Http/Middleware/TrimStrings.php(51): Illuminate\\Foundation\\Http\\Middleware\\TransformsRequest->handle()
#23 /home/user/vendor/laravel/framework/src/Illuminate/Pipeline/Pipeline.php(209): Illuminate\\Foundation\\Http\\Middleware\\TrimStrings->handle()
#24 /home/user/vendor/laravel/framework/src/Illuminate/Http/Middleware/ValidatePostSize.php(27): Illuminate\\Pipeline\\Pipeline->{closure:{closure:Illuminate\\Pipeline\\Pipeline::carry():184}:185}()
#25 /home/user/vendor/laravel/framework/src/Illuminate/Pipeline/Pipeline.php(209): Illuminate\\Http\\Middleware\\ValidatePostSize->handle()
#26 /home/user/vendor/laravel/framework/src/Illuminate/Foundation/Http/Middleware/PreventRequestsDuringMaintenance.php(110): Illuminate\\Pipeline\\Pipeline->{closure:{closure:Illuminate\\Pipeline\\Pipeline::carry():184}:185}()
#27 /home/user/vendor/laravel/framework/src/Illuminate/Pipeline/Pipeline.php(209): Illuminate\\Foundation\\Http\\Middleware\\PreventRequestsDuringMaintenance->handle()
#28 /home/user/vendor/laravel/framework/src/Illuminate/Http/Middleware/HandleCors.php(62): Illuminate\\Pipeline\\Pipeline->{closure:{closure:Illuminate\\Pipeline\\Pipeline::carry():184}:185}()
#29 /home/user/vendor/laravel/framework/src/Illuminate/Pipeline/Pipeline.php(209): Illuminate\\Http\\Middleware\\HandleCors->handle()
#30 /home/user/vendor/laravel/framework/src/Illuminate/Http/Middleware/TrustProxies.php(58): Illuminate\\Pipeline\\Pipeline->{closure:{closure:Illuminate\\Pipeline\\Pipeline::carry():184}:185}()
#31 /home/user/vendor/laravel/framework/src/Illuminate/Pipeline/Pipeline.php(209): Illuminate\\Http\\Middleware\\TrustProxies->handle()
#32 /home/user/vendor/laravel/framework/src/Illuminate/Foundation/Http/Middleware/InvokeDeferredCallbacks.php(22): Illuminate\\Pipeline\\Pipeline->{closure:{closure:Illuminate\\Pipeline\\Pipeline::carry():184}:185}()
#33 /home/user/vendor/laravel/framework/src/Illuminate/Pipeline/Pipeline.php(209): Illuminate\\Foundation\\Http\\Middleware\\InvokeDeferredCallbacks->handle()
#34 /home/user/vendor/laravel/framework/src/Illuminate/Pipeline/Pipeline.php(127): Illuminate\\Pipeline\\Pipeline->{closure:{closure:Illuminate\\Pipeline\\Pipeline::carry():184}:185}()
#35 /home/user/vendor/laravel/framework/src/Illuminate/Foundation/Http/Kernel.php(176): Illuminate\\Pipeline\\Pipeline->then()
#36 /home/user/vendor/laravel/framework/src/Illuminate/Foundation/Http/Kernel.php(145): Illuminate\\Foundation\\Http\\Kernel->sendRequestThroughRouter()
#37 /home/user/vendor/laravel/framework/src/Illuminate/Foundation/Testing/Concerns/MakesHttpRequests.php(607): Illuminate\\Foundation\\Http\\Kernel->handle()
#38 /home/user/vendor/laravel/framework/src/Illuminate/Foundation/Testing/Concerns/MakesHttpRequests.php(573): Illuminate\\Foundation\\Testing\\TestCase->call()
#39 /home/user/vendor/laravel/framework/src/Illuminate/Foundation/Testing/Concerns/MakesHttpRequests.php(381): Illuminate\\Foundation\\Testing\\TestCase->json()
#40 /home/user/tests/Feature/Api/V1/BetPurchaseApiTest.php(1001): Illuminate\\Foundation\\Testing\\TestCase->getJson()
#41 /home/user/vendor/phpunit/phpunit/src/Framework/TestCase.php(1667): Tests\\Feature\\Api\\V1\\BetPurchaseApiTest->am_an_unexpected_failure_never_exposes_a_stack_trace_or_internals()
#42 /home/user/vendor/phpunit/phpunit/src/Framework/TestCase.php(519): PHPUnit\\Framework\\TestCase->runTest()
#43 /home/user/vendor/phpunit/phpunit/src/Framework/TestRunner/TestRunner.php(87): PHPUnit\\Framework\\TestCase->runBare()
#44 /home/user/vendor/phpunit/phpunit/src/Framework/TestCase.php(365): PHPUnit\\Framework\\TestRunner->run()
#45 /home/user/vendor/phpunit/phpunit/src/Framework/TestSuite.php(369): PHPUnit\\Framework\\TestCase->run()
#46 /home/user/vendor/phpunit/phpunit/src/Framework/TestSuite.php(369): PHPUnit\\Framework\\TestSuite->run()
#47 /home/user/vendor/phpunit/phpunit/src/Framework/TestSuite.php(369): PHPUnit\\Framework\\TestSuite->run()
#48 /home/user/vendor/phpunit/phpunit/src/TextUI/TestRunner.php(64): PHPUnit\\Framework\\TestSuite->run()
#49 /home/user/vendor/phpunit/phpunit/src/TextUI/Application.php(211): PHPUnit\\TextUI\\TestRunner->run()
#50 /home/user/vendor/phpunit/phpunit/phpunit(104): PHPUnit\\TextUI\\Application->run()
#51 /home/user/vendor/bin/phpunit(122): include('...')
#52 {main}
"} 
[2026-09-08 10:37:56] testing.ERROR: api.unhandled_exception {"exception":"[object] (RuntimeException(code: 0): SQLSTATE[42S02]: Base table or view not found: 1146 Table \"thai_lottery.wallets\" doesn't exist (Connection: mysql, SQL: select * from `wallets` where `id` = 1) in /var/www/app/Services/Finance/WalletService.php:118 at /home/user/tests/Feature/Api/V1/BetPurchaseApiTest.php:993)
[stacktrace]
#0 /home/user/vendor/laravel/framework/src/Illuminate/Routing/CallableDispatcher.php(40): Tests\\Feature\\Api\\V1\\BetPurchaseApiTest->{closure:Tests\\Feature\\Api\\V1\\BetPurchaseApiTest::am_an_unexpected_failure_never_exposes_a_stack_trace_or_internals():990}()
#1 /home/user/vendor/laravel/framework/src/Illuminate/Routing/Route.php(244): Illuminate\\Routing\\CallableDispatcher->dispatch()
#2 /home/user/vendor/laravel/framework/src/Illuminate/Routing/Route.php(215): Illuminate\\Routing\\Route->runCallable()
#3 /home/user/vendor/laravel/framework/src/Illuminate/Routing/Router.php(808): Illuminate\\Routing\\Route->run()
#4 /home/user/vendor/laravel/framework/src/Illuminate/Pipeline/Pipeline.php(170): Illuminate\\Routing\\Router->{closure:Illuminate\\Routing\\Router::runRouteWithinStack():807}()
#5 /home/user/vendor/laravel/framework/src/Illuminate/Routing/Middleware/SubstituteBindings.php(51): Illuminate\\Pipeline\\Pipeline->{closure:Illuminate\\Pipeline\\Pipeline::prepareDestination():168}()
#6 /home/user/vendor/laravel/framework/src/Illuminate/Pipeline/Pipeline.php(209): Illuminate\\Routing\\Middleware\\SubstituteBindings->handle()
#7 /home/user/vendor/laravel/framework/src/Illuminate/Pipeline/Pipeline.php(127): Illuminate\\Pipeline\\Pipeline->{closure:{closure:Illuminate\\Pipeline\\Pipeline::carry():184}:185}()
#8 /home/user/vendor/laravel/framework/src/Illuminate/Routing/Router.php(807): Illuminate\\Pipeline\\Pipeline->then()
#9 /home/user/vendor/laravel/framework/src/Illuminate/Routing/Router.php(786): Illuminate\\Routing\\Router->runRouteWithinStack()
#10 /home/user/vendor/laravel/framework/src/Illuminate/Routing/Router.php(750): Illuminate\\Routing\\Router->runRoute()
#11 /home/user/vendor/laravel/framework/src/Illuminate/Routing/Router.php(739): Illuminate\\Routing\\Router->dispatchToRoute()
#12 /home/user/vendor/laravel/framework/src/Illuminate/Foundation/Http/Kernel.php(201): Illuminate\\Routing\\Router->dispatch()
#13 /home/user/vendor/laravel/framework/src/Illuminate/Pipeline/Pipeline.php(170): Illuminate\\Foundation\\Http\\Kernel->{closure:Illuminate\\Foundation\\Http\\Kernel::dispatchToRouter():198}()
#14 /home/user/vendor/livewire/livewire/src/Features/SupportDisablingBackButtonCache/DisableBackButtonCacheMiddleware.php(19): Illuminate\\Pipeline\\Pipeline->{closure:Illuminate\\Pipeline\\Pipeline::prepareDestination():168}()
#15 /home/user/vendor/laravel/framework/src/Illuminate/Pipeline/Pipeline.php(209): Livewire\\Features\\SupportDisablingBackButtonCache\\DisableBackButtonCacheMiddleware->handle()
#16 /home/user/app/Http/Middleware/SecurityHeaders.php(13): Illuminate\\Pipeline\\Pipeline->{closure:{closure:Illuminate\\Pipeline\\Pipeline::carry():184}:185}()
#17 /home/user/vendor/laravel/framework/src/Illuminate/Pipeline/Pipeline.php(209): App\\Http\\Middleware\\SecurityHeaders->handle()
#18 /home/user/vendor/laravel/framework/src/Illuminate/Foundation/Http/Middleware/TransformsRequest.php(21): Illuminate\\Pipeline\\Pipeline->{closure:{closure:Illuminate\\Pipeline\\Pipeline::carry():184}:185}()
#19 /home/user/vendor/laravel/framework/src/Illuminate/Foundation/Http/Middleware/ConvertEmptyStringsToNull.php(31): Illuminate\\Foundation\\Http\\Middleware\\TransformsRequest->handle()
#20 /home/user/vendor/laravel/framework/src/Illuminate/Pipeline/Pipeline.php(209): Illuminate\\Foundation\\Http\\Middleware\\ConvertEmptyStringsToNull->handle()
#21 /home/user/vendor/laravel/framework/src/Illuminate/Foundation/Http/Middleware/TransformsRequest.php(21): Illuminate\\Pipeline\\Pipeline->{closure:{closure:Illuminate\\Pipeline\\Pipeline::carry():184}:185}()
#22 /home/user/vendor/laravel/framework/src/Illuminate/Foundation/Http/Middleware/TrimStrings.php(51): Illuminate\\Foundation\\Http\\Middleware\\TransformsRequest->handle()
#23 /home/user/vendor/laravel/framework/src/Illuminate/Pipeline/Pipeline.php(209): Illuminate\\Foundation\\Http\\Middleware\\TrimStrings->handle()
#24 /home/user/vendor/laravel/framework/src/Illuminate/Http/Middleware/ValidatePostSize.php(27): Illuminate\\Pipeline\\Pipeline->{closure:{closure:Illuminate\\Pipeline\\Pipeline::carry():184}:185}()
#25 /home/user/vendor/laravel/framework/src/Illuminate/Pipeline/Pipeline.php(209): Illuminate\\Http\\Middleware\\ValidatePostSize->handle()
#26 /home/user/vendor/laravel/framework/src/Illuminate/Foundation/Http/Middleware/PreventRequestsDuringMaintenance.php(110): Illuminate\\Pipeline\\Pipeline->{closure:{closure:Illuminate\\Pipeline\\Pipeline::carry():184}:185}()
#27 /home/user/vendor/laravel/framework/src/Illuminate/Pipeline/Pipeline.php(209): Illuminate\\Foundation\\Http\\Middleware\\PreventRequestsDuringMaintenance->handle()
#28 /home/user/vendor/laravel/framework/src/Illuminate/Http/Middleware/HandleCors.php(62): Illuminate\\Pipeline\\Pipeline->{closure:{closure:Illuminate\\Pipeline\\Pipeline::carry():184}:185}()
#29 /home/user/vendor/laravel/framework/src/Illuminate/Pipeline/Pipeline.php(209): Illuminate\\Http\\Middleware\\HandleCors->handle()
#30 /home/user/vendor/laravel/framework/src/Illuminate/Http/Middleware/TrustProxies.php(58): Illuminate\\Pipeline\\Pipeline->{closure:{closure:Illuminate\\Pipeline\\Pipeline::carry():184}:185}()
#31 /home/user/vendor/laravel/framework/src/Illuminate/Pipeline/Pipeline.php(209): Illuminate\\Http\\Middleware\\TrustProxies->handle()
#32 /home/user/vendor/laravel/framework/src/Illuminate/Foundation/Http/Middleware/InvokeDeferredCallbacks.php(22): Illuminate\\Pipeline\\Pipeline->{closure:{closure:Illuminate\\Pipeline\\Pipeline::carry():184}:185}()
#33 /home/user/vendor/laravel/framework/src/Illuminate/Pipeline/Pipeline.php(209): Illuminate\\Foundation\\Http\\Middleware\\InvokeDeferredCallbacks->handle()
#34 /home/user/vendor/laravel/framework/src/Illuminate/Pipeline/Pipeline.php(127): Illuminate\\Pipeline\\Pipeline->{closure:{closure:Illuminate\\Pipeline\\Pipeline::carry():184}:185}()
#35 /home/user/vendor/laravel/framework/src/Illuminate/Foundation/Http/Kernel.php(176): Illuminate\\Pipeline\\Pipeline->then()
#36 /home/user/vendor/laravel/framework/src/Illuminate/Foundation/Http/Kernel.php(145): Illuminate\\Foundation\\Http\\Kernel->sendRequestThroughRouter()
#37 /home/user/vendor/laravel/framework/src/Illuminate/Foundation/Testing/Concerns/MakesHttpRequests.php(607): Illuminate\\Foundation\\Http\\Kernel->handle()
#38 /home/user/vendor/laravel/framework/src/Illuminate/Foundation/Testing/Concerns/MakesHttpRequests.php(573): Illuminate\\Foundation\\Testing\\TestCase->call()
#39 /home/user/vendor/laravel/framework/src/Illuminate/Foundation/Testing/Concerns/MakesHttpRequests.php(381): Illuminate\\Foundation\\Testing\\TestCase->json()
#40 /home/user/tests/Feature/Api/V1/BetPurchaseApiTest.php(1001): Illuminate\\Foundation\\Testing\\TestCase->getJson()
#41 /home/user/vendor/phpunit/phpunit/src/Framework/TestCase.php(1667): Tests\\Feature\\Api\\V1\\BetPurchaseApiTest->am_an_unexpected_failure_never_exposes_a_stack_trace_or_internals()
#42 /home/user/vendor/phpunit/phpunit/src/Framework/TestCase.php(519): PHPUnit\\Framework\\TestCase->runTest()
#43 /home/user/vendor/phpunit/phpunit/src/Framework/TestRunner/TestRunner.php(87): PHPUnit\\Framework\\TestCase->runBare()
#44 /home/user/vendor/phpunit/phpunit/src/Framework/TestCase.php(365): PHPUnit\\Framework\\TestRunner->run()
#45 /home/user/vendor/phpunit/phpunit/src/Framework/TestSuite.php(369): PHPUnit\\Framework\\TestCase->run()
#46 /home/user/vendor/phpunit/phpunit/src/Framework/TestSuite.php(369): PHPUnit\\Framework\\TestSuite->run()
#47 /home/user/vendor/phpunit/phpunit/src/Framework/TestSuite.php(369): PHPUnit\\Framework\\TestSuite->run()
#48 /home/user/vendor/phpunit/phpunit/src/TextUI/TestRunner.php(64): PHPUnit\\Framework\\TestSuite->run()
#49 /home/user/vendor/phpunit/phpunit/src/TextUI/Application.php(211): PHPUnit\\TextUI\\TestRunner->run()
#50 /home/user/vendor/phpunit/phpunit/phpunit(104): PHPUnit\\TextUI\\Application->run()
#51 /home/user/vendor/bin/phpunit(122): include('...')
#52 {main}
","path":"api/v1/__phase44_failure_probe","method":"GET","user_id":null} 
[2026-09-08 10:37:58] testing.CRITICAL: Limit Exceeded (Critical Risk) on number 123 [3d] for draw 1. {"risk_alert_type":"limit_exceeded","risk_level":"critical","audit_log_id":1} 
[2026-09-08 10:37:58] testing.CRITICAL: Critical Exposure (Critical Risk) on number 123 [3d] for draw 1. {"risk_alert_type":"critical_exposure","risk_level":"critical","audit_log_id":2} 
[2026-09-08 10:38:00] testing.INFO: lottery.automation.provisioned {"created":3,"existing":0,"horizon_days":40} 
[2026-09-08 10:38:00] testing.INFO: lottery.automation.provisioned {"created":8,"existing":0,"horizon_days":120} 
[2026-09-08 10:38:00] testing.INFO: lottery.automation.provisioned {"created":0,"existing":8,"horizon_days":120} 
[2026-09-08 10:38:00] testing.INFO: lottery.automation.provisioned {"created":3,"existing":0,"horizon_days":40} 
[2026-09-08 10:38:00] testing.INFO: lottery.automation.provisioned {"created":0,"existing":3,"horizon_days":40} 
[2026-09-08 10:38:00] testing.INFO: lottery.automation.run {"command":"lottery:open-draws","activity":"open","processed":1,"failed":0,"skipped":0,"candidates":1} 
[2026-09-08 10:38:00] testing.INFO: lottery.automation.run {"command":"lottery:close-draws","activity":"close","processed":1,"failed":0,"skipped":0,"candidates":1} 
[2026-09-08 10:38:00] testing.INFO: lottery.automation.run {"command":"lottery:close-draws","activity":"close","processed":1,"failed":0,"skipped":0,"candidates":1} 
[2026-09-08 10:38:00] testing.INFO: lottery.automation.run {"command":"lottery:close-draws","activity":"close","processed":1,"failed":0,"skipped":0,"candidates":1} 
[2026-09-08 10:38:00] testing.INFO: lottery.automation.run {"command":"lottery:mark-results-pending","activity":"mark result-pending","processed":1,"failed":0,"skipped":0,"candidates":1} 
[2026-09-08 10:38:00] testing.INFO: lottery.automation.run {"command":"lottery:mark-results-pending","activity":"mark result-pending","processed":1,"failed":0,"skipped":0,"candidates":1} 
[2026-09-08 10:38:00] testing.INFO: lottery.automation.run {"command":"lottery:settle-draws","activity":"settle","processed":1,"failed":0,"skipped":0,"candidates":1} 
[2026-09-08 10:38:00] testing.INFO: lottery.automation.run {"command":"lottery:mark-results-pending","activity":"mark result-pending","processed":1,"failed":0,"skipped":0,"candidates":1} 
[2026-09-08 10:38:00] testing.INFO: lottery.automation.run {"command":"lottery:mark-results-pending","activity":"mark result-pending","processed":1,"failed":0,"skipped":0,"candidates":1} 
[2026-09-08 10:38:00] testing.INFO: lottery.automation.run {"command":"lottery:settle-draws","activity":"settle","processed":1,"failed":0,"skipped":0,"candidates":1} 
[2026-09-08 10:38:00] testing.INFO: lottery.automation.run {"command":"lottery:mark-results-pending","activity":"mark result-pending","processed":1,"failed":0,"skipped":0,"candidates":1} 
[2026-09-08 10:38:00] testing.INFO: lottery.automation.run {"command":"lottery:settle-draws","activity":"settle","processed":1,"failed":0,"skipped":0,"candidates":1} 
[2026-09-08 10:38:00] testing.INFO: lottery.automation.run {"command":"lottery:settle-draws","activity":"settle","processed":1,"failed":0,"skipped":0,"candidates":1} 
[2026-09-08 10:38:00] testing.INFO: lottery.automation.run {"command":"lottery:mark-results-pending","activity":"mark result-pending","processed":1,"failed":0,"skipped":0,"candidates":1} 
[2026-09-08 10:38:00] testing.INFO: lottery.automation.run {"command":"lottery:settle-draws","activity":"settle","processed":1,"failed":0,"skipped":0,"candidates":1} 
[2026-09-08 10:38:00] testing.INFO: lottery.automation.run {"command":"lottery:mark-results-pending","activity":"mark result-pending","processed":1,"failed":0,"skipped":0,"candidates":1} 
[2026-09-08 10:38:00] testing.ERROR: lottery.automation.draw_failed {"command":"lottery:settle-draws","activity":"settle","draw_id":1,"draw_number":"DR-TEST-0015","exception":"[object] (App\\Exceptions\\DrawLifecycleException(code: 0): Draw 1 is in state result_published, which implies a published official result, but no draw_results row exists for it. This is refused rather than repaired. at /home/user/app/Exceptions/DrawLifecycleException.php:252)
[stacktrace]
#0 /home/user/app/Services/Draw/DrawSettlementSimulationService.php(200): App\\Exceptions\\DrawLifecycleException::resultMissing()
#1 /home/user/app/Services/Draw/DrawSettlementSimulationService.php(393): App\\Services\\Draw\\DrawSettlementSimulationService->publishedResultFor()
#2 /home/user/app/Services/Draw/DrawSettlementSimulationService.php(156): App\\Services\\Draw\\DrawSettlementSimulationService->performSettlement()
#3 /home/user/vendor/laravel/framework/src/Illuminate/Database/Concerns/ManagesTransactions.php(32): App\\Services\\Draw\\DrawSettlementSimulationService->{closure:App\\Services\\Draw\\DrawSettlementSimulationService::settle():145}()
#4 /home/user/vendor/laravel/framework/src/Illuminate/Database/DatabaseManager.php(495): Illuminate\\Database\\Connection->transaction()
#5 /home/user/vendor/laravel/framework/src/Illuminate/Support/Facades/Facade.php(361): Illuminate\\Database\\DatabaseManager->__call()
#6 /home/user/app/Services/Draw/DrawSettlementSimulationService.php(145): Illuminate\\Support\\Facades\\Facade::__callStatic()
#7 /home/user/app/Console/Commands/Lottery/SettleDrawsCommand.php(90): App\\Services\\Draw\\DrawSettlementSimulationService->settle()
#8 /home/user/app/Console/Commands/Lottery/LotteryAutomationCommand.php(155): App\\Console\\Commands\\Lottery\\SettleDrawsCommand->{closure:App\\Console\\Commands\\Lottery\\SettleDrawsCommand::handle():89}()
#9 /home/user/app/Console/Commands/Lottery/SettleDrawsCommand.php(87): App\\Console\\Commands\\Lottery\\LotteryAutomationCommand->eachDueDraw()
#10 /home/user/vendor/laravel/framework/src/Illuminate/Container/BoundMethod.php(36): App\\Console\\Commands\\Lottery\\SettleDrawsCommand->handle()
#11 /home/user/vendor/laravel/framework/src/Illuminate/Container/Util.php(43): Illuminate\\Container\\BoundMethod::{closure:Illuminate\\Container\\BoundMethod::call():35}()
#12 /home/user/vendor/laravel/framework/src/Illuminate/Container/BoundMethod.php(95): Illuminate\\Container\\Util::unwrapIfClosure()
#13 /home/user/vendor/laravel/framework/src/Illuminate/Container/BoundMethod.php(35): Illuminate\\Container\\BoundMethod::callBoundMethod()
#14 /home/user/vendor/laravel/framework/src/Illuminate/Container/Container.php(696): Illuminate\\Container\\BoundMethod::call()
#15 /home/user/vendor/laravel/framework/src/Illuminate/Console/Command.php(213): Illuminate\\Container\\Container->call()
#16 /home/user/vendor/symfony/console/Command/Command.php(341): Illuminate\\Console\\Command->execute()
#17 /home/user/vendor/laravel/framework/src/Illuminate/Console/Command.php(182): Symfony\\Component\\Console\\Command\\Command->run()
#18 /home/user/vendor/symfony/console/Application.php(1094): Illuminate\\Console\\Command->run()
#19 /home/user/vendor/symfony/console/Application.php(356): Symfony\\Component\\Console\\Application->doRunCommand()
#20 /home/user/vendor/symfony/console/Application.php(195): Symfony\\Component\\Console\\Application->doRun()
#21 /home/user/vendor/laravel/framework/src/Illuminate/Console/Application.php(166): Symfony\\Component\\Console\\Application->run()
#22 /home/user/vendor/laravel/framework/src/Illuminate/Foundation/Console/Kernel.php(427): Illuminate\\Console\\Application->call()
#23 /home/user/vendor/laravel/framework/src/Illuminate/Testing/PendingCommand.php(332): Illuminate\\Foundation\\Console\\Kernel->call()
#24 /home/user/vendor/laravel/framework/src/Illuminate/Testing/PendingCommand.php(556): Illuminate\\Testing\\PendingCommand->run()
#25 /home/user/tests/Feature/Console/DrawAutomationTest.php(334): Illuminate\\Testing\\PendingCommand->__destruct()
#26 /home/user/vendor/phpunit/phpunit/src/Framework/TestCase.php(1667): Tests\\Feature\\Console\\DrawAutomationTest->one_bad_draw_does_not_stop_the_batch_and_the_command_still_reports_failure()
#27 /home/user/vendor/phpunit/phpunit/src/Framework/TestCase.php(519): PHPUnit\\Framework\\TestCase->runTest()
#28 /home/user/vendor/phpunit/phpunit/src/Framework/TestRunner/TestRunner.php(87): PHPUnit\\Framework\\TestCase->runBare()
#29 /home/user/vendor/phpunit/phpunit/src/Framework/TestCase.php(365): PHPUnit\\Framework\\TestRunner->run()
#30 /home/user/vendor/phpunit/phpunit/src/Framework/TestSuite.php(369): PHPUnit\\Framework\\TestCase->run()
#31 /home/user/vendor/phpunit/phpunit/src/Framework/TestSuite.php(369): PHPUnit\\Framework\\TestSuite->run()
#32 /home/user/vendor/phpunit/phpunit/src/Framework/TestSuite.php(369): PHPUnit\\Framework\\TestSuite->run()
#33 /home/user/vendor/phpunit/phpunit/src/TextUI/TestRunner.php(64): PHPUnit\\Framework\\TestSuite->run()
#34 /home/user/vendor/phpunit/phpunit/src/TextUI/Application.php(211): PHPUnit\\TextUI\\TestRunner->run()
#35 /home/user/vendor/phpunit/phpunit/phpunit(104): PHPUnit\\TextUI\\Application->run()
#36 /home/user/vendor/bin/phpunit(122): include('...')
#37 {main}
"} 
[2026-09-08 10:38:00] testing.INFO: lottery.automation.run {"command":"lottery:settle-draws","activity":"settle","processed":1,"failed":1,"skipped":0,"candidates":2} 
[2026-09-08 10:38:00] testing.INFO: lottery.tick {"steps":5,"failed_steps":[],"duration_ms":1.0,"dry_run":false} 
[2026-09-08 10:38:00] testing.INFO: lottery.automation.run {"command":"lottery:open-draws","activity":"open","processed":1,"failed":0,"skipped":0,"candidates":1} 
[2026-09-08 10:38:00] testing.INFO: lottery.automation.run {"command":"lottery:close-draws","activity":"close","processed":2,"failed":0,"skipped":0,"candidates":2} 
[2026-09-08 10:38:00] testing.INFO: lottery.automation.provisioned {"created":6,"existing":0,"horizon_days":90} 
[2026-09-08 10:38:00] testing.INFO: lottery.automation.run {"command":"lottery:open-draws","activity":"open","processed":1,"failed":0,"skipped":0,"candidates":1} 
[2026-09-08 10:38:00] testing.INFO: lottery.automation.run {"command":"lottery:close-draws","activity":"close","processed":1,"failed":0,"skipped":0,"candidates":1} 
[2026-09-08 10:38:00] testing.INFO: lottery.automation.run {"command":"lottery:mark-results-pending","activity":"mark result-pending","processed":1,"failed":0,"skipped":0,"candidates":1} 
[2026-09-08 10:38:00] testing.INFO: lottery.tick {"steps":5,"failed_steps":[],"duration_ms":20.0,"dry_run":false} 
[2026-09-08 10:38:00] testing.INFO: lottery.automation.provisioned {"created":6,"existing":0,"horizon_days":90} 
[2026-09-08 10:38:00] testing.INFO: lottery.automation.run {"command":"lottery:open-draws","activity":"open","processed":1,"failed":0,"skipped":0,"candidates":1} 
[2026-09-08 10:38:00] testing.INFO: lottery.automation.run {"command":"lottery:close-draws","activity":"close","processed":1,"failed":0,"skipped":0,"candidates":1} 
[2026-09-08 10:38:00] testing.INFO: lottery.automation.run {"command":"lottery:mark-results-pending","activity":"mark result-pending","processed":1,"failed":0,"skipped":0,"candidates":1} 
[2026-09-08 10:38:00] testing.INFO: lottery.tick {"steps":5,"failed_steps":[],"duration_ms":20.0,"dry_run":false} 
[2026-09-08 10:38:01] testing.INFO: lottery.automation.run {"command":"lottery:mark-results-pending","activity":"mark result-pending","processed":1,"failed":0,"skipped":0,"candidates":1} 
[2026-09-08 10:38:01] testing.INFO: lottery.publication.published {"draw_id":1,"draw_number":"DR-TEST-0025","winning_numbers":6,"operator_command":true} 
[2026-09-08 10:38:01] testing.INFO: lottery.automation.run {"command":"lottery:mark-results-pending","activity":"mark result-pending","processed":1,"failed":0,"skipped":0,"candidates":1} 
[2026-09-08 10:38:01] testing.WARNING: lottery.publication.refused {"draw_id":1,"draw_number":"DR-TEST-0026","exception":"[object] (App\\Exceptions\\DrawResultValidationException(code: 0): The official first prize number must be exactly 6 digits. Received \"12\", which is 2. Leading zeroes count as digits and are never stripped. at /home/user/app/Exceptions/DrawResultValidationException.php:119)
[stacktrace]
#0 /home/user/app/Services/Draw/DrawResultValidator.php(205): App\\Exceptions\\DrawResultValidationException::firstPrizeLength()
#1 /home/user/app/Services/Draw/DrawResultValidator.php(131): App\\Services\\Draw\\DrawResultValidator->validateFirstPrize()
#2 /home/user/app/Services/Draw/DrawResultPublicationService.php(105): App\\Services\\Draw\\DrawResultValidator->validate()
#3 /home/user/app/Console/Commands/Lottery/PublishDrawResultCommand.php(104): App\\Services\\Draw\\DrawResultPublicationService->publish()
#4 /home/user/vendor/laravel/framework/src/Illuminate/Container/BoundMethod.php(36): App\\Console\\Commands\\Lottery\\PublishDrawResultCommand->handle()
#5 /home/user/vendor/laravel/framework/src/Illuminate/Container/Util.php(43): Illuminate\\Container\\BoundMethod::{closure:Illuminate\\Container\\BoundMethod::call():35}()
#6 /home/user/vendor/laravel/framework/src/Illuminate/Container/BoundMethod.php(95): Illuminate\\Container\\Util::unwrapIfClosure()
#7 /home/user/vendor/laravel/framework/src/Illuminate/Container/BoundMethod.php(35): Illuminate\\Container\\BoundMethod::callBoundMethod()
#8 /home/user/vendor/laravel/framework/src/Illuminate/Container/Container.php(696): Illuminate\\Container\\BoundMethod::call()
#9 /home/user/vendor/laravel/framework/src/Illuminate/Console/Command.php(213): Illuminate\\Container\\Container->call()
#10 /home/user/vendor/symfony/console/Command/Command.php(341): Illuminate\\Console\\Command->execute()
#11 /home/user/vendor/laravel/framework/src/Illuminate/Console/Command.php(182): Symfony\\Component\\Console\\Command\\Command->run()
#12 /home/user/vendor/symfony/console/Application.php(1094): Illuminate\\Console\\Command->run()
#13 /home/user/vendor/symfony/console/Application.php(356): Symfony\\Component\\Console\\Application->doRunCommand()
#14 /home/user/vendor/symfony/console/Application.php(195): Symfony\\Component\\Console\\Application->doRun()
#15 /home/user/vendor/laravel/framework/src/Illuminate/Console/Application.php(166): Symfony\\Component\\Console\\Application->run()
#16 /home/user/vendor/laravel/framework/src/Illuminate/Foundation/Console/Kernel.php(427): Illuminate\\Console\\Application->call()
#17 /home/user/vendor/laravel/framework/src/Illuminate/Testing/PendingCommand.php(332): Illuminate\\Foundation\\Console\\Kernel->call()
#18 /home/user/vendor/laravel/framework/src/Illuminate/Testing/PendingCommand.php(556): Illuminate\\Testing\\PendingCommand->run()
#19 /home/user/tests/Feature/Console/DrawAutomationTest.php(443): Illuminate\\Testing\\PendingCommand->__destruct()
#20 /home/user/vendor/phpunit/phpunit/src/Framework/TestCase.php(1667): Tests\\Feature\\Console\\DrawAutomationTest->publication_refuses_numbers_the_validator_rejects_and_writes_nothing()
#21 /home/user/vendor/phpunit/phpunit/src/Framework/TestCase.php(519): PHPUnit\\Framework\\TestCase->runTest()
#22 /home/user/vendor/phpunit/phpunit/src/Framework/TestRunner/TestRunner.php(87): PHPUnit\\Framework\\TestCase->runBare()
#23 /home/user/vendor/phpunit/phpunit/src/Framework/TestCase.php(365): PHPUnit\\Framework\\TestRunner->run()
#24 /home/user/vendor/phpunit/phpunit/src/Framework/TestSuite.php(369): PHPUnit\\Framework\\TestCase->run()
#25 /home/user/vendor/phpunit/phpunit/src/Framework/TestSuite.php(369): PHPUnit\\Framework\\TestSuite->run()
#26 /home/user/vendor/phpunit/phpunit/src/Framework/TestSuite.php(369): PHPUnit\\Framework\\TestSuite->run()
#27 /home/user/vendor/phpunit/phpunit/src/TextUI/TestRunner.php(64): PHPUnit\\Framework\\TestSuite->run()
#28 /home/user/vendor/phpunit/phpunit/src/TextUI/Application.php(211): PHPUnit\\TextUI\\TestRunner->run()
#29 /home/user/vendor/phpunit/phpunit/phpunit(104): PHPUnit\\TextUI\\Application->run()
#30 /home/user/vendor/bin/phpunit(122): include('...')
#31 {main}
"} 
[2026-09-08 10:38:01] testing.WARNING: lottery.publication.refused {"draw_id":1,"draw_number":"DR-TEST-0027","exception":"[object] (App\\Exceptions\\DrawLifecycleException(code: 0): Draw 1 is in state open; an official result may only be published from result_pending. at /home/user/app/Exceptions/DrawLifecycleException.php:191)
[stacktrace]
#0 /home/user/app/Services/Draw/DrawLifecycleService.php(385): App\\Exceptions\\DrawLifecycleException::notPublishable()
#1 /home/user/app/Services/Draw/DrawResultPublicationService.php(110): App\\Services\\Draw\\DrawLifecycleService->assertCanPublishResult()
#2 /home/user/vendor/laravel/framework/src/Illuminate/Database/Concerns/ManagesTransactions.php(32): App\\Services\\Draw\\DrawResultPublicationService->{closure:App\\Services\\Draw\\DrawResultPublicationService::publish():107}()
#3 /home/user/vendor/laravel/framework/src/Illuminate/Database/DatabaseManager.php(495): Illuminate\\Database\\Connection->transaction()
#4 /home/user/vendor/laravel/framework/src/Illuminate/Support/Facades/Facade.php(361): Illuminate\\Database\\DatabaseManager->__call()
#5 /home/user/app/Services/Draw/DrawResultPublicationService.php(139): Illuminate\\Support\\Facades\\Facade::__callStatic()
#6 /home/user/app/Console/Commands/Lottery/PublishDrawResultCommand.php(104): App\\Services\\Draw\\DrawResultPublicationService->publish()
#7 /home/user/vendor/laravel/framework/src/Illuminate/Container/BoundMethod.php(36): App\\Console\\Commands\\Lottery\\PublishDrawResultCommand->handle()
#8 /home/user/vendor/laravel/framework/src/Illuminate/Container/Util.php(43): Illuminate\\Container\\BoundMethod::{closure:Illuminate\\Container\\BoundMethod::call():35}()
#9 /home/user/vendor/laravel/framework/src/Illuminate/Container/BoundMethod.php(95): Illuminate\\Container\\Util::unwrapIfClosure()
#10 /home/user/vendor/laravel/framework/src/Illuminate/Container/BoundMethod.php(35): Illuminate\\Container\\BoundMethod::callBoundMethod()
#11 /home/user/vendor/laravel/framework/src/Illuminate/Container/Container.php(696): Illuminate\\Container\\BoundMethod::call()
#12 /home/user/vendor/laravel/framework/src/Illuminate/Console/Command.php(213): Illuminate\\Container\\Container->call()
#13 /home/user/vendor/symfony/console/Command/Command.php(341): Illuminate\\Console\\Command->execute()
#14 /home/user/vendor/laravel/framework/src/Illuminate/Console/Command.php(182): Symfony\\Component\\Console\\Command\\Command->run()
#15 /home/user/vendor/symfony/console/Application.php(1094): Illuminate\\Console\\Command->run()
#16 /home/user/vendor/symfony/console/Application.php(356): Symfony\\Component\\Console\\Application->doRunCommand()
#17 /home/user/vendor/symfony/console/Application.php(195): Symfony\\Component\\Console\\Application->doRun()
#18 /home/user/vendor/laravel/framework/src/Illuminate/Console/Application.php(166): Symfony\\Component\\Console\\Application->run()
#19 /home/user/vendor/laravel/framework/src/Illuminate/Foundation/Console/Kernel.php(427): Illuminate\\Console\\Application->call()
#20 /home/user/vendor/laravel/framework/src/Illuminate/Testing/PendingCommand.php(332): Illuminate\\Foundation\\Console\\Kernel->call()
#21 /home/user/vendor/laravel/framework/src/Illuminate/Testing/PendingCommand.php(556): Illuminate\\Testing\\PendingCommand->run()
#22 /home/user/tests/Feature/Console/DrawAutomationTest.php(459): Illuminate\\Testing\\PendingCommand->__destruct()
#23 /home/user/vendor/phpunit/phpunit/src/Framework/TestCase.php(1667): Tests\\Feature\\Console\\DrawAutomationTest->publication_is_refused_for_a_draw_that_is_not_awaiting_its_result()
#24 /home/user/vendor/phpunit/phpunit/src/Framework/TestCase.php(519): PHPUnit\\Framework\\TestCase->runTest()
#25 /home/user/vendor/phpunit/phpunit/src/Framework/TestRunner/TestRunner.php(87): PHPUnit\\Framework\\TestCase->runBare()
#26 /home/user/vendor/phpunit/phpunit/src/Framework/TestCase.php(365): PHPUnit\\Framework\\TestRunner->run()
#27 /home/user/vendor/phpunit/phpunit/src/Framework/TestSuite.php(369): PHPUnit\\Framework\\TestCase->run()
#28 /home/user/vendor/phpunit/phpunit/src/Framework/TestSuite.php(369): PHPUnit\\Framework\\TestSuite->run()
#29 /home/user/vendor/phpunit/phpunit/src/Framework/TestSuite.php(369): PHPUnit\\Framework\\TestSuite->run()
#30 /home/user/vendor/phpunit/phpunit/src/TextUI/TestRunner.php(64): PHPUnit\\Framework\\TestSuite->run()
#31 /home/user/vendor/phpunit/phpunit/src/TextUI/Application.php(211): PHPUnit\\TextUI\\TestRunner->run()
#32 /home/user/vendor/phpunit/phpunit/phpunit(104): PHPUnit\\TextUI\\Application->run()
#33 /home/user/vendor/bin/phpunit(122): include('...')
#34 {main}
"} 
[2026-09-08 10:38:01] testing.INFO: lottery.automation.run {"command":"lottery:mark-results-pending","activity":"mark result-pending","processed":1,"failed":0,"skipped":0,"candidates":1} 
[2026-09-08 10:38:45] testing.CRITICAL: DisburseWithdrawalJob: Job permanently failed after max attempts {"withdrawal_id":888888,"attempts":1,"error":"Withdrawal entity 888888 not found"} 
[2026-09-08 10:38:45] testing.INFO: OperationalAlertService: Alert throttled (duplicate within cooldown) {"title":"Critical Ledger Imbalance","fingerprint":"alert:anomaly:304a127cfffc21d342fb8664ff0dc21d"} 
[2026-09-08 10:38:45] testing.INFO: Payment webhook event already processed (replay cache hit) {"gateway":"stripe","event_id":"evt_stripe_concurrency_666"} 
[2026-09-08 10:38:45] testing.INFO: Payment webhook event already processed (replay cache hit) {"gateway":"stripe","event_id":"evt_stripe_concurrency_666"} 
[2026-09-08 10:38:45] testing.INFO: Payment webhook event already processed (replay cache hit) {"gateway":"stripe","event_id":"evt_stripe_concurrency_666"} 
[2026-09-08 10:38:45] testing.INFO: Payment webhook event already processed (replay cache hit) {"gateway":"stripe","event_id":"evt_stripe_concurrency_666"} 
[2026-09-08 10:38:46] testing.INFO: Payment webhook event already processed (replay cache hit) {"gateway":"stripe","event_id":"evt_unique_test_replay_999"} 
[2026-09-08 10:38:51] testing.INFO: bet_purchase.api.success {"outcome":"purchased","bet_id":1,"bet_number":"BT-20260908-B9BAA86C1C53","ticket_id":1,"draw_id":1,"currency":"THB","stake":"100.00","client_key":"client_key_valid_test_16_abc","request_id":"b9ea5cbdbb9d17289ae9104692b86000","user_id":1} 
[2026-09-08 10:38:51] testing.INFO: bet_purchase.api.refused {"outcome":"refused","error_code":"insufficient_balance","http_status":422,"exception":"App\\Exceptions\\BetPurchaseException","client_key":"client_key_insufficient_17","request_id":"27cbe256bb8ef65775b719cebc0eb6b6","user_id":1} 
[2026-09-08 10:38:51] testing.INFO: bet_purchase.api.refused {"outcome":"refused","error_code":"draw_closed","http_status":422,"exception":"App\\Exceptions\\BetPurchaseValidationException","client_key":"client_key_closed_draw_18","request_id":"19451cf86526bf6b4605ef1c7a05f36e","user_id":1} 
[2026-09-08 10:38:51] testing.INFO: bet_purchase.api.refused {"outcome":"refused","error_code":"invalid_digits","http_status":422,"exception":"App\\Exceptions\\BetPurchaseValidationException","client_key":"client_key_invalid_market_19","request_id":"0c0e0aeb898a92e6c1776557e4f1b487","user_id":1} 
[2026-09-08 10:38:52] testing.INFO: bet_purchase.api.success {"outcome":"purchased","bet_id":1,"bet_number":"BT-20260908-6CC80D85B0F9","ticket_id":1,"draw_id":1,"currency":"THB","stake":"100.00","client_key":"unique_idempotency_key_test_20_xyz","request_id":"b1195f19a72cc1f558308e9b2f730897","user_id":1} 
[2026-09-08 10:38:52] testing.INFO: bet_purchase.api.success {"outcome":"replayed","bet_id":1,"bet_number":"BT-20260908-6CC80D85B0F9","ticket_id":1,"draw_id":1,"currency":"THB","stake":"100.00","client_key":"unique_idempotency_key_test_20_xyz","request_id":"88893ec47a88ff728da8729622f66535","user_id":1} 
[2026-09-08 10:38:58] testing.WARNING: DisburseWithdrawalJob: Transient error during disbursement, queue will retry {"withdrawal_id":1,"attempt":1,"max_tries":3,"exception":"Connection timeout to gateway API."} 
[2026-09-08 10:38:58] testing.ERROR: DisburseWithdrawalJob: Withdrawal not found {"withdrawal_id":999999,"attempt":1} 
[2026-09-08 10:38:58] testing.INFO: DisburseWithdrawalJob: Withdrawal already completed, skipping redundant disbursement {"withdrawal_id":1,"reference_number":"WD-20260908-AA4C6D613A9A","status":"completed"} 
[2026-09-08 10:38:58] testing.INFO: DisburseWithdrawalJob: Withdrawal already completed, skipping redundant disbursement {"withdrawal_id":1,"reference_number":"WD-20260908-26E826F9DBDA","status":"completed"} 
[2026-09-08 10:38:58] testing.INFO: Payment webhook event already processed (replay cache hit) {"gateway":"bkash","event_id":"evt_job_dup_08"} 
[2026-09-08 10:38:58] testing.CRITICAL: DisburseWithdrawalJob: Job permanently failed after max attempts {"withdrawal_id":1,"attempts":1,"error":"Gateway auth failed for secret token secret_key_123456"} 
[2026-09-08 10:38:58] testing.INFO: DisburseWithdrawalJob: Withdrawal already completed, skipping redundant disbursement {"withdrawal_id":1,"reference_number":"WD-20260908-D68E43FC112F","status":"completed"} 
[2026-09-08 10:38:58] testing.WARNING: DisburseWithdrawalJob: Withdrawal in terminal failed/cancelled state, aborting job {"withdrawal_id":1,"reference_number":"WD-20260908-A0DD926BEADA","status":"failed"} 
[2026-09-08 10:42:22] testing.ERROR: High Exposure (High Risk) on number 123 [3d] for draw 1. {"risk_alert_type":"high_exposure","risk_level":"high","audit_log_id":4} 
[2026-09-08 10:42:29] testing.INFO: bet_purchase.api.success {"correlation_id":"d6e5d569-3129-459b-a1da-1fd27883e401","outcome":"purchased","bet_id":1,"bet_number":"BT-20260908-76630ED5236F","ticket_id":1,"draw_id":1,"currency":"THB","stake":"10.00","client_key":"api-3fac7e5042598962807ac50192f07570561b1f92","request_id":"dcca95e2b9ec9228b327f1345ab8c7ba","user_id":1} {"correlation_id":"d6e5d569-3129-459b-a1da-1fd27883e401"}
[2026-09-08 10:42:29] testing.INFO: bet_purchase.api.success {"correlation_id":"f5353e6a-2578-47ed-8ca8-972ddfc149a3","outcome":"purchased","bet_id":1,"bet_number":"BT-20260908-CD87852B4DA8","ticket_id":1,"draw_id":1,"currency":"THB","stake":"10.00","client_key":"api-a676f40bd6585d6668cbe33a51f09953c02a7fef","request_id":"66552262aed171cad42693ff64843573","user_id":1} {"correlation_id":"f5353e6a-2578-47ed-8ca8-972ddfc149a3"}
[2026-09-08 10:42:29] testing.INFO: bet_purchase.api.success {"correlation_id":"af44c2ce-bc5b-4879-93f4-87c3cb913629","outcome":"purchased","bet_id":1,"bet_number":"BT-20260908-6DED0A391524","ticket_id":1,"draw_id":1,"currency":"THB","stake":"10.00","client_key":"api-f7b8f591922e9b515c83f0ca28847379e14e3f93","request_id":"b43d492c8db7fb937cf6bc740b860e24","user_id":1} {"correlation_id":"af44c2ce-bc5b-4879-93f4-87c3cb913629"}
[2026-09-08 10:42:29] testing.INFO: bet_purchase.api.success {"correlation_id":"052fc27d-8ccc-4110-acb8-0419cad822aa","outcome":"purchased","bet_id":1,"bet_number":"BT-20260908-299416C18E2F","ticket_id":1,"draw_id":1,"currency":"THB","stake":"10.00","client_key":"api-e187d76746182cbb563423de65c53cff48e1b26c","request_id":"879a36713c077bc6536363eba288e0d4","user_id":1} {"correlation_id":"052fc27d-8ccc-4110-acb8-0419cad822aa"}
[2026-09-08 10:42:29] testing.INFO: bet_purchase.api.success {"correlation_id":"7bea94e7-9c53-43e0-bca0-b1ad73dbea08","outcome":"purchased","bet_id":1,"bet_number":"BT-20260908-ACEE8C3EED51","ticket_id":1,"draw_id":1,"currency":"THB","stake":"10.00","client_key":"api-bd6c2f1a5ca9ea80b589a486be6f1ed025590bed","request_id":"b5bd5ef1ef9327dd3a79921812cde725","user_id":1} {"correlation_id":"7bea94e7-9c53-43e0-bca0-b1ad73dbea08"}
[2026-09-08 10:42:29] testing.INFO: bet_purchase.api.success {"correlation_id":"91d0dce4-4204-4d9f-8bb1-6a7cd4d5be95","outcome":"purchased","bet_id":1,"bet_number":"BT-20260908-6436A72F4166","ticket_id":1,"draw_id":1,"currency":"THB","stake":"10.00","client_key":"api-8e924a7dac69469f40b6a9525e68f510b7972699","request_id":"4f42ea3156393b4ca69ceb7619260f8d","user_id":1} {"correlation_id":"91d0dce4-4204-4d9f-8bb1-6a7cd4d5be95"}
[2026-09-08 10:42:29] testing.INFO: bet_purchase.api.success {"correlation_id":"203ccd6d-6326-4341-82d8-f1d9f9aae5c7","outcome":"purchased","bet_id":1,"bet_number":"BT-20260908-1C9E89C5BBE0","ticket_id":1,"draw_id":1,"currency":"THB","stake":"10.00","client_key":"api-63e4863923f9d99f637040c4ecaa95eaf5e39f31","request_id":"c15b711b3f4756d96913886b5c18fe89","user_id":1} {"correlation_id":"203ccd6d-6326-4341-82d8-f1d9f9aae5c7"}
[2026-09-08 10:42:29] testing.INFO: bet_purchase.api.success {"correlation_id":"2599e615-c244-42cb-b479-f1e252f6bab9","outcome":"purchased","bet_id":1,"bet_number":"BT-20260908-18E61362AE6A","ticket_id":1,"draw_id":1,"currency":"THB","stake":"10.00","client_key":"api-1d2da6cca6185013559ff92e6eedc11e93618224","request_id":"698317fa952fc39b59686a1cdbefdb2d","user_id":1} {"correlation_id":"2599e615-c244-42cb-b479-f1e252f6bab9"}
[2026-09-08 10:42:29] testing.INFO: bet_purchase.api.success {"correlation_id":"bb21ef95-6026-4723-b7e9-6b2909a30974","outcome":"purchased","bet_id":1,"bet_number":"BT-20260908-8BF022D51F1B","ticket_id":1,"draw_id":1,"currency":"THB","stake":"10.00","client_key":"api-4fed3970dcc0d31dccddbf69ef55b00f32d2ca78","request_id":"c8acb7ca158fbb666d4fc0a8ace8abb9","user_id":1} {"correlation_id":"bb21ef95-6026-4723-b7e9-6b2909a30974"}
[2026-09-08 10:42:30] testing.INFO: bet_purchase.api.success {"correlation_id":"7bceea21-8880-441d-893c-b55aedc0368e","outcome":"purchased","bet_id":1,"bet_number":"BT-20260908-E4DAB26D8930","ticket_id":1,"draw_id":1,"currency":"THB","stake":"10.00","client_key":"api-3e23e8160039594a33894f6564e1b1348bbd7a00","request_id":"a89d8a3f6c43a4722b8448a9e3d6942d","user_id":1} {"correlation_id":"7bceea21-8880-441d-893c-b55aedc0368e"}
[2026-09-08 10:42:30] testing.INFO: bet_purchase.api.success {"correlation_id":"0e775066-506c-47c9-bee3-c259e15605d4","outcome":"purchased","bet_id":1,"bet_number":"BT-20260908-E3AD2BB8376F","ticket_id":1,"draw_id":1,"currency":"THB","stake":"10.00","client_key":"api-2e7d2c03a9507ae265ecf5b5356885a53393a202","request_id":"80367de94746d4f641b07650a519d6e7","user_id":1} {"correlation_id":"0e775066-506c-47c9-bee3-c259e15605d4"}
[2026-09-08 10:42:30] testing.INFO: bet_purchase.api.refused {"correlation_id":"de90f33f-aaf9-4a40-ad5a-d254b47ef460","outcome":"refused","error_code":"draw_not_found","http_status":404,"exception":"App\\Exceptions\\BetPurchaseValidationException","client_key":"api-3f79bb7b435b05321651daefd374cdc681dc06fa","request_id":"abf5e6d5fad9541f5d04a981682a9040","user_id":1} {"correlation_id":"de90f33f-aaf9-4a40-ad5a-d254b47ef460"}
[2026-09-08 10:42:30] testing.INFO: bet_purchase.api.refused {"correlation_id":"f881589b-034f-4b08-92cc-efc5d0f99b6d","outcome":"refused","error_code":"draw_closed","http_status":422,"exception":"App\\Exceptions\\BetPurchaseValidationException","client_key":"api-252f10c83610ebca1a059c0bae8255eba2f95be4","request_id":"a1e5ea1ef98a6caa7789f4085bcabad8","user_id":1} {"correlation_id":"f881589b-034f-4b08-92cc-efc5d0f99b6d"}
[2026-09-08 10:42:30] testing.INFO: bet_purchase.api.success {"correlation_id":"47522a87-8c4d-4234-a39a-4027702d2bd5","outcome":"purchased","bet_id":1,"bet_number":"BT-20260908-D365AC471B00","ticket_id":1,"draw_id":1,"currency":"THB","stake":"10.00","client_key":"api-de7d1b721a1e0632b7cf04edf5032c8ecffa9f9a","request_id":"2cc5717f49c1b5ec31d679d73579ccb6","user_id":1} {"correlation_id":"47522a87-8c4d-4234-a39a-4027702d2bd5"}
[2026-09-08 10:42:30] testing.INFO: bet_purchase.api.success {"correlation_id":"16776cd8-c05f-4010-a97f-610538e59baa","outcome":"purchased","bet_id":1,"bet_number":"BT-20260908-AFB4538D1616","ticket_id":1,"draw_id":1,"currency":"THB","stake":"10.00","client_key":"api-189f40034be7a199f1fa9891668ee3ab6049f82d","request_id":"a54e122d1193bd0540d1af61ccd6e9ab","user_id":1} {"correlation_id":"16776cd8-c05f-4010-a97f-610538e59baa"}
[2026-09-08 10:42:30] testing.INFO: bet_purchase.api.refused {"correlation_id":"778b1c16-1050-4f1b-a141-4a9e1fb2d94f","outcome":"refused","error_code":"invalid_stake","http_status":422,"exception":"App\\Exceptions\\BetPurchaseValidationException","client_key":"api-acac86c0e609ca906f632b0e2dacccb2b77d22b0","request_id":"9ea2147e87c4bb96fb198d075272c12c","user_id":1} {"correlation_id":"778b1c16-1050-4f1b-a141-4a9e1fb2d94f"}
[2026-09-08 10:42:30] testing.INFO: bet_purchase.api.refused {"correlation_id":"a18c927e-4244-4267-95b9-cb0d191d264b","outcome":"refused","error_code":"insufficient_balance","http_status":422,"exception":"App\\Exceptions\\BetPurchaseException","client_key":"api-1b16b1df538ba12dc3f97edbb85caa7050d46c14","request_id":"e88611cb0c2833406cb7faf9abea828a","user_id":1} {"correlation_id":"a18c927e-4244-4267-95b9-cb0d191d264b"}
[2026-09-08 10:42:30] testing.INFO: bet_purchase.api.refused {"correlation_id":"81e713b3-d4ba-4e26-8952-4901572a39b5","outcome":"refused","error_code":"risk_rejected","http_status":422,"exception":"App\\Exceptions\\BetPurchaseValidationException","client_key":"api-65c74c15a686187bb6bbf9958f494fc6b8006803","request_id":"e60351e8e2c5a7dc2f891360b507677e","user_id":1} {"correlation_id":"81e713b3-d4ba-4e26-8952-4901572a39b5"}
[2026-09-08 10:42:30] testing.INFO: bet_purchase.api.success {"correlation_id":"ef180490-87a1-49da-af54-68d2ff400d6c","outcome":"purchased","bet_id":1,"bet_number":"BT-20260908-A8DC9DB2854B","ticket_id":1,"draw_id":1,"currency":"THB","stake":"10.00","client_key":"api-148de9c5a7a44d19e56cd9ae1a554bf67847afb0","request_id":"ce4fe6d56fb096b4db78e20b279706c1","user_id":1} {"correlation_id":"ef180490-87a1-49da-af54-68d2ff400d6c"}
[2026-09-08 10:42:30] testing.INFO: bet_purchase.api.success {"correlation_id":"5367a7c4-1164-4e5e-8aa7-ed7b3b01d165","outcome":"replayed","bet_id":1,"bet_number":"BT-20260908-A8DC9DB2854B","ticket_id":1,"draw_id":1,"currency":"THB","stake":"10.00","client_key":"api-148de9c5a7a44d19e56cd9ae1a554bf67847afb0","request_id":"06a7cb42360dc1e835921985d0d391ae","user_id":1} {"correlation_id":"5367a7c4-1164-4e5e-8aa7-ed7b3b01d165"}
[2026-09-08 10:42:31] testing.INFO: bet_purchase.api.success {"correlation_id":"ced32b46-1b8a-46c7-a11d-61432aca26bb","outcome":"purchased","bet_id":1,"bet_number":"BT-20260908-3D4CE78F5061","ticket_id":1,"draw_id":1,"currency":"THB","stake":"10.00","client_key":"api-8e35c2cd3bf6641bdb0e2050b76932cbb2e6034a","request_id":"b7dea2c10139825cd59d35006b4fe547","user_id":1} {"correlation_id":"ced32b46-1b8a-46c7-a11d-61432aca26bb"}
[2026-09-08 10:42:31] testing.INFO: bet_purchase.api.refused {"correlation_id":"ea126558-48a7-48d1-beb9-cf5684125743","outcome":"refused","error_code":"idempotency_payload_mismatch","http_status":409,"exception":"App\\Exceptions\\BetPurchaseIdempotencyException","client_key":"api-8e35c2cd3bf6641bdb0e2050b76932cbb2e6034a","request_id":"1d0ba0879d910cff07e12842b93af417","user_id":1} {"correlation_id":"ea126558-48a7-48d1-beb9-cf5684125743"}
[2026-09-08 10:42:31] testing.INFO: bet_purchase.api.success {"correlation_id":"286b07ed-7afe-4981-87ad-3f4cb289e48c","outcome":"purchased","bet_id":1,"bet_number":"BT-20260908-44F605E8C842","ticket_id":1,"draw_id":1,"currency":"THB","stake":"10.00","client_key":"api-454349e422f05297191ead13e21d3db520e5abef","request_id":"3acdcc20bf0cf69809ed4ee5e459405a","user_id":1} {"correlation_id":"286b07ed-7afe-4981-87ad-3f4cb289e48c"}
[2026-09-08 10:42:31] testing.INFO: bet_purchase.api.success {"correlation_id":"021f87c6-f196-4087-ab9a-357136469257","outcome":"purchased","bet_id":2,"bet_number":"BT-20260908-3A175332CD43","ticket_id":2,"draw_id":2,"currency":"THB","stake":"10.00","client_key":"api-454349e422f05297191ead13e21d3db520e5abef","request_id":"2e623308f175e4e8b7cf3c2693a483a8","user_id":2} {"correlation_id":"021f87c6-f196-4087-ab9a-357136469257"}
[2026-09-08 10:42:31] testing.INFO: bet_purchase.api.success {"correlation_id":"01b2a843-bf2b-456a-84d2-7456c952a345","outcome":"purchased","bet_id":1,"bet_number":"BT-20260908-7496EB9422F9","ticket_id":1,"draw_id":1,"currency":"THB","stake":"10.00","client_key":"api-043a718774c572bd8a25adbeb1bfcd5c0256ae11","request_id":"5d11f86637675fa67e2568075be4dd65","user_id":1} {"correlation_id":"01b2a843-bf2b-456a-84d2-7456c952a345"}
[2026-09-08 10:42:31] testing.INFO: bet_purchase.api.success {"correlation_id":"f46d91fa-f1dd-4ac3-95fb-958c7b2b706c","outcome":"purchased","bet_id":2,"bet_number":"BT-20260908-E3E99566F974","ticket_id":2,"draw_id":2,"currency":"THB","stake":"10.00","client_key":"api-043a718774c572bd8a25adbeb1bfcd5c0256ae11","request_id":"1b9fc124d8b284d419f347a6ff33ef82","user_id":1} {"correlation_id":"f46d91fa-f1dd-4ac3-95fb-958c7b2b706c"}
[2026-09-08 10:42:31] testing.INFO: bet_purchase.api.success {"correlation_id":"2945c62c-7f5f-4ade-ae67-6243eb7353e8","outcome":"purchased","bet_id":1,"bet_number":"BT-20260908-16761C2C3AC7","ticket_id":1,"draw_id":1,"currency":"THB","stake":"10.00","client_key":"api-e3b98a4da31a127d4bde6e43033f66ba274cab0e","request_id":"39694c2776edabf83df4ed40243ead67","user_id":1} {"correlation_id":"2945c62c-7f5f-4ade-ae67-6243eb7353e8"}
[2026-09-08 10:42:31] testing.INFO: bet_purchase.api.success {"correlation_id":"1f97c03b-c3b3-4e5b-9396-cdd94e54a6d3","outcome":"purchased","bet_id":1,"bet_number":"BT-20260908-2AC9337809FD","ticket_id":1,"draw_id":1,"currency":"THB","stake":"10.00","client_key":"api-2d711642b726b04401627ca9fbac32f5c8530fb1","request_id":"5a0b5a150e70cda205c42350c7bd8f31","user_id":1} {"correlation_id":"1f97c03b-c3b3-4e5b-9396-cdd94e54a6d3"}
[2026-09-08 10:42:31] testing.INFO: bet_purchase.api.success {"correlation_id":"873551e2-06fc-40f5-ba1d-79c4a7ab4a47","outcome":"purchased","bet_id":1,"bet_number":"BT-20260908-E1D7F0008037","ticket_id":1,"draw_id":1,"currency":"THB","stake":"10.00","client_key":"api-a1fce4363854ff888cff4b8e7875d600c2682390","request_id":"dfddc5a2f955f8a640c5e7d3f57cba08","user_id":1} {"correlation_id":"873551e2-06fc-40f5-ba1d-79c4a7ab4a47"}
[2026-09-08 10:42:31] testing.INFO: bet_purchase.api.success {"correlation_id":"62ff899e-f5e2-4b65-981c-e28ba28b576d","outcome":"purchased","bet_id":1,"bet_number":"BT-20260908-68CDB9BDD5E7","ticket_id":1,"draw_id":1,"currency":"THB","stake":"10.00","client_key":"api-fb8e20fc2e4c3f248c60c39bd652f3c1347298bb","request_id":"6d2e03c6dbe7075340328b722fd43a4c","user_id":1} {"correlation_id":"62ff899e-f5e2-4b65-981c-e28ba28b576d"}
[2026-09-08 10:42:31] testing.INFO: bet_purchase.api.success {"correlation_id":"0b47cc93-7500-4aee-8df4-a63e724a3e8d","outcome":"purchased","bet_id":1,"bet_number":"BT-20260908-837676672BD1","ticket_id":1,"draw_id":1,"currency":"THB","stake":"10.00","client_key":"api-f45de51cdef30991551e41e882dd7b5404799648","request_id":"a38397b31be95a5ba79f916a09a27e94","user_id":1} {"correlation_id":"0b47cc93-7500-4aee-8df4-a63e724a3e8d"}
[2026-09-08 10:42:31] testing.INFO: bet_purchase.api.success {"correlation_id":"56c41874-35f2-44dc-8a2f-355489943b8b","outcome":"purchased","bet_id":1,"bet_number":"BT-20260908-F06AB963AC05","ticket_id":1,"draw_id":1,"currency":"THB","stake":"10.00","client_key":"api-b0136a3f0a0fae4b4cbb261ae65b245326d69f8a","request_id":"7b65de651f805e7ae59ca5e4f0e52df7","user_id":1} {"correlation_id":"56c41874-35f2-44dc-8a2f-355489943b8b"}
[2026-09-08 10:42:31] testing.INFO: bet_purchase.api.success {"correlation_id":"5f5ef1c9-4d3d-4064-8d2e-5a433a026010","outcome":"purchased","bet_id":1,"bet_number":"BT-20260908-C67A74379209","ticket_id":1,"draw_id":1,"currency":"THB","stake":"10.00","client_key":"api-e5a94045f98e84810bb71edd3ba885463406b087","request_id":"10831eab599c9a540650d15d0c9607aa","user_id":1} {"correlation_id":"5f5ef1c9-4d3d-4064-8d2e-5a433a026010"}
[2026-09-08 10:42:31] testing.INFO: bet_purchase.api.success {"correlation_id":"fbe0e046-b622-40b5-a608-fae35fe8ad35","outcome":"purchased","bet_id":1,"bet_number":"BT-20260908-50BE4422B838","ticket_id":1,"draw_id":1,"currency":"THB","stake":"10.00","client_key":"api-b797c8d26a988c97a38d4458172406dc19ab0012","request_id":"7733fea7d1905e863e81018fc71ef7e4","user_id":1} {"correlation_id":"fbe0e046-b622-40b5-a608-fae35fe8ad35"}
[2026-09-08 10:42:32] testing.INFO: bet_purchase.api.success {"correlation_id":"071a6f0c-4cb4-4111-ad37-620063d9b8e2","outcome":"purchased","bet_id":1,"bet_number":"BT-20260908-FDFC05A8A359","ticket_id":1,"draw_id":1,"currency":"THB","stake":"10.00","client_key":"api-70ba33708cbfb103f1a8e34afef333ba7dc02102","request_id":"92c0a5ec610847dac84b2bf6edb430b9","user_id":1} {"correlation_id":"071a6f0c-4cb4-4111-ad37-620063d9b8e2"}
[2026-09-08 10:42:32] testing.INFO: bet_purchase.api.success {"correlation_id":"324f947f-1afd-4dee-8fd5-995a45ec2999","outcome":"purchased","bet_id":1,"bet_number":"BT-20260908-8EE8BDF1E2EB","ticket_id":1,"draw_id":1,"currency":"THB","stake":"10.00","client_key":"api-f9a00f43e97e3966bb846e76b6795e11512c3bbf","request_id":"0afb0e8083ef96fa2a53d87a5cbab796","user_id":1} {"correlation_id":"324f947f-1afd-4dee-8fd5-995a45ec2999"}
[2026-09-08 10:42:32] testing.INFO: bet_purchase.api.success {"correlation_id":"96879fe6-ef1f-4ba1-b1be-9a691e2e4ffe","outcome":"purchased","bet_id":1,"bet_number":"BT-20260908-33E97FCCB04A","ticket_id":1,"draw_id":1,"currency":"THB","stake":"10.00","client_key":"api-503126878d17fcd6bde7df320ff6eb7c278a1c42","request_id":"cf894e55a7b8432f14442ac1a2a4e1f3","user_id":1} {"correlation_id":"96879fe6-ef1f-4ba1-b1be-9a691e2e4ffe"}
[2026-09-08 10:42:32] testing.INFO: bet_purchase.api.success {"correlation_id":"5b353ccf-5b7a-4c40-bea3-1a4e0077751b","outcome":"purchased","bet_id":1,"bet_number":"BT-20260908-7747AFEA99F2","ticket_id":1,"draw_id":1,"currency":"THB","stake":"10.00","client_key":"api-9aaf680776b98fd17fe63376120525cbcdffc01b","request_id":"c561a4876a09d86c87908e02507bd9d5","user_id":1} {"correlation_id":"5b353ccf-5b7a-4c40-bea3-1a4e0077751b"}
[2026-09-08 10:42:32] testing.INFO: bet_purchase.api.success {"correlation_id":"b3e283eb-8db3-4f2f-94e5-6709b9b74c0f","outcome":"purchased","bet_id":1,"bet_number":"BT-20260908-031825FAB035","ticket_id":1,"draw_id":1,"currency":"THB","stake":"10.55","client_key":"api-70a0d5198ebb88f97a2cc83a236a8afcc28c7d9e","request_id":"47e19ad469e39195c33526303f3c6dbf","user_id":1} {"correlation_id":"b3e283eb-8db3-4f2f-94e5-6709b9b74c0f"}
[2026-09-08 10:42:32] testing.INFO: bet_purchase.api.success {"correlation_id":"d67e2897-7050-438f-9475-1b437c0676ad","outcome":"purchased","bet_id":1,"bet_number":"BT-20260908-AC0720F1B97C","ticket_id":1,"draw_id":1,"currency":"THB","stake":"10.00","client_key":"api-32e83e92d45d71f69dcf9d214688f03755421086","request_id":"4d5f50b52f970343a5047f6a7e3dbd6c","user_id":1} {"correlation_id":"d67e2897-7050-438f-9475-1b437c0676ad"}
[2026-09-08 10:42:32] testing.INFO: bet_purchase.api.success {"correlation_id":"d45b2e4d-0882-4ac1-a0e2-44d3dba0bb8f","outcome":"purchased","bet_id":1,"bet_number":"BT-20260908-7973D3DD8FD7","ticket_id":1,"draw_id":1,"currency":"THB","stake":"10.00","client_key":"api-7d29d73105d636d04ca9fffcf979986d373ac874","request_id":"623ad1d9e39b432fabda76085a212577","user_id":1} {"correlation_id":"d45b2e4d-0882-4ac1-a0e2-44d3dba0bb8f"}
[2026-09-08 10:42:32] testing.INFO: bet_purchase.api.success {"correlation_id":"e846dfda-7033-43cb-8ece-39ba9b333f69","outcome":"purchased","bet_id":1,"bet_number":"BT-20260908-01EBE1EF1A29","ticket_id":1,"draw_id":2,"currency":"THB","stake":"10.00","client_key":"api-6fdb16bc02366c008d809798cb3faae1efba55a5","request_id":"4992e682fdb3a864503a882fcad5a8ed","user_id":2} {"correlation_id":"e846dfda-7033-43cb-8ece-39ba9b333f69"}
[2026-09-08 10:42:32] testing.ERROR: SQLSTATE[42S02]: Base table or view not found: 1146 Table "thai_lottery.wallets" doesn't exist (Connection: mysql, SQL: select * from `wallets` where `id` = 1) in /var/www/app/Services/Finance/WalletService.php:118 {"correlation_id":"3e3f3dfb-bdc5-4dad-ab05-f8862146e4fc","exception":"[object] (RuntimeException(code: 0): SQLSTATE[42S02]: Base table or view not found: 1146 Table \"thai_lottery.wallets\" doesn't exist (Connection: mysql, SQL: select * from `wallets` where `id` = 1) in /var/www/app/Services/Finance/WalletService.php:118 at /home/user/tests/Feature/Api/V1/BetPurchaseApiTest.php:993)
[stacktrace]
#0 /home/user/vendor/laravel/framework/src/Illuminate/Routing/CallableDispatcher.php(40): Tests\\Feature\\Api\\V1\\BetPurchaseApiTest->{closure:Tests\\Feature\\Api\\V1\\BetPurchaseApiTest::am_an_unexpected_failure_never_exposes_a_stack_trace_or_internals():990}()
#1 /home/user/vendor/laravel/framework/src/Illuminate/Routing/Route.php(244): Illuminate\\Routing\\CallableDispatcher->dispatch()
#2 /home/user/vendor/laravel/framework/src/Illuminate/Routing/Route.php(215): Illuminate\\Routing\\Route->runCallable()
#3 /home/user/vendor/laravel/framework/src/Illuminate/Routing/Router.php(808): Illuminate\\Routing\\Route->run()
#4 /home/user/vendor/laravel/framework/src/Illuminate/Pipeline/Pipeline.php(170): Illuminate\\Routing\\Router->{closure:Illuminate\\Routing\\Router::runRouteWithinStack():807}()
#5 /home/user/vendor/laravel/framework/src/Illuminate/Routing/Middleware/SubstituteBindings.php(51): Illuminate\\Pipeline\\Pipeline->{closure:Illuminate\\Pipeline\\Pipeline::prepareDestination():168}()
#6 /home/user/vendor/laravel/framework/src/Illuminate/Pipeline/Pipeline.php(209): Illuminate\\Routing\\Middleware\\SubstituteBindings->handle()
#7 /home/user/vendor/laravel/framework/src/Illuminate/Pipeline/Pipeline.php(127): Illuminate\\Pipeline\\Pipeline->{closure:{closure:Illuminate\\Pipeline\\Pipeline::carry():184}:185}()
#8 /home/user/vendor/laravel/framework/src/Illuminate/Routing/Router.php(807): Illuminate\\Pipeline\\Pipeline->then()
#9 /home/user/vendor/laravel/framework/src/Illuminate/Routing/Router.php(786): Illuminate\\Routing\\Router->runRouteWithinStack()
#10 /home/user/vendor/laravel/framework/src/Illuminate/Routing/Router.php(750): Illuminate\\Routing\\Router->runRoute()
#11 /home/user/vendor/laravel/framework/src/Illuminate/Routing/Router.php(739): Illuminate\\Routing\\Router->dispatchToRoute()
#12 /home/user/vendor/laravel/framework/src/Illuminate/Foundation/Http/Kernel.php(201): Illuminate\\Routing\\Router->dispatch()
#13 /home/user/vendor/laravel/framework/src/Illuminate/Pipeline/Pipeline.php(170): Illuminate\\Foundation\\Http\\Kernel->{closure:Illuminate\\Foundation\\Http\\Kernel::dispatchToRouter():198}()
#14 /home/user/vendor/livewire/livewire/src/Features/SupportDisablingBackButtonCache/DisableBackButtonCacheMiddleware.php(19): Illuminate\\Pipeline\\Pipeline->{closure:Illuminate\\Pipeline\\Pipeline::prepareDestination():168}()
#15 /home/user/vendor/laravel/framework/src/Illuminate/Pipeline/Pipeline.php(209): Livewire\\Features\\SupportDisablingBackButtonCache\\DisableBackButtonCacheMiddleware->handle()
#16 /home/user/app/Http/Middleware/SecurityHeaders.php(13): Illuminate\\Pipeline\\Pipeline->{closure:{closure:Illuminate\\Pipeline\\Pipeline::carry():184}:185}()
#17 /home/user/vendor/laravel/framework/src/Illuminate/Pipeline/Pipeline.php(209): App\\Http\\Middleware\\SecurityHeaders->handle()
#18 /home/user/app/Http/Middleware/CorrelationIdMiddleware.php(35): Illuminate\\Pipeline\\Pipeline->{closure:{closure:Illuminate\\Pipeline\\Pipeline::carry():184}:185}()
#19 /home/user/vendor/laravel/framework/src/Illuminate/Pipeline/Pipeline.php(209): App\\Http\\Middleware\\CorrelationIdMiddleware->handle()
#20 /home/user/vendor/laravel/framework/src/Illuminate/Foundation/Http/Middleware/TransformsRequest.php(21): Illuminate\\Pipeline\\Pipeline->{closure:{closure:Illuminate\\Pipeline\\Pipeline::carry():184}:185}()
#21 /home/user/vendor/laravel/framework/src/Illuminate/Foundation/Http/Middleware/ConvertEmptyStringsToNull.php(31): Illuminate\\Foundation\\Http\\Middleware\\TransformsRequest->handle()
#22 /home/user/vendor/laravel/framework/src/Illuminate/Pipeline/Pipeline.php(209): Illuminate\\Foundation\\Http\\Middleware\\ConvertEmptyStringsToNull->handle()
#23 /home/user/vendor/laravel/framework/src/Illuminate/Foundation/Http/Middleware/TransformsRequest.php(21): Illuminate\\Pipeline\\Pipeline->{closure:{closure:Illuminate\\Pipeline\\Pipeline::carry():184}:185}()
#24 /home/user/vendor/laravel/framework/src/Illuminate/Foundation/Http/Middleware/TrimStrings.php(51): Illuminate\\Foundation\\Http\\Middleware\\TransformsRequest->handle()
#25 /home/user/vendor/laravel/framework/src/Illuminate/Pipeline/Pipeline.php(209): Illuminate\\Foundation\\Http\\Middleware\\TrimStrings->handle()
#26 /home/user/vendor/laravel/framework/src/Illuminate/Http/Middleware/ValidatePostSize.php(27): Illuminate\\Pipeline\\Pipeline->{closure:{closure:Illuminate\\Pipeline\\Pipeline::carry():184}:185}()
#27 /home/user/vendor/laravel/framework/src/Illuminate/Pipeline/Pipeline.php(209): Illuminate\\Http\\Middleware\\ValidatePostSize->handle()
#28 /home/user/vendor/laravel/framework/src/Illuminate/Foundation/Http/Middleware/PreventRequestsDuringMaintenance.php(110): Illuminate\\Pipeline\\Pipeline->{closure:{closure:Illuminate\\Pipeline\\Pipeline::carry():184}:185}()
#29 /home/user/vendor/laravel/framework/src/Illuminate/Pipeline/Pipeline.php(209): Illuminate\\Foundation\\Http\\Middleware\\PreventRequestsDuringMaintenance->handle()
#30 /home/user/vendor/laravel/framework/src/Illuminate/Http/Middleware/HandleCors.php(62): Illuminate\\Pipeline\\Pipeline->{closure:{closure:Illuminate\\Pipeline\\Pipeline::carry():184}:185}()
#31 /home/user/vendor/laravel/framework/src/Illuminate/Pipeline/Pipeline.php(209): Illuminate\\Http\\Middleware\\HandleCors->handle()
#32 /home/user/vendor/laravel/framework/src/Illuminate/Http/Middleware/TrustProxies.php(58): Illuminate\\Pipeline\\Pipeline->{closure:{closure:Illuminate\\Pipeline\\Pipeline::carry():184}:185}()
#33 /home/user/vendor/laravel/framework/src/Illuminate/Pipeline/Pipeline.php(209): Illuminate\\Http\\Middleware\\TrustProxies->handle()
#34 /home/user/vendor/laravel/framework/src/Illuminate/Foundation/Http/Middleware/InvokeDeferredCallbacks.php(22): Illuminate\\Pipeline\\Pipeline->{closure:{closure:Illuminate\\Pipeline\\Pipeline::carry():184}:185}()
#35 /home/user/vendor/laravel/framework/src/Illuminate/Pipeline/Pipeline.php(209): Illuminate\\Foundation\\Http\\Middleware\\InvokeDeferredCallbacks->handle()
#36 /home/user/vendor/laravel/framework/src/Illuminate/Pipeline/Pipeline.php(127): Illuminate\\Pipeline\\Pipeline->{closure:{closure:Illuminate\\Pipeline\\Pipeline::carry():184}:185}()
#37 /home/user/vendor/laravel/framework/src/Illuminate/Foundation/Http/Kernel.php(176): Illuminate\\Pipeline\\Pipeline->then()
#38 /home/user/vendor/laravel/framework/src/Illuminate/Foundation/Http/Kernel.php(145): Illuminate\\Foundation\\Http\\Kernel->sendRequestThroughRouter()
#39 /home/user/vendor/laravel/framework/src/Illuminate/Foundation/Testing/Concerns/MakesHttpRequests.php(607): Illuminate\\Foundation\\Http\\Kernel->handle()
#40 /home/user/vendor/laravel/framework/src/Illuminate/Foundation/Testing/Concerns/MakesHttpRequests.php(573): Illuminate\\Foundation\\Testing\\TestCase->call()
#41 /home/user/vendor/laravel/framework/src/Illuminate/Foundation/Testing/Concerns/MakesHttpRequests.php(381): Illuminate\\Foundation\\Testing\\TestCase->json()
#42 /home/user/tests/Feature/Api/V1/BetPurchaseApiTest.php(1001): Illuminate\\Foundation\\Testing\\TestCase->getJson()
#43 /home/user/vendor/phpunit/phpunit/src/Framework/TestCase.php(1667): Tests\\Feature\\Api\\V1\\BetPurchaseApiTest->am_an_unexpected_failure_never_exposes_a_stack_trace_or_internals()
#44 /home/user/vendor/phpunit/phpunit/src/Framework/TestCase.php(519): PHPUnit\\Framework\\TestCase->runTest()
#45 /home/user/vendor/phpunit/phpunit/src/Framework/TestRunner/TestRunner.php(87): PHPUnit\\Framework\\TestCase->runBare()
#46 /home/user/vendor/phpunit/phpunit/src/Framework/TestCase.php(365): PHPUnit\\Framework\\TestRunner->run()
#47 /home/user/vendor/phpunit/phpunit/src/Framework/TestSuite.php(369): PHPUnit\\Framework\\TestCase->run()
#48 /home/user/vendor/phpunit/phpunit/src/Framework/TestSuite.php(369): PHPUnit\\Framework\\TestSuite->run()
#49 /home/user/vendor/phpunit/phpunit/src/Framework/TestSuite.php(369): PHPUnit\\Framework\\TestSuite->run()
#50 /home/user/vendor/phpunit/phpunit/src/TextUI/TestRunner.php(64): PHPUnit\\Framework\\TestSuite->run()
#51 /home/user/vendor/phpunit/phpunit/src/TextUI/Application.php(211): PHPUnit\\TextUI\\TestRunner->run()
#52 /home/user/vendor/phpunit/phpunit/phpunit(104): PHPUnit\\TextUI\\Application->run()
#53 /home/user/vendor/bin/phpunit(122): include('...')
#54 {main}
"} {"correlation_id":"3e3f3dfb-bdc5-4dad-ab05-f8862146e4fc"}
[2026-09-08 10:42:32] testing.ERROR: api.unhandled_exception {"correlation_id":"3e3f3dfb-bdc5-4dad-ab05-f8862146e4fc","exception":"[object] (RuntimeException(code: 0): SQLSTATE[42S02]: Base table or view not found: 1146 Table \"thai_lottery.wallets\" doesn't exist (Connection: mysql, SQL: select * from `wallets` where `id` = 1) in /var/www/app/Services/Finance/WalletService.php:118 at /home/user/tests/Feature/Api/V1/BetPurchaseApiTest.php:993)
[stacktrace]
#0 /home/user/vendor/laravel/framework/src/Illuminate/Routing/CallableDispatcher.php(40): Tests\\Feature\\Api\\V1\\BetPurchaseApiTest->{closure:Tests\\Feature\\Api\\V1\\BetPurchaseApiTest::am_an_unexpected_failure_never_exposes_a_stack_trace_or_internals():990}()
#1 /home/user/vendor/laravel/framework/src/Illuminate/Routing/Route.php(244): Illuminate\\Routing\\CallableDispatcher->dispatch()
#2 /home/user/vendor/laravel/framework/src/Illuminate/Routing/Route.php(215): Illuminate\\Routing\\Route->runCallable()
#3 /home/user/vendor/laravel/framework/src/Illuminate/Routing/Router.php(808): Illuminate\\Routing\\Route->run()
#4 /home/user/vendor/laravel/framework/src/Illuminate/Pipeline/Pipeline.php(170): Illuminate\\Routing\\Router->{closure:Illuminate\\Routing\\Router::runRouteWithinStack():807}()
#5 /home/user/vendor/laravel/framework/src/Illuminate/Routing/Middleware/SubstituteBindings.php(51): Illuminate\\Pipeline\\Pipeline->{closure:Illuminate\\Pipeline\\Pipeline::prepareDestination():168}()
#6 /home/user/vendor/laravel/framework/src/Illuminate/Pipeline/Pipeline.php(209): Illuminate\\Routing\\Middleware\\SubstituteBindings->handle()
#7 /home/user/vendor/laravel/framework/src/Illuminate/Pipeline/Pipeline.php(127): Illuminate\\Pipeline\\Pipeline->{closure:{closure:Illuminate\\Pipeline\\Pipeline::carry():184}:185}()
#8 /home/user/vendor/laravel/framework/src/Illuminate/Routing/Router.php(807): Illuminate\\Pipeline\\Pipeline->then()
#9 /home/user/vendor/laravel/framework/src/Illuminate/Routing/Router.php(786): Illuminate\\Routing\\Router->runRouteWithinStack()
#10 /home/user/vendor/laravel/framework/src/Illuminate/Routing/Router.php(750): Illuminate\\Routing\\Router->runRoute()
#11 /home/user/vendor/laravel/framework/src/Illuminate/Routing/Router.php(739): Illuminate\\Routing\\Router->dispatchToRoute()
#12 /home/user/vendor/laravel/framework/src/Illuminate/Foundation/Http/Kernel.php(201): Illuminate\\Routing\\Router->dispatch()
#13 /home/user/vendor/laravel/framework/src/Illuminate/Pipeline/Pipeline.php(170): Illuminate\\Foundation\\Http\\Kernel->{closure:Illuminate\\Foundation\\Http\\Kernel::dispatchToRouter():198}()
#14 /home/user/vendor/livewire/livewire/src/Features/SupportDisablingBackButtonCache/DisableBackButtonCacheMiddleware.php(19): Illuminate\\Pipeline\\Pipeline->{closure:Illuminate\\Pipeline\\Pipeline::prepareDestination():168}()
#15 /home/user/vendor/laravel/framework/src/Illuminate/Pipeline/Pipeline.php(209): Livewire\\Features\\SupportDisablingBackButtonCache\\DisableBackButtonCacheMiddleware->handle()
#16 /home/user/app/Http/Middleware/SecurityHeaders.php(13): Illuminate\\Pipeline\\Pipeline->{closure:{closure:Illuminate\\Pipeline\\Pipeline::carry():184}:185}()
#17 /home/user/vendor/laravel/framework/src/Illuminate/Pipeline/Pipeline.php(209): App\\Http\\Middleware\\SecurityHeaders->handle()
#18 /home/user/app/Http/Middleware/CorrelationIdMiddleware.php(35): Illuminate\\Pipeline\\Pipeline->{closure:{closure:Illuminate\\Pipeline\\Pipeline::carry():184}:185}()
#19 /home/user/vendor/laravel/framework/src/Illuminate/Pipeline/Pipeline.php(209): App\\Http\\Middleware\\CorrelationIdMiddleware->handle()
#20 /home/user/vendor/laravel/framework/src/Illuminate/Foundation/Http/Middleware/TransformsRequest.php(21): Illuminate\\Pipeline\\Pipeline->{closure:{closure:Illuminate\\Pipeline\\Pipeline::carry():184}:185}()
#21 /home/user/vendor/laravel/framework/src/Illuminate/Foundation/Http/Middleware/ConvertEmptyStringsToNull.php(31): Illuminate\\Foundation\\Http\\Middleware\\TransformsRequest->handle()
#22 /home/user/vendor/laravel/framework/src/Illuminate/Pipeline/Pipeline.php(209): Illuminate\\Foundation\\Http\\Middleware\\ConvertEmptyStringsToNull->handle()
#23 /home/user/vendor/laravel/framework/src/Illuminate/Foundation/Http/Middleware/TransformsRequest.php(21): Illuminate\\Pipeline\\Pipeline->{closure:{closure:Illuminate\\Pipeline\\Pipeline::carry():184}:185}()
#24 /home/user/vendor/laravel/framework/src/Illuminate/Foundation/Http/Middleware/TrimStrings.php(51): Illuminate\\Foundation\\Http\\Middleware\\TransformsRequest->handle()
#25 /home/user/vendor/laravel/framework/src/Illuminate/Pipeline/Pipeline.php(209): Illuminate\\Foundation\\Http\\Middleware\\TrimStrings->handle()
#26 /home/user/vendor/laravel/framework/src/Illuminate/Http/Middleware/ValidatePostSize.php(27): Illuminate\\Pipeline\\Pipeline->{closure:{closure:Illuminate\\Pipeline\\Pipeline::carry():184}:185}()
#27 /home/user/vendor/laravel/framework/src/Illuminate/Pipeline/Pipeline.php(209): Illuminate\\Http\\Middleware\\ValidatePostSize->handle()
#28 /home/user/vendor/laravel/framework/src/Illuminate/Foundation/Http/Middleware/PreventRequestsDuringMaintenance.php(110): Illuminate\\Pipeline\\Pipeline->{closure:{closure:Illuminate\\Pipeline\\Pipeline::carry():184}:185}()
#29 /home/user/vendor/laravel/framework/src/Illuminate/Pipeline/Pipeline.php(209): Illuminate\\Foundation\\Http\\Middleware\\PreventRequestsDuringMaintenance->handle()
#30 /home/user/vendor/laravel/framework/src/Illuminate/Http/Middleware/HandleCors.php(62): Illuminate\\Pipeline\\Pipeline->{closure:{closure:Illuminate\\Pipeline\\Pipeline::carry():184}:185}()
#31 /home/user/vendor/laravel/framework/src/Illuminate/Pipeline/Pipeline.php(209): Illuminate\\Http\\Middleware\\HandleCors->handle()
#32 /home/user/vendor/laravel/framework/src/Illuminate/Http/Middleware/TrustProxies.php(58): Illuminate\\Pipeline\\Pipeline->{closure:{closure:Illuminate\\Pipeline\\Pipeline::carry():184}:185}()
#33 /home/user/vendor/laravel/framework/src/Illuminate/Pipeline/Pipeline.php(209): Illuminate\\Http\\Middleware\\TrustProxies->handle()
#34 /home/user/vendor/laravel/framework/src/Illuminate/Foundation/Http/Middleware/InvokeDeferredCallbacks.php(22): Illuminate\\Pipeline\\Pipeline->{closure:{closure:Illuminate\\Pipeline\\Pipeline::carry():184}:185}()
#35 /home/user/vendor/laravel/framework/src/Illuminate/Pipeline/Pipeline.php(209): Illuminate\\Foundation\\Http\\Middleware\\InvokeDeferredCallbacks->handle()
#36 /home/user/vendor/laravel/framework/src/Illuminate/Pipeline/Pipeline.php(127): Illuminate\\Pipeline\\Pipeline->{closure:{closure:Illuminate\\Pipeline\\Pipeline::carry():184}:185}()
#37 /home/user/vendor/laravel/framework/src/Illuminate/Foundation/Http/Kernel.php(176): Illuminate\\Pipeline\\Pipeline->then()
#38 /home/user/vendor/laravel/framework/src/Illuminate/Foundation/Http/Kernel.php(145): Illuminate\\Foundation\\Http\\Kernel->sendRequestThroughRouter()
#39 /home/user/vendor/laravel/framework/src/Illuminate/Foundation/Testing/Concerns/MakesHttpRequests.php(607): Illuminate\\Foundation\\Http\\Kernel->handle()
#40 /home/user/vendor/laravel/framework/src/Illuminate/Foundation/Testing/Concerns/MakesHttpRequests.php(573): Illuminate\\Foundation\\Testing\\TestCase->call()
#41 /home/user/vendor/laravel/framework/src/Illuminate/Foundation/Testing/Concerns/MakesHttpRequests.php(381): Illuminate\\Foundation\\Testing\\TestCase->json()
#42 /home/user/tests/Feature/Api/V1/BetPurchaseApiTest.php(1001): Illuminate\\Foundation\\Testing\\TestCase->getJson()
#43 /home/user/vendor/phpunit/phpunit/src/Framework/TestCase.php(1667): Tests\\Feature\\Api\\V1\\BetPurchaseApiTest->am_an_unexpected_failure_never_exposes_a_stack_trace_or_internals()
#44 /home/user/vendor/phpunit/phpunit/src/Framework/TestCase.php(519): PHPUnit\\Framework\\TestCase->runTest()
#45 /home/user/vendor/phpunit/phpunit/src/Framework/TestRunner/TestRunner.php(87): PHPUnit\\Framework\\TestCase->runBare()
#46 /home/user/vendor/phpunit/phpunit/src/Framework/TestCase.php(365): PHPUnit\\Framework\\TestRunner->run()
#47 /home/user/vendor/phpunit/phpunit/src/Framework/TestSuite.php(369): PHPUnit\\Framework\\TestCase->run()
#48 /home/user/vendor/phpunit/phpunit/src/Framework/TestSuite.php(369): PHPUnit\\Framework\\TestSuite->run()
#49 /home/user/vendor/phpunit/phpunit/src/Framework/TestSuite.php(369): PHPUnit\\Framework\\TestSuite->run()
#50 /home/user/vendor/phpunit/phpunit/src/TextUI/TestRunner.php(64): PHPUnit\\Framework\\TestSuite->run()
#51 /home/user/vendor/phpunit/phpunit/src/TextUI/Application.php(211): PHPUnit\\TextUI\\TestRunner->run()
#52 /home/user/vendor/phpunit/phpunit/phpunit(104): PHPUnit\\TextUI\\Application->run()
#53 /home/user/vendor/bin/phpunit(122): include('...')
#54 {main}
","path":"api/v1/__phase44_failure_probe","method":"GET","user_id":null} {"correlation_id":"3e3f3dfb-bdc5-4dad-ab05-f8862146e4fc"}
[2026-09-08 10:42:34] testing.CRITICAL: Limit Exceeded (Critical Risk) on number 123 [3d] for draw 1. {"risk_alert_type":"limit_exceeded","risk_level":"critical","audit_log_id":1} 
[2026-09-08 10:42:34] testing.CRITICAL: Critical Exposure (Critical Risk) on number 123 [3d] for draw 1. {"risk_alert_type":"critical_exposure","risk_level":"critical","audit_log_id":2} 
[2026-09-08 10:42:36] testing.INFO: lottery.automation.provisioned {"created":3,"existing":0,"horizon_days":40} 
[2026-09-08 10:42:36] testing.INFO: lottery.automation.provisioned {"created":8,"existing":0,"horizon_days":120} 
[2026-09-08 10:42:36] testing.INFO: lottery.automation.provisioned {"created":0,"existing":8,"horizon_days":120} 
[2026-09-08 10:42:36] testing.INFO: lottery.automation.provisioned {"created":3,"existing":0,"horizon_days":40} 
[2026-09-08 10:42:36] testing.INFO: lottery.automation.provisioned {"created":0,"existing":3,"horizon_days":40} 
[2026-09-08 10:42:36] testing.INFO: lottery.automation.run {"command":"lottery:open-draws","activity":"open","processed":1,"failed":0,"skipped":0,"candidates":1} 
[2026-09-08 10:42:36] testing.INFO: lottery.automation.run {"command":"lottery:close-draws","activity":"close","processed":1,"failed":0,"skipped":0,"candidates":1} 
[2026-09-08 10:42:36] testing.INFO: lottery.automation.run {"command":"lottery:close-draws","activity":"close","processed":1,"failed":0,"skipped":0,"candidates":1} 
[2026-09-08 10:42:36] testing.INFO: lottery.automation.run {"command":"lottery:close-draws","activity":"close","processed":1,"failed":0,"skipped":0,"candidates":1} 
[2026-09-08 10:42:36] testing.INFO: lottery.automation.run {"command":"lottery:mark-results-pending","activity":"mark result-pending","processed":1,"failed":0,"skipped":0,"candidates":1} 
[2026-09-08 10:42:36] testing.INFO: lottery.automation.run {"command":"lottery:mark-results-pending","activity":"mark result-pending","processed":1,"failed":0,"skipped":0,"candidates":1} 
[2026-09-08 10:42:36] testing.INFO: lottery.automation.run {"command":"lottery:settle-draws","activity":"settle","processed":1,"failed":0,"skipped":0,"candidates":1} 
[2026-09-08 10:42:36] testing.INFO: lottery.automation.run {"command":"lottery:mark-results-pending","activity":"mark result-pending","processed":1,"failed":0,"skipped":0,"candidates":1} 
[2026-09-08 10:42:36] testing.INFO: lottery.automation.run {"command":"lottery:mark-results-pending","activity":"mark result-pending","processed":1,"failed":0,"skipped":0,"candidates":1} 
[2026-09-08 10:42:36] testing.INFO: lottery.automation.run {"command":"lottery:settle-draws","activity":"settle","processed":1,"failed":0,"skipped":0,"candidates":1} 
[2026-09-08 10:42:36] testing.INFO: lottery.automation.run {"command":"lottery:mark-results-pending","activity":"mark result-pending","processed":1,"failed":0,"skipped":0,"candidates":1} 
[2026-09-08 10:42:36] testing.INFO: lottery.automation.run {"command":"lottery:settle-draws","activity":"settle","processed":1,"failed":0,"skipped":0,"candidates":1} 
[2026-09-08 10:42:36] testing.INFO: lottery.automation.run {"command":"lottery:settle-draws","activity":"settle","processed":1,"failed":0,"skipped":0,"candidates":1} 
[2026-09-08 10:42:36] testing.INFO: lottery.automation.run {"command":"lottery:mark-results-pending","activity":"mark result-pending","processed":1,"failed":0,"skipped":0,"candidates":1} 
[2026-09-08 10:42:36] testing.INFO: lottery.automation.run {"command":"lottery:settle-draws","activity":"settle","processed":1,"failed":0,"skipped":0,"candidates":1} 
[2026-09-08 10:42:36] testing.INFO: lottery.automation.run {"command":"lottery:mark-results-pending","activity":"mark result-pending","processed":1,"failed":0,"skipped":0,"candidates":1} 
[2026-09-08 10:42:36] testing.ERROR: lottery.automation.draw_failed {"command":"lottery:settle-draws","activity":"settle","draw_id":1,"draw_number":"DR-TEST-0015","exception":"[object] (App\\Exceptions\\DrawLifecycleException(code: 0): Draw 1 is in state result_published, which implies a published official result, but no draw_results row exists for it. This is refused rather than repaired. at /home/user/app/Exceptions/DrawLifecycleException.php:252)
[stacktrace]
#0 /home/user/app/Services/Draw/DrawSettlementSimulationService.php(200): App\\Exceptions\\DrawLifecycleException::resultMissing()
#1 /home/user/app/Services/Draw/DrawSettlementSimulationService.php(393): App\\Services\\Draw\\DrawSettlementSimulationService->publishedResultFor()
#2 /home/user/app/Services/Draw/DrawSettlementSimulationService.php(156): App\\Services\\Draw\\DrawSettlementSimulationService->performSettlement()
#3 /home/user/vendor/laravel/framework/src/Illuminate/Database/Concerns/ManagesTransactions.php(32): App\\Services\\Draw\\DrawSettlementSimulationService->{closure:App\\Services\\Draw\\DrawSettlementSimulationService::settle():145}()
#4 /home/user/vendor/laravel/framework/src/Illuminate/Database/DatabaseManager.php(495): Illuminate\\Database\\Connection->transaction()
#5 /home/user/vendor/laravel/framework/src/Illuminate/Support/Facades/Facade.php(361): Illuminate\\Database\\DatabaseManager->__call()
#6 /home/user/app/Services/Draw/DrawSettlementSimulationService.php(145): Illuminate\\Support\\Facades\\Facade::__callStatic()
#7 /home/user/app/Console/Commands/Lottery/SettleDrawsCommand.php(90): App\\Services\\Draw\\DrawSettlementSimulationService->settle()
#8 /home/user/app/Console/Commands/Lottery/LotteryAutomationCommand.php(155): App\\Console\\Commands\\Lottery\\SettleDrawsCommand->{closure:App\\Console\\Commands\\Lottery\\SettleDrawsCommand::handle():89}()
#9 /home/user/app/Console/Commands/Lottery/SettleDrawsCommand.php(87): App\\Console\\Commands\\Lottery\\LotteryAutomationCommand->eachDueDraw()
#10 /home/user/vendor/laravel/framework/src/Illuminate/Container/BoundMethod.php(36): App\\Console\\Commands\\Lottery\\SettleDrawsCommand->handle()
#11 /home/user/vendor/laravel/framework/src/Illuminate/Container/Util.php(43): Illuminate\\Container\\BoundMethod::{closure:Illuminate\\Container\\BoundMethod::call():35}()
#12 /home/user/vendor/laravel/framework/src/Illuminate/Container/BoundMethod.php(95): Illuminate\\Container\\Util::unwrapIfClosure()
#13 /home/user/vendor/laravel/framework/src/Illuminate/Container/BoundMethod.php(35): Illuminate\\Container\\BoundMethod::callBoundMethod()
#14 /home/user/vendor/laravel/framework/src/Illuminate/Container/Container.php(696): Illuminate\\Container\\BoundMethod::call()
#15 /home/user/vendor/laravel/framework/src/Illuminate/Console/Command.php(213): Illuminate\\Container\\Container->call()
#16 /home/user/vendor/symfony/console/Command/Command.php(341): Illuminate\\Console\\Command->execute()
#17 /home/user/vendor/laravel/framework/src/Illuminate/Console/Command.php(182): Symfony\\Component\\Console\\Command\\Command->run()
#18 /home/user/vendor/symfony/console/Application.php(1094): Illuminate\\Console\\Command->run()
#19 /home/user/vendor/symfony/console/Application.php(356): Symfony\\Component\\Console\\Application->doRunCommand()
#20 /home/user/vendor/symfony/console/Application.php(195): Symfony\\Component\\Console\\Application->doRun()
#21 /home/user/vendor/laravel/framework/src/Illuminate/Console/Application.php(166): Symfony\\Component\\Console\\Application->run()
#22 /home/user/vendor/laravel/framework/src/Illuminate/Foundation/Console/Kernel.php(427): Illuminate\\Console\\Application->call()
#23 /home/user/vendor/laravel/framework/src/Illuminate/Testing/PendingCommand.php(332): Illuminate\\Foundation\\Console\\Kernel->call()
#24 /home/user/vendor/laravel/framework/src/Illuminate/Testing/PendingCommand.php(556): Illuminate\\Testing\\PendingCommand->run()
#25 /home/user/tests/Feature/Console/DrawAutomationTest.php(334): Illuminate\\Testing\\PendingCommand->__destruct()
#26 /home/user/vendor/phpunit/phpunit/src/Framework/TestCase.php(1667): Tests\\Feature\\Console\\DrawAutomationTest->one_bad_draw_does_not_stop_the_batch_and_the_command_still_reports_failure()
#27 /home/user/vendor/phpunit/phpunit/src/Framework/TestCase.php(519): PHPUnit\\Framework\\TestCase->runTest()
#28 /home/user/vendor/phpunit/phpunit/src/Framework/TestRunner/TestRunner.php(87): PHPUnit\\Framework\\TestCase->runBare()
#29 /home/user/vendor/phpunit/phpunit/src/Framework/TestCase.php(365): PHPUnit\\Framework\\TestRunner->run()
#30 /home/user/vendor/phpunit/phpunit/src/Framework/TestSuite.php(369): PHPUnit\\Framework\\TestCase->run()
#31 /home/user/vendor/phpunit/phpunit/src/Framework/TestSuite.php(369): PHPUnit\\Framework\\TestSuite->run()
#32 /home/user/vendor/phpunit/phpunit/src/Framework/TestSuite.php(369): PHPUnit\\Framework\\TestSuite->run()
#33 /home/user/vendor/phpunit/phpunit/src/TextUI/TestRunner.php(64): PHPUnit\\Framework\\TestSuite->run()
#34 /home/user/vendor/phpunit/phpunit/src/TextUI/Application.php(211): PHPUnit\\TextUI\\TestRunner->run()
#35 /home/user/vendor/phpunit/phpunit/phpunit(104): PHPUnit\\TextUI\\Application->run()
#36 /home/user/vendor/bin/phpunit(122): include('...')
#37 {main}
"} 
[2026-09-08 10:42:36] testing.INFO: lottery.automation.run {"command":"lottery:settle-draws","activity":"settle","processed":1,"failed":1,"skipped":0,"candidates":2} 
[2026-09-08 10:42:36] testing.INFO: lottery.tick {"steps":5,"failed_steps":[],"duration_ms":0.0,"dry_run":false} 
[2026-09-08 10:42:36] testing.INFO: lottery.automation.run {"command":"lottery:open-draws","activity":"open","processed":1,"failed":0,"skipped":0,"candidates":1} 
[2026-09-08 10:42:37] testing.INFO: lottery.automation.run {"command":"lottery:close-draws","activity":"close","processed":2,"failed":0,"skipped":0,"candidates":2} 
[2026-09-08 10:42:37] testing.INFO: lottery.automation.provisioned {"created":6,"existing":0,"horizon_days":90} 
[2026-09-08 10:42:37] testing.INFO: lottery.automation.run {"command":"lottery:open-draws","activity":"open","processed":1,"failed":0,"skipped":0,"candidates":1} 
[2026-09-08 10:42:37] testing.INFO: lottery.automation.run {"command":"lottery:close-draws","activity":"close","processed":1,"failed":0,"skipped":0,"candidates":1} 
[2026-09-08 10:42:37] testing.INFO: lottery.automation.run {"command":"lottery:mark-results-pending","activity":"mark result-pending","processed":1,"failed":0,"skipped":0,"candidates":1} 
[2026-09-08 10:42:37] testing.INFO: lottery.tick {"steps":5,"failed_steps":[],"duration_ms":21.0,"dry_run":false} 
[2026-09-08 10:42:37] testing.INFO: lottery.automation.provisioned {"created":6,"existing":0,"horizon_days":90} 
[2026-09-08 10:42:37] testing.INFO: lottery.automation.run {"command":"lottery:open-draws","activity":"open","processed":1,"failed":0,"skipped":0,"candidates":1} 
[2026-09-08 10:42:37] testing.INFO: lottery.automation.run {"command":"lottery:close-draws","activity":"close","processed":1,"failed":0,"skipped":0,"candidates":1} 
[2026-09-08 10:42:37] testing.INFO: lottery.automation.run {"command":"lottery:mark-results-pending","activity":"mark result-pending","processed":1,"failed":0,"skipped":0,"candidates":1} 
[2026-09-08 10:42:37] testing.INFO: lottery.tick {"steps":5,"failed_steps":[],"duration_ms":21.0,"dry_run":false} 
[2026-09-08 10:42:37] testing.INFO: lottery.automation.run {"command":"lottery:mark-results-pending","activity":"mark result-pending","processed":1,"failed":0,"skipped":0,"candidates":1} 
[2026-09-08 10:42:37] testing.INFO: lottery.publication.published {"draw_id":1,"draw_number":"DR-TEST-0025","winning_numbers":6,"operator_command":true} 
[2026-09-08 10:42:37] testing.INFO: lottery.automation.run {"command":"lottery:mark-results-pending","activity":"mark result-pending","processed":1,"failed":0,"skipped":0,"candidates":1} 
[2026-09-08 10:42:37] testing.WARNING: lottery.publication.refused {"draw_id":1,"draw_number":"DR-TEST-0026","exception":"[object] (App\\Exceptions\\DrawResultValidationException(code: 0): The official first prize number must be exactly 6 digits. Received \"12\", which is 2. Leading zeroes count as digits and are never stripped. at /home/user/app/Exceptions/DrawResultValidationException.php:119)
[stacktrace]
#0 /home/user/app/Services/Draw/DrawResultValidator.php(205): App\\Exceptions\\DrawResultValidationException::firstPrizeLength()
#1 /home/user/app/Services/Draw/DrawResultValidator.php(131): App\\Services\\Draw\\DrawResultValidator->validateFirstPrize()
#2 /home/user/app/Services/Draw/DrawResultPublicationService.php(105): App\\Services\\Draw\\DrawResultValidator->validate()
#3 /home/user/app/Console/Commands/Lottery/PublishDrawResultCommand.php(104): App\\Services\\Draw\\DrawResultPublicationService->publish()
#4 /home/user/vendor/laravel/framework/src/Illuminate/Container/BoundMethod.php(36): App\\Console\\Commands\\Lottery\\PublishDrawResultCommand->handle()
#5 /home/user/vendor/laravel/framework/src/Illuminate/Container/Util.php(43): Illuminate\\Container\\BoundMethod::{closure:Illuminate\\Container\\BoundMethod::call():35}()
#6 /home/user/vendor/laravel/framework/src/Illuminate/Container/BoundMethod.php(95): Illuminate\\Container\\Util::unwrapIfClosure()
#7 /home/user/vendor/laravel/framework/src/Illuminate/Container/BoundMethod.php(35): Illuminate\\Container\\BoundMethod::callBoundMethod()
#8 /home/user/vendor/laravel/framework/src/Illuminate/Container/Container.php(696): Illuminate\\Container\\BoundMethod::call()
#9 /home/user/vendor/laravel/framework/src/Illuminate/Console/Command.php(213): Illuminate\\Container\\Container->call()
#10 /home/user/vendor/symfony/console/Command/Command.php(341): Illuminate\\Console\\Command->execute()
#11 /home/user/vendor/laravel/framework/src/Illuminate/Console/Command.php(182): Symfony\\Component\\Console\\Command\\Command->run()
#12 /home/user/vendor/symfony/console/Application.php(1094): Illuminate\\Console\\Command->run()
#13 /home/user/vendor/symfony/console/Application.php(356): Symfony\\Component\\Console\\Application->doRunCommand()
#14 /home/user/vendor/symfony/console/Application.php(195): Symfony\\Component\\Console\\Application->doRun()
#15 /home/user/vendor/laravel/framework/src/Illuminate/Console/Application.php(166): Symfony\\Component\\Console\\Application->run()
#16 /home/user/vendor/laravel/framework/src/Illuminate/Foundation/Console/Kernel.php(427): Illuminate\\Console\\Application->call()
#17 /home/user/vendor/laravel/framework/src/Illuminate/Testing/PendingCommand.php(332): Illuminate\\Foundation\\Console\\Kernel->call()
#18 /home/user/vendor/laravel/framework/src/Illuminate/Testing/PendingCommand.php(556): Illuminate\\Testing\\PendingCommand->run()
#19 /home/user/tests/Feature/Console/DrawAutomationTest.php(443): Illuminate\\Testing\\PendingCommand->__destruct()
#20 /home/user/vendor/phpunit/phpunit/src/Framework/TestCase.php(1667): Tests\\Feature\\Console\\DrawAutomationTest->publication_refuses_numbers_the_validator_rejects_and_writes_nothing()
#21 /home/user/vendor/phpunit/phpunit/src/Framework/TestCase.php(519): PHPUnit\\Framework\\TestCase->runTest()
#22 /home/user/vendor/phpunit/phpunit/src/Framework/TestRunner/TestRunner.php(87): PHPUnit\\Framework\\TestCase->runBare()
#23 /home/user/vendor/phpunit/phpunit/src/Framework/TestCase.php(365): PHPUnit\\Framework\\TestRunner->run()
#24 /home/user/vendor/phpunit/phpunit/src/Framework/TestSuite.php(369): PHPUnit\\Framework\\TestCase->run()
#25 /home/user/vendor/phpunit/phpunit/src/Framework/TestSuite.php(369): PHPUnit\\Framework\\TestSuite->run()
#26 /home/user/vendor/phpunit/phpunit/src/Framework/TestSuite.php(369): PHPUnit\\Framework\\TestSuite->run()
#27 /home/user/vendor/phpunit/phpunit/src/TextUI/TestRunner.php(64): PHPUnit\\Framework\\TestSuite->run()
#28 /home/user/vendor/phpunit/phpunit/src/TextUI/Application.php(211): PHPUnit\\TextUI\\TestRunner->run()
#29 /home/user/vendor/phpunit/phpunit/phpunit(104): PHPUnit\\TextUI\\Application->run()
#30 /home/user/vendor/bin/phpunit(122): include('...')
#31 {main}
"} 
[2026-09-08 10:42:37] testing.WARNING: lottery.publication.refused {"draw_id":1,"draw_number":"DR-TEST-0027","exception":"[object] (App\\Exceptions\\DrawLifecycleException(code: 0): Draw 1 is in state open; an official result may only be published from result_pending. at /home/user/app/Exceptions/DrawLifecycleException.php:191)
[stacktrace]
#0 /home/user/app/Services/Draw/DrawLifecycleService.php(385): App\\Exceptions\\DrawLifecycleException::notPublishable()
#1 /home/user/app/Services/Draw/DrawResultPublicationService.php(110): App\\Services\\Draw\\DrawLifecycleService->assertCanPublishResult()
#2 /home/user/vendor/laravel/framework/src/Illuminate/Database/Concerns/ManagesTransactions.php(32): App\\Services\\Draw\\DrawResultPublicationService->{closure:App\\Services\\Draw\\DrawResultPublicationService::publish():107}()
#3 /home/user/vendor/laravel/framework/src/Illuminate/Database/DatabaseManager.php(495): Illuminate\\Database\\Connection->transaction()
#4 /home/user/vendor/laravel/framework/src/Illuminate/Support/Facades/Facade.php(361): Illuminate\\Database\\DatabaseManager->__call()
#5 /home/user/app/Services/Draw/DrawResultPublicationService.php(139): Illuminate\\Support\\Facades\\Facade::__callStatic()
#6 /home/user/app/Console/Commands/Lottery/PublishDrawResultCommand.php(104): App\\Services\\Draw\\DrawResultPublicationService->publish()
#7 /home/user/vendor/laravel/framework/src/Illuminate/Container/BoundMethod.php(36): App\\Console\\Commands\\Lottery\\PublishDrawResultCommand->handle()
#8 /home/user/vendor/laravel/framework/src/Illuminate/Container/Util.php(43): Illuminate\\Container\\BoundMethod::{closure:Illuminate\\Container\\BoundMethod::call():35}()
#9 /home/user/vendor/laravel/framework/src/Illuminate/Container/BoundMethod.php(95): Illuminate\\Container\\Util::unwrapIfClosure()
#10 /home/user/vendor/laravel/framework/src/Illuminate/Container/BoundMethod.php(35): Illuminate\\Container\\BoundMethod::callBoundMethod()
#11 /home/user/vendor/laravel/framework/src/Illuminate/Container/Container.php(696): Illuminate\\Container\\BoundMethod::call()
#12 /home/user/vendor/laravel/framework/src/Illuminate/Console/Command.php(213): Illuminate\\Container\\Container->call()
#13 /home/user/vendor/symfony/console/Command/Command.php(341): Illuminate\\Console\\Command->execute()
#14 /home/user/vendor/laravel/framework/src/Illuminate/Console/Command.php(182): Symfony\\Component\\Console\\Command\\Command->run()
#15 /home/user/vendor/symfony/console/Application.php(1094): Illuminate\\Console\\Command->run()
#16 /home/user/vendor/symfony/console/Application.php(356): Symfony\\Component\\Console\\Application->doRunCommand()
#17 /home/user/vendor/symfony/console/Application.php(195): Symfony\\Component\\Console\\Application->doRun()
#18 /home/user/vendor/laravel/framework/src/Illuminate/Console/Application.php(166): Symfony\\Component\\Console\\Application->run()
#19 /home/user/vendor/laravel/framework/src/Illuminate/Foundation/Console/Kernel.php(427): Illuminate\\Console\\Application->call()
#20 /home/user/vendor/laravel/framework/src/Illuminate/Testing/PendingCommand.php(332): Illuminate\\Foundation\\Console\\Kernel->call()
#21 /home/user/vendor/laravel/framework/src/Illuminate/Testing/PendingCommand.php(556): Illuminate\\Testing\\PendingCommand->run()
#22 /home/user/tests/Feature/Console/DrawAutomationTest.php(459): Illuminate\\Testing\\PendingCommand->__destruct()
#23 /home/user/vendor/phpunit/phpunit/src/Framework/TestCase.php(1667): Tests\\Feature\\Console\\DrawAutomationTest->publication_is_refused_for_a_draw_that_is_not_awaiting_its_result()
#24 /home/user/vendor/phpunit/phpunit/src/Framework/TestCase.php(519): PHPUnit\\Framework\\TestCase->runTest()
#25 /home/user/vendor/phpunit/phpunit/src/Framework/TestRunner/TestRunner.php(87): PHPUnit\\Framework\\TestCase->runBare()
#26 /home/user/vendor/phpunit/phpunit/src/Framework/TestCase.php(365): PHPUnit\\Framework\\TestRunner->run()
#27 /home/user/vendor/phpunit/phpunit/src/Framework/TestSuite.php(369): PHPUnit\\Framework\\TestCase->run()
#28 /home/user/vendor/phpunit/phpunit/src/Framework/TestSuite.php(369): PHPUnit\\Framework\\TestSuite->run()
#29 /home/user/vendor/phpunit/phpunit/src/Framework/TestSuite.php(369): PHPUnit\\Framework\\TestSuite->run()
#30 /home/user/vendor/phpunit/phpunit/src/TextUI/TestRunner.php(64): PHPUnit\\Framework\\TestSuite->run()
#31 /home/user/vendor/phpunit/phpunit/src/TextUI/Application.php(211): PHPUnit\\TextUI\\TestRunner->run()
#32 /home/user/vendor/phpunit/phpunit/phpunit(104): PHPUnit\\TextUI\\Application->run()
#33 /home/user/vendor/bin/phpunit(122): include('...')
#34 {main}
"} 
[2026-09-08 10:42:37] testing.INFO: lottery.automation.run {"command":"lottery:mark-results-pending","activity":"mark result-pending","processed":1,"failed":0,"skipped":0,"candidates":1} 
[2026-09-08 10:43:22] testing.INFO: Payment webhook event already processed (replay cache hit) {"gateway":"bkash","event_id":"evt_bkash_dup_24"} 
[2026-09-08 10:43:23] testing.CRITICAL: DisburseWithdrawalJob: Job permanently failed after max attempts {"withdrawal_id":888888,"attempts":1,"error":"Withdrawal entity 888888 not found"} 
[2026-09-08 10:43:24] testing.INFO: OperationalAlertService: Alert throttled (duplicate within cooldown) {"title":"Critical Ledger Imbalance","fingerprint":"alert:anomaly:304a127cfffc21d342fb8664ff0dc21d"} 
[2026-09-08 10:43:24] testing.INFO: Payment webhook event already processed (replay cache hit) {"gateway":"stripe","event_id":"evt_stripe_concurrency_666"} 
[2026-09-08 10:43:24] testing.INFO: Payment webhook event already processed (replay cache hit) {"gateway":"stripe","event_id":"evt_stripe_concurrency_666"} 
[2026-09-08 10:43:24] testing.INFO: Payment webhook event already processed (replay cache hit) {"gateway":"stripe","event_id":"evt_stripe_concurrency_666"} 
[2026-09-08 10:43:24] testing.INFO: Payment webhook event already processed (replay cache hit) {"gateway":"stripe","event_id":"evt_stripe_concurrency_666"} 
[2026-09-08 10:43:25] testing.INFO: Payment webhook event already processed (replay cache hit) {"gateway":"stripe","event_id":"evt_unique_test_replay_999"} 
[2026-09-08 10:43:30] testing.INFO: bet_purchase.api.success {"correlation_id":"be9a4d52-8736-41ba-99a0-2063614fc8b6","outcome":"purchased","bet_id":1,"bet_number":"BT-20260908-B610FE17ACF3","ticket_id":1,"draw_id":1,"currency":"THB","stake":"100.00","client_key":"client_key_valid_test_16_abc","request_id":"a830478f2de97f6493db2520406f9413","user_id":1} {"correlation_id":"be9a4d52-8736-41ba-99a0-2063614fc8b6"}
[2026-09-08 10:43:30] testing.INFO: bet_purchase.api.refused {"correlation_id":"39109673-6fbb-43c4-b263-d76e2b6575f4","outcome":"refused","error_code":"insufficient_balance","http_status":422,"exception":"App\\Exceptions\\BetPurchaseException","client_key":"client_key_insufficient_17","request_id":"4c317865c5c655d937063483c43bc3fc","user_id":1} {"correlation_id":"39109673-6fbb-43c4-b263-d76e2b6575f4"}
[2026-09-08 10:43:30] testing.INFO: bet_purchase.api.refused {"correlation_id":"1b9d9720-764a-456c-8744-94785d28beb6","outcome":"refused","error_code":"draw_closed","http_status":422,"exception":"App\\Exceptions\\BetPurchaseValidationException","client_key":"client_key_closed_draw_18","request_id":"b38aa3e159c934d1149af413c045f528","user_id":1} {"correlation_id":"1b9d9720-764a-456c-8744-94785d28beb6"}
[2026-09-08 10:43:31] testing.INFO: bet_purchase.api.refused {"correlation_id":"f1d32184-bbb7-4e2b-9512-1e0f0e87b446","outcome":"refused","error_code":"invalid_digits","http_status":422,"exception":"App\\Exceptions\\BetPurchaseValidationException","client_key":"client_key_invalid_market_19","request_id":"59014be2fe4e8630f17777b37166434f","user_id":1} {"correlation_id":"f1d32184-bbb7-4e2b-9512-1e0f0e87b446"}
[2026-09-08 10:43:31] testing.INFO: bet_purchase.api.success {"correlation_id":"dc9b6d0d-62bc-4336-9b91-b4edca6f5d53","outcome":"purchased","bet_id":1,"bet_number":"BT-20260908-9B0E60DC76CF","ticket_id":1,"draw_id":1,"currency":"THB","stake":"100.00","client_key":"unique_idempotency_key_test_20_xyz","request_id":"9ed22d60885342a413597e6243071621","user_id":1} {"correlation_id":"dc9b6d0d-62bc-4336-9b91-b4edca6f5d53"}
[2026-09-08 10:43:31] testing.INFO: bet_purchase.api.success {"correlation_id":"87ac74b4-440c-4a49-b166-b63af8838a1c","outcome":"replayed","bet_id":1,"bet_number":"BT-20260908-9B0E60DC76CF","ticket_id":1,"draw_id":1,"currency":"THB","stake":"100.00","client_key":"unique_idempotency_key_test_20_xyz","request_id":"c5d860b9471174d26b7dec79c66635fc","user_id":1} {"correlation_id":"87ac74b4-440c-4a49-b166-b63af8838a1c"}
[2026-09-08 10:43:31] testing.ERROR: App\Http\Responses\ApiResponse::success(): Argument #1 ($data) must be of type array, Illuminate\Pagination\LengthAwarePaginator given, called in /home/user/app/Http/Controllers/Api/V1/BetController.php on line 65 {"correlation_id":"5c063d0c-d6b6-4078-96e7-9188d018945a","userId":1,"exception":"[object] (TypeError(code: 0): App\\Http\\Responses\\ApiResponse::success(): Argument #1 ($data) must be of type array, Illuminate\\Pagination\\LengthAwarePaginator given, called in /home/user/app/Http/Controllers/Api/V1/BetController.php on line 65 at /home/user/app/Http/Responses/ApiResponse.php:54)
[stacktrace]
#0 /home/user/app/Http/Controllers/Api/V1/BetController.php(65): App\\Http\\Responses\\ApiResponse::success()
#1 /home/user/vendor/laravel/framework/src/Illuminate/Routing/ControllerDispatcher.php(47): App\\Http\\Controllers\\Api\\V1\\BetController->index()
#2 /home/user/vendor/laravel/framework/src/Illuminate/Routing/Route.php(266): Illuminate\\Routing\\ControllerDispatcher->dispatch()
#3 /home/user/vendor/laravel/framework/src/Illuminate/Routing/Route.php(212): Illuminate\\Routing\\Route->runController()
#4 /home/user/vendor/laravel/framework/src/Illuminate/Routing/Router.php(808): Illuminate\\Routing\\Route->run()
#5 /home/user/vendor/laravel/framework/src/Illuminate/Pipeline/Pipeline.php(170): Illuminate\\Routing\\Router->{closure:Illuminate\\Routing\\Router::runRouteWithinStack():807}()
#6 /home/user/app/Http/Middleware/EnsureUserIsActive.php(23): Illuminate\\Pipeline\\Pipeline->{closure:Illuminate\\Pipeline\\Pipeline::prepareDestination():168}()
#7 /home/user/vendor/laravel/framework/src/Illuminate/Pipeline/Pipeline.php(209): App\\Http\\Middleware\\EnsureUserIsActive->handle()
#8 /home/user/vendor/laravel/framework/src/Illuminate/Routing/Middleware/SubstituteBindings.php(51): Illuminate\\Pipeline\\Pipeline->{closure:{closure:Illuminate\\Pipeline\\Pipeline::carry():184}:185}()
#9 /home/user/vendor/laravel/framework/src/Illuminate/Pipeline/Pipeline.php(209): Illuminate\\Routing\\Middleware\\SubstituteBindings->handle()
#10 /home/user/vendor/laravel/framework/src/Illuminate/Routing/Middleware/ThrottleRequests.php(161): Illuminate\\Pipeline\\Pipeline->{closure:{closure:Illuminate\\Pipeline\\Pipeline::carry():184}:185}()
#11 /home/user/vendor/laravel/framework/src/Illuminate/Routing/Middleware/ThrottleRequests.php(127): Illuminate\\Routing\\Middleware\\ThrottleRequests->handleRequest()
#12 /home/user/vendor/laravel/framework/src/Illuminate/Routing/Middleware/ThrottleRequests.php(89): Illuminate\\Routing\\Middleware\\ThrottleRequests->handleRequestUsingNamedLimiter()
#13 /home/user/vendor/laravel/framework/src/Illuminate/Pipeline/Pipeline.php(209): Illuminate\\Routing\\Middleware\\ThrottleRequests->handle()
#14 /home/user/vendor/laravel/framework/src/Illuminate/Auth/Middleware/Authenticate.php(64): Illuminate\\Pipeline\\Pipeline->{closure:{closure:Illuminate\\Pipeline\\Pipeline::carry():184}:185}()
#15 /home/user/vendor/laravel/framework/src/Illuminate/Pipeline/Pipeline.php(209): Illuminate\\Auth\\Middleware\\Authenticate->handle()
#16 /home/user/vendor/laravel/framework/src/Illuminate/Pipeline/Pipeline.php(127): Illuminate\\Pipeline\\Pipeline->{closure:{closure:Illuminate\\Pipeline\\Pipeline::carry():184}:185}()
#17 /home/user/vendor/laravel/framework/src/Illuminate/Routing/Router.php(807): Illuminate\\Pipeline\\Pipeline->then()
#18 /home/user/vendor/laravel/framework/src/Illuminate/Routing/Router.php(786): Illuminate\\Routing\\Router->runRouteWithinStack()
#19 /home/user/vendor/laravel/framework/src/Illuminate/Routing/Router.php(750): Illuminate\\Routing\\Router->runRoute()
#20 /home/user/vendor/laravel/framework/src/Illuminate/Routing/Router.php(739): Illuminate\\Routing\\Router->dispatchToRoute()
#21 /home/user/vendor/laravel/framework/src/Illuminate/Foundation/Http/Kernel.php(201): Illuminate\\Routing\\Router->dispatch()
#22 /home/user/vendor/laravel/framework/src/Illuminate/Pipeline/Pipeline.php(170): Illuminate\\Foundation\\Http\\Kernel->{closure:Illuminate\\Foundation\\Http\\Kernel::dispatchToRouter():198}()
#23 /home/user/vendor/livewire/livewire/src/Features/SupportDisablingBackButtonCache/DisableBackButtonCacheMiddleware.php(19): Illuminate\\Pipeline\\Pipeline->{closure:Illuminate\\Pipeline\\Pipeline::prepareDestination():168}()
#24 /home/user/vendor/laravel/framework/src/Illuminate/Pipeline/Pipeline.php(209): Livewire\\Features\\SupportDisablingBackButtonCache\\DisableBackButtonCacheMiddleware->handle()
#25 /home/user/app/Http/Middleware/SecurityHeaders.php(13): Illuminate\\Pipeline\\Pipeline->{closure:{closure:Illuminate\\Pipeline\\Pipeline::carry():184}:185}()
#26 /home/user/vendor/laravel/framework/src/Illuminate/Pipeline/Pipeline.php(209): App\\Http\\Middleware\\SecurityHeaders->handle()
#27 /home/user/app/Http/Middleware/CorrelationIdMiddleware.php(35): Illuminate\\Pipeline\\Pipeline->{closure:{closure:Illuminate\\Pipeline\\Pipeline::carry():184}:185}()
#28 /home/user/vendor/laravel/framework/src/Illuminate/Pipeline/Pipeline.php(209): App\\Http\\Middleware\\CorrelationIdMiddleware->handle()
#29 /home/user/vendor/laravel/framework/src/Illuminate/Foundation/Http/Middleware/TransformsRequest.php(21): Illuminate\\Pipeline\\Pipeline->{closure:{closure:Illuminate\\Pipeline\\Pipeline::carry():184}:185}()
#30 /home/user/vendor/laravel/framework/src/Illuminate/Foundation/Http/Middleware/ConvertEmptyStringsToNull.php(31): Illuminate\\Foundation\\Http\\Middleware\\TransformsRequest->handle()
#31 /home/user/vendor/laravel/framework/src/Illuminate/Pipeline/Pipeline.php(209): Illuminate\\Foundation\\Http\\Middleware\\ConvertEmptyStringsToNull->handle()
#32 /home/user/vendor/laravel/framework/src/Illuminate/Foundation/Http/Middleware/TransformsRequest.php(21): Illuminate\\Pipeline\\Pipeline->{closure:{closure:Illuminate\\Pipeline\\Pipeline::carry():184}:185}()
#33 /home/user/vendor/laravel/framework/src/Illuminate/Foundation/Http/Middleware/TrimStrings.php(51): Illuminate\\Foundation\\Http\\Middleware\\TransformsRequest->handle()
#34 /home/user/vendor/laravel/framework/src/Illuminate/Pipeline/Pipeline.php(209): Illuminate\\Foundation\\Http\\Middleware\\TrimStrings->handle()
#35 /home/user/vendor/laravel/framework/src/Illuminate/Http/Middleware/ValidatePostSize.php(27): Illuminate\\Pipeline\\Pipeline->{closure:{closure:Illuminate\\Pipeline\\Pipeline::carry():184}:185}()
#36 /home/user/vendor/laravel/framework/src/Illuminate/Pipeline/Pipeline.php(209): Illuminate\\Http\\Middleware\\ValidatePostSize->handle()
#37 /home/user/vendor/laravel/framework/src/Illuminate/Foundation/Http/Middleware/PreventRequestsDuringMaintenance.php(110): Illuminate\\Pipeline\\Pipeline->{closure:{closure:Illuminate\\Pipeline\\Pipeline::carry():184}:185}()
#38 /home/user/vendor/laravel/framework/src/Illuminate/Pipeline/Pipeline.php(209): Illuminate\\Foundation\\Http\\Middleware\\PreventRequestsDuringMaintenance->handle()
#39 /home/user/vendor/laravel/framework/src/Illuminate/Http/Middleware/HandleCors.php(62): Illuminate\\Pipeline\\Pipeline->{closure:{closure:Illuminate\\Pipeline\\Pipeline::carry():184}:185}()
#40 /home/user/vendor/laravel/framework/src/Illuminate/Pipeline/Pipeline.php(209): Illuminate\\Http\\Middleware\\HandleCors->handle()
#41 /home/user/vendor/laravel/framework/src/Illuminate/Http/Middleware/TrustProxies.php(58): Illuminate\\Pipeline\\Pipeline->{closure:{closure:Illuminate\\Pipeline\\Pipeline::carry():184}:185}()
#42 /home/user/vendor/laravel/framework/src/Illuminate/Pipeline/Pipeline.php(209): Illuminate\\Http\\Middleware\\TrustProxies->handle()
#43 /home/user/vendor/laravel/framework/src/Illuminate/Foundation/Http/Middleware/InvokeDeferredCallbacks.php(22): Illuminate\\Pipeline\\Pipeline->{closure:{closure:Illuminate\\Pipeline\\Pipeline::carry():184}:185}()
#44 /home/user/vendor/laravel/framework/src/Illuminate/Pipeline/Pipeline.php(209): Illuminate\\Foundation\\Http\\Middleware\\InvokeDeferredCallbacks->handle()
#45 /home/user/vendor/laravel/framework/src/Illuminate/Pipeline/Pipeline.php(127): Illuminate\\Pipeline\\Pipeline->{closure:{closure:Illuminate\\Pipeline\\Pipeline::carry():184}:185}()
#46 /home/user/vendor/laravel/framework/src/Illuminate/Foundation/Http/Kernel.php(176): Illuminate\\Pipeline\\Pipeline->then()
#47 /home/user/vendor/laravel/framework/src/Illuminate/Foundation/Http/Kernel.php(145): Illuminate\\Foundation\\Http\\Kernel->sendRequestThroughRouter()
#48 /home/user/vendor/laravel/framework/src/Illuminate/Foundation/Testing/Concerns/MakesHttpRequests.php(607): Illuminate\\Foundation\\Http\\Kernel->handle()
#49 /home/user/vendor/laravel/framework/src/Illuminate/Foundation/Testing/Concerns/MakesHttpRequests.php(573): Illuminate\\Foundation\\Testing\\TestCase->call()
#50 /home/user/vendor/laravel/framework/src/Illuminate/Foundation/Testing/Concerns/MakesHttpRequests.php(381): Illuminate\\Foundation\\Testing\\TestCase->json()
#51 /home/user/tests/Feature/Player/PlayerExperienceComprehensiveTest.php(632): Illuminate\\Foundation\\Testing\\TestCase->getJson()
#52 /home/user/vendor/phpunit/phpunit/src/Framework/TestCase.php(1667): Tests\\Feature\\Player\\PlayerExperienceComprehensiveTest->test_21_player_can_list_own_bets_with_pagination()
#53 /home/user/vendor/phpunit/phpunit/src/Framework/TestCase.php(519): PHPUnit\\Framework\\TestCase->runTest()
#54 /home/user/vendor/phpunit/phpunit/src/Framework/TestRunner/TestRunner.php(87): PHPUnit\\Framework\\TestCase->runBare()
#55 /home/user/vendor/phpunit/phpunit/src/Framework/TestCase.php(365): PHPUnit\\Framework\\TestRunner->run()
#56 /home/user/vendor/phpunit/phpunit/src/Framework/TestSuite.php(369): PHPUnit\\Framework\\TestCase->run()
#57 /home/user/vendor/phpunit/phpunit/src/Framework/TestSuite.php(369): PHPUnit\\Framework\\TestSuite->run()
#58 /home/user/vendor/phpunit/phpunit/src/Framework/TestSuite.php(369): PHPUnit\\Framework\\TestSuite->run()
#59 /home/user/vendor/phpunit/phpunit/src/TextUI/TestRunner.php(64): PHPUnit\\Framework\\TestSuite->run()
#60 /home/user/vendor/phpunit/phpunit/src/TextUI/Application.php(211): PHPUnit\\TextUI\\TestRunner->run()
#61 /home/user/vendor/phpunit/phpunit/phpunit(104): PHPUnit\\TextUI\\Application->run()
#62 /home/user/vendor/bin/phpunit(122): include('...')
#63 {main}
"} {"correlation_id":"5c063d0c-d6b6-4078-96e7-9188d018945a"}
[2026-09-08 10:43:31] testing.ERROR: api.unhandled_exception {"correlation_id":"5c063d0c-d6b6-4078-96e7-9188d018945a","exception":"[object] (TypeError(code: 0): App\\Http\\Responses\\ApiResponse::success(): Argument #1 ($data) must be of type array, Illuminate\\Pagination\\LengthAwarePaginator given, called in /home/user/app/Http/Controllers/Api/V1/BetController.php on line 65 at /home/user/app/Http/Responses/ApiResponse.php:54)
[stacktrace]
#0 /home/user/app/Http/Controllers/Api/V1/BetController.php(65): App\\Http\\Responses\\ApiResponse::success()
#1 /home/user/vendor/laravel/framework/src/Illuminate/Routing/ControllerDispatcher.php(47): App\\Http\\Controllers\\Api\\V1\\BetController->index()
#2 /home/user/vendor/laravel/framework/src/Illuminate/Routing/Route.php(266): Illuminate\\Routing\\ControllerDispatcher->dispatch()
#3 /home/user/vendor/laravel/framework/src/Illuminate/Routing/Route.php(212): Illuminate\\Routing\\Route->runController()
#4 /home/user/vendor/laravel/framework/src/Illuminate/Routing/Router.php(808): Illuminate\\Routing\\Route->run()
#5 /home/user/vendor/laravel/framework/src/Illuminate/Pipeline/Pipeline.php(170): Illuminate\\Routing\\Router->{closure:Illuminate\\Routing\\Router::runRouteWithinStack():807}()
#6 /home/user/app/Http/Middleware/EnsureUserIsActive.php(23): Illuminate\\Pipeline\\Pipeline->{closure:Illuminate\\Pipeline\\Pipeline::prepareDestination():168}()
#7 /home/user/vendor/laravel/framework/src/Illuminate/Pipeline/Pipeline.php(209): App\\Http\\Middleware\\EnsureUserIsActive->handle()
#8 /home/user/vendor/laravel/framework/src/Illuminate/Routing/Middleware/SubstituteBindings.php(51): Illuminate\\Pipeline\\Pipeline->{closure:{closure:Illuminate\\Pipeline\\Pipeline::carry():184}:185}()
#9 /home/user/vendor/laravel/framework/src/Illuminate/Pipeline/Pipeline.php(209): Illuminate\\Routing\\Middleware\\SubstituteBindings->handle()
#10 /home/user/vendor/laravel/framework/src/Illuminate/Routing/Middleware/ThrottleRequests.php(161): Illuminate\\Pipeline\\Pipeline->{closure:{closure:Illuminate\\Pipeline\\Pipeline::carry():184}:185}()
#11 /home/user/vendor/laravel/framework/src/Illuminate/Routing/Middleware/ThrottleRequests.php(127): Illuminate\\Routing\\Middleware\\ThrottleRequests->handleRequest()
#12 /home/user/vendor/laravel/framework/src/Illuminate/Routing/Middleware/ThrottleRequests.php(89): Illuminate\\Routing\\Middleware\\ThrottleRequests->handleRequestUsingNamedLimiter()
#13 /home/user/vendor/laravel/framework/src/Illuminate/Pipeline/Pipeline.php(209): Illuminate\\Routing\\Middleware\\ThrottleRequests->handle()
#14 /home/user/vendor/laravel/framework/src/Illuminate/Auth/Middleware/Authenticate.php(64): Illuminate\\Pipeline\\Pipeline->{closure:{closure:Illuminate\\Pipeline\\Pipeline::carry():184}:185}()
#15 /home/user/vendor/laravel/framework/src/Illuminate/Pipeline/Pipeline.php(209): Illuminate\\Auth\\Middleware\\Authenticate->handle()
#16 /home/user/vendor/laravel/framework/src/Illuminate/Pipeline/Pipeline.php(127): Illuminate\\Pipeline\\Pipeline->{closure:{closure:Illuminate\\Pipeline\\Pipeline::carry():184}:185}()
#17 /home/user/vendor/laravel/framework/src/Illuminate/Routing/Router.php(807): Illuminate\\Pipeline\\Pipeline->then()
#18 /home/user/vendor/laravel/framework/src/Illuminate/Routing/Router.php(786): Illuminate\\Routing\\Router->runRouteWithinStack()
#19 /home/user/vendor/laravel/framework/src/Illuminate/Routing/Router.php(750): Illuminate\\Routing\\Router->runRoute()
#20 /home/user/vendor/laravel/framework/src/Illuminate/Routing/Router.php(739): Illuminate\\Routing\\Router->dispatchToRoute()
#21 /home/user/vendor/laravel/framework/src/Illuminate/Foundation/Http/Kernel.php(201): Illuminate\\Routing\\Router->dispatch()
#22 /home/user/vendor/laravel/framework/src/Illuminate/Pipeline/Pipeline.php(170): Illuminate\\Foundation\\Http\\Kernel->{closure:Illuminate\\Foundation\\Http\\Kernel::dispatchToRouter():198}()
#23 /home/user/vendor/livewire/livewire/src/Features/SupportDisablingBackButtonCache/DisableBackButtonCacheMiddleware.php(19): Illuminate\\Pipeline\\Pipeline->{closure:Illuminate\\Pipeline\\Pipeline::prepareDestination():168}()
#24 /home/user/vendor/laravel/framework/src/Illuminate/Pipeline/Pipeline.php(209): Livewire\\Features\\SupportDisablingBackButtonCache\\DisableBackButtonCacheMiddleware->handle()
#25 /home/user/app/Http/Middleware/SecurityHeaders.php(13): Illuminate\\Pipeline\\Pipeline->{closure:{closure:Illuminate\\Pipeline\\Pipeline::carry():184}:185}()
#26 /home/user/vendor/laravel/framework/src/Illuminate/Pipeline/Pipeline.php(209): App\\Http\\Middleware\\SecurityHeaders->handle()
#27 /home/user/app/Http/Middleware/CorrelationIdMiddleware.php(35): Illuminate\\Pipeline\\Pipeline->{closure:{closure:Illuminate\\Pipeline\\Pipeline::carry():184}:185}()
#28 /home/user/vendor/laravel/framework/src/Illuminate/Pipeline/Pipeline.php(209): App\\Http\\Middleware\\CorrelationIdMiddleware->handle()
#29 /home/user/vendor/laravel/framework/src/Illuminate/Foundation/Http/Middleware/TransformsRequest.php(21): Illuminate\\Pipeline\\Pipeline->{closure:{closure:Illuminate\\Pipeline\\Pipeline::carry():184}:185}()
#30 /home/user/vendor/laravel/framework/src/Illuminate/Foundation/Http/Middleware/ConvertEmptyStringsToNull.php(31): Illuminate\\Foundation\\Http\\Middleware\\TransformsRequest->handle()
#31 /home/user/vendor/laravel/framework/src/Illuminate/Pipeline/Pipeline.php(209): Illuminate\\Foundation\\Http\\Middleware\\ConvertEmptyStringsToNull->handle()
#32 /home/user/vendor/laravel/framework/src/Illuminate/Foundation/Http/Middleware/TransformsRequest.php(21): Illuminate\\Pipeline\\Pipeline->{closure:{closure:Illuminate\\Pipeline\\Pipeline::carry():184}:185}()
#33 /home/user/vendor/laravel/framework/src/Illuminate/Foundation/Http/Middleware/TrimStrings.php(51): Illuminate\\Foundation\\Http\\Middleware\\TransformsRequest->handle()
#34 /home/user/vendor/laravel/framework/src/Illuminate/Pipeline/Pipeline.php(209): Illuminate\\Foundation\\Http\\Middleware\\TrimStrings->handle()
#35 /home/user/vendor/laravel/framework/src/Illuminate/Http/Middleware/ValidatePostSize.php(27): Illuminate\\Pipeline\\Pipeline->{closure:{closure:Illuminate\\Pipeline\\Pipeline::carry():184}:185}()
#36 /home/user/vendor/laravel/framework/src/Illuminate/Pipeline/Pipeline.php(209): Illuminate\\Http\\Middleware\\ValidatePostSize->handle()
#37 /home/user/vendor/laravel/framework/src/Illuminate/Foundation/Http/Middleware/PreventRequestsDuringMaintenance.php(110): Illuminate\\Pipeline\\Pipeline->{closure:{closure:Illuminate\\Pipeline\\Pipeline::carry():184}:185}()
#38 /home/user/vendor/laravel/framework/src/Illuminate/Pipeline/Pipeline.php(209): Illuminate\\Foundation\\Http\\Middleware\\PreventRequestsDuringMaintenance->handle()
#39 /home/user/vendor/laravel/framework/src/Illuminate/Http/Middleware/HandleCors.php(62): Illuminate\\Pipeline\\Pipeline->{closure:{closure:Illuminate\\Pipeline\\Pipeline::carry():184}:185}()
#40 /home/user/vendor/laravel/framework/src/Illuminate/Pipeline/Pipeline.php(209): Illuminate\\Http\\Middleware\\HandleCors->handle()
#41 /home/user/vendor/laravel/framework/src/Illuminate/Http/Middleware/TrustProxies.php(58): Illuminate\\Pipeline\\Pipeline->{closure:{closure:Illuminate\\Pipeline\\Pipeline::carry():184}:185}()
#42 /home/user/vendor/laravel/framework/src/Illuminate/Pipeline/Pipeline.php(209): Illuminate\\Http\\Middleware\\TrustProxies->handle()
#43 /home/user/vendor/laravel/framework/src/Illuminate/Foundation/Http/Middleware/InvokeDeferredCallbacks.php(22): Illuminate\\Pipeline\\Pipeline->{closure:{closure:Illuminate\\Pipeline\\Pipeline::carry():184}:185}()
#44 /home/user/vendor/laravel/framework/src/Illuminate/Pipeline/Pipeline.php(209): Illuminate\\Foundation\\Http\\Middleware\\InvokeDeferredCallbacks->handle()
#45 /home/user/vendor/laravel/framework/src/Illuminate/Pipeline/Pipeline.php(127): Illuminate\\Pipeline\\Pipeline->{closure:{closure:Illuminate\\Pipeline\\Pipeline::carry():184}:185}()
#46 /home/user/vendor/laravel/framework/src/Illuminate/Foundation/Http/Kernel.php(176): Illuminate\\Pipeline\\Pipeline->then()
#47 /home/user/vendor/laravel/framework/src/Illuminate/Foundation/Http/Kernel.php(145): Illuminate\\Foundation\\Http\\Kernel->sendRequestThroughRouter()
#48 /home/user/vendor/laravel/framework/src/Illuminate/Foundation/Testing/Concerns/MakesHttpRequests.php(607): Illuminate\\Foundation\\Http\\Kernel->handle()
#49 /home/user/vendor/laravel/framework/src/Illuminate/Foundation/Testing/Concerns/MakesHttpRequests.php(573): Illuminate\\Foundation\\Testing\\TestCase->call()
#50 /home/user/vendor/laravel/framework/src/Illuminate/Foundation/Testing/Concerns/MakesHttpRequests.php(381): Illuminate\\Foundation\\Testing\\TestCase->json()
#51 /home/user/tests/Feature/Player/PlayerExperienceComprehensiveTest.php(632): Illuminate\\Foundation\\Testing\\TestCase->getJson()
#52 /home/user/vendor/phpunit/phpunit/src/Framework/TestCase.php(1667): Tests\\Feature\\Player\\PlayerExperienceComprehensiveTest->test_21_player_can_list_own_bets_with_pagination()
#53 /home/user/vendor/phpunit/phpunit/src/Framework/TestCase.php(519): PHPUnit\\Framework\\TestCase->runTest()
#54 /home/user/vendor/phpunit/phpunit/src/Framework/TestRunner/TestRunner.php(87): PHPUnit\\Framework\\TestCase->runBare()
#55 /home/user/vendor/phpunit/phpunit/src/Framework/TestCase.php(365): PHPUnit\\Framework\\TestRunner->run()
#56 /home/user/vendor/phpunit/phpunit/src/Framework/TestSuite.php(369): PHPUnit\\Framework\\TestCase->run()
#57 /home/user/vendor/phpunit/phpunit/src/Framework/TestSuite.php(369): PHPUnit\\Framework\\TestSuite->run()
#58 /home/user/vendor/phpunit/phpunit/src/Framework/TestSuite.php(369): PHPUnit\\Framework\\TestSuite->run()
#59 /home/user/vendor/phpunit/phpunit/src/TextUI/TestRunner.php(64): PHPUnit\\Framework\\TestSuite->run()
#60 /home/user/vendor/phpunit/phpunit/src/TextUI/Application.php(211): PHPUnit\\TextUI\\TestRunner->run()
#61 /home/user/vendor/phpunit/phpunit/phpunit(104): PHPUnit\\TextUI\\Application->run()
#62 /home/user/vendor/bin/phpunit(122): include('...')
#63 {main}
","path":"api/v1/bets","method":"GET","user_id":1} {"correlation_id":"5c063d0c-d6b6-4078-96e7-9188d018945a"}
[2026-09-08 10:43:32] testing.ERROR: App\Http\Responses\ApiResponse::success(): Argument #1 ($data) must be of type array, Illuminate\Pagination\LengthAwarePaginator given, called in /home/user/app/Http/Controllers/Api/V1/TicketController.php on line 52 {"correlation_id":"e394951d-6059-4ac4-8b85-57527b91dac2","userId":1,"exception":"[object] (TypeError(code: 0): App\\Http\\Responses\\ApiResponse::success(): Argument #1 ($data) must be of type array, Illuminate\\Pagination\\LengthAwarePaginator given, called in /home/user/app/Http/Controllers/Api/V1/TicketController.php on line 52 at /home/user/app/Http/Responses/ApiResponse.php:54)
[stacktrace]
#0 /home/user/app/Http/Controllers/Api/V1/TicketController.php(52): App\\Http\\Responses\\ApiResponse::success()
#1 /home/user/vendor/laravel/framework/src/Illuminate/Routing/ControllerDispatcher.php(47): App\\Http\\Controllers\\Api\\V1\\TicketController->index()
#2 /home/user/vendor/laravel/framework/src/Illuminate/Routing/Route.php(266): Illuminate\\Routing\\ControllerDispatcher->dispatch()
#3 /home/user/vendor/laravel/framework/src/Illuminate/Routing/Route.php(212): Illuminate\\Routing\\Route->runController()
#4 /home/user/vendor/laravel/framework/src/Illuminate/Routing/Router.php(808): Illuminate\\Routing\\Route->run()
#5 /home/user/vendor/laravel/framework/src/Illuminate/Pipeline/Pipeline.php(170): Illuminate\\Routing\\Router->{closure:Illuminate\\Routing\\Router::runRouteWithinStack():807}()
#6 /home/user/app/Http/Middleware/EnsureUserIsActive.php(23): Illuminate\\Pipeline\\Pipeline->{closure:Illuminate\\Pipeline\\Pipeline::prepareDestination():168}()
#7 /home/user/vendor/laravel/framework/src/Illuminate/Pipeline/Pipeline.php(209): App\\Http\\Middleware\\EnsureUserIsActive->handle()
#8 /home/user/vendor/laravel/framework/src/Illuminate/Routing/Middleware/SubstituteBindings.php(51): Illuminate\\Pipeline\\Pipeline->{closure:{closure:Illuminate\\Pipeline\\Pipeline::carry():184}:185}()
#9 /home/user/vendor/laravel/framework/src/Illuminate/Pipeline/Pipeline.php(209): Illuminate\\Routing\\Middleware\\SubstituteBindings->handle()
#10 /home/user/vendor/laravel/framework/src/Illuminate/Routing/Middleware/ThrottleRequests.php(161): Illuminate\\Pipeline\\Pipeline->{closure:{closure:Illuminate\\Pipeline\\Pipeline::carry():184}:185}()
#11 /home/user/vendor/laravel/framework/src/Illuminate/Routing/Middleware/ThrottleRequests.php(127): Illuminate\\Routing\\Middleware\\ThrottleRequests->handleRequest()
#12 /home/user/vendor/laravel/framework/src/Illuminate/Routing/Middleware/ThrottleRequests.php(89): Illuminate\\Routing\\Middleware\\ThrottleRequests->handleRequestUsingNamedLimiter()
#13 /home/user/vendor/laravel/framework/src/Illuminate/Pipeline/Pipeline.php(209): Illuminate\\Routing\\Middleware\\ThrottleRequests->handle()
#14 /home/user/vendor/laravel/framework/src/Illuminate/Auth/Middleware/Authenticate.php(64): Illuminate\\Pipeline\\Pipeline->{closure:{closure:Illuminate\\Pipeline\\Pipeline::carry():184}:185}()
#15 /home/user/vendor/laravel/framework/src/Illuminate/Pipeline/Pipeline.php(209): Illuminate\\Auth\\Middleware\\Authenticate->handle()
#16 /home/user/vendor/laravel/framework/src/Illuminate/Pipeline/Pipeline.php(127): Illuminate\\Pipeline\\Pipeline->{closure:{closure:Illuminate\\Pipeline\\Pipeline::carry():184}:185}()
#17 /home/user/vendor/laravel/framework/src/Illuminate/Routing/Router.php(807): Illuminate\\Pipeline\\Pipeline->then()
#18 /home/user/vendor/laravel/framework/src/Illuminate/Routing/Router.php(786): Illuminate\\Routing\\Router->runRouteWithinStack()
#19 /home/user/vendor/laravel/framework/src/Illuminate/Routing/Router.php(750): Illuminate\\Routing\\Router->runRoute()
#20 /home/user/vendor/laravel/framework/src/Illuminate/Routing/Router.php(739): Illuminate\\Routing\\Router->dispatchToRoute()
#21 /home/user/vendor/laravel/framework/src/Illuminate/Foundation/Http/Kernel.php(201): Illuminate\\Routing\\Router->dispatch()
#22 /home/user/vendor/laravel/framework/src/Illuminate/Pipeline/Pipeline.php(170): Illuminate\\Foundation\\Http\\Kernel->{closure:Illuminate\\Foundation\\Http\\Kernel::dispatchToRouter():198}()
#23 /home/user/vendor/livewire/livewire/src/Features/SupportDisablingBackButtonCache/DisableBackButtonCacheMiddleware.php(19): Illuminate\\Pipeline\\Pipeline->{closure:Illuminate\\Pipeline\\Pipeline::prepareDestination():168}()
#24 /home/user/vendor/laravel/framework/src/Illuminate/Pipeline/Pipeline.php(209): Livewire\\Features\\SupportDisablingBackButtonCache\\DisableBackButtonCacheMiddleware->handle()
#25 /home/user/app/Http/Middleware/SecurityHeaders.php(13): Illuminate\\Pipeline\\Pipeline->{closure:{closure:Illuminate\\Pipeline\\Pipeline::carry():184}:185}()
#26 /home/user/vendor/laravel/framework/src/Illuminate/Pipeline/Pipeline.php(209): App\\Http\\Middleware\\SecurityHeaders->handle()
#27 /home/user/app/Http/Middleware/CorrelationIdMiddleware.php(35): Illuminate\\Pipeline\\Pipeline->{closure:{closure:Illuminate\\Pipeline\\Pipeline::carry():184}:185}()
#28 /home/user/vendor/laravel/framework/src/Illuminate/Pipeline/Pipeline.php(209): App\\Http\\Middleware\\CorrelationIdMiddleware->handle()
#29 /home/user/vendor/laravel/framework/src/Illuminate/Foundation/Http/Middleware/TransformsRequest.php(21): Illuminate\\Pipeline\\Pipeline->{closure:{closure:Illuminate\\Pipeline\\Pipeline::carry():184}:185}()
#30 /home/user/vendor/laravel/framework/src/Illuminate/Foundation/Http/Middleware/ConvertEmptyStringsToNull.php(31): Illuminate\\Foundation\\Http\\Middleware\\TransformsRequest->handle()
#31 /home/user/vendor/laravel/framework/src/Illuminate/Pipeline/Pipeline.php(209): Illuminate\\Foundation\\Http\\Middleware\\ConvertEmptyStringsToNull->handle()
#32 /home/user/vendor/laravel/framework/src/Illuminate/Foundation/Http/Middleware/TransformsRequest.php(21): Illuminate\\Pipeline\\Pipeline->{closure:{closure:Illuminate\\Pipeline\\Pipeline::carry():184}:185}()
#33 /home/user/vendor/laravel/framework/src/Illuminate/Foundation/Http/Middleware/TrimStrings.php(51): Illuminate\\Foundation\\Http\\Middleware\\TransformsRequest->handle()
#34 /home/user/vendor/laravel/framework/src/Illuminate/Pipeline/Pipeline.php(209): Illuminate\\Foundation\\Http\\Middleware\\TrimStrings->handle()
#35 /home/user/vendor/laravel/framework/src/Illuminate/Http/Middleware/ValidatePostSize.php(27): Illuminate\\Pipeline\\Pipeline->{closure:{closure:Illuminate\\Pipeline\\Pipeline::carry():184}:185}()
#36 /home/user/vendor/laravel/framework/src/Illuminate/Pipeline/Pipeline.php(209): Illuminate\\Http\\Middleware\\ValidatePostSize->handle()
#37 /home/user/vendor/laravel/framework/src/Illuminate/Foundation/Http/Middleware/PreventRequestsDuringMaintenance.php(110): Illuminate\\Pipeline\\Pipeline->{closure:{closure:Illuminate\\Pipeline\\Pipeline::carry():184}:185}()
#38 /home/user/vendor/laravel/framework/src/Illuminate/Pipeline/Pipeline.php(209): Illuminate\\Foundation\\Http\\Middleware\\PreventRequestsDuringMaintenance->handle()
#39 /home/user/vendor/laravel/framework/src/Illuminate/Http/Middleware/HandleCors.php(62): Illuminate\\Pipeline\\Pipeline->{closure:{closure:Illuminate\\Pipeline\\Pipeline::carry():184}:185}()
#40 /home/user/vendor/laravel/framework/src/Illuminate/Pipeline/Pipeline.php(209): Illuminate\\Http\\Middleware\\HandleCors->handle()
#41 /home/user/vendor/laravel/framework/src/Illuminate/Http/Middleware/TrustProxies.php(58): Illuminate\\Pipeline\\Pipeline->{closure:{closure:Illuminate\\Pipeline\\Pipeline::carry():184}:185}()
#42 /home/user/vendor/laravel/framework/src/Illuminate/Pipeline/Pipeline.php(209): Illuminate\\Http\\Middleware\\TrustProxies->handle()
#43 /home/user/vendor/laravel/framework/src/Illuminate/Foundation/Http/Middleware/InvokeDeferredCallbacks.php(22): Illuminate\\Pipeline\\Pipeline->{closure:{closure:Illuminate\\Pipeline\\Pipeline::carry():184}:185}()
#44 /home/user/vendor/laravel/framework/src/Illuminate/Pipeline/Pipeline.php(209): Illuminate\\Foundation\\Http\\Middleware\\InvokeDeferredCallbacks->handle()
#45 /home/user/vendor/laravel/framework/src/Illuminate/Pipeline/Pipeline.php(127): Illuminate\\Pipeline\\Pipeline->{closure:{closure:Illuminate\\Pipeline\\Pipeline::carry():184}:185}()
#46 /home/user/vendor/laravel/framework/src/Illuminate/Foundation/Http/Kernel.php(176): Illuminate\\Pipeline\\Pipeline->then()
#47 /home/user/vendor/laravel/framework/src/Illuminate/Foundation/Http/Kernel.php(145): Illuminate\\Foundation\\Http\\Kernel->sendRequestThroughRouter()
#48 /home/user/vendor/laravel/framework/src/Illuminate/Foundation/Testing/Concerns/MakesHttpRequests.php(607): Illuminate\\Foundation\\Http\\Kernel->handle()
#49 /home/user/vendor/laravel/framework/src/Illuminate/Foundation/Testing/Concerns/MakesHttpRequests.php(573): Illuminate\\Foundation\\Testing\\TestCase->call()
#50 /home/user/vendor/laravel/framework/src/Illuminate/Foundation/Testing/Concerns/MakesHttpRequests.php(381): Illuminate\\Foundation\\Testing\\TestCase->json()
#51 /home/user/tests/Feature/Player/PlayerExperienceComprehensiveTest.php(719): Illuminate\\Foundation\\Testing\\TestCase->getJson()
#52 /home/user/vendor/phpunit/phpunit/src/Framework/TestCase.php(1667): Tests\\Feature\\Player\\PlayerExperienceComprehensiveTest->test_24_player_can_list_own_tickets()
#53 /home/user/vendor/phpunit/phpunit/src/Framework/TestCase.php(519): PHPUnit\\Framework\\TestCase->runTest()
#54 /home/user/vendor/phpunit/phpunit/src/Framework/TestRunner/TestRunner.php(87): PHPUnit\\Framework\\TestCase->runBare()
#55 /home/user/vendor/phpunit/phpunit/src/Framework/TestCase.php(365): PHPUnit\\Framework\\TestRunner->run()
#56 /home/user/vendor/phpunit/phpunit/src/Framework/TestSuite.php(369): PHPUnit\\Framework\\TestCase->run()
#57 /home/user/vendor/phpunit/phpunit/src/Framework/TestSuite.php(369): PHPUnit\\Framework\\TestSuite->run()
#58 /home/user/vendor/phpunit/phpunit/src/Framework/TestSuite.php(369): PHPUnit\\Framework\\TestSuite->run()
#59 /home/user/vendor/phpunit/phpunit/src/TextUI/TestRunner.php(64): PHPUnit\\Framework\\TestSuite->run()
#60 /home/user/vendor/phpunit/phpunit/src/TextUI/Application.php(211): PHPUnit\\TextUI\\TestRunner->run()
#61 /home/user/vendor/phpunit/phpunit/phpunit(104): PHPUnit\\TextUI\\Application->run()
#62 /home/user/vendor/bin/phpunit(122): include('...')
#63 {main}
"} {"correlation_id":"e394951d-6059-4ac4-8b85-57527b91dac2"}
[2026-09-08 10:43:32] testing.ERROR: api.unhandled_exception {"correlation_id":"e394951d-6059-4ac4-8b85-57527b91dac2","exception":"[object] (TypeError(code: 0): App\\Http\\Responses\\ApiResponse::success(): Argument #1 ($data) must be of type array, Illuminate\\Pagination\\LengthAwarePaginator given, called in /home/user/app/Http/Controllers/Api/V1/TicketController.php on line 52 at /home/user/app/Http/Responses/ApiResponse.php:54)
[stacktrace]
#0 /home/user/app/Http/Controllers/Api/V1/TicketController.php(52): App\\Http\\Responses\\ApiResponse::success()
#1 /home/user/vendor/laravel/framework/src/Illuminate/Routing/ControllerDispatcher.php(47): App\\Http\\Controllers\\Api\\V1\\TicketController->index()
#2 /home/user/vendor/laravel/framework/src/Illuminate/Routing/Route.php(266): Illuminate\\Routing\\ControllerDispatcher->dispatch()
#3 /home/user/vendor/laravel/framework/src/Illuminate/Routing/Route.php(212): Illuminate\\Routing\\Route->runController()
#4 /home/user/vendor/laravel/framework/src/Illuminate/Routing/Router.php(808): Illuminate\\Routing\\Route->run()
#5 /home/user/vendor/laravel/framework/src/Illuminate/Pipeline/Pipeline.php(170): Illuminate\\Routing\\Router->{closure:Illuminate\\Routing\\Router::runRouteWithinStack():807}()
#6 /home/user/app/Http/Middleware/EnsureUserIsActive.php(23): Illuminate\\Pipeline\\Pipeline->{closure:Illuminate\\Pipeline\\Pipeline::prepareDestination():168}()
#7 /home/user/vendor/laravel/framework/src/Illuminate/Pipeline/Pipeline.php(209): App\\Http\\Middleware\\EnsureUserIsActive->handle()
#8 /home/user/vendor/laravel/framework/src/Illuminate/Routing/Middleware/SubstituteBindings.php(51): Illuminate\\Pipeline\\Pipeline->{closure:{closure:Illuminate\\Pipeline\\Pipeline::carry():184}:185}()
#9 /home/user/vendor/laravel/framework/src/Illuminate/Pipeline/Pipeline.php(209): Illuminate\\Routing\\Middleware\\SubstituteBindings->handle()
#10 /home/user/vendor/laravel/framework/src/Illuminate/Routing/Middleware/ThrottleRequests.php(161): Illuminate\\Pipeline\\Pipeline->{closure:{closure:Illuminate\\Pipeline\\Pipeline::carry():184}:185}()
#11 /home/user/vendor/laravel/framework/src/Illuminate/Routing/Middleware/ThrottleRequests.php(127): Illuminate\\Routing\\Middleware\\ThrottleRequests->handleRequest()
#12 /home/user/vendor/laravel/framework/src/Illuminate/Routing/Middleware/ThrottleRequests.php(89): Illuminate\\Routing\\Middleware\\ThrottleRequests->handleRequestUsingNamedLimiter()
#13 /home/user/vendor/laravel/framework/src/Illuminate/Pipeline/Pipeline.php(209): Illuminate\\Routing\\Middleware\\ThrottleRequests->handle()
#14 /home/user/vendor/laravel/framework/src/Illuminate/Auth/Middleware/Authenticate.php(64): Illuminate\\Pipeline\\Pipeline->{closure:{closure:Illuminate\\Pipeline\\Pipeline::carry():184}:185}()
#15 /home/user/vendor/laravel/framework/src/Illuminate/Pipeline/Pipeline.php(209): Illuminate\\Auth\\Middleware\\Authenticate->handle()
#16 /home/user/vendor/laravel/framework/src/Illuminate/Pipeline/Pipeline.php(127): Illuminate\\Pipeline\\Pipeline->{closure:{closure:Illuminate\\Pipeline\\Pipeline::carry():184}:185}()
#17 /home/user/vendor/laravel/framework/src/Illuminate/Routing/Router.php(807): Illuminate\\Pipeline\\Pipeline->then()
#18 /home/user/vendor/laravel/framework/src/Illuminate/Routing/Router.php(786): Illuminate\\Routing\\Router->runRouteWithinStack()
#19 /home/user/vendor/laravel/framework/src/Illuminate/Routing/Router.php(750): Illuminate\\Routing\\Router->runRoute()
#20 /home/user/vendor/laravel/framework/src/Illuminate/Routing/Router.php(739): Illuminate\\Routing\\Router->dispatchToRoute()
#21 /home/user/vendor/laravel/framework/src/Illuminate/Foundation/Http/Kernel.php(201): Illuminate\\Routing\\Router->dispatch()
#22 /home/user/vendor/laravel/framework/src/Illuminate/Pipeline/Pipeline.php(170): Illuminate\\Foundation\\Http\\Kernel->{closure:Illuminate\\Foundation\\Http\\Kernel::dispatchToRouter():198}()
#23 /home/user/vendor/livewire/livewire/src/Features/SupportDisablingBackButtonCache/DisableBackButtonCacheMiddleware.php(19): Illuminate\\Pipeline\\Pipeline->{closure:Illuminate\\Pipeline\\Pipeline::prepareDestination():168}()
#24 /home/user/vendor/laravel/framework/src/Illuminate/Pipeline/Pipeline.php(209): Livewire\\Features\\SupportDisablingBackButtonCache\\DisableBackButtonCacheMiddleware->handle()
#25 /home/user/app/Http/Middleware/SecurityHeaders.php(13): Illuminate\\Pipeline\\Pipeline->{closure:{closure:Illuminate\\Pipeline\\Pipeline::carry():184}:185}()
#26 /home/user/vendor/laravel/framework/src/Illuminate/Pipeline/Pipeline.php(209): App\\Http\\Middleware\\SecurityHeaders->handle()
#27 /home/user/app/Http/Middleware/CorrelationIdMiddleware.php(35): Illuminate\\Pipeline\\Pipeline->{closure:{closure:Illuminate\\Pipeline\\Pipeline::carry():184}:185}()
#28 /home/user/vendor/laravel/framework/src/Illuminate/Pipeline/Pipeline.php(209): App\\Http\\Middleware\\CorrelationIdMiddleware->handle()
#29 /home/user/vendor/laravel/framework/src/Illuminate/Foundation/Http/Middleware/TransformsRequest.php(21): Illuminate\\Pipeline\\Pipeline->{closure:{closure:Illuminate\\Pipeline\\Pipeline::carry():184}:185}()
#30 /home/user/vendor/laravel/framework/src/Illuminate/Foundation/Http/Middleware/ConvertEmptyStringsToNull.php(31): Illuminate\\Foundation\\Http\\Middleware\\TransformsRequest->handle()
#31 /home/user/vendor/laravel/framework/src/Illuminate/Pipeline/Pipeline.php(209): Illuminate\\Foundation\\Http\\Middleware\\ConvertEmptyStringsToNull->handle()
#32 /home/user/vendor/laravel/framework/src/Illuminate/Foundation/Http/Middleware/TransformsRequest.php(21): Illuminate\\Pipeline\\Pipeline->{closure:{closure:Illuminate\\Pipeline\\Pipeline::carry():184}:185}()
#33 /home/user/vendor/laravel/framework/src/Illuminate/Foundation/Http/Middleware/TrimStrings.php(51): Illuminate\\Foundation\\Http\\Middleware\\TransformsRequest->handle()
#34 /home/user/vendor/laravel/framework/src/Illuminate/Pipeline/Pipeline.php(209): Illuminate\\Foundation\\Http\\Middleware\\TrimStrings->handle()
#35 /home/user/vendor/laravel/framework/src/Illuminate/Http/Middleware/ValidatePostSize.php(27): Illuminate\\Pipeline\\Pipeline->{closure:{closure:Illuminate\\Pipeline\\Pipeline::carry():184}:185}()
#36 /home/user/vendor/laravel/framework/src/Illuminate/Pipeline/Pipeline.php(209): Illuminate\\Http\\Middleware\\ValidatePostSize->handle()
#37 /home/user/vendor/laravel/framework/src/Illuminate/Foundation/Http/Middleware/PreventRequestsDuringMaintenance.php(110): Illuminate\\Pipeline\\Pipeline->{closure:{closure:Illuminate\\Pipeline\\Pipeline::carry():184}:185}()
#38 /home/user/vendor/laravel/framework/src/Illuminate/Pipeline/Pipeline.php(209): Illuminate\\Foundation\\Http\\Middleware\\PreventRequestsDuringMaintenance->handle()
#39 /home/user/vendor/laravel/framework/src/Illuminate/Http/Middleware/HandleCors.php(62): Illuminate\\Pipeline\\Pipeline->{closure:{closure:Illuminate\\Pipeline\\Pipeline::carry():184}:185}()
#40 /home/user/vendor/laravel/framework/src/Illuminate/Pipeline/Pipeline.php(209): Illuminate\\Http\\Middleware\\HandleCors->handle()
#41 /home/user/vendor/laravel/framework/src/Illuminate/Http/Middleware/TrustProxies.php(58): Illuminate\\Pipeline\\Pipeline->{closure:{closure:Illuminate\\Pipeline\\Pipeline::carry():184}:185}()
#42 /home/user/vendor/laravel/framework/src/Illuminate/Pipeline/Pipeline.php(209): Illuminate\\Http\\Middleware\\TrustProxies->handle()
#43 /home/user/vendor/laravel/framework/src/Illuminate/Foundation/Http/Middleware/InvokeDeferredCallbacks.php(22): Illuminate\\Pipeline\\Pipeline->{closure:{closure:Illuminate\\Pipeline\\Pipeline::carry():184}:185}()
#44 /home/user/vendor/laravel/framework/src/Illuminate/Pipeline/Pipeline.php(209): Illuminate\\Foundation\\Http\\Middleware\\InvokeDeferredCallbacks->handle()
#45 /home/user/vendor/laravel/framework/src/Illuminate/Pipeline/Pipeline.php(127): Illuminate\\Pipeline\\Pipeline->{closure:{closure:Illuminate\\Pipeline\\Pipeline::carry():184}:185}()
#46 /home/user/vendor/laravel/framework/src/Illuminate/Foundation/Http/Kernel.php(176): Illuminate\\Pipeline\\Pipeline->then()
#47 /home/user/vendor/laravel/framework/src/Illuminate/Foundation/Http/Kernel.php(145): Illuminate\\Foundation\\Http\\Kernel->sendRequestThroughRouter()
#48 /home/user/vendor/laravel/framework/src/Illuminate/Foundation/Testing/Concerns/MakesHttpRequests.php(607): Illuminate\\Foundation\\Http\\Kernel->handle()
#49 /home/user/vendor/laravel/framework/src/Illuminate/Foundation/Testing/Concerns/MakesHttpRequests.php(573): Illuminate\\Foundation\\Testing\\TestCase->call()
#50 /home/user/vendor/laravel/framework/src/Illuminate/Foundation/Testing/Concerns/MakesHttpRequests.php(381): Illuminate\\Foundation\\Testing\\TestCase->json()
#51 /home/user/tests/Feature/Player/PlayerExperienceComprehensiveTest.php(719): Illuminate\\Foundation\\Testing\\TestCase->getJson()
#52 /home/user/vendor/phpunit/phpunit/src/Framework/TestCase.php(1667): Tests\\Feature\\Player\\PlayerExperienceComprehensiveTest->test_24_player_can_list_own_tickets()
#53 /home/user/vendor/phpunit/phpunit/src/Framework/TestCase.php(519): PHPUnit\\Framework\\TestCase->runTest()
#54 /home/user/vendor/phpunit/phpunit/src/Framework/TestRunner/TestRunner.php(87): PHPUnit\\Framework\\TestCase->runBare()
#55 /home/user/vendor/phpunit/phpunit/src/Framework/TestCase.php(365): PHPUnit\\Framework\\TestRunner->run()
#56 /home/user/vendor/phpunit/phpunit/src/Framework/TestSuite.php(369): PHPUnit\\Framework\\TestCase->run()
#57 /home/user/vendor/phpunit/phpunit/src/Framework/TestSuite.php(369): PHPUnit\\Framework\\TestSuite->run()
#58 /home/user/vendor/phpunit/phpunit/src/Framework/TestSuite.php(369): PHPUnit\\Framework\\TestSuite->run()
#59 /home/user/vendor/phpunit/phpunit/src/TextUI/TestRunner.php(64): PHPUnit\\Framework\\TestSuite->run()
#60 /home/user/vendor/phpunit/phpunit/src/TextUI/Application.php(211): PHPUnit\\TextUI\\TestRunner->run()
#61 /home/user/vendor/phpunit/phpunit/phpunit(104): PHPUnit\\TextUI\\Application->run()
#62 /home/user/vendor/bin/phpunit(122): include('...')
#63 {main}
","path":"api/v1/tickets","method":"GET","user_id":1} {"correlation_id":"e394951d-6059-4ac4-8b85-57527b91dac2"}
[2026-09-08 10:43:35] testing.ERROR: Call to undefined method Illuminate\Cache\RateLimiting\Limit::perDays() {"correlation_id":"11a76a16-8484-41d3-9a23-3192ca9a8876","userId":1,"exception":"[object] (Error(code: 0): Call to undefined method Illuminate\\Cache\\RateLimiting\\Limit::perDays() at /home/user/app/Providers/AppServiceProvider.php:95)
[stacktrace]
#0 /home/user/vendor/laravel/framework/src/Illuminate/Cache/RateLimiter.php(75): App\\Providers\\AppServiceProvider->{closure:App\\Providers\\AppServiceProvider::registerRateLimiters():93}()
#1 /home/user/vendor/laravel/framework/src/Illuminate/Routing/Middleware/ThrottleRequests.php(119): Illuminate\\Cache\\RateLimiter->{closure:Illuminate\\Cache\\RateLimiter::limiter():74}()
#2 /home/user/vendor/laravel/framework/src/Illuminate/Routing/Middleware/ThrottleRequests.php(89): Illuminate\\Routing\\Middleware\\ThrottleRequests->handleRequestUsingNamedLimiter()
#3 /home/user/vendor/laravel/framework/src/Illuminate/Pipeline/Pipeline.php(209): Illuminate\\Routing\\Middleware\\ThrottleRequests->handle()
#4 /home/user/vendor/laravel/framework/src/Illuminate/Routing/Middleware/ThrottleRequests.php(161): Illuminate\\Pipeline\\Pipeline->{closure:{closure:Illuminate\\Pipeline\\Pipeline::carry():184}:185}()
#5 /home/user/vendor/laravel/framework/src/Illuminate/Routing/Middleware/ThrottleRequests.php(127): Illuminate\\Routing\\Middleware\\ThrottleRequests->handleRequest()
#6 /home/user/vendor/laravel/framework/src/Illuminate/Routing/Middleware/ThrottleRequests.php(89): Illuminate\\Routing\\Middleware\\ThrottleRequests->handleRequestUsingNamedLimiter()
#7 /home/user/vendor/laravel/framework/src/Illuminate/Pipeline/Pipeline.php(209): Illuminate\\Routing\\Middleware\\ThrottleRequests->handle()
#8 /home/user/vendor/laravel/framework/src/Illuminate/Auth/Middleware/Authenticate.php(64): Illuminate\\Pipeline\\Pipeline->{closure:{closure:Illuminate\\Pipeline\\Pipeline::carry():184}:185}()
#9 /home/user/vendor/laravel/framework/src/Illuminate/Pipeline/Pipeline.php(209): Illuminate\\Auth\\Middleware\\Authenticate->handle()
#10 /home/user/vendor/laravel/framework/src/Illuminate/Pipeline/Pipeline.php(127): Illuminate\\Pipeline\\Pipeline->{closure:{closure:Illuminate\\Pipeline\\Pipeline::carry():184}:185}()
#11 /home/user/vendor/laravel/framework/src/Illuminate/Routing/Router.php(807): Illuminate\\Pipeline\\Pipeline->then()
#12 /home/user/vendor/laravel/framework/src/Illuminate/Routing/Router.php(786): Illuminate\\Routing\\Router->runRouteWithinStack()
#13 /home/user/vendor/laravel/framework/src/Illuminate/Routing/Router.php(750): Illuminate\\Routing\\Router->runRoute()
#14 /home/user/vendor/laravel/framework/src/Illuminate/Routing/Router.php(739): Illuminate\\Routing\\Router->dispatchToRoute()
#15 /home/user/vendor/laravel/framework/src/Illuminate/Foundation/Http/Kernel.php(201): Illuminate\\Routing\\Router->dispatch()
#16 /home/user/vendor/laravel/framework/src/Illuminate/Pipeline/Pipeline.php(170): Illuminate\\Foundation\\Http\\Kernel->{closure:Illuminate\\Foundation\\Http\\Kernel::dispatchToRouter():198}()
#17 /home/user/vendor/livewire/livewire/src/Features/SupportDisablingBackButtonCache/DisableBackButtonCacheMiddleware.php(19): Illuminate\\Pipeline\\Pipeline->{closure:Illuminate\\Pipeline\\Pipeline::prepareDestination():168}()
#18 /home/user/vendor/laravel/framework/src/Illuminate/Pipeline/Pipeline.php(209): Livewire\\Features\\SupportDisablingBackButtonCache\\DisableBackButtonCacheMiddleware->handle()
#19 /home/user/app/Http/Middleware/SecurityHeaders.php(13): Illuminate\\Pipeline\\Pipeline->{closure:{closure:Illuminate\\Pipeline\\Pipeline::carry():184}:185}()
#20 /home/user/vendor/laravel/framework/src/Illuminate/Pipeline/Pipeline.php(209): App\\Http\\Middleware\\SecurityHeaders->handle()
#21 /home/user/app/Http/Middleware/CorrelationIdMiddleware.php(35): Illuminate\\Pipeline\\Pipeline->{closure:{closure:Illuminate\\Pipeline\\Pipeline::carry():184}:185}()
#22 /home/user/vendor/laravel/framework/src/Illuminate/Pipeline/Pipeline.php(209): App\\Http\\Middleware\\CorrelationIdMiddleware->handle()
#23 /home/user/vendor/laravel/framework/src/Illuminate/Foundation/Http/Middleware/TransformsRequest.php(21): Illuminate\\Pipeline\\Pipeline->{closure:{closure:Illuminate\\Pipeline\\Pipeline::carry():184}:185}()
#24 /home/user/vendor/laravel/framework/src/Illuminate/Foundation/Http/Middleware/ConvertEmptyStringsToNull.php(31): Illuminate\\Foundation\\Http\\Middleware\\TransformsRequest->handle()
#25 /home/user/vendor/laravel/framework/src/Illuminate/Pipeline/Pipeline.php(209): Illuminate\\Foundation\\Http\\Middleware\\ConvertEmptyStringsToNull->handle()
#26 /home/user/vendor/laravel/framework/src/Illuminate/Foundation/Http/Middleware/TransformsRequest.php(21): Illuminate\\Pipeline\\Pipeline->{closure:{closure:Illuminate\\Pipeline\\Pipeline::carry():184}:185}()
#27 /home/user/vendor/laravel/framework/src/Illuminate/Foundation/Http/Middleware/TrimStrings.php(51): Illuminate\\Foundation\\Http\\Middleware\\TransformsRequest->handle()
#28 /home/user/vendor/laravel/framework/src/Illuminate/Pipeline/Pipeline.php(209): Illuminate\\Foundation\\Http\\Middleware\\TrimStrings->handle()
#29 /home/user/vendor/laravel/framework/src/Illuminate/Http/Middleware/ValidatePostSize.php(27): Illuminate\\Pipeline\\Pipeline->{closure:{closure:Illuminate\\Pipeline\\Pipeline::carry():184}:185}()
#30 /home/user/vendor/laravel/framework/src/Illuminate/Pipeline/Pipeline.php(209): Illuminate\\Http\\Middleware\\ValidatePostSize->handle()
#31 /home/user/vendor/laravel/framework/src/Illuminate/Foundation/Http/Middleware/PreventRequestsDuringMaintenance.php(110): Illuminate\\Pipeline\\Pipeline->{closure:{closure:Illuminate\\Pipeline\\Pipeline::carry():184}:185}()
#32 /home/user/vendor/laravel/framework/src/Illuminate/Pipeline/Pipeline.php(209): Illuminate\\Foundation\\Http\\Middleware\\PreventRequestsDuringMaintenance->handle()
#33 /home/user/vendor/laravel/framework/src/Illuminate/Http/Middleware/HandleCors.php(62): Illuminate\\Pipeline\\Pipeline->{closure:{closure:Illuminate\\Pipeline\\Pipeline::carry():184}:185}()
#34 /home/user/vendor/laravel/framework/src/Illuminate/Pipeline/Pipeline.php(209): Illuminate\\Http\\Middleware\\HandleCors->handle()
#35 /home/user/vendor/laravel/framework/src/Illuminate/Http/Middleware/TrustProxies.php(58): Illuminate\\Pipeline\\Pipeline->{closure:{closure:Illuminate\\Pipeline\\Pipeline::carry():184}:185}()
#36 /home/user/vendor/laravel/framework/src/Illuminate/Pipeline/Pipeline.php(209): Illuminate\\Http\\Middleware\\TrustProxies->handle()
#37 /home/user/vendor/laravel/framework/src/Illuminate/Foundation/Http/Middleware/InvokeDeferredCallbacks.php(22): Illuminate\\Pipeline\\Pipeline->{closure:{closure:Illuminate\\Pipeline\\Pipeline::carry():184}:185}()
#38 /home/user/vendor/laravel/framework/src/Illuminate/Pipeline/Pipeline.php(209): Illuminate\\Foundation\\Http\\Middleware\\InvokeDeferredCallbacks->handle()
#39 /home/user/vendor/laravel/framework/src/Illuminate/Pipeline/Pipeline.php(127): Illuminate\\Pipeline\\Pipeline->{closure:{closure:Illuminate\\Pipeline\\Pipeline::carry():184}:185}()
#40 /home/user/vendor/laravel/framework/src/Illuminate/Foundation/Http/Kernel.php(176): Illuminate\\Pipeline\\Pipeline->then()
#41 /home/user/vendor/laravel/framework/src/Illuminate/Foundation/Http/Kernel.php(145): Illuminate\\Foundation\\Http\\Kernel->sendRequestThroughRouter()
#42 /home/user/vendor/laravel/framework/src/Illuminate/Foundation/Testing/Concerns/MakesHttpRequests.php(607): Illuminate\\Foundation\\Http\\Kernel->handle()
#43 /home/user/vendor/laravel/framework/src/Illuminate/Foundation/Testing/Concerns/MakesHttpRequests.php(573): Illuminate\\Foundation\\Testing\\TestCase->call()
#44 /home/user/vendor/laravel/framework/src/Illuminate/Foundation/Testing/Concerns/MakesHttpRequests.php(411): Illuminate\\Foundation\\Testing\\TestCase->json()
#45 /home/user/tests/Feature/Player/PlayerExperienceComprehensiveTest.php(923): Illuminate\\Foundation\\Testing\\TestCase->postJson()
#46 /home/user/vendor/phpunit/phpunit/src/Framework/TestCase.php(1667): Tests\\Feature\\Player\\PlayerExperienceComprehensiveTest->test_33_player_can_request_withdrawal()
#47 /home/user/vendor/phpunit/phpunit/src/Framework/TestCase.php(519): PHPUnit\\Framework\\TestCase->runTest()
#48 /home/user/vendor/phpunit/phpunit/src/Framework/TestRunner/TestRunner.php(87): PHPUnit\\Framework\\TestCase->runBare()
#49 /home/user/vendor/phpunit/phpunit/src/Framework/TestCase.php(365): PHPUnit\\Framework\\TestRunner->run()
#50 /home/user/vendor/phpunit/phpunit/src/Framework/TestSuite.php(369): PHPUnit\\Framework\\TestCase->run()
#51 /home/user/vendor/phpunit/phpunit/src/Framework/TestSuite.php(369): PHPUnit\\Framework\\TestSuite->run()
#52 /home/user/vendor/phpunit/phpunit/src/Framework/TestSuite.php(369): PHPUnit\\Framework\\TestSuite->run()
#53 /home/user/vendor/phpunit/phpunit/src/TextUI/TestRunner.php(64): PHPUnit\\Framework\\TestSuite->run()
#54 /home/user/vendor/phpunit/phpunit/src/TextUI/Application.php(211): PHPUnit\\TextUI\\TestRunner->run()
#55 /home/user/vendor/phpunit/phpunit/phpunit(104): PHPUnit\\TextUI\\Application->run()
#56 /home/user/vendor/bin/phpunit(122): include('...')
#57 {main}
"} {"correlation_id":"11a76a16-8484-41d3-9a23-3192ca9a8876"}
[2026-09-08 10:43:35] testing.ERROR: api.unhandled_exception {"correlation_id":"11a76a16-8484-41d3-9a23-3192ca9a8876","exception":"[object] (Error(code: 0): Call to undefined method Illuminate\\Cache\\RateLimiting\\Limit::perDays() at /home/user/app/Providers/AppServiceProvider.php:95)
[stacktrace]
#0 /home/user/vendor/laravel/framework/src/Illuminate/Cache/RateLimiter.php(75): App\\Providers\\AppServiceProvider->{closure:App\\Providers\\AppServiceProvider::registerRateLimiters():93}()
#1 /home/user/vendor/laravel/framework/src/Illuminate/Routing/Middleware/ThrottleRequests.php(119): Illuminate\\Cache\\RateLimiter->{closure:Illuminate\\Cache\\RateLimiter::limiter():74}()
#2 /home/user/vendor/laravel/framework/src/Illuminate/Routing/Middleware/ThrottleRequests.php(89): Illuminate\\Routing\\Middleware\\ThrottleRequests->handleRequestUsingNamedLimiter()
#3 /home/user/vendor/laravel/framework/src/Illuminate/Pipeline/Pipeline.php(209): Illuminate\\Routing\\Middleware\\ThrottleRequests->handle()
#4 /home/user/vendor/laravel/framework/src/Illuminate/Routing/Middleware/ThrottleRequests.php(161): Illuminate\\Pipeline\\Pipeline->{closure:{closure:Illuminate\\Pipeline\\Pipeline::carry():184}:185}()
#5 /home/user/vendor/laravel/framework/src/Illuminate/Routing/Middleware/ThrottleRequests.php(127): Illuminate\\Routing\\Middleware\\ThrottleRequests->handleRequest()
#6 /home/user/vendor/laravel/framework/src/Illuminate/Routing/Middleware/ThrottleRequests.php(89): Illuminate\\Routing\\Middleware\\ThrottleRequests->handleRequestUsingNamedLimiter()
#7 /home/user/vendor/laravel/framework/src/Illuminate/Pipeline/Pipeline.php(209): Illuminate\\Routing\\Middleware\\ThrottleRequests->handle()
#8 /home/user/vendor/laravel/framework/src/Illuminate/Auth/Middleware/Authenticate.php(64): Illuminate\\Pipeline\\Pipeline->{closure:{closure:Illuminate\\Pipeline\\Pipeline::carry():184}:185}()
#9 /home/user/vendor/laravel/framework/src/Illuminate/Pipeline/Pipeline.php(209): Illuminate\\Auth\\Middleware\\Authenticate->handle()
#10 /home/user/vendor/laravel/framework/src/Illuminate/Pipeline/Pipeline.php(127): Illuminate\\Pipeline\\Pipeline->{closure:{closure:Illuminate\\Pipeline\\Pipeline::carry():184}:185}()
#11 /home/user/vendor/laravel/framework/src/Illuminate/Routing/Router.php(807): Illuminate\\Pipeline\\Pipeline->then()
#12 /home/user/vendor/laravel/framework/src/Illuminate/Routing/Router.php(786): Illuminate\\Routing\\Router->runRouteWithinStack()
#13 /home/user/vendor/laravel/framework/src/Illuminate/Routing/Router.php(750): Illuminate\\Routing\\Router->runRoute()
#14 /home/user/vendor/laravel/framework/src/Illuminate/Routing/Router.php(739): Illuminate\\Routing\\Router->dispatchToRoute()
#15 /home/user/vendor/laravel/framework/src/Illuminate/Foundation/Http/Kernel.php(201): Illuminate\\Routing\\Router->dispatch()
#16 /home/user/vendor/laravel/framework/src/Illuminate/Pipeline/Pipeline.php(170): Illuminate\\Foundation\\Http\\Kernel->{closure:Illuminate\\Foundation\\Http\\Kernel::dispatchToRouter():198}()
#17 /home/user/vendor/livewire/livewire/src/Features/SupportDisablingBackButtonCache/DisableBackButtonCacheMiddleware.php(19): Illuminate\\Pipeline\\Pipeline->{closure:Illuminate\\Pipeline\\Pipeline::prepareDestination():168}()
#18 /home/user/vendor/laravel/framework/src/Illuminate/Pipeline/Pipeline.php(209): Livewire\\Features\\SupportDisablingBackButtonCache\\DisableBackButtonCacheMiddleware->handle()
#19 /home/user/app/Http/Middleware/SecurityHeaders.php(13): Illuminate\\Pipeline\\Pipeline->{closure:{closure:Illuminate\\Pipeline\\Pipeline::carry():184}:185}()
#20 /home/user/vendor/laravel/framework/src/Illuminate/Pipeline/Pipeline.php(209): App\\Http\\Middleware\\SecurityHeaders->handle()
#21 /home/user/app/Http/Middleware/CorrelationIdMiddleware.php(35): Illuminate\\Pipeline\\Pipeline->{closure:{closure:Illuminate\\Pipeline\\Pipeline::carry():184}:185}()
#22 /home/user/vendor/laravel/framework/src/Illuminate/Pipeline/Pipeline.php(209): App\\Http\\Middleware\\CorrelationIdMiddleware->handle()
#23 /home/user/vendor/laravel/framework/src/Illuminate/Foundation/Http/Middleware/TransformsRequest.php(21): Illuminate\\Pipeline\\Pipeline->{closure:{closure:Illuminate\\Pipeline\\Pipeline::carry():184}:185}()
#24 /home/user/vendor/laravel/framework/src/Illuminate/Foundation/Http/Middleware/ConvertEmptyStringsToNull.php(31): Illuminate\\Foundation\\Http\\Middleware\\TransformsRequest->handle()
#25 /home/user/vendor/laravel/framework/src/Illuminate/Pipeline/Pipeline.php(209): Illuminate\\Foundation\\Http\\Middleware\\ConvertEmptyStringsToNull->handle()
#26 /home/user/vendor/laravel/framework/src/Illuminate/Foundation/Http/Middleware/TransformsRequest.php(21): Illuminate\\Pipeline\\Pipeline->{closure:{closure:Illuminate\\Pipeline\\Pipeline::carry():184}:185}()
#27 /home/user/vendor/laravel/framework/src/Illuminate/Foundation/Http/Middleware/TrimStrings.php(51): Illuminate\\Foundation\\Http\\Middleware\\TransformsRequest->handle()
#28 /home/user/vendor/laravel/framework/src/Illuminate/Pipeline/Pipeline.php(209): Illuminate\\Foundation\\Http\\Middleware\\TrimStrings->handle()
#29 /home/user/vendor/laravel/framework/src/Illuminate/Http/Middleware/ValidatePostSize.php(27): Illuminate\\Pipeline\\Pipeline->{closure:{closure:Illuminate\\Pipeline\\Pipeline::carry():184}:185}()
#30 /home/user/vendor/laravel/framework/src/Illuminate/Pipeline/Pipeline.php(209): Illuminate\\Http\\Middleware\\ValidatePostSize->handle()
#31 /home/user/vendor/laravel/framework/src/Illuminate/Foundation/Http/Middleware/PreventRequestsDuringMaintenance.php(110): Illuminate\\Pipeline\\Pipeline->{closure:{closure:Illuminate\\Pipeline\\Pipeline::carry():184}:185}()
#32 /home/user/vendor/laravel/framework/src/Illuminate/Pipeline/Pipeline.php(209): Illuminate\\Foundation\\Http\\Middleware\\PreventRequestsDuringMaintenance->handle()
#33 /home/user/vendor/laravel/framework/src/Illuminate/Http/Middleware/HandleCors.php(62): Illuminate\\Pipeline\\Pipeline->{closure:{closure:Illuminate\\Pipeline\\Pipeline::carry():184}:185}()
#34 /home/user/vendor/laravel/framework/src/Illuminate/Pipeline/Pipeline.php(209): Illuminate\\Http\\Middleware\\HandleCors->handle()
#35 /home/user/vendor/laravel/framework/src/Illuminate/Http/Middleware/TrustProxies.php(58): Illuminate\\Pipeline\\Pipeline->{closure:{closure:Illuminate\\Pipeline\\Pipeline::carry():184}:185}()
#36 /home/user/vendor/laravel/framework/src/Illuminate/Pipeline/Pipeline.php(209): Illuminate\\Http\\Middleware\\TrustProxies->handle()
#37 /home/user/vendor/laravel/framework/src/Illuminate/Foundation/Http/Middleware/InvokeDeferredCallbacks.php(22): Illuminate\\Pipeline\\Pipeline->{closure:{closure:Illuminate\\Pipeline\\Pipeline::carry():184}:185}()
#38 /home/user/vendor/laravel/framework/src/Illuminate/Pipeline/Pipeline.php(209): Illuminate\\Foundation\\Http\\Middleware\\InvokeDeferredCallbacks->handle()
#39 /home/user/vendor/laravel/framework/src/Illuminate/Pipeline/Pipeline.php(127): Illuminate\\Pipeline\\Pipeline->{closure:{closure:Illuminate\\Pipeline\\Pipeline::carry():184}:185}()
#40 /home/user/vendor/laravel/framework/src/Illuminate/Foundation/Http/Kernel.php(176): Illuminate\\Pipeline\\Pipeline->then()
#41 /home/user/vendor/laravel/framework/src/Illuminate/Foundation/Http/Kernel.php(145): Illuminate\\Foundation\\Http\\Kernel->sendRequestThroughRouter()
#42 /home/user/vendor/laravel/framework/src/Illuminate/Foundation/Testing/Concerns/MakesHttpRequests.php(607): Illuminate\\Foundation\\Http\\Kernel->handle()
#43 /home/user/vendor/laravel/framework/src/Illuminate/Foundation/Testing/Concerns/MakesHttpRequests.php(573): Illuminate\\Foundation\\Testing\\TestCase->call()
#44 /home/user/vendor/laravel/framework/src/Illuminate/Foundation/Testing/Concerns/MakesHttpRequests.php(411): Illuminate\\Foundation\\Testing\\TestCase->json()
#45 /home/user/tests/Feature/Player/PlayerExperienceComprehensiveTest.php(923): Illuminate\\Foundation\\Testing\\TestCase->postJson()
#46 /home/user/vendor/phpunit/phpunit/src/Framework/TestCase.php(1667): Tests\\Feature\\Player\\PlayerExperienceComprehensiveTest->test_33_player_can_request_withdrawal()
#47 /home/user/vendor/phpunit/phpunit/src/Framework/TestCase.php(519): PHPUnit\\Framework\\TestCase->runTest()
#48 /home/user/vendor/phpunit/phpunit/src/Framework/TestRunner/TestRunner.php(87): PHPUnit\\Framework\\TestCase->runBare()
#49 /home/user/vendor/phpunit/phpunit/src/Framework/TestCase.php(365): PHPUnit\\Framework\\TestRunner->run()
#50 /home/user/vendor/phpunit/phpunit/src/Framework/TestSuite.php(369): PHPUnit\\Framework\\TestCase->run()
#51 /home/user/vendor/phpunit/phpunit/src/Framework/TestSuite.php(369): PHPUnit\\Framework\\TestSuite->run()
#52 /home/user/vendor/phpunit/phpunit/src/Framework/TestSuite.php(369): PHPUnit\\Framework\\TestSuite->run()
#53 /home/user/vendor/phpunit/phpunit/src/TextUI/TestRunner.php(64): PHPUnit\\Framework\\TestSuite->run()
#54 /home/user/vendor/phpunit/phpunit/src/TextUI/Application.php(211): PHPUnit\\TextUI\\TestRunner->run()
#55 /home/user/vendor/phpunit/phpunit/phpunit(104): PHPUnit\\TextUI\\Application->run()
#56 /home/user/vendor/bin/phpunit(122): include('...')
#57 {main}
","path":"api/v1/withdrawals","method":"POST","user_id":1} {"correlation_id":"11a76a16-8484-41d3-9a23-3192ca9a8876"}
[2026-09-08 10:43:35] testing.ERROR: Call to undefined method Illuminate\Cache\RateLimiting\Limit::perDays() {"correlation_id":"a27b71f7-153e-4f22-99a5-e791492e5997","userId":1,"exception":"[object] (Error(code: 0): Call to undefined method Illuminate\\Cache\\RateLimiting\\Limit::perDays() at /home/user/app/Providers/AppServiceProvider.php:95)
[stacktrace]
#0 /home/user/vendor/laravel/framework/src/Illuminate/Cache/RateLimiter.php(75): App\\Providers\\AppServiceProvider->{closure:App\\Providers\\AppServiceProvider::registerRateLimiters():93}()
#1 /home/user/vendor/laravel/framework/src/Illuminate/Routing/Middleware/ThrottleRequests.php(119): Illuminate\\Cache\\RateLimiter->{closure:Illuminate\\Cache\\RateLimiter::limiter():74}()
#2 /home/user/vendor/laravel/framework/src/Illuminate/Routing/Middleware/ThrottleRequests.php(89): Illuminate\\Routing\\Middleware\\ThrottleRequests->handleRequestUsingNamedLimiter()
#3 /home/user/vendor/laravel/framework/src/Illuminate/Pipeline/Pipeline.php(209): Illuminate\\Routing\\Middleware\\ThrottleRequests->handle()
#4 /home/user/vendor/laravel/framework/src/Illuminate/Routing/Middleware/ThrottleRequests.php(161): Illuminate\\Pipeline\\Pipeline->{closure:{closure:Illuminate\\Pipeline\\Pipeline::carry():184}:185}()
#5 /home/user/vendor/laravel/framework/src/Illuminate/Routing/Middleware/ThrottleRequests.php(127): Illuminate\\Routing\\Middleware\\ThrottleRequests->handleRequest()
#6 /home/user/vendor/laravel/framework/src/Illuminate/Routing/Middleware/ThrottleRequests.php(89): Illuminate\\Routing\\Middleware\\ThrottleRequests->handleRequestUsingNamedLimiter()
#7 /home/user/vendor/laravel/framework/src/Illuminate/Pipeline/Pipeline.php(209): Illuminate\\Routing\\Middleware\\ThrottleRequests->handle()
#8 /home/user/vendor/laravel/framework/src/Illuminate/Auth/Middleware/Authenticate.php(64): Illuminate\\Pipeline\\Pipeline->{closure:{closure:Illuminate\\Pipeline\\Pipeline::carry():184}:185}()
#9 /home/user/vendor/laravel/framework/src/Illuminate/Pipeline/Pipeline.php(209): Illuminate\\Auth\\Middleware\\Authenticate->handle()
#10 /home/user/vendor/laravel/framework/src/Illuminate/Pipeline/Pipeline.php(127): Illuminate\\Pipeline\\Pipeline->{closure:{closure:Illuminate\\Pipeline\\Pipeline::carry():184}:185}()
#11 /home/user/vendor/laravel/framework/src/Illuminate/Routing/Router.php(807): Illuminate\\Pipeline\\Pipeline->then()
#12 /home/user/vendor/laravel/framework/src/Illuminate/Routing/Router.php(786): Illuminate\\Routing\\Router->runRouteWithinStack()
#13 /home/user/vendor/laravel/framework/src/Illuminate/Routing/Router.php(750): Illuminate\\Routing\\Router->runRoute()
#14 /home/user/vendor/laravel/framework/src/Illuminate/Routing/Router.php(739): Illuminate\\Routing\\Router->dispatchToRoute()
#15 /home/user/vendor/laravel/framework/src/Illuminate/Foundation/Http/Kernel.php(201): Illuminate\\Routing\\Router->dispatch()
#16 /home/user/vendor/laravel/framework/src/Illuminate/Pipeline/Pipeline.php(170): Illuminate\\Foundation\\Http\\Kernel->{closure:Illuminate\\Foundation\\Http\\Kernel::dispatchToRouter():198}()
#17 /home/user/vendor/livewire/livewire/src/Features/SupportDisablingBackButtonCache/DisableBackButtonCacheMiddleware.php(19): Illuminate\\Pipeline\\Pipeline->{closure:Illuminate\\Pipeline\\Pipeline::prepareDestination():168}()
#18 /home/user/vendor/laravel/framework/src/Illuminate/Pipeline/Pipeline.php(209): Livewire\\Features\\SupportDisablingBackButtonCache\\DisableBackButtonCacheMiddleware->handle()
#19 /home/user/app/Http/Middleware/SecurityHeaders.php(13): Illuminate\\Pipeline\\Pipeline->{closure:{closure:Illuminate\\Pipeline\\Pipeline::carry():184}:185}()
#20 /home/user/vendor/laravel/framework/src/Illuminate/Pipeline/Pipeline.php(209): App\\Http\\Middleware\\SecurityHeaders->handle()
#21 /home/user/app/Http/Middleware/CorrelationIdMiddleware.php(35): Illuminate\\Pipeline\\Pipeline->{closure:{closure:Illuminate\\Pipeline\\Pipeline::carry():184}:185}()
#22 /home/user/vendor/laravel/framework/src/Illuminate/Pipeline/Pipeline.php(209): App\\Http\\Middleware\\CorrelationIdMiddleware->handle()
#23 /home/user/vendor/laravel/framework/src/Illuminate/Foundation/Http/Middleware/TransformsRequest.php(21): Illuminate\\Pipeline\\Pipeline->{closure:{closure:Illuminate\\Pipeline\\Pipeline::carry():184}:185}()
#24 /home/user/vendor/laravel/framework/src/Illuminate/Foundation/Http/Middleware/ConvertEmptyStringsToNull.php(31): Illuminate\\Foundation\\Http\\Middleware\\TransformsRequest->handle()
#25 /home/user/vendor/laravel/framework/src/Illuminate/Pipeline/Pipeline.php(209): Illuminate\\Foundation\\Http\\Middleware\\ConvertEmptyStringsToNull->handle()
#26 /home/user/vendor/laravel/framework/src/Illuminate/Foundation/Http/Middleware/TransformsRequest.php(21): Illuminate\\Pipeline\\Pipeline->{closure:{closure:Illuminate\\Pipeline\\Pipeline::carry():184}:185}()
#27 /home/user/vendor/laravel/framework/src/Illuminate/Foundation/Http/Middleware/TrimStrings.php(51): Illuminate\\Foundation\\Http\\Middleware\\TransformsRequest->handle()
#28 /home/user/vendor/laravel/framework/src/Illuminate/Pipeline/Pipeline.php(209): Illuminate\\Foundation\\Http\\Middleware\\TrimStrings->handle()
#29 /home/user/vendor/laravel/framework/src/Illuminate/Http/Middleware/ValidatePostSize.php(27): Illuminate\\Pipeline\\Pipeline->{closure:{closure:Illuminate\\Pipeline\\Pipeline::carry():184}:185}()
#30 /home/user/vendor/laravel/framework/src/Illuminate/Pipeline/Pipeline.php(209): Illuminate\\Http\\Middleware\\ValidatePostSize->handle()
#31 /home/user/vendor/laravel/framework/src/Illuminate/Foundation/Http/Middleware/PreventRequestsDuringMaintenance.php(110): Illuminate\\Pipeline\\Pipeline->{closure:{closure:Illuminate\\Pipeline\\Pipeline::carry():184}:185}()
#32 /home/user/vendor/laravel/framework/src/Illuminate/Pipeline/Pipeline.php(209): Illuminate\\Foundation\\Http\\Middleware\\PreventRequestsDuringMaintenance->handle()
#33 /home/user/vendor/laravel/framework/src/Illuminate/Http/Middleware/HandleCors.php(62): Illuminate\\Pipeline\\Pipeline->{closure:{closure:Illuminate\\Pipeline\\Pipeline::carry():184}:185}()
#34 /home/user/vendor/laravel/framework/src/Illuminate/Pipeline/Pipeline.php(209): Illuminate\\Http\\Middleware\\HandleCors->handle()
#35 /home/user/vendor/laravel/framework/src/Illuminate/Http/Middleware/TrustProxies.php(58): Illuminate\\Pipeline\\Pipeline->{closure:{closure:Illuminate\\Pipeline\\Pipeline::carry():184}:185}()
#36 /home/user/vendor/laravel/framework/src/Illuminate/Pipeline/Pipeline.php(209): Illuminate\\Http\\Middleware\\TrustProxies->handle()
#37 /home/user/vendor/laravel/framework/src/Illuminate/Foundation/Http/Middleware/InvokeDeferredCallbacks.php(22): Illuminate\\Pipeline\\Pipeline->{closure:{closure:Illuminate\\Pipeline\\Pipeline::carry():184}:185}()
#38 /home/user/vendor/laravel/framework/src/Illuminate/Pipeline/Pipeline.php(209): Illuminate\\Foundation\\Http\\Middleware\\InvokeDeferredCallbacks->handle()
#39 /home/user/vendor/laravel/framework/src/Illuminate/Pipeline/Pipeline.php(127): Illuminate\\Pipeline\\Pipeline->{closure:{closure:Illuminate\\Pipeline\\Pipeline::carry():184}:185}()
#40 /home/user/vendor/laravel/framework/src/Illuminate/Foundation/Http/Kernel.php(176): Illuminate\\Pipeline\\Pipeline->then()
#41 /home/user/vendor/laravel/framework/src/Illuminate/Foundation/Http/Kernel.php(145): Illuminate\\Foundation\\Http\\Kernel->sendRequestThroughRouter()
#42 /home/user/vendor/laravel/framework/src/Illuminate/Foundation/Testing/Concerns/MakesHttpRequests.php(607): Illuminate\\Foundation\\Http\\Kernel->handle()
#43 /home/user/vendor/laravel/framework/src/Illuminate/Foundation/Testing/Concerns/MakesHttpRequests.php(573): Illuminate\\Foundation\\Testing\\TestCase->call()
#44 /home/user/vendor/laravel/framework/src/Illuminate/Foundation/Testing/Concerns/MakesHttpRequests.php(411): Illuminate\\Foundation\\Testing\\TestCase->json()
#45 /home/user/tests/Feature/Player/PlayerExperienceComprehensiveTest.php(956): Illuminate\\Foundation\\Testing\\TestCase->postJson()
#46 /home/user/vendor/phpunit/phpunit/src/Framework/TestCase.php(1667): Tests\\Feature\\Player\\PlayerExperienceComprehensiveTest->test_34_withdrawal_rejects_amount_exceeding_available_balance()
#47 /home/user/vendor/phpunit/phpunit/src/Framework/TestCase.php(519): PHPUnit\\Framework\\TestCase->runTest()
#48 /home/user/vendor/phpunit/phpunit/src/Framework/TestRunner/TestRunner.php(87): PHPUnit\\Framework\\TestCase->runBare()
#49 /home/user/vendor/phpunit/phpunit/src/Framework/TestCase.php(365): PHPUnit\\Framework\\TestRunner->run()
#50 /home/user/vendor/phpunit/phpunit/src/Framework/TestSuite.php(369): PHPUnit\\Framework\\TestCase->run()
#51 /home/user/vendor/phpunit/phpunit/src/Framework/TestSuite.php(369): PHPUnit\\Framework\\TestSuite->run()
#52 /home/user/vendor/phpunit/phpunit/src/Framework/TestSuite.php(369): PHPUnit\\Framework\\TestSuite->run()
#53 /home/user/vendor/phpunit/phpunit/src/TextUI/TestRunner.php(64): PHPUnit\\Framework\\TestSuite->run()
#54 /home/user/vendor/phpunit/phpunit/src/TextUI/Application.php(211): PHPUnit\\TextUI\\TestRunner->run()
#55 /home/user/vendor/phpunit/phpunit/phpunit(104): PHPUnit\\TextUI\\Application->run()
#56 /home/user/vendor/bin/phpunit(122): include('...')
#57 {main}
"} {"correlation_id":"a27b71f7-153e-4f22-99a5-e791492e5997"}
[2026-09-08 10:43:35] testing.ERROR: api.unhandled_exception {"correlation_id":"a27b71f7-153e-4f22-99a5-e791492e5997","exception":"[object] (Error(code: 0): Call to undefined method Illuminate\\Cache\\RateLimiting\\Limit::perDays() at /home/user/app/Providers/AppServiceProvider.php:95)
[stacktrace]
#0 /home/user/vendor/laravel/framework/src/Illuminate/Cache/RateLimiter.php(75): App\\Providers\\AppServiceProvider->{closure:App\\Providers\\AppServiceProvider::registerRateLimiters():93}()
#1 /home/user/vendor/laravel/framework/src/Illuminate/Routing/Middleware/ThrottleRequests.php(119): Illuminate\\Cache\\RateLimiter->{closure:Illuminate\\Cache\\RateLimiter::limiter():74}()
#2 /home/user/vendor/laravel/framework/src/Illuminate/Routing/Middleware/ThrottleRequests.php(89): Illuminate\\Routing\\Middleware\\ThrottleRequests->handleRequestUsingNamedLimiter()
#3 /home/user/vendor/laravel/framework/src/Illuminate/Pipeline/Pipeline.php(209): Illuminate\\Routing\\Middleware\\ThrottleRequests->handle()
#4 /home/user/vendor/laravel/framework/src/Illuminate/Routing/Middleware/ThrottleRequests.php(161): Illuminate\\Pipeline\\Pipeline->{closure:{closure:Illuminate\\Pipeline\\Pipeline::carry():184}:185}()
#5 /home/user/vendor/laravel/framework/src/Illuminate/Routing/Middleware/ThrottleRequests.php(127): Illuminate\\Routing\\Middleware\\ThrottleRequests->handleRequest()
#6 /home/user/vendor/laravel/framework/src/Illuminate/Routing/Middleware/ThrottleRequests.php(89): Illuminate\\Routing\\Middleware\\ThrottleRequests->handleRequestUsingNamedLimiter()
#7 /home/user/vendor/laravel/framework/src/Illuminate/Pipeline/Pipeline.php(209): Illuminate\\Routing\\Middleware\\ThrottleRequests->handle()
#8 /home/user/vendor/laravel/framework/src/Illuminate/Auth/Middleware/Authenticate.php(64): Illuminate\\Pipeline\\Pipeline->{closure:{closure:Illuminate\\Pipeline\\Pipeline::carry():184}:185}()
#9 /home/user/vendor/laravel/framework/src/Illuminate/Pipeline/Pipeline.php(209): Illuminate\\Auth\\Middleware\\Authenticate->handle()
#10 /home/user/vendor/laravel/framework/src/Illuminate/Pipeline/Pipeline.php(127): Illuminate\\Pipeline\\Pipeline->{closure:{closure:Illuminate\\Pipeline\\Pipeline::carry():184}:185}()
#11 /home/user/vendor/laravel/framework/src/Illuminate/Routing/Router.php(807): Illuminate\\Pipeline\\Pipeline->then()
#12 /home/user/vendor/laravel/framework/src/Illuminate/Routing/Router.php(786): Illuminate\\Routing\\Router->runRouteWithinStack()
#13 /home/user/vendor/laravel/framework/src/Illuminate/Routing/Router.php(750): Illuminate\\Routing\\Router->runRoute()
#14 /home/user/vendor/laravel/framework/src/Illuminate/Routing/Router.php(739): Illuminate\\Routing\\Router->dispatchToRoute()
#15 /home/user/vendor/laravel/framework/src/Illuminate/Foundation/Http/Kernel.php(201): Illuminate\\Routing\\Router->dispatch()
#16 /home/user/vendor/laravel/framework/src/Illuminate/Pipeline/Pipeline.php(170): Illuminate\\Foundation\\Http\\Kernel->{closure:Illuminate\\Foundation\\Http\\Kernel::dispatchToRouter():198}()
#17 /home/user/vendor/livewire/livewire/src/Features/SupportDisablingBackButtonCache/DisableBackButtonCacheMiddleware.php(19): Illuminate\\Pipeline\\Pipeline->{closure:Illuminate\\Pipeline\\Pipeline::prepareDestination():168}()
#18 /home/user/vendor/laravel/framework/src/Illuminate/Pipeline/Pipeline.php(209): Livewire\\Features\\SupportDisablingBackButtonCache\\DisableBackButtonCacheMiddleware->handle()
#19 /home/user/app/Http/Middleware/SecurityHeaders.php(13): Illuminate\\Pipeline\\Pipeline->{closure:{closure:Illuminate\\Pipeline\\Pipeline::carry():184}:185}()
#20 /home/user/vendor/laravel/framework/src/Illuminate/Pipeline/Pipeline.php(209): App\\Http\\Middleware\\SecurityHeaders->handle()
#21 /home/user/app/Http/Middleware/CorrelationIdMiddleware.php(35): Illuminate\\Pipeline\\Pipeline->{closure:{closure:Illuminate\\Pipeline\\Pipeline::carry():184}:185}()
#22 /home/user/vendor/laravel/framework/src/Illuminate/Pipeline/Pipeline.php(209): App\\Http\\Middleware\\CorrelationIdMiddleware->handle()
#23 /home/user/vendor/laravel/framework/src/Illuminate/Foundation/Http/Middleware/TransformsRequest.php(21): Illuminate\\Pipeline\\Pipeline->{closure:{closure:Illuminate\\Pipeline\\Pipeline::carry():184}:185}()
#24 /home/user/vendor/laravel/framework/src/Illuminate/Foundation/Http/Middleware/ConvertEmptyStringsToNull.php(31): Illuminate\\Foundation\\Http\\Middleware\\TransformsRequest->handle()
#25 /home/user/vendor/laravel/framework/src/Illuminate/Pipeline/Pipeline.php(209): Illuminate\\Foundation\\Http\\Middleware\\ConvertEmptyStringsToNull->handle()
#26 /home/user/vendor/laravel/framework/src/Illuminate/Foundation/Http/Middleware/TransformsRequest.php(21): Illuminate\\Pipeline\\Pipeline->{closure:{closure:Illuminate\\Pipeline\\Pipeline::carry():184}:185}()
#27 /home/user/vendor/laravel/framework/src/Illuminate/Foundation/Http/Middleware/TrimStrings.php(51): Illuminate\\Foundation\\Http\\Middleware\\TransformsRequest->handle()
#28 /home/user/vendor/laravel/framework/src/Illuminate/Pipeline/Pipeline.php(209): Illuminate\\Foundation\\Http\\Middleware\\TrimStrings->handle()
#29 /home/user/vendor/laravel/framework/src/Illuminate/Http/Middleware/ValidatePostSize.php(27): Illuminate\\Pipeline\\Pipeline->{closure:{closure:Illuminate\\Pipeline\\Pipeline::carry():184}:185}()
#30 /home/user/vendor/laravel/framework/src/Illuminate/Pipeline/Pipeline.php(209): Illuminate\\Http\\Middleware\\ValidatePostSize->handle()
#31 /home/user/vendor/laravel/framework/src/Illuminate/Foundation/Http/Middleware/PreventRequestsDuringMaintenance.php(110): Illuminate\\Pipeline\\Pipeline->{closure:{closure:Illuminate\\Pipeline\\Pipeline::carry():184}:185}()
#32 /home/user/vendor/laravel/framework/src/Illuminate/Pipeline/Pipeline.php(209): Illuminate\\Foundation\\Http\\Middleware\\PreventRequestsDuringMaintenance->handle()
#33 /home/user/vendor/laravel/framework/src/Illuminate/Http/Middleware/HandleCors.php(62): Illuminate\\Pipeline\\Pipeline->{closure:{closure:Illuminate\\Pipeline\\Pipeline::carry():184}:185}()
#34 /home/user/vendor/laravel/framework/src/Illuminate/Pipeline/Pipeline.php(209): Illuminate\\Http\\Middleware\\HandleCors->handle()
#35 /home/user/vendor/laravel/framework/src/Illuminate/Http/Middleware/TrustProxies.php(58): Illuminate\\Pipeline\\Pipeline->{closure:{closure:Illuminate\\Pipeline\\Pipeline::carry():184}:185}()
#36 /home/user/vendor/laravel/framework/src/Illuminate/Pipeline/Pipeline.php(209): Illuminate\\Http\\Middleware\\TrustProxies->handle()
#37 /home/user/vendor/laravel/framework/src/Illuminate/Foundation/Http/Middleware/InvokeDeferredCallbacks.php(22): Illuminate\\Pipeline\\Pipeline->{closure:{closure:Illuminate\\Pipeline\\Pipeline::carry():184}:185}()
#38 /home/user/vendor/laravel/framework/src/Illuminate/Pipeline/Pipeline.php(209): Illuminate\\Foundation\\Http\\Middleware\\InvokeDeferredCallbacks->handle()
#39 /home/user/vendor/laravel/framework/src/Illuminate/Pipeline/Pipeline.php(127): Illuminate\\Pipeline\\Pipeline->{closure:{closure:Illuminate\\Pipeline\\Pipeline::carry():184}:185}()
#40 /home/user/vendor/laravel/framework/src/Illuminate/Foundation/Http/Kernel.php(176): Illuminate\\Pipeline\\Pipeline->then()
#41 /home/user/vendor/laravel/framework/src/Illuminate/Foundation/Http/Kernel.php(145): Illuminate\\Foundation\\Http\\Kernel->sendRequestThroughRouter()
#42 /home/user/vendor/laravel/framework/src/Illuminate/Foundation/Testing/Concerns/MakesHttpRequests.php(607): Illuminate\\Foundation\\Http\\Kernel->handle()
#43 /home/user/vendor/laravel/framework/src/Illuminate/Foundation/Testing/Concerns/MakesHttpRequests.php(573): Illuminate\\Foundation\\Testing\\TestCase->call()
#44 /home/user/vendor/laravel/framework/src/Illuminate/Foundation/Testing/Concerns/MakesHttpRequests.php(411): Illuminate\\Foundation\\Testing\\TestCase->json()
#45 /home/user/tests/Feature/Player/PlayerExperienceComprehensiveTest.php(956): Illuminate\\Foundation\\Testing\\TestCase->postJson()
#46 /home/user/vendor/phpunit/phpunit/src/Framework/TestCase.php(1667): Tests\\Feature\\Player\\PlayerExperienceComprehensiveTest->test_34_withdrawal_rejects_amount_exceeding_available_balance()
#47 /home/user/vendor/phpunit/phpunit/src/Framework/TestCase.php(519): PHPUnit\\Framework\\TestCase->runTest()
#48 /home/user/vendor/phpunit/phpunit/src/Framework/TestRunner/TestRunner.php(87): PHPUnit\\Framework\\TestCase->runBare()
#49 /home/user/vendor/phpunit/phpunit/src/Framework/TestCase.php(365): PHPUnit\\Framework\\TestRunner->run()
#50 /home/user/vendor/phpunit/phpunit/src/Framework/TestSuite.php(369): PHPUnit\\Framework\\TestCase->run()
#51 /home/user/vendor/phpunit/phpunit/src/Framework/TestSuite.php(369): PHPUnit\\Framework\\TestSuite->run()
#52 /home/user/vendor/phpunit/phpunit/src/Framework/TestSuite.php(369): PHPUnit\\Framework\\TestSuite->run()
#53 /home/user/vendor/phpunit/phpunit/src/TextUI/TestRunner.php(64): PHPUnit\\Framework\\TestSuite->run()
#54 /home/user/vendor/phpunit/phpunit/src/TextUI/Application.php(211): PHPUnit\\TextUI\\TestRunner->run()
#55 /home/user/vendor/phpunit/phpunit/phpunit(104): PHPUnit\\TextUI\\Application->run()
#56 /home/user/vendor/bin/phpunit(122): include('...')
#57 {main}
","path":"api/v1/withdrawals","method":"POST","user_id":1} {"correlation_id":"a27b71f7-153e-4f22-99a5-e791492e5997"}
[2026-09-08 10:43:38] testing.WARNING: DisburseWithdrawalJob: Transient error during disbursement, queue will retry {"withdrawal_id":1,"attempt":1,"max_tries":3,"exception":"Connection timeout to gateway API."} 
[2026-09-08 10:43:38] testing.ERROR: DisburseWithdrawalJob: Withdrawal not found {"withdrawal_id":999999,"attempt":1} 
[2026-09-08 10:43:38] testing.INFO: DisburseWithdrawalJob: Withdrawal already completed, skipping redundant disbursement {"withdrawal_id":1,"reference_number":"WD-20260908-AD647FC5990F","status":"completed"} 
[2026-09-08 10:43:38] testing.INFO: DisburseWithdrawalJob: Withdrawal already completed, skipping redundant disbursement {"withdrawal_id":1,"reference_number":"WD-20260908-42072564A7DF","status":"completed"} 
[2026-09-08 10:43:38] testing.INFO: RealPrizeSettlementService: Settled Draw #DRW-20260908-ZT288J {"draw_id":1,"winners":1,"total_payout":"9000.00"} 
[2026-09-08 10:43:38] testing.INFO: ProcessPrizeSettlementJob: Draw is already settled, skipping redundant execution {"draw_id":1,"draw_number":"DRW-20260908-ZT288J","status":"completed"} 
[2026-09-08 10:43:39] testing.INFO: Payment webhook event already processed (replay cache hit) {"gateway":"bkash","event_id":"evt_job_dup_08"} 
[2026-09-08 10:43:39] testing.CRITICAL: DisburseWithdrawalJob: Job permanently failed after max attempts {"withdrawal_id":1,"attempts":1,"error":"Gateway auth failed for secret token secret_key_123456"} 
[2026-09-08 10:43:39] testing.INFO: DisburseWithdrawalJob: Withdrawal already completed, skipping redundant disbursement {"withdrawal_id":1,"reference_number":"WD-20260908-A5566AA3C1F6","status":"completed"} 
[2026-09-08 10:43:39] testing.WARNING: DisburseWithdrawalJob: Withdrawal in terminal failed/cancelled state, aborting job {"withdrawal_id":1,"reference_number":"WD-20260908-40EE2B56A075","status":"failed"} 
[2026-09-08 10:43:41] testing.ERROR: Call to undefined method Illuminate\Cache\RateLimiting\Limit::perDays() {"correlation_id":"3b3f2ffe-35ee-49c9-a6e7-30e9fedb73be","userId":1,"exception":"[object] (Error(code: 0): Call to undefined method Illuminate\\Cache\\RateLimiting\\Limit::perDays() at /home/user/app/Providers/AppServiceProvider.php:95)
[stacktrace]
#0 /home/user/vendor/laravel/framework/src/Illuminate/Cache/RateLimiter.php(75): App\\Providers\\AppServiceProvider->{closure:App\\Providers\\AppServiceProvider::registerRateLimiters():93}()
#1 /home/user/vendor/laravel/framework/src/Illuminate/Routing/Middleware/ThrottleRequests.php(119): Illuminate\\Cache\\RateLimiter->{closure:Illuminate\\Cache\\RateLimiter::limiter():74}()
#2 /home/user/vendor/laravel/framework/src/Illuminate/Routing/Middleware/ThrottleRequests.php(89): Illuminate\\Routing\\Middleware\\ThrottleRequests->handleRequestUsingNamedLimiter()
#3 /home/user/vendor/laravel/framework/src/Illuminate/Pipeline/Pipeline.php(209): Illuminate\\Routing\\Middleware\\ThrottleRequests->handle()
#4 /home/user/vendor/laravel/framework/src/Illuminate/Routing/Middleware/ThrottleRequests.php(161): Illuminate\\Pipeline\\Pipeline->{closure:{closure:Illuminate\\Pipeline\\Pipeline::carry():184}:185}()
#5 /home/user/vendor/laravel/framework/src/Illuminate/Routing/Middleware/ThrottleRequests.php(127): Illuminate\\Routing\\Middleware\\ThrottleRequests->handleRequest()
#6 /home/user/vendor/laravel/framework/src/Illuminate/Routing/Middleware/ThrottleRequests.php(89): Illuminate\\Routing\\Middleware\\ThrottleRequests->handleRequestUsingNamedLimiter()
#7 /home/user/vendor/laravel/framework/src/Illuminate/Pipeline/Pipeline.php(209): Illuminate\\Routing\\Middleware\\ThrottleRequests->handle()
#8 /home/user/vendor/laravel/framework/src/Illuminate/Auth/Middleware/Authenticate.php(64): Illuminate\\Pipeline\\Pipeline->{closure:{closure:Illuminate\\Pipeline\\Pipeline::carry():184}:185}()
#9 /home/user/vendor/laravel/framework/src/Illuminate/Pipeline/Pipeline.php(209): Illuminate\\Auth\\Middleware\\Authenticate->handle()
#10 /home/user/vendor/laravel/framework/src/Illuminate/Pipeline/Pipeline.php(127): Illuminate\\Pipeline\\Pipeline->{closure:{closure:Illuminate\\Pipeline\\Pipeline::carry():184}:185}()
#11 /home/user/vendor/laravel/framework/src/Illuminate/Routing/Router.php(807): Illuminate\\Pipeline\\Pipeline->then()
#12 /home/user/vendor/laravel/framework/src/Illuminate/Routing/Router.php(786): Illuminate\\Routing\\Router->runRouteWithinStack()
#13 /home/user/vendor/laravel/framework/src/Illuminate/Routing/Router.php(750): Illuminate\\Routing\\Router->runRoute()
#14 /home/user/vendor/laravel/framework/src/Illuminate/Routing/Router.php(739): Illuminate\\Routing\\Router->dispatchToRoute()
#15 /home/user/vendor/laravel/framework/src/Illuminate/Foundation/Http/Kernel.php(201): Illuminate\\Routing\\Router->dispatch()
#16 /home/user/vendor/laravel/framework/src/Illuminate/Pipeline/Pipeline.php(170): Illuminate\\Foundation\\Http\\Kernel->{closure:Illuminate\\Foundation\\Http\\Kernel::dispatchToRouter():198}()
#17 /home/user/vendor/livewire/livewire/src/Features/SupportDisablingBackButtonCache/DisableBackButtonCacheMiddleware.php(19): Illuminate\\Pipeline\\Pipeline->{closure:Illuminate\\Pipeline\\Pipeline::prepareDestination():168}()
#18 /home/user/vendor/laravel/framework/src/Illuminate/Pipeline/Pipeline.php(209): Livewire\\Features\\SupportDisablingBackButtonCache\\DisableBackButtonCacheMiddleware->handle()
#19 /home/user/app/Http/Middleware/SecurityHeaders.php(13): Illuminate\\Pipeline\\Pipeline->{closure:{closure:Illuminate\\Pipeline\\Pipeline::carry():184}:185}()
#20 /home/user/vendor/laravel/framework/src/Illuminate/Pipeline/Pipeline.php(209): App\\Http\\Middleware\\SecurityHeaders->handle()
#21 /home/user/app/Http/Middleware/CorrelationIdMiddleware.php(35): Illuminate\\Pipeline\\Pipeline->{closure:{closure:Illuminate\\Pipeline\\Pipeline::carry():184}:185}()
#22 /home/user/vendor/laravel/framework/src/Illuminate/Pipeline/Pipeline.php(209): App\\Http\\Middleware\\CorrelationIdMiddleware->handle()
#23 /home/user/vendor/laravel/framework/src/Illuminate/Foundation/Http/Middleware/TransformsRequest.php(21): Illuminate\\Pipeline\\Pipeline->{closure:{closure:Illuminate\\Pipeline\\Pipeline::carry():184}:185}()
#24 /home/user/vendor/laravel/framework/src/Illuminate/Foundation/Http/Middleware/ConvertEmptyStringsToNull.php(31): Illuminate\\Foundation\\Http\\Middleware\\TransformsRequest->handle()
#25 /home/user/vendor/laravel/framework/src/Illuminate/Pipeline/Pipeline.php(209): Illuminate\\Foundation\\Http\\Middleware\\ConvertEmptyStringsToNull->handle()
#26 /home/user/vendor/laravel/framework/src/Illuminate/Foundation/Http/Middleware/TransformsRequest.php(21): Illuminate\\Pipeline\\Pipeline->{closure:{closure:Illuminate\\Pipeline\\Pipeline::carry():184}:185}()
#27 /home/user/vendor/laravel/framework/src/Illuminate/Foundation/Http/Middleware/TrimStrings.php(51): Illuminate\\Foundation\\Http\\Middleware\\TransformsRequest->handle()
#28 /home/user/vendor/laravel/framework/src/Illuminate/Pipeline/Pipeline.php(209): Illuminate\\Foundation\\Http\\Middleware\\TrimStrings->handle()
#29 /home/user/vendor/laravel/framework/src/Illuminate/Http/Middleware/ValidatePostSize.php(27): Illuminate\\Pipeline\\Pipeline->{closure:{closure:Illuminate\\Pipeline\\Pipeline::carry():184}:185}()
#30 /home/user/vendor/laravel/framework/src/Illuminate/Pipeline/Pipeline.php(209): Illuminate\\Http\\Middleware\\ValidatePostSize->handle()
#31 /home/user/vendor/laravel/framework/src/Illuminate/Foundation/Http/Middleware/PreventRequestsDuringMaintenance.php(110): Illuminate\\Pipeline\\Pipeline->{closure:{closure:Illuminate\\Pipeline\\Pipeline::carry():184}:185}()
#32 /home/user/vendor/laravel/framework/src/Illuminate/Pipeline/Pipeline.php(209): Illuminate\\Foundation\\Http\\Middleware\\PreventRequestsDuringMaintenance->handle()
#33 /home/user/vendor/laravel/framework/src/Illuminate/Http/Middleware/HandleCors.php(62): Illuminate\\Pipeline\\Pipeline->{closure:{closure:Illuminate\\Pipeline\\Pipeline::carry():184}:185}()
#34 /home/user/vendor/laravel/framework/src/Illuminate/Pipeline/Pipeline.php(209): Illuminate\\Http\\Middleware\\HandleCors->handle()
#35 /home/user/vendor/laravel/framework/src/Illuminate/Http/Middleware/TrustProxies.php(58): Illuminate\\Pipeline\\Pipeline->{closure:{closure:Illuminate\\Pipeline\\Pipeline::carry():184}:185}()
#36 /home/user/vendor/laravel/framework/src/Illuminate/Pipeline/Pipeline.php(209): Illuminate\\Http\\Middleware\\TrustProxies->handle()
#37 /home/user/vendor/laravel/framework/src/Illuminate/Foundation/Http/Middleware/InvokeDeferredCallbacks.php(22): Illuminate\\Pipeline\\Pipeline->{closure:{closure:Illuminate\\Pipeline\\Pipeline::carry():184}:185}()
#38 /home/user/vendor/laravel/framework/src/Illuminate/Pipeline/Pipeline.php(209): Illuminate\\Foundation\\Http\\Middleware\\InvokeDeferredCallbacks->handle()
#39 /home/user/vendor/laravel/framework/src/Illuminate/Pipeline/Pipeline.php(127): Illuminate\\Pipeline\\Pipeline->{closure:{closure:Illuminate\\Pipeline\\Pipeline::carry():184}:185}()
#40 /home/user/vendor/laravel/framework/src/Illuminate/Foundation/Http/Kernel.php(176): Illuminate\\Pipeline\\Pipeline->then()
#41 /home/user/vendor/laravel/framework/src/Illuminate/Foundation/Http/Kernel.php(145): Illuminate\\Foundation\\Http\\Kernel->sendRequestThroughRouter()
#42 /home/user/vendor/laravel/framework/src/Illuminate/Foundation/Testing/Concerns/MakesHttpRequests.php(607): Illuminate\\Foundation\\Http\\Kernel->handle()
#43 /home/user/vendor/laravel/framework/src/Illuminate/Foundation/Testing/Concerns/MakesHttpRequests.php(573): Illuminate\\Foundation\\Testing\\TestCase->call()
#44 /home/user/vendor/laravel/framework/src/Illuminate/Foundation/Testing/Concerns/MakesHttpRequests.php(411): Illuminate\\Foundation\\Testing\\TestCase->json()
#45 /home/user/tests/Feature/Security/ProductionSecurityComprehensiveTest.php(494): Illuminate\\Foundation\\Testing\\TestCase->postJson()
#46 /home/user/vendor/phpunit/phpunit/src/Framework/TestCase.php(1667): Tests\\Feature\\Security\\ProductionSecurityComprehensiveTest->test_22_withdrawal_rate_limiter_functional()
#47 /home/user/vendor/phpunit/phpunit/src/Framework/TestCase.php(519): PHPUnit\\Framework\\TestCase->runTest()
#48 /home/user/vendor/phpunit/phpunit/src/Framework/TestRunner/TestRunner.php(87): PHPUnit\\Framework\\TestCase->runBare()
#49 /home/user/vendor/phpunit/phpunit/src/Framework/TestCase.php(365): PHPUnit\\Framework\\TestRunner->run()
#50 /home/user/vendor/phpunit/phpunit/src/Framework/TestSuite.php(369): PHPUnit\\Framework\\TestCase->run()
#51 /home/user/vendor/phpunit/phpunit/src/Framework/TestSuite.php(369): PHPUnit\\Framework\\TestSuite->run()
#52 /home/user/vendor/phpunit/phpunit/src/Framework/TestSuite.php(369): PHPUnit\\Framework\\TestSuite->run()
#53 /home/user/vendor/phpunit/phpunit/src/TextUI/TestRunner.php(64): PHPUnit\\Framework\\TestSuite->run()
#54 /home/user/vendor/phpunit/phpunit/src/TextUI/Application.php(211): PHPUnit\\TextUI\\TestRunner->run()
#55 /home/user/vendor/phpunit/phpunit/phpunit(104): PHPUnit\\TextUI\\Application->run()
#56 /home/user/vendor/bin/phpunit(122): include('...')
#57 {main}
"} {"correlation_id":"3b3f2ffe-35ee-49c9-a6e7-30e9fedb73be"}
[2026-09-08 10:43:41] testing.ERROR: api.unhandled_exception {"correlation_id":"3b3f2ffe-35ee-49c9-a6e7-30e9fedb73be","exception":"[object] (Error(code: 0): Call to undefined method Illuminate\\Cache\\RateLimiting\\Limit::perDays() at /home/user/app/Providers/AppServiceProvider.php:95)
[stacktrace]
#0 /home/user/vendor/laravel/framework/src/Illuminate/Cache/RateLimiter.php(75): App\\Providers\\AppServiceProvider->{closure:App\\Providers\\AppServiceProvider::registerRateLimiters():93}()
#1 /home/user/vendor/laravel/framework/src/Illuminate/Routing/Middleware/ThrottleRequests.php(119): Illuminate\\Cache\\RateLimiter->{closure:Illuminate\\Cache\\RateLimiter::limiter():74}()
#2 /home/user/vendor/laravel/framework/src/Illuminate/Routing/Middleware/ThrottleRequests.php(89): Illuminate\\Routing\\Middleware\\ThrottleRequests->handleRequestUsingNamedLimiter()
#3 /home/user/vendor/laravel/framework/src/Illuminate/Pipeline/Pipeline.php(209): Illuminate\\Routing\\Middleware\\ThrottleRequests->handle()
#4 /home/user/vendor/laravel/framework/src/Illuminate/Routing/Middleware/ThrottleRequests.php(161): Illuminate\\Pipeline\\Pipeline->{closure:{closure:Illuminate\\Pipeline\\Pipeline::carry():184}:185}()
#5 /home/user/vendor/laravel/framework/src/Illuminate/Routing/Middleware/ThrottleRequests.php(127): Illuminate\\Routing\\Middleware\\ThrottleRequests->handleRequest()
#6 /home/user/vendor/laravel/framework/src/Illuminate/Routing/Middleware/ThrottleRequests.php(89): Illuminate\\Routing\\Middleware\\ThrottleRequests->handleRequestUsingNamedLimiter()
#7 /home/user/vendor/laravel/framework/src/Illuminate/Pipeline/Pipeline.php(209): Illuminate\\Routing\\Middleware\\ThrottleRequests->handle()
#8 /home/user/vendor/laravel/framework/src/Illuminate/Auth/Middleware/Authenticate.php(64): Illuminate\\Pipeline\\Pipeline->{closure:{closure:Illuminate\\Pipeline\\Pipeline::carry():184}:185}()
#9 /home/user/vendor/laravel/framework/src/Illuminate/Pipeline/Pipeline.php(209): Illuminate\\Auth\\Middleware\\Authenticate->handle()
#10 /home/user/vendor/laravel/framework/src/Illuminate/Pipeline/Pipeline.php(127): Illuminate\\Pipeline\\Pipeline->{closure:{closure:Illuminate\\Pipeline\\Pipeline::carry():184}:185}()
#11 /home/user/vendor/laravel/framework/src/Illuminate/Routing/Router.php(807): Illuminate\\Pipeline\\Pipeline->then()
#12 /home/user/vendor/laravel/framework/src/Illuminate/Routing/Router.php(786): Illuminate\\Routing\\Router->runRouteWithinStack()
#13 /home/user/vendor/laravel/framework/src/Illuminate/Routing/Router.php(750): Illuminate\\Routing\\Router->runRoute()
#14 /home/user/vendor/laravel/framework/src/Illuminate/Routing/Router.php(739): Illuminate\\Routing\\Router->dispatchToRoute()
#15 /home/user/vendor/laravel/framework/src/Illuminate/Foundation/Http/Kernel.php(201): Illuminate\\Routing\\Router->dispatch()
#16 /home/user/vendor/laravel/framework/src/Illuminate/Pipeline/Pipeline.php(170): Illuminate\\Foundation\\Http\\Kernel->{closure:Illuminate\\Foundation\\Http\\Kernel::dispatchToRouter():198}()
#17 /home/user/vendor/livewire/livewire/src/Features/SupportDisablingBackButtonCache/DisableBackButtonCacheMiddleware.php(19): Illuminate\\Pipeline\\Pipeline->{closure:Illuminate\\Pipeline\\Pipeline::prepareDestination():168}()
#18 /home/user/vendor/laravel/framework/src/Illuminate/Pipeline/Pipeline.php(209): Livewire\\Features\\SupportDisablingBackButtonCache\\DisableBackButtonCacheMiddleware->handle()
#19 /home/user/app/Http/Middleware/SecurityHeaders.php(13): Illuminate\\Pipeline\\Pipeline->{closure:{closure:Illuminate\\Pipeline\\Pipeline::carry():184}:185}()
#20 /home/user/vendor/laravel/framework/src/Illuminate/Pipeline/Pipeline.php(209): App\\Http\\Middleware\\SecurityHeaders->handle()
#21 /home/user/app/Http/Middleware/CorrelationIdMiddleware.php(35): Illuminate\\Pipeline\\Pipeline->{closure:{closure:Illuminate\\Pipeline\\Pipeline::carry():184}:185}()
#22 /home/user/vendor/laravel/framework/src/Illuminate/Pipeline/Pipeline.php(209): App\\Http\\Middleware\\CorrelationIdMiddleware->handle()
#23 /home/user/vendor/laravel/framework/src/Illuminate/Foundation/Http/Middleware/TransformsRequest.php(21): Illuminate\\Pipeline\\Pipeline->{closure:{closure:Illuminate\\Pipeline\\Pipeline::carry():184}:185}()
#24 /home/user/vendor/laravel/framework/src/Illuminate/Foundation/Http/Middleware/ConvertEmptyStringsToNull.php(31): Illuminate\\Foundation\\Http\\Middleware\\TransformsRequest->handle()
#25 /home/user/vendor/laravel/framework/src/Illuminate/Pipeline/Pipeline.php(209): Illuminate\\Foundation\\Http\\Middleware\\ConvertEmptyStringsToNull->handle()
#26 /home/user/vendor/laravel/framework/src/Illuminate/Foundation/Http/Middleware/TransformsRequest.php(21): Illuminate\\Pipeline\\Pipeline->{closure:{closure:Illuminate\\Pipeline\\Pipeline::carry():184}:185}()
#27 /home/user/vendor/laravel/framework/src/Illuminate/Foundation/Http/Middleware/TrimStrings.php(51): Illuminate\\Foundation\\Http\\Middleware\\TransformsRequest->handle()
#28 /home/user/vendor/laravel/framework/src/Illuminate/Pipeline/Pipeline.php(209): Illuminate\\Foundation\\Http\\Middleware\\TrimStrings->handle()
#29 /home/user/vendor/laravel/framework/src/Illuminate/Http/Middleware/ValidatePostSize.php(27): Illuminate\\Pipeline\\Pipeline->{closure:{closure:Illuminate\\Pipeline\\Pipeline::carry():184}:185}()
#30 /home/user/vendor/laravel/framework/src/Illuminate/Pipeline/Pipeline.php(209): Illuminate\\Http\\Middleware\\ValidatePostSize->handle()
#31 /home/user/vendor/laravel/framework/src/Illuminate/Foundation/Http/Middleware/PreventRequestsDuringMaintenance.php(110): Illuminate\\Pipeline\\Pipeline->{closure:{closure:Illuminate\\Pipeline\\Pipeline::carry():184}:185}()
#32 /home/user/vendor/laravel/framework/src/Illuminate/Pipeline/Pipeline.php(209): Illuminate\\Foundation\\Http\\Middleware\\PreventRequestsDuringMaintenance->handle()
#33 /home/user/vendor/laravel/framework/src/Illuminate/Http/Middleware/HandleCors.php(62): Illuminate\\Pipeline\\Pipeline->{closure:{closure:Illuminate\\Pipeline\\Pipeline::carry():184}:185}()
#34 /home/user/vendor/laravel/framework/src/Illuminate/Pipeline/Pipeline.php(209): Illuminate\\Http\\Middleware\\HandleCors->handle()
#35 /home/user/vendor/laravel/framework/src/Illuminate/Http/Middleware/TrustProxies.php(58): Illuminate\\Pipeline\\Pipeline->{closure:{closure:Illuminate\\Pipeline\\Pipeline::carry():184}:185}()
#36 /home/user/vendor/laravel/framework/src/Illuminate/Pipeline/Pipeline.php(209): Illuminate\\Http\\Middleware\\TrustProxies->handle()
#37 /home/user/vendor/laravel/framework/src/Illuminate/Foundation/Http/Middleware/InvokeDeferredCallbacks.php(22): Illuminate\\Pipeline\\Pipeline->{closure:{closure:Illuminate\\Pipeline\\Pipeline::carry():184}:185}()
#38 /home/user/vendor/laravel/framework/src/Illuminate/Pipeline/Pipeline.php(209): Illuminate\\Foundation\\Http\\Middleware\\InvokeDeferredCallbacks->handle()
#39 /home/user/vendor/laravel/framework/src/Illuminate/Pipeline/Pipeline.php(127): Illuminate\\Pipeline\\Pipeline->{closure:{closure:Illuminate\\Pipeline\\Pipeline::carry():184}:185}()
#40 /home/user/vendor/laravel/framework/src/Illuminate/Foundation/Http/Kernel.php(176): Illuminate\\Pipeline\\Pipeline->then()
#41 /home/user/vendor/laravel/framework/src/Illuminate/Foundation/Http/Kernel.php(145): Illuminate\\Foundation\\Http\\Kernel->sendRequestThroughRouter()
#42 /home/user/vendor/laravel/framework/src/Illuminate/Foundation/Testing/Concerns/MakesHttpRequests.php(607): Illuminate\\Foundation\\Http\\Kernel->handle()
#43 /home/user/vendor/laravel/framework/src/Illuminate/Foundation/Testing/Concerns/MakesHttpRequests.php(573): Illuminate\\Foundation\\Testing\\TestCase->call()
#44 /home/user/vendor/laravel/framework/src/Illuminate/Foundation/Testing/Concerns/MakesHttpRequests.php(411): Illuminate\\Foundation\\Testing\\TestCase->json()
#45 /home/user/tests/Feature/Security/ProductionSecurityComprehensiveTest.php(494): Illuminate\\Foundation\\Testing\\TestCase->postJson()
#46 /home/user/vendor/phpunit/phpunit/src/Framework/TestCase.php(1667): Tests\\Feature\\Security\\ProductionSecurityComprehensiveTest->test_22_withdrawal_rate_limiter_functional()
#47 /home/user/vendor/phpunit/phpunit/src/Framework/TestCase.php(519): PHPUnit\\Framework\\TestCase->runTest()
#48 /home/user/vendor/phpunit/phpunit/src/Framework/TestRunner/TestRunner.php(87): PHPUnit\\Framework\\TestCase->runBare()
#49 /home/user/vendor/phpunit/phpunit/src/Framework/TestCase.php(365): PHPUnit\\Framework\\TestRunner->run()
#50 /home/user/vendor/phpunit/phpunit/src/Framework/TestSuite.php(369): PHPUnit\\Framework\\TestCase->run()
#51 /home/user/vendor/phpunit/phpunit/src/Framework/TestSuite.php(369): PHPUnit\\Framework\\TestSuite->run()
#52 /home/user/vendor/phpunit/phpunit/src/Framework/TestSuite.php(369): PHPUnit\\Framework\\TestSuite->run()
#53 /home/user/vendor/phpunit/phpunit/src/TextUI/TestRunner.php(64): PHPUnit\\Framework\\TestSuite->run()
#54 /home/user/vendor/phpunit/phpunit/src/TextUI/Application.php(211): PHPUnit\\TextUI\\TestRunner->run()
#55 /home/user/vendor/phpunit/phpunit/phpunit(104): PHPUnit\\TextUI\\Application->run()
#56 /home/user/vendor/bin/phpunit(122): include('...')
#57 {main}
","path":"api/v1/withdrawals","method":"POST","user_id":1} {"correlation_id":"3b3f2ffe-35ee-49c9-a6e7-30e9fedb73be"}
[2026-09-08 10:43:41] testing.ERROR: Call to undefined method Illuminate\Cache\RateLimiting\Limit::perDays() {"correlation_id":"87ffaef9-5eaf-4847-9eef-84188e40799e","userId":1,"exception":"[object] (Error(code: 0): Call to undefined method Illuminate\\Cache\\RateLimiting\\Limit::perDays() at /home/user/app/Providers/AppServiceProvider.php:95)
[stacktrace]
#0 /home/user/vendor/laravel/framework/src/Illuminate/Cache/RateLimiter.php(75): App\\Providers\\AppServiceProvider->{closure:App\\Providers\\AppServiceProvider::registerRateLimiters():93}()
#1 /home/user/vendor/laravel/framework/src/Illuminate/Routing/Middleware/ThrottleRequests.php(119): Illuminate\\Cache\\RateLimiter->{closure:Illuminate\\Cache\\RateLimiter::limiter():74}()
#2 /home/user/vendor/laravel/framework/src/Illuminate/Routing/Middleware/ThrottleRequests.php(89): Illuminate\\Routing\\Middleware\\ThrottleRequests->handleRequestUsingNamedLimiter()
#3 /home/user/vendor/laravel/framework/src/Illuminate/Pipeline/Pipeline.php(209): Illuminate\\Routing\\Middleware\\ThrottleRequests->handle()
#4 /home/user/vendor/laravel/framework/src/Illuminate/Routing/Middleware/ThrottleRequests.php(161): Illuminate\\Pipeline\\Pipeline->{closure:{closure:Illuminate\\Pipeline\\Pipeline::carry():184}:185}()
#5 /home/user/vendor/laravel/framework/src/Illuminate/Routing/Middleware/ThrottleRequests.php(127): Illuminate\\Routing\\Middleware\\ThrottleRequests->handleRequest()
#6 /home/user/vendor/laravel/framework/src/Illuminate/Routing/Middleware/ThrottleRequests.php(89): Illuminate\\Routing\\Middleware\\ThrottleRequests->handleRequestUsingNamedLimiter()
#7 /home/user/vendor/laravel/framework/src/Illuminate/Pipeline/Pipeline.php(209): Illuminate\\Routing\\Middleware\\ThrottleRequests->handle()
#8 /home/user/vendor/laravel/framework/src/Illuminate/Auth/Middleware/Authenticate.php(64): Illuminate\\Pipeline\\Pipeline->{closure:{closure:Illuminate\\Pipeline\\Pipeline::carry():184}:185}()
#9 /home/user/vendor/laravel/framework/src/Illuminate/Pipeline/Pipeline.php(209): Illuminate\\Auth\\Middleware\\Authenticate->handle()
#10 /home/user/vendor/laravel/framework/src/Illuminate/Pipeline/Pipeline.php(127): Illuminate\\Pipeline\\Pipeline->{closure:{closure:Illuminate\\Pipeline\\Pipeline::carry():184}:185}()
#11 /home/user/vendor/laravel/framework/src/Illuminate/Routing/Router.php(807): Illuminate\\Pipeline\\Pipeline->then()
#12 /home/user/vendor/laravel/framework/src/Illuminate/Routing/Router.php(786): Illuminate\\Routing\\Router->runRouteWithinStack()
#13 /home/user/vendor/laravel/framework/src/Illuminate/Routing/Router.php(750): Illuminate\\Routing\\Router->runRoute()
#14 /home/user/vendor/laravel/framework/src/Illuminate/Routing/Router.php(739): Illuminate\\Routing\\Router->dispatchToRoute()
#15 /home/user/vendor/laravel/framework/src/Illuminate/Foundation/Http/Kernel.php(201): Illuminate\\Routing\\Router->dispatch()
#16 /home/user/vendor/laravel/framework/src/Illuminate/Pipeline/Pipeline.php(170): Illuminate\\Foundation\\Http\\Kernel->{closure:Illuminate\\Foundation\\Http\\Kernel::dispatchToRouter():198}()
#17 /home/user/vendor/livewire/livewire/src/Features/SupportDisablingBackButtonCache/DisableBackButtonCacheMiddleware.php(19): Illuminate\\Pipeline\\Pipeline->{closure:Illuminate\\Pipeline\\Pipeline::prepareDestination():168}()
#18 /home/user/vendor/laravel/framework/src/Illuminate/Pipeline/Pipeline.php(209): Livewire\\Features\\SupportDisablingBackButtonCache\\DisableBackButtonCacheMiddleware->handle()
#19 /home/user/app/Http/Middleware/SecurityHeaders.php(13): Illuminate\\Pipeline\\Pipeline->{closure:{closure:Illuminate\\Pipeline\\Pipeline::carry():184}:185}()
#20 /home/user/vendor/laravel/framework/src/Illuminate/Pipeline/Pipeline.php(209): App\\Http\\Middleware\\SecurityHeaders->handle()
#21 /home/user/app/Http/Middleware/CorrelationIdMiddleware.php(35): Illuminate\\Pipeline\\Pipeline->{closure:{closure:Illuminate\\Pipeline\\Pipeline::carry():184}:185}()
#22 /home/user/vendor/laravel/framework/src/Illuminate/Pipeline/Pipeline.php(209): App\\Http\\Middleware\\CorrelationIdMiddleware->handle()
#23 /home/user/vendor/laravel/framework/src/Illuminate/Foundation/Http/Middleware/TransformsRequest.php(21): Illuminate\\Pipeline\\Pipeline->{closure:{closure:Illuminate\\Pipeline\\Pipeline::carry():184}:185}()
#24 /home/user/vendor/laravel/framework/src/Illuminate/Foundation/Http/Middleware/ConvertEmptyStringsToNull.php(31): Illuminate\\Foundation\\Http\\Middleware\\TransformsRequest->handle()
#25 /home/user/vendor/laravel/framework/src/Illuminate/Pipeline/Pipeline.php(209): Illuminate\\Foundation\\Http\\Middleware\\ConvertEmptyStringsToNull->handle()
#26 /home/user/vendor/laravel/framework/src/Illuminate/Foundation/Http/Middleware/TransformsRequest.php(21): Illuminate\\Pipeline\\Pipeline->{closure:{closure:Illuminate\\Pipeline\\Pipeline::carry():184}:185}()
#27 /home/user/vendor/laravel/framework/src/Illuminate/Foundation/Http/Middleware/TrimStrings.php(51): Illuminate\\Foundation\\Http\\Middleware\\TransformsRequest->handle()
#28 /home/user/vendor/laravel/framework/src/Illuminate/Pipeline/Pipeline.php(209): Illuminate\\Foundation\\Http\\Middleware\\TrimStrings->handle()
#29 /home/user/vendor/laravel/framework/src/Illuminate/Http/Middleware/ValidatePostSize.php(27): Illuminate\\Pipeline\\Pipeline->{closure:{closure:Illuminate\\Pipeline\\Pipeline::carry():184}:185}()
#30 /home/user/vendor/laravel/framework/src/Illuminate/Pipeline/Pipeline.php(209): Illuminate\\Http\\Middleware\\ValidatePostSize->handle()
#31 /home/user/vendor/laravel/framework/src/Illuminate/Foundation/Http/Middleware/PreventRequestsDuringMaintenance.php(110): Illuminate\\Pipeline\\Pipeline->{closure:{closure:Illuminate\\Pipeline\\Pipeline::carry():184}:185}()
#32 /home/user/vendor/laravel/framework/src/Illuminate/Pipeline/Pipeline.php(209): Illuminate\\Foundation\\Http\\Middleware\\PreventRequestsDuringMaintenance->handle()
#33 /home/user/vendor/laravel/framework/src/Illuminate/Http/Middleware/HandleCors.php(62): Illuminate\\Pipeline\\Pipeline->{closure:{closure:Illuminate\\Pipeline\\Pipeline::carry():184}:185}()
#34 /home/user/vendor/laravel/framework/src/Illuminate/Pipeline/Pipeline.php(209): Illuminate\\Http\\Middleware\\HandleCors->handle()
#35 /home/user/vendor/laravel/framework/src/Illuminate/Http/Middleware/TrustProxies.php(58): Illuminate\\Pipeline\\Pipeline->{closure:{closure:Illuminate\\Pipeline\\Pipeline::carry():184}:185}()
#36 /home/user/vendor/laravel/framework/src/Illuminate/Pipeline/Pipeline.php(209): Illuminate\\Http\\Middleware\\TrustProxies->handle()
#37 /home/user/vendor/laravel/framework/src/Illuminate/Foundation/Http/Middleware/InvokeDeferredCallbacks.php(22): Illuminate\\Pipeline\\Pipeline->{closure:{closure:Illuminate\\Pipeline\\Pipeline::carry():184}:185}()
#38 /home/user/vendor/laravel/framework/src/Illuminate/Pipeline/Pipeline.php(209): Illuminate\\Foundation\\Http\\Middleware\\InvokeDeferredCallbacks->handle()
#39 /home/user/vendor/laravel/framework/src/Illuminate/Pipeline/Pipeline.php(127): Illuminate\\Pipeline\\Pipeline->{closure:{closure:Illuminate\\Pipeline\\Pipeline::carry():184}:185}()
#40 /home/user/vendor/laravel/framework/src/Illuminate/Foundation/Http/Kernel.php(176): Illuminate\\Pipeline\\Pipeline->then()
#41 /home/user/vendor/laravel/framework/src/Illuminate/Foundation/Http/Kernel.php(145): Illuminate\\Foundation\\Http\\Kernel->sendRequestThroughRouter()
#42 /home/user/vendor/laravel/framework/src/Illuminate/Foundation/Testing/Concerns/MakesHttpRequests.php(607): Illuminate\\Foundation\\Http\\Kernel->handle()
#43 /home/user/vendor/laravel/framework/src/Illuminate/Foundation/Testing/Concerns/MakesHttpRequests.php(573): Illuminate\\Foundation\\Testing\\TestCase->call()
#44 /home/user/vendor/laravel/framework/src/Illuminate/Foundation/Testing/Concerns/MakesHttpRequests.php(411): Illuminate\\Foundation\\Testing\\TestCase->json()
#45 /home/user/tests/Feature/Security/ProductionSecurityComprehensiveTest.php(494): Illuminate\\Foundation\\Testing\\TestCase->postJson()
#46 /home/user/vendor/phpunit/phpunit/src/Framework/TestCase.php(1667): Tests\\Feature\\Security\\ProductionSecurityComprehensiveTest->test_22_withdrawal_rate_limiter_functional()
#47 /home/user/vendor/phpunit/phpunit/src/Framework/TestCase.php(519): PHPUnit\\Framework\\TestCase->runTest()
#48 /home/user/vendor/phpunit/phpunit/src/Framework/TestRunner/TestRunner.php(87): PHPUnit\\Framework\\TestCase->runBare()
#49 /home/user/vendor/phpunit/phpunit/src/Framework/TestCase.php(365): PHPUnit\\Framework\\TestRunner->run()
#50 /home/user/vendor/phpunit/phpunit/src/Framework/TestSuite.php(369): PHPUnit\\Framework\\TestCase->run()
#51 /home/user/vendor/phpunit/phpunit/src/Framework/TestSuite.php(369): PHPUnit\\Framework\\TestSuite->run()
#52 /home/user/vendor/phpunit/phpunit/src/Framework/TestSuite.php(369): PHPUnit\\Framework\\TestSuite->run()
#53 /home/user/vendor/phpunit/phpunit/src/TextUI/TestRunner.php(64): PHPUnit\\Framework\\TestSuite->run()
#54 /home/user/vendor/phpunit/phpunit/src/TextUI/Application.php(211): PHPUnit\\TextUI\\TestRunner->run()
#55 /home/user/vendor/phpunit/phpunit/phpunit(104): PHPUnit\\TextUI\\Application->run()
#56 /home/user/vendor/bin/phpunit(122): include('...')
#57 {main}
"} {"correlation_id":"87ffaef9-5eaf-4847-9eef-84188e40799e"}
[2026-09-08 10:43:41] testing.ERROR: api.unhandled_exception {"correlation_id":"87ffaef9-5eaf-4847-9eef-84188e40799e","exception":"[object] (Error(code: 0): Call to undefined method Illuminate\\Cache\\RateLimiting\\Limit::perDays() at /home/user/app/Providers/AppServiceProvider.php:95)
[stacktrace]
#0 /home/user/vendor/laravel/framework/src/Illuminate/Cache/RateLimiter.php(75): App\\Providers\\AppServiceProvider->{closure:App\\Providers\\AppServiceProvider::registerRateLimiters():93}()
#1 /home/user/vendor/laravel/framework/src/Illuminate/Routing/Middleware/ThrottleRequests.php(119): Illuminate\\Cache\\RateLimiter->{closure:Illuminate\\Cache\\RateLimiter::limiter():74}()
#2 /home/user/vendor/laravel/framework/src/Illuminate/Routing/Middleware/ThrottleRequests.php(89): Illuminate\\Routing\\Middleware\\ThrottleRequests->handleRequestUsingNamedLimiter()
#3 /home/user/vendor/laravel/framework/src/Illuminate/Pipeline/Pipeline.php(209): Illuminate\\Routing\\Middleware\\ThrottleRequests->handle()
#4 /home/user/vendor/laravel/framework/src/Illuminate/Routing/Middleware/ThrottleRequests.php(161): Illuminate\\Pipeline\\Pipeline->{closure:{closure:Illuminate\\Pipeline\\Pipeline::carry():184}:185}()
#5 /home/user/vendor/laravel/framework/src/Illuminate/Routing/Middleware/ThrottleRequests.php(127): Illuminate\\Routing\\Middleware\\ThrottleRequests->handleRequest()
#6 /home/user/vendor/laravel/framework/src/Illuminate/Routing/Middleware/ThrottleRequests.php(89): Illuminate\\Routing\\Middleware\\ThrottleRequests->handleRequestUsingNamedLimiter()
#7 /home/user/vendor/laravel/framework/src/Illuminate/Pipeline/Pipeline.php(209): Illuminate\\Routing\\Middleware\\ThrottleRequests->handle()
#8 /home/user/vendor/laravel/framework/src/Illuminate/Auth/Middleware/Authenticate.php(64): Illuminate\\Pipeline\\Pipeline->{closure:{closure:Illuminate\\Pipeline\\Pipeline::carry():184}:185}()
#9 /home/user/vendor/laravel/framework/src/Illuminate/Pipeline/Pipeline.php(209): Illuminate\\Auth\\Middleware\\Authenticate->handle()
#10 /home/user/vendor/laravel/framework/src/Illuminate/Pipeline/Pipeline.php(127): Illuminate\\Pipeline\\Pipeline->{closure:{closure:Illuminate\\Pipeline\\Pipeline::carry():184}:185}()
#11 /home/user/vendor/laravel/framework/src/Illuminate/Routing/Router.php(807): Illuminate\\Pipeline\\Pipeline->then()
#12 /home/user/vendor/laravel/framework/src/Illuminate/Routing/Router.php(786): Illuminate\\Routing\\Router->runRouteWithinStack()
#13 /home/user/vendor/laravel/framework/src/Illuminate/Routing/Router.php(750): Illuminate\\Routing\\Router->runRoute()
#14 /home/user/vendor/laravel/framework/src/Illuminate/Routing/Router.php(739): Illuminate\\Routing\\Router->dispatchToRoute()
#15 /home/user/vendor/laravel/framework/src/Illuminate/Foundation/Http/Kernel.php(201): Illuminate\\Routing\\Router->dispatch()
#16 /home/user/vendor/laravel/framework/src/Illuminate/Pipeline/Pipeline.php(170): Illuminate\\Foundation\\Http\\Kernel->{closure:Illuminate\\Foundation\\Http\\Kernel::dispatchToRouter():198}()
#17 /home/user/vendor/livewire/livewire/src/Features/SupportDisablingBackButtonCache/DisableBackButtonCacheMiddleware.php(19): Illuminate\\Pipeline\\Pipeline->{closure:Illuminate\\Pipeline\\Pipeline::prepareDestination():168}()
#18 /home/user/vendor/laravel/framework/src/Illuminate/Pipeline/Pipeline.php(209): Livewire\\Features\\SupportDisablingBackButtonCache\\DisableBackButtonCacheMiddleware->handle()
#19 /home/user/app/Http/Middleware/SecurityHeaders.php(13): Illuminate\\Pipeline\\Pipeline->{closure:{closure:Illuminate\\Pipeline\\Pipeline::carry():184}:185}()
#20 /home/user/vendor/laravel/framework/src/Illuminate/Pipeline/Pipeline.php(209): App\\Http\\Middleware\\SecurityHeaders->handle()
#21 /home/user/app/Http/Middleware/CorrelationIdMiddleware.php(35): Illuminate\\Pipeline\\Pipeline->{closure:{closure:Illuminate\\Pipeline\\Pipeline::carry():184}:185}()
#22 /home/user/vendor/laravel/framework/src/Illuminate/Pipeline/Pipeline.php(209): App\\Http\\Middleware\\CorrelationIdMiddleware->handle()
#23 /home/user/vendor/laravel/framework/src/Illuminate/Foundation/Http/Middleware/TransformsRequest.php(21): Illuminate\\Pipeline\\Pipeline->{closure:{closure:Illuminate\\Pipeline\\Pipeline::carry():184}:185}()
#24 /home/user/vendor/laravel/framework/src/Illuminate/Foundation/Http/Middleware/ConvertEmptyStringsToNull.php(31): Illuminate\\Foundation\\Http\\Middleware\\TransformsRequest->handle()
#25 /home/user/vendor/laravel/framework/src/Illuminate/Pipeline/Pipeline.php(209): Illuminate\\Foundation\\Http\\Middleware\\ConvertEmptyStringsToNull->handle()
#26 /home/user/vendor/laravel/framework/src/Illuminate/Foundation/Http/Middleware/TransformsRequest.php(21): Illuminate\\Pipeline\\Pipeline->{closure:{closure:Illuminate\\Pipeline\\Pipeline::carry():184}:185}()
#27 /home/user/vendor/laravel/framework/src/Illuminate/Foundation/Http/Middleware/TrimStrings.php(51): Illuminate\\Foundation\\Http\\Middleware\\TransformsRequest->handle()
#28 /home/user/vendor/laravel/framework/src/Illuminate/Pipeline/Pipeline.php(209): Illuminate\\Foundation\\Http\\Middleware\\TrimStrings->handle()
#29 /home/user/vendor/laravel/framework/src/Illuminate/Http/Middleware/ValidatePostSize.php(27): Illuminate\\Pipeline\\Pipeline->{closure:{closure:Illuminate\\Pipeline\\Pipeline::carry():184}:185}()
#30 /home/user/vendor/laravel/framework/src/Illuminate/Pipeline/Pipeline.php(209): Illuminate\\Http\\Middleware\\ValidatePostSize->handle()
#31 /home/user/vendor/laravel/framework/src/Illuminate/Foundation/Http/Middleware/PreventRequestsDuringMaintenance.php(110): Illuminate\\Pipeline\\Pipeline->{closure:{closure:Illuminate\\Pipeline\\Pipeline::carry():184}:185}()
#32 /home/user/vendor/laravel/framework/src/Illuminate/Pipeline/Pipeline.php(209): Illuminate\\Foundation\\Http\\Middleware\\PreventRequestsDuringMaintenance->handle()
#33 /home/user/vendor/laravel/framework/src/Illuminate/Http/Middleware/HandleCors.php(62): Illuminate\\Pipeline\\Pipeline->{closure:{closure:Illuminate\\Pipeline\\Pipeline::carry():184}:185}()
#34 /home/user/vendor/laravel/framework/src/Illuminate/Pipeline/Pipeline.php(209): Illuminate\\Http\\Middleware\\HandleCors->handle()
#35 /home/user/vendor/laravel/framework/src/Illuminate/Http/Middleware/TrustProxies.php(58): Illuminate\\Pipeline\\Pipeline->{closure:{closure:Illuminate\\Pipeline\\Pipeline::carry():184}:185}()
#36 /home/user/vendor/laravel/framework/src/Illuminate/Pipeline/Pipeline.php(209): Illuminate\\Http\\Middleware\\TrustProxies->handle()
#37 /home/user/vendor/laravel/framework/src/Illuminate/Foundation/Http/Middleware/InvokeDeferredCallbacks.php(22): Illuminate\\Pipeline\\Pipeline->{closure:{closure:Illuminate\\Pipeline\\Pipeline::carry():184}:185}()
#38 /home/user/vendor/laravel/framework/src/Illuminate/Pipeline/Pipeline.php(209): Illuminate\\Foundation\\Http\\Middleware\\InvokeDeferredCallbacks->handle()
#39 /home/user/vendor/laravel/framework/src/Illuminate/Pipeline/Pipeline.php(127): Illuminate\\Pipeline\\Pipeline->{closure:{closure:Illuminate\\Pipeline\\Pipeline::carry():184}:185}()
#40 /home/user/vendor/laravel/framework/src/Illuminate/Foundation/Http/Kernel.php(176): Illuminate\\Pipeline\\Pipeline->then()
#41 /home/user/vendor/laravel/framework/src/Illuminate/Foundation/Http/Kernel.php(145): Illuminate\\Foundation\\Http\\Kernel->sendRequestThroughRouter()
#42 /home/user/vendor/laravel/framework/src/Illuminate/Foundation/Testing/Concerns/MakesHttpRequests.php(607): Illuminate\\Foundation\\Http\\Kernel->handle()
#43 /home/user/vendor/laravel/framework/src/Illuminate/Foundation/Testing/Concerns/MakesHttpRequests.php(573): Illuminate\\Foundation\\Testing\\TestCase->call()
#44 /home/user/vendor/laravel/framework/src/Illuminate/Foundation/Testing/Concerns/MakesHttpRequests.php(411): Illuminate\\Foundation\\Testing\\TestCase->json()
#45 /home/user/tests/Feature/Security/ProductionSecurityComprehensiveTest.php(494): Illuminate\\Foundation\\Testing\\TestCase->postJson()
#46 /home/user/vendor/phpunit/phpunit/src/Framework/TestCase.php(1667): Tests\\Feature\\Security\\ProductionSecurityComprehensiveTest->test_22_withdrawal_rate_limiter_functional()
#47 /home/user/vendor/phpunit/phpunit/src/Framework/TestCase.php(519): PHPUnit\\Framework\\TestCase->runTest()
#48 /home/user/vendor/phpunit/phpunit/src/Framework/TestRunner/TestRunner.php(87): PHPUnit\\Framework\\TestCase->runBare()
#49 /home/user/vendor/phpunit/phpunit/src/Framework/TestCase.php(365): PHPUnit\\Framework\\TestRunner->run()
#50 /home/user/vendor/phpunit/phpunit/src/Framework/TestSuite.php(369): PHPUnit\\Framework\\TestCase->run()
#51 /home/user/vendor/phpunit/phpunit/src/Framework/TestSuite.php(369): PHPUnit\\Framework\\TestSuite->run()
#52 /home/user/vendor/phpunit/phpunit/src/Framework/TestSuite.php(369): PHPUnit\\Framework\\TestSuite->run()
#53 /home/user/vendor/phpunit/phpunit/src/TextUI/TestRunner.php(64): PHPUnit\\Framework\\TestSuite->run()
#54 /home/user/vendor/phpunit/phpunit/src/TextUI/Application.php(211): PHPUnit\\TextUI\\TestRunner->run()
#55 /home/user/vendor/phpunit/phpunit/phpunit(104): PHPUnit\\TextUI\\Application->run()
#56 /home/user/vendor/bin/phpunit(122): include('...')
#57 {main}
","path":"api/v1/withdrawals","method":"POST","user_id":1} {"correlation_id":"87ffaef9-5eaf-4847-9eef-84188e40799e"}
[2026-09-08 10:43:41] testing.ERROR: Call to undefined method Illuminate\Cache\RateLimiting\Limit::perDays() {"correlation_id":"479e7f54-01a5-4dc6-83c9-48ec1a52289e","userId":1,"exception":"[object] (Error(code: 0): Call to undefined method Illuminate\\Cache\\RateLimiting\\Limit::perDays() at /home/user/app/Providers/AppServiceProvider.php:95)
[stacktrace]
#0 /home/user/vendor/laravel/framework/src/Illuminate/Cache/RateLimiter.php(75): App\\Providers\\AppServiceProvider->{closure:App\\Providers\\AppServiceProvider::registerRateLimiters():93}()
#1 /home/user/vendor/laravel/framework/src/Illuminate/Routing/Middleware/ThrottleRequests.php(119): Illuminate\\Cache\\RateLimiter->{closure:Illuminate\\Cache\\RateLimiter::limiter():74}()
#2 /home/user/vendor/laravel/framework/src/Illuminate/Routing/Middleware/ThrottleRequests.php(89): Illuminate\\Routing\\Middleware\\ThrottleRequests->handleRequestUsingNamedLimiter()
#3 /home/user/vendor/laravel/framework/src/Illuminate/Pipeline/Pipeline.php(209): Illuminate\\Routing\\Middleware\\ThrottleRequests->handle()
#4 /home/user/vendor/laravel/framework/src/Illuminate/Routing/Middleware/ThrottleRequests.php(161): Illuminate\\Pipeline\\Pipeline->{closure:{closure:Illuminate\\Pipeline\\Pipeline::carry():184}:185}()
#5 /home/user/vendor/laravel/framework/src/Illuminate/Routing/Middleware/ThrottleRequests.php(127): Illuminate\\Routing\\Middleware\\ThrottleRequests->handleRequest()
#6 /home/user/vendor/laravel/framework/src/Illuminate/Routing/Middleware/ThrottleRequests.php(89): Illuminate\\Routing\\Middleware\\ThrottleRequests->handleRequestUsingNamedLimiter()
#7 /home/user/vendor/laravel/framework/src/Illuminate/Pipeline/Pipeline.php(209): Illuminate\\Routing\\Middleware\\ThrottleRequests->handle()
#8 /home/user/vendor/laravel/framework/src/Illuminate/Auth/Middleware/Authenticate.php(64): Illuminate\\Pipeline\\Pipeline->{closure:{closure:Illuminate\\Pipeline\\Pipeline::carry():184}:185}()
#9 /home/user/vendor/laravel/framework/src/Illuminate/Pipeline/Pipeline.php(209): Illuminate\\Auth\\Middleware\\Authenticate->handle()
#10 /home/user/vendor/laravel/framework/src/Illuminate/Pipeline/Pipeline.php(127): Illuminate\\Pipeline\\Pipeline->{closure:{closure:Illuminate\\Pipeline\\Pipeline::carry():184}:185}()
#11 /home/user/vendor/laravel/framework/src/Illuminate/Routing/Router.php(807): Illuminate\\Pipeline\\Pipeline->then()
#12 /home/user/vendor/laravel/framework/src/Illuminate/Routing/Router.php(786): Illuminate\\Routing\\Router->runRouteWithinStack()
#13 /home/user/vendor/laravel/framework/src/Illuminate/Routing/Router.php(750): Illuminate\\Routing\\Router->runRoute()
#14 /home/user/vendor/laravel/framework/src/Illuminate/Routing/Router.php(739): Illuminate\\Routing\\Router->dispatchToRoute()
#15 /home/user/vendor/laravel/framework/src/Illuminate/Foundation/Http/Kernel.php(201): Illuminate\\Routing\\Router->dispatch()
#16 /home/user/vendor/laravel/framework/src/Illuminate/Pipeline/Pipeline.php(170): Illuminate\\Foundation\\Http\\Kernel->{closure:Illuminate\\Foundation\\Http\\Kernel::dispatchToRouter():198}()
#17 /home/user/vendor/livewire/livewire/src/Features/SupportDisablingBackButtonCache/DisableBackButtonCacheMiddleware.php(19): Illuminate\\Pipeline\\Pipeline->{closure:Illuminate\\Pipeline\\Pipeline::prepareDestination():168}()
#18 /home/user/vendor/laravel/framework/src/Illuminate/Pipeline/Pipeline.php(209): Livewire\\Features\\SupportDisablingBackButtonCache\\DisableBackButtonCacheMiddleware->handle()
#19 /home/user/app/Http/Middleware/SecurityHeaders.php(13): Illuminate\\Pipeline\\Pipeline->{closure:{closure:Illuminate\\Pipeline\\Pipeline::carry():184}:185}()
#20 /home/user/vendor/laravel/framework/src/Illuminate/Pipeline/Pipeline.php(209): App\\Http\\Middleware\\SecurityHeaders->handle()
#21 /home/user/app/Http/Middleware/CorrelationIdMiddleware.php(35): Illuminate\\Pipeline\\Pipeline->{closure:{closure:Illuminate\\Pipeline\\Pipeline::carry():184}:185}()
#22 /home/user/vendor/laravel/framework/src/Illuminate/Pipeline/Pipeline.php(209): App\\Http\\Middleware\\CorrelationIdMiddleware->handle()
#23 /home/user/vendor/laravel/framework/src/Illuminate/Foundation/Http/Middleware/TransformsRequest.php(21): Illuminate\\Pipeline\\Pipeline->{closure:{closure:Illuminate\\Pipeline\\Pipeline::carry():184}:185}()
#24 /home/user/vendor/laravel/framework/src/Illuminate/Foundation/Http/Middleware/ConvertEmptyStringsToNull.php(31): Illuminate\\Foundation\\Http\\Middleware\\TransformsRequest->handle()
#25 /home/user/vendor/laravel/framework/src/Illuminate/Pipeline/Pipeline.php(209): Illuminate\\Foundation\\Http\\Middleware\\ConvertEmptyStringsToNull->handle()
#26 /home/user/vendor/laravel/framework/src/Illuminate/Foundation/Http/Middleware/TransformsRequest.php(21): Illuminate\\Pipeline\\Pipeline->{closure:{closure:Illuminate\\Pipeline\\Pipeline::carry():184}:185}()
#27 /home/user/vendor/laravel/framework/src/Illuminate/Foundation/Http/Middleware/TrimStrings.php(51): Illuminate\\Foundation\\Http\\Middleware\\TransformsRequest->handle()
#28 /home/user/vendor/laravel/framework/src/Illuminate/Pipeline/Pipeline.php(209): Illuminate\\Foundation\\Http\\Middleware\\TrimStrings->handle()
#29 /home/user/vendor/laravel/framework/src/Illuminate/Http/Middleware/ValidatePostSize.php(27): Illuminate\\Pipeline\\Pipeline->{closure:{closure:Illuminate\\Pipeline\\Pipeline::carry():184}:185}()
#30 /home/user/vendor/laravel/framework/src/Illuminate/Pipeline/Pipeline.php(209): Illuminate\\Http\\Middleware\\ValidatePostSize->handle()
#31 /home/user/vendor/laravel/framework/src/Illuminate/Foundation/Http/Middleware/PreventRequestsDuringMaintenance.php(110): Illuminate\\Pipeline\\Pipeline->{closure:{closure:Illuminate\\Pipeline\\Pipeline::carry():184}:185}()
#32 /home/user/vendor/laravel/framework/src/Illuminate/Pipeline/Pipeline.php(209): Illuminate\\Foundation\\Http\\Middleware\\PreventRequestsDuringMaintenance->handle()
#33 /home/user/vendor/laravel/framework/src/Illuminate/Http/Middleware/HandleCors.php(62): Illuminate\\Pipeline\\Pipeline->{closure:{closure:Illuminate\\Pipeline\\Pipeline::carry():184}:185}()
#34 /home/user/vendor/laravel/framework/src/Illuminate/Pipeline/Pipeline.php(209): Illuminate\\Http\\Middleware\\HandleCors->handle()
#35 /home/user/vendor/laravel/framework/src/Illuminate/Http/Middleware/TrustProxies.php(58): Illuminate\\Pipeline\\Pipeline->{closure:{closure:Illuminate\\Pipeline\\Pipeline::carry():184}:185}()
#36 /home/user/vendor/laravel/framework/src/Illuminate/Pipeline/Pipeline.php(209): Illuminate\\Http\\Middleware\\TrustProxies->handle()
#37 /home/user/vendor/laravel/framework/src/Illuminate/Foundation/Http/Middleware/InvokeDeferredCallbacks.php(22): Illuminate\\Pipeline\\Pipeline->{closure:{closure:Illuminate\\Pipeline\\Pipeline::carry():184}:185}()
#38 /home/user/vendor/laravel/framework/src/Illuminate/Pipeline/Pipeline.php(209): Illuminate\\Foundation\\Http\\Middleware\\InvokeDeferredCallbacks->handle()
#39 /home/user/vendor/laravel/framework/src/Illuminate/Pipeline/Pipeline.php(127): Illuminate\\Pipeline\\Pipeline->{closure:{closure:Illuminate\\Pipeline\\Pipeline::carry():184}:185}()
#40 /home/user/vendor/laravel/framework/src/Illuminate/Foundation/Http/Kernel.php(176): Illuminate\\Pipeline\\Pipeline->then()
#41 /home/user/vendor/laravel/framework/src/Illuminate/Foundation/Http/Kernel.php(145): Illuminate\\Foundation\\Http\\Kernel->sendRequestThroughRouter()
#42 /home/user/vendor/laravel/framework/src/Illuminate/Foundation/Testing/Concerns/MakesHttpRequests.php(607): Illuminate\\Foundation\\Http\\Kernel->handle()
#43 /home/user/vendor/laravel/framework/src/Illuminate/Foundation/Testing/Concerns/MakesHttpRequests.php(573): Illuminate\\Foundation\\Testing\\TestCase->call()
#44 /home/user/vendor/laravel/framework/src/Illuminate/Foundation/Testing/Concerns/MakesHttpRequests.php(411): Illuminate\\Foundation\\Testing\\TestCase->json()
#45 /home/user/tests/Feature/Security/ProductionSecurityComprehensiveTest.php(494): Illuminate\\Foundation\\Testing\\TestCase->postJson()
#46 /home/user/vendor/phpunit/phpunit/src/Framework/TestCase.php(1667): Tests\\Feature\\Security\\ProductionSecurityComprehensiveTest->test_22_withdrawal_rate_limiter_functional()
#47 /home/user/vendor/phpunit/phpunit/src/Framework/TestCase.php(519): PHPUnit\\Framework\\TestCase->runTest()
#48 /home/user/vendor/phpunit/phpunit/src/Framework/TestRunner/TestRunner.php(87): PHPUnit\\Framework\\TestCase->runBare()
#49 /home/user/vendor/phpunit/phpunit/src/Framework/TestCase.php(365): PHPUnit\\Framework\\TestRunner->run()
#50 /home/user/vendor/phpunit/phpunit/src/Framework/TestSuite.php(369): PHPUnit\\Framework\\TestCase->run()
#51 /home/user/vendor/phpunit/phpunit/src/Framework/TestSuite.php(369): PHPUnit\\Framework\\TestSuite->run()
#52 /home/user/vendor/phpunit/phpunit/src/Framework/TestSuite.php(369): PHPUnit\\Framework\\TestSuite->run()
#53 /home/user/vendor/phpunit/phpunit/src/TextUI/TestRunner.php(64): PHPUnit\\Framework\\TestSuite->run()
#54 /home/user/vendor/phpunit/phpunit/src/TextUI/Application.php(211): PHPUnit\\TextUI\\TestRunner->run()
#55 /home/user/vendor/phpunit/phpunit/phpunit(104): PHPUnit\\TextUI\\Application->run()
#56 /home/user/vendor/bin/phpunit(122): include('...')
#57 {main}
"} {"correlation_id":"479e7f54-01a5-4dc6-83c9-48ec1a52289e"}
[2026-09-08 10:43:41] testing.ERROR: api.unhandled_exception {"correlation_id":"479e7f54-01a5-4dc6-83c9-48ec1a52289e","exception":"[object] (Error(code: 0): Call to undefined method Illuminate\\Cache\\RateLimiting\\Limit::perDays() at /home/user/app/Providers/AppServiceProvider.php:95)
[stacktrace]
#0 /home/user/vendor/laravel/framework/src/Illuminate/Cache/RateLimiter.php(75): App\\Providers\\AppServiceProvider->{closure:App\\Providers\\AppServiceProvider::registerRateLimiters():93}()
#1 /home/user/vendor/laravel/framework/src/Illuminate/Routing/Middleware/ThrottleRequests.php(119): Illuminate\\Cache\\RateLimiter->{closure:Illuminate\\Cache\\RateLimiter::limiter():74}()
#2 /home/user/vendor/laravel/framework/src/Illuminate/Routing/Middleware/ThrottleRequests.php(89): Illuminate\\Routing\\Middleware\\ThrottleRequests->handleRequestUsingNamedLimiter()
#3 /home/user/vendor/laravel/framework/src/Illuminate/Pipeline/Pipeline.php(209): Illuminate\\Routing\\Middleware\\ThrottleRequests->handle()
#4 /home/user/vendor/laravel/framework/src/Illuminate/Routing/Middleware/ThrottleRequests.php(161): Illuminate\\Pipeline\\Pipeline->{closure:{closure:Illuminate\\Pipeline\\Pipeline::carry():184}:185}()
#5 /home/user/vendor/laravel/framework/src/Illuminate/Routing/Middleware/ThrottleRequests.php(127): Illuminate\\Routing\\Middleware\\ThrottleRequests->handleRequest()
#6 /home/user/vendor/laravel/framework/src/Illuminate/Routing/Middleware/ThrottleRequests.php(89): Illuminate\\Routing\\Middleware\\ThrottleRequests->handleRequestUsingNamedLimiter()
#7 /home/user/vendor/laravel/framework/src/Illuminate/Pipeline/Pipeline.php(209): Illuminate\\Routing\\Middleware\\ThrottleRequests->handle()
#8 /home/user/vendor/laravel/framework/src/Illuminate/Auth/Middleware/Authenticate.php(64): Illuminate\\Pipeline\\Pipeline->{closure:{closure:Illuminate\\Pipeline\\Pipeline::carry():184}:185}()
#9 /home/user/vendor/laravel/framework/src/Illuminate/Pipeline/Pipeline.php(209): Illuminate\\Auth\\Middleware\\Authenticate->handle()
#10 /home/user/vendor/laravel/framework/src/Illuminate/Pipeline/Pipeline.php(127): Illuminate\\Pipeline\\Pipeline->{closure:{closure:Illuminate\\Pipeline\\Pipeline::carry():184}:185}()
#11 /home/user/vendor/laravel/framework/src/Illuminate/Routing/Router.php(807): Illuminate\\Pipeline\\Pipeline->then()
#12 /home/user/vendor/laravel/framework/src/Illuminate/Routing/Router.php(786): Illuminate\\Routing\\Router->runRouteWithinStack()
#13 /home/user/vendor/laravel/framework/src/Illuminate/Routing/Router.php(750): Illuminate\\Routing\\Router->runRoute()
#14 /home/user/vendor/laravel/framework/src/Illuminate/Routing/Router.php(739): Illuminate\\Routing\\Router->dispatchToRoute()
#15 /home/user/vendor/laravel/framework/src/Illuminate/Foundation/Http/Kernel.php(201): Illuminate\\Routing\\Router->dispatch()
#16 /home/user/vendor/laravel/framework/src/Illuminate/Pipeline/Pipeline.php(170): Illuminate\\Foundation\\Http\\Kernel->{closure:Illuminate\\Foundation\\Http\\Kernel::dispatchToRouter():198}()
#17 /home/user/vendor/livewire/livewire/src/Features/SupportDisablingBackButtonCache/DisableBackButtonCacheMiddleware.php(19): Illuminate\\Pipeline\\Pipeline->{closure:Illuminate\\Pipeline\\Pipeline::prepareDestination():168}()
#18 /home/user/vendor/laravel/framework/src/Illuminate/Pipeline/Pipeline.php(209): Livewire\\Features\\SupportDisablingBackButtonCache\\DisableBackButtonCacheMiddleware->handle()
#19 /home/user/app/Http/Middleware/SecurityHeaders.php(13): Illuminate\\Pipeline\\Pipeline->{closure:{closure:Illuminate\\Pipeline\\Pipeline::carry():184}:185}()
#20 /home/user/vendor/laravel/framework/src/Illuminate/Pipeline/Pipeline.php(209): App\\Http\\Middleware\\SecurityHeaders->handle()
#21 /home/user/app/Http/Middleware/CorrelationIdMiddleware.php(35): Illuminate\\Pipeline\\Pipeline->{closure:{closure:Illuminate\\Pipeline\\Pipeline::carry():184}:185}()
#22 /home/user/vendor/laravel/framework/src/Illuminate/Pipeline/Pipeline.php(209): App\\Http\\Middleware\\CorrelationIdMiddleware->handle()
#23 /home/user/vendor/laravel/framework/src/Illuminate/Foundation/Http/Middleware/TransformsRequest.php(21): Illuminate\\Pipeline\\Pipeline->{closure:{closure:Illuminate\\Pipeline\\Pipeline::carry():184}:185}()
#24 /home/user/vendor/laravel/framework/src/Illuminate/Foundation/Http/Middleware/ConvertEmptyStringsToNull.php(31): Illuminate\\Foundation\\Http\\Middleware\\TransformsRequest->handle()
#25 /home/user/vendor/laravel/framework/src/Illuminate/Pipeline/Pipeline.php(209): Illuminate\\Foundation\\Http\\Middleware\\ConvertEmptyStringsToNull->handle()
#26 /home/user/vendor/laravel/framework/src/Illuminate/Foundation/Http/Middleware/TransformsRequest.php(21): Illuminate\\Pipeline\\Pipeline->{closure:{closure:Illuminate\\Pipeline\\Pipeline::carry():184}:185}()
#27 /home/user/vendor/laravel/framework/src/Illuminate/Foundation/Http/Middleware/TrimStrings.php(51): Illuminate\\Foundation\\Http\\Middleware\\TransformsRequest->handle()
#28 /home/user/vendor/laravel/framework/src/Illuminate/Pipeline/Pipeline.php(209): Illuminate\\Foundation\\Http\\Middleware\\TrimStrings->handle()
#29 /home/user/vendor/laravel/framework/src/Illuminate/Http/Middleware/ValidatePostSize.php(27): Illuminate\\Pipeline\\Pipeline->{closure:{closure:Illuminate\\Pipeline\\Pipeline::carry():184}:185}()
#30 /home/user/vendor/laravel/framework/src/Illuminate/Pipeline/Pipeline.php(209): Illuminate\\Http\\Middleware\\ValidatePostSize->handle()
#31 /home/user/vendor/laravel/framework/src/Illuminate/Foundation/Http/Middleware/PreventRequestsDuringMaintenance.php(110): Illuminate\\Pipeline\\Pipeline->{closure:{closure:Illuminate\\Pipeline\\Pipeline::carry():184}:185}()
#32 /home/user/vendor/laravel/framework/src/Illuminate/Pipeline/Pipeline.php(209): Illuminate\\Foundation\\Http\\Middleware\\PreventRequestsDuringMaintenance->handle()
#33 /home/user/vendor/laravel/framework/src/Illuminate/Http/Middleware/HandleCors.php(62): Illuminate\\Pipeline\\Pipeline->{closure:{closure:Illuminate\\Pipeline\\Pipeline::carry():184}:185}()
#34 /home/user/vendor/laravel/framework/src/Illuminate/Pipeline/Pipeline.php(209): Illuminate\\Http\\Middleware\\HandleCors->handle()
#35 /home/user/vendor/laravel/framework/src/Illuminate/Http/Middleware/TrustProxies.php(58): Illuminate\\Pipeline\\Pipeline->{closure:{closure:Illuminate\\Pipeline\\Pipeline::carry():184}:185}()
#36 /home/user/vendor/laravel/framework/src/Illuminate/Pipeline/Pipeline.php(209): Illuminate\\Http\\Middleware\\TrustProxies->handle()
#37 /home/user/vendor/laravel/framework/src/Illuminate/Foundation/Http/Middleware/InvokeDeferredCallbacks.php(22): Illuminate\\Pipeline\\Pipeline->{closure:{closure:Illuminate\\Pipeline\\Pipeline::carry():184}:185}()
#38 /home/user/vendor/laravel/framework/src/Illuminate/Pipeline/Pipeline.php(209): Illuminate\\Foundation\\Http\\Middleware\\InvokeDeferredCallbacks->handle()
#39 /home/user/vendor/laravel/framework/src/Illuminate/Pipeline/Pipeline.php(127): Illuminate\\Pipeline\\Pipeline->{closure:{closure:Illuminate\\Pipeline\\Pipeline::carry():184}:185}()
#40 /home/user/vendor/laravel/framework/src/Illuminate/Foundation/Http/Kernel.php(176): Illuminate\\Pipeline\\Pipeline->then()
#41 /home/user/vendor/laravel/framework/src/Illuminate/Foundation/Http/Kernel.php(145): Illuminate\\Foundation\\Http\\Kernel->sendRequestThroughRouter()
#42 /home/user/vendor/laravel/framework/src/Illuminate/Foundation/Testing/Concerns/MakesHttpRequests.php(607): Illuminate\\Foundation\\Http\\Kernel->handle()
#43 /home/user/vendor/laravel/framework/src/Illuminate/Foundation/Testing/Concerns/MakesHttpRequests.php(573): Illuminate\\Foundation\\Testing\\TestCase->call()
#44 /home/user/vendor/laravel/framework/src/Illuminate/Foundation/Testing/Concerns/MakesHttpRequests.php(411): Illuminate\\Foundation\\Testing\\TestCase->json()
#45 /home/user/tests/Feature/Security/ProductionSecurityComprehensiveTest.php(494): Illuminate\\Foundation\\Testing\\TestCase->postJson()
#46 /home/user/vendor/phpunit/phpunit/src/Framework/TestCase.php(1667): Tests\\Feature\\Security\\ProductionSecurityComprehensiveTest->test_22_withdrawal_rate_limiter_functional()
#47 /home/user/vendor/phpunit/phpunit/src/Framework/TestCase.php(519): PHPUnit\\Framework\\TestCase->runTest()
#48 /home/user/vendor/phpunit/phpunit/src/Framework/TestRunner/TestRunner.php(87): PHPUnit\\Framework\\TestCase->runBare()
#49 /home/user/vendor/phpunit/phpunit/src/Framework/TestCase.php(365): PHPUnit\\Framework\\TestRunner->run()
#50 /home/user/vendor/phpunit/phpunit/src/Framework/TestSuite.php(369): PHPUnit\\Framework\\TestCase->run()
#51 /home/user/vendor/phpunit/phpunit/src/Framework/TestSuite.php(369): PHPUnit\\Framework\\TestSuite->run()
#52 /home/user/vendor/phpunit/phpunit/src/Framework/TestSuite.php(369): PHPUnit\\Framework\\TestSuite->run()
#53 /home/user/vendor/phpunit/phpunit/src/TextUI/TestRunner.php(64): PHPUnit\\Framework\\TestSuite->run()
#54 /home/user/vendor/phpunit/phpunit/src/TextUI/Application.php(211): PHPUnit\\TextUI\\TestRunner->run()
#55 /home/user/vendor/phpunit/phpunit/phpunit(104): PHPUnit\\TextUI\\Application->run()
#56 /home/user/vendor/bin/phpunit(122): include('...')
#57 {main}
","path":"api/v1/withdrawals","method":"POST","user_id":1} {"correlation_id":"479e7f54-01a5-4dc6-83c9-48ec1a52289e"}
[2026-09-08 10:43:41] testing.ERROR: Call to undefined method Illuminate\Cache\RateLimiting\Limit::perDays() {"correlation_id":"4038f8d5-1125-48b9-93e1-72b0b0f22041","userId":1,"exception":"[object] (Error(code: 0): Call to undefined method Illuminate\\Cache\\RateLimiting\\Limit::perDays() at /home/user/app/Providers/AppServiceProvider.php:95)
[stacktrace]
#0 /home/user/vendor/laravel/framework/src/Illuminate/Cache/RateLimiter.php(75): App\\Providers\\AppServiceProvider->{closure:App\\Providers\\AppServiceProvider::registerRateLimiters():93}()
#1 /home/user/vendor/laravel/framework/src/Illuminate/Routing/Middleware/ThrottleRequests.php(119): Illuminate\\Cache\\RateLimiter->{closure:Illuminate\\Cache\\RateLimiter::limiter():74}()
#2 /home/user/vendor/laravel/framework/src/Illuminate/Routing/Middleware/ThrottleRequests.php(89): Illuminate\\Routing\\Middleware\\ThrottleRequests->handleRequestUsingNamedLimiter()
#3 /home/user/vendor/laravel/framework/src/Illuminate/Pipeline/Pipeline.php(209): Illuminate\\Routing\\Middleware\\ThrottleRequests->handle()
#4 /home/user/vendor/laravel/framework/src/Illuminate/Routing/Middleware/ThrottleRequests.php(161): Illuminate\\Pipeline\\Pipeline->{closure:{closure:Illuminate\\Pipeline\\Pipeline::carry():184}:185}()
#5 /home/user/vendor/laravel/framework/src/Illuminate/Routing/Middleware/ThrottleRequests.php(127): Illuminate\\Routing\\Middleware\\ThrottleRequests->handleRequest()
#6 /home/user/vendor/laravel/framework/src/Illuminate/Routing/Middleware/ThrottleRequests.php(89): Illuminate\\Routing\\Middleware\\ThrottleRequests->handleRequestUsingNamedLimiter()
#7 /home/user/vendor/laravel/framework/src/Illuminate/Pipeline/Pipeline.php(209): Illuminate\\Routing\\Middleware\\ThrottleRequests->handle()
#8 /home/user/vendor/laravel/framework/src/Illuminate/Auth/Middleware/Authenticate.php(64): Illuminate\\Pipeline\\Pipeline->{closure:{closure:Illuminate\\Pipeline\\Pipeline::carry():184}:185}()
#9 /home/user/vendor/laravel/framework/src/Illuminate/Pipeline/Pipeline.php(209): Illuminate\\Auth\\Middleware\\Authenticate->handle()
#10 /home/user/vendor/laravel/framework/src/Illuminate/Pipeline/Pipeline.php(127): Illuminate\\Pipeline\\Pipeline->{closure:{closure:Illuminate\\Pipeline\\Pipeline::carry():184}:185}()
#11 /home/user/vendor/laravel/framework/src/Illuminate/Routing/Router.php(807): Illuminate\\Pipeline\\Pipeline->then()
#12 /home/user/vendor/laravel/framework/src/Illuminate/Routing/Router.php(786): Illuminate\\Routing\\Router->runRouteWithinStack()
#13 /home/user/vendor/laravel/framework/src/Illuminate/Routing/Router.php(750): Illuminate\\Routing\\Router->runRoute()
#14 /home/user/vendor/laravel/framework/src/Illuminate/Routing/Router.php(739): Illuminate\\Routing\\Router->dispatchToRoute()
#15 /home/user/vendor/laravel/framework/src/Illuminate/Foundation/Http/Kernel.php(201): Illuminate\\Routing\\Router->dispatch()
#16 /home/user/vendor/laravel/framework/src/Illuminate/Pipeline/Pipeline.php(170): Illuminate\\Foundation\\Http\\Kernel->{closure:Illuminate\\Foundation\\Http\\Kernel::dispatchToRouter():198}()
#17 /home/user/vendor/livewire/livewire/src/Features/SupportDisablingBackButtonCache/DisableBackButtonCacheMiddleware.php(19): Illuminate\\Pipeline\\Pipeline->{closure:Illuminate\\Pipeline\\Pipeline::prepareDestination():168}()
#18 /home/user/vendor/laravel/framework/src/Illuminate/Pipeline/Pipeline.php(209): Livewire\\Features\\SupportDisablingBackButtonCache\\DisableBackButtonCacheMiddleware->handle()
#19 /home/user/app/Http/Middleware/SecurityHeaders.php(13): Illuminate\\Pipeline\\Pipeline->{closure:{closure:Illuminate\\Pipeline\\Pipeline::carry():184}:185}()
#20 /home/user/vendor/laravel/framework/src/Illuminate/Pipeline/Pipeline.php(209): App\\Http\\Middleware\\SecurityHeaders->handle()
#21 /home/user/app/Http/Middleware/CorrelationIdMiddleware.php(35): Illuminate\\Pipeline\\Pipeline->{closure:{closure:Illuminate\\Pipeline\\Pipeline::carry():184}:185}()
#22 /home/user/vendor/laravel/framework/src/Illuminate/Pipeline/Pipeline.php(209): App\\Http\\Middleware\\CorrelationIdMiddleware->handle()
#23 /home/user/vendor/laravel/framework/src/Illuminate/Foundation/Http/Middleware/TransformsRequest.php(21): Illuminate\\Pipeline\\Pipeline->{closure:{closure:Illuminate\\Pipeline\\Pipeline::carry():184}:185}()
#24 /home/user/vendor/laravel/framework/src/Illuminate/Foundation/Http/Middleware/ConvertEmptyStringsToNull.php(31): Illuminate\\Foundation\\Http\\Middleware\\TransformsRequest->handle()
#25 /home/user/vendor/laravel/framework/src/Illuminate/Pipeline/Pipeline.php(209): Illuminate\\Foundation\\Http\\Middleware\\ConvertEmptyStringsToNull->handle()
#26 /home/user/vendor/laravel/framework/src/Illuminate/Foundation/Http/Middleware/TransformsRequest.php(21): Illuminate\\Pipeline\\Pipeline->{closure:{closure:Illuminate\\Pipeline\\Pipeline::carry():184}:185}()
#27 /home/user/vendor/laravel/framework/src/Illuminate/Foundation/Http/Middleware/TrimStrings.php(51): Illuminate\\Foundation\\Http\\Middleware\\TransformsRequest->handle()
#28 /home/user/vendor/laravel/framework/src/Illuminate/Pipeline/Pipeline.php(209): Illuminate\\Foundation\\Http\\Middleware\\TrimStrings->handle()
#29 /home/user/vendor/laravel/framework/src/Illuminate/Http/Middleware/ValidatePostSize.php(27): Illuminate\\Pipeline\\Pipeline->{closure:{closure:Illuminate\\Pipeline\\Pipeline::carry():184}:185}()
#30 /home/user/vendor/laravel/framework/src/Illuminate/Pipeline/Pipeline.php(209): Illuminate\\Http\\Middleware\\ValidatePostSize->handle()
#31 /home/user/vendor/laravel/framework/src/Illuminate/Foundation/Http/Middleware/PreventRequestsDuringMaintenance.php(110): Illuminate\\Pipeline\\Pipeline->{closure:{closure:Illuminate\\Pipeline\\Pipeline::carry():184}:185}()
#32 /home/user/vendor/laravel/framework/src/Illuminate/Pipeline/Pipeline.php(209): Illuminate\\Foundation\\Http\\Middleware\\PreventRequestsDuringMaintenance->handle()
#33 /home/user/vendor/laravel/framework/src/Illuminate/Http/Middleware/HandleCors.php(62): Illuminate\\Pipeline\\Pipeline->{closure:{closure:Illuminate\\Pipeline\\Pipeline::carry():184}:185}()
#34 /home/user/vendor/laravel/framework/src/Illuminate/Pipeline/Pipeline.php(209): Illuminate\\Http\\Middleware\\HandleCors->handle()
#35 /home/user/vendor/laravel/framework/src/Illuminate/Http/Middleware/TrustProxies.php(58): Illuminate\\Pipeline\\Pipeline->{closure:{closure:Illuminate\\Pipeline\\Pipeline::carry():184}:185}()
#36 /home/user/vendor/laravel/framework/src/Illuminate/Pipeline/Pipeline.php(209): Illuminate\\Http\\Middleware\\TrustProxies->handle()
#37 /home/user/vendor/laravel/framework/src/Illuminate/Foundation/Http/Middleware/InvokeDeferredCallbacks.php(22): Illuminate\\Pipeline\\Pipeline->{closure:{closure:Illuminate\\Pipeline\\Pipeline::carry():184}:185}()
#38 /home/user/vendor/laravel/framework/src/Illuminate/Pipeline/Pipeline.php(209): Illuminate\\Foundation\\Http\\Middleware\\InvokeDeferredCallbacks->handle()
#39 /home/user/vendor/laravel/framework/src/Illuminate/Pipeline/Pipeline.php(127): Illuminate\\Pipeline\\Pipeline->{closure:{closure:Illuminate\\Pipeline\\Pipeline::carry():184}:185}()
#40 /home/user/vendor/laravel/framework/src/Illuminate/Foundation/Http/Kernel.php(176): Illuminate\\Pipeline\\Pipeline->then()
#41 /home/user/vendor/laravel/framework/src/Illuminate/Foundation/Http/Kernel.php(145): Illuminate\\Foundation\\Http\\Kernel->sendRequestThroughRouter()
#42 /home/user/vendor/laravel/framework/src/Illuminate/Foundation/Testing/Concerns/MakesHttpRequests.php(607): Illuminate\\Foundation\\Http\\Kernel->handle()
#43 /home/user/vendor/laravel/framework/src/Illuminate/Foundation/Testing/Concerns/MakesHttpRequests.php(573): Illuminate\\Foundation\\Testing\\TestCase->call()
#44 /home/user/vendor/laravel/framework/src/Illuminate/Foundation/Testing/Concerns/MakesHttpRequests.php(411): Illuminate\\Foundation\\Testing\\TestCase->json()
#45 /home/user/tests/Feature/Security/ProductionSecurityComprehensiveTest.php(494): Illuminate\\Foundation\\Testing\\TestCase->postJson()
#46 /home/user/vendor/phpunit/phpunit/src/Framework/TestCase.php(1667): Tests\\Feature\\Security\\ProductionSecurityComprehensiveTest->test_22_withdrawal_rate_limiter_functional()
#47 /home/user/vendor/phpunit/phpunit/src/Framework/TestCase.php(519): PHPUnit\\Framework\\TestCase->runTest()
#48 /home/user/vendor/phpunit/phpunit/src/Framework/TestRunner/TestRunner.php(87): PHPUnit\\Framework\\TestCase->runBare()
#49 /home/user/vendor/phpunit/phpunit/src/Framework/TestCase.php(365): PHPUnit\\Framework\\TestRunner->run()
#50 /home/user/vendor/phpunit/phpunit/src/Framework/TestSuite.php(369): PHPUnit\\Framework\\TestCase->run()
#51 /home/user/vendor/phpunit/phpunit/src/Framework/TestSuite.php(369): PHPUnit\\Framework\\TestSuite->run()
#52 /home/user/vendor/phpunit/phpunit/src/Framework/TestSuite.php(369): PHPUnit\\Framework\\TestSuite->run()
#53 /home/user/vendor/phpunit/phpunit/src/TextUI/TestRunner.php(64): PHPUnit\\Framework\\TestSuite->run()
#54 /home/user/vendor/phpunit/phpunit/src/TextUI/Application.php(211): PHPUnit\\TextUI\\TestRunner->run()
#55 /home/user/vendor/phpunit/phpunit/phpunit(104): PHPUnit\\TextUI\\Application->run()
#56 /home/user/vendor/bin/phpunit(122): include('...')
#57 {main}
"} {"correlation_id":"4038f8d5-1125-48b9-93e1-72b0b0f22041"}
[2026-09-08 10:43:41] testing.ERROR: api.unhandled_exception {"correlation_id":"4038f8d5-1125-48b9-93e1-72b0b0f22041","exception":"[object] (Error(code: 0): Call to undefined method Illuminate\\Cache\\RateLimiting\\Limit::perDays() at /home/user/app/Providers/AppServiceProvider.php:95)
[stacktrace]
#0 /home/user/vendor/laravel/framework/src/Illuminate/Cache/RateLimiter.php(75): App\\Providers\\AppServiceProvider->{closure:App\\Providers\\AppServiceProvider::registerRateLimiters():93}()
#1 /home/user/vendor/laravel/framework/src/Illuminate/Routing/Middleware/ThrottleRequests.php(119): Illuminate\\Cache\\RateLimiter->{closure:Illuminate\\Cache\\RateLimiter::limiter():74}()
#2 /home/user/vendor/laravel/framework/src/Illuminate/Routing/Middleware/ThrottleRequests.php(89): Illuminate\\Routing\\Middleware\\ThrottleRequests->handleRequestUsingNamedLimiter()
#3 /home/user/vendor/laravel/framework/src/Illuminate/Pipeline/Pipeline.php(209): Illuminate\\Routing\\Middleware\\ThrottleRequests->handle()
#4 /home/user/vendor/laravel/framework/src/Illuminate/Routing/Middleware/ThrottleRequests.php(161): Illuminate\\Pipeline\\Pipeline->{closure:{closure:Illuminate\\Pipeline\\Pipeline::carry():184}:185}()
#5 /home/user/vendor/laravel/framework/src/Illuminate/Routing/Middleware/ThrottleRequests.php(127): Illuminate\\Routing\\Middleware\\ThrottleRequests->handleRequest()
#6 /home/user/vendor/laravel/framework/src/Illuminate/Routing/Middleware/ThrottleRequests.php(89): Illuminate\\Routing\\Middleware\\ThrottleRequests->handleRequestUsingNamedLimiter()
#7 /home/user/vendor/laravel/framework/src/Illuminate/Pipeline/Pipeline.php(209): Illuminate\\Routing\\Middleware\\ThrottleRequests->handle()
#8 /home/user/vendor/laravel/framework/src/Illuminate/Auth/Middleware/Authenticate.php(64): Illuminate\\Pipeline\\Pipeline->{closure:{closure:Illuminate\\Pipeline\\Pipeline::carry():184}:185}()
#9 /home/user/vendor/laravel/framework/src/Illuminate/Pipeline/Pipeline.php(209): Illuminate\\Auth\\Middleware\\Authenticate->handle()
#10 /home/user/vendor/laravel/framework/src/Illuminate/Pipeline/Pipeline.php(127): Illuminate\\Pipeline\\Pipeline->{closure:{closure:Illuminate\\Pipeline\\Pipeline::carry():184}:185}()
#11 /home/user/vendor/laravel/framework/src/Illuminate/Routing/Router.php(807): Illuminate\\Pipeline\\Pipeline->then()
#12 /home/user/vendor/laravel/framework/src/Illuminate/Routing/Router.php(786): Illuminate\\Routing\\Router->runRouteWithinStack()
#13 /home/user/vendor/laravel/framework/src/Illuminate/Routing/Router.php(750): Illuminate\\Routing\\Router->runRoute()
#14 /home/user/vendor/laravel/framework/src/Illuminate/Routing/Router.php(739): Illuminate\\Routing\\Router->dispatchToRoute()
#15 /home/user/vendor/laravel/framework/src/Illuminate/Foundation/Http/Kernel.php(201): Illuminate\\Routing\\Router->dispatch()
#16 /home/user/vendor/laravel/framework/src/Illuminate/Pipeline/Pipeline.php(170): Illuminate\\Foundation\\Http\\Kernel->{closure:Illuminate\\Foundation\\Http\\Kernel::dispatchToRouter():198}()
#17 /home/user/vendor/livewire/livewire/src/Features/SupportDisablingBackButtonCache/DisableBackButtonCacheMiddleware.php(19): Illuminate\\Pipeline\\Pipeline->{closure:Illuminate\\Pipeline\\Pipeline::prepareDestination():168}()
#18 /home/user/vendor/laravel/framework/src/Illuminate/Pipeline/Pipeline.php(209): Livewire\\Features\\SupportDisablingBackButtonCache\\DisableBackButtonCacheMiddleware->handle()
#19 /home/user/app/Http/Middleware/SecurityHeaders.php(13): Illuminate\\Pipeline\\Pipeline->{closure:{closure:Illuminate\\Pipeline\\Pipeline::carry():184}:185}()
#20 /home/user/vendor/laravel/framework/src/Illuminate/Pipeline/Pipeline.php(209): App\\Http\\Middleware\\SecurityHeaders->handle()
#21 /home/user/app/Http/Middleware/CorrelationIdMiddleware.php(35): Illuminate\\Pipeline\\Pipeline->{closure:{closure:Illuminate\\Pipeline\\Pipeline::carry():184}:185}()
#22 /home/user/vendor/laravel/framework/src/Illuminate/Pipeline/Pipeline.php(209): App\\Http\\Middleware\\CorrelationIdMiddleware->handle()
#23 /home/user/vendor/laravel/framework/src/Illuminate/Foundation/Http/Middleware/TransformsRequest.php(21): Illuminate\\Pipeline\\Pipeline->{closure:{closure:Illuminate\\Pipeline\\Pipeline::carry():184}:185}()
#24 /home/user/vendor/laravel/framework/src/Illuminate/Foundation/Http/Middleware/ConvertEmptyStringsToNull.php(31): Illuminate\\Foundation\\Http\\Middleware\\TransformsRequest->handle()
#25 /home/user/vendor/laravel/framework/src/Illuminate/Pipeline/Pipeline.php(209): Illuminate\\Foundation\\Http\\Middleware\\ConvertEmptyStringsToNull->handle()
#26 /home/user/vendor/laravel/framework/src/Illuminate/Foundation/Http/Middleware/TransformsRequest.php(21): Illuminate\\Pipeline\\Pipeline->{closure:{closure:Illuminate\\Pipeline\\Pipeline::carry():184}:185}()
#27 /home/user/vendor/laravel/framework/src/Illuminate/Foundation/Http/Middleware/TrimStrings.php(51): Illuminate\\Foundation\\Http\\Middleware\\TransformsRequest->handle()
#28 /home/user/vendor/laravel/framework/src/Illuminate/Pipeline/Pipeline.php(209): Illuminate\\Foundation\\Http\\Middleware\\TrimStrings->handle()
#29 /home/user/vendor/laravel/framework/src/Illuminate/Http/Middleware/ValidatePostSize.php(27): Illuminate\\Pipeline\\Pipeline->{closure:{closure:Illuminate\\Pipeline\\Pipeline::carry():184}:185}()
#30 /home/user/vendor/laravel/framework/src/Illuminate/Pipeline/Pipeline.php(209): Illuminate\\Http\\Middleware\\ValidatePostSize->handle()
#31 /home/user/vendor/laravel/framework/src/Illuminate/Foundation/Http/Middleware/PreventRequestsDuringMaintenance.php(110): Illuminate\\Pipeline\\Pipeline->{closure:{closure:Illuminate\\Pipeline\\Pipeline::carry():184}:185}()
#32 /home/user/vendor/laravel/framework/src/Illuminate/Pipeline/Pipeline.php(209): Illuminate\\Foundation\\Http\\Middleware\\PreventRequestsDuringMaintenance->handle()
#33 /home/user/vendor/laravel/framework/src/Illuminate/Http/Middleware/HandleCors.php(62): Illuminate\\Pipeline\\Pipeline->{closure:{closure:Illuminate\\Pipeline\\Pipeline::carry():184}:185}()
#34 /home/user/vendor/laravel/framework/src/Illuminate/Pipeline/Pipeline.php(209): Illuminate\\Http\\Middleware\\HandleCors->handle()
#35 /home/user/vendor/laravel/framework/src/Illuminate/Http/Middleware/TrustProxies.php(58): Illuminate\\Pipeline\\Pipeline->{closure:{closure:Illuminate\\Pipeline\\Pipeline::carry():184}:185}()
#36 /home/user/vendor/laravel/framework/src/Illuminate/Pipeline/Pipeline.php(209): Illuminate\\Http\\Middleware\\TrustProxies->handle()
#37 /home/user/vendor/laravel/framework/src/Illuminate/Foundation/Http/Middleware/InvokeDeferredCallbacks.php(22): Illuminate\\Pipeline\\Pipeline->{closure:{closure:Illuminate\\Pipeline\\Pipeline::carry():184}:185}()
#38 /home/user/vendor/laravel/framework/src/Illuminate/Pipeline/Pipeline.php(209): Illuminate\\Foundation\\Http\\Middleware\\InvokeDeferredCallbacks->handle()
#39 /home/user/vendor/laravel/framework/src/Illuminate/Pipeline/Pipeline.php(127): Illuminate\\Pipeline\\Pipeline->{closure:{closure:Illuminate\\Pipeline\\Pipeline::carry():184}:185}()
#40 /home/user/vendor/laravel/framework/src/Illuminate/Foundation/Http/Kernel.php(176): Illuminate\\Pipeline\\Pipeline->then()
#41 /home/user/vendor/laravel/framework/src/Illuminate/Foundation/Http/Kernel.php(145): Illuminate\\Foundation\\Http\\Kernel->sendRequestThroughRouter()
#42 /home/user/vendor/laravel/framework/src/Illuminate/Foundation/Testing/Concerns/MakesHttpRequests.php(607): Illuminate\\Foundation\\Http\\Kernel->handle()
#43 /home/user/vendor/laravel/framework/src/Illuminate/Foundation/Testing/Concerns/MakesHttpRequests.php(573): Illuminate\\Foundation\\Testing\\TestCase->call()
#44 /home/user/vendor/laravel/framework/src/Illuminate/Foundation/Testing/Concerns/MakesHttpRequests.php(411): Illuminate\\Foundation\\Testing\\TestCase->json()
#45 /home/user/tests/Feature/Security/ProductionSecurityComprehensiveTest.php(494): Illuminate\\Foundation\\Testing\\TestCase->postJson()
#46 /home/user/vendor/phpunit/phpunit/src/Framework/TestCase.php(1667): Tests\\Feature\\Security\\ProductionSecurityComprehensiveTest->test_22_withdrawal_rate_limiter_functional()
#47 /home/user/vendor/phpunit/phpunit/src/Framework/TestCase.php(519): PHPUnit\\Framework\\TestCase->runTest()
#48 /home/user/vendor/phpunit/phpunit/src/Framework/TestRunner/TestRunner.php(87): PHPUnit\\Framework\\TestCase->runBare()
#49 /home/user/vendor/phpunit/phpunit/src/Framework/TestCase.php(365): PHPUnit\\Framework\\TestRunner->run()
#50 /home/user/vendor/phpunit/phpunit/src/Framework/TestSuite.php(369): PHPUnit\\Framework\\TestCase->run()
#51 /home/user/vendor/phpunit/phpunit/src/Framework/TestSuite.php(369): PHPUnit\\Framework\\TestSuite->run()
#52 /home/user/vendor/phpunit/phpunit/src/Framework/TestSuite.php(369): PHPUnit\\Framework\\TestSuite->run()
#53 /home/user/vendor/phpunit/phpunit/src/TextUI/TestRunner.php(64): PHPUnit\\Framework\\TestSuite->run()
#54 /home/user/vendor/phpunit/phpunit/src/TextUI/Application.php(211): PHPUnit\\TextUI\\TestRunner->run()
#55 /home/user/vendor/phpunit/phpunit/phpunit(104): PHPUnit\\TextUI\\Application->run()
#56 /home/user/vendor/bin/phpunit(122): include('...')
#57 {main}
","path":"api/v1/withdrawals","method":"POST","user_id":1} {"correlation_id":"4038f8d5-1125-48b9-93e1-72b0b0f22041"}
[2026-09-08 10:43:41] testing.ERROR: Call to undefined method Illuminate\Cache\RateLimiting\Limit::perDays() {"correlation_id":"16a3d2a1-6f09-4072-909b-db61028b3b16","userId":1,"exception":"[object] (Error(code: 0): Call to undefined method Illuminate\\Cache\\RateLimiting\\Limit::perDays() at /home/user/app/Providers/AppServiceProvider.php:95)
[stacktrace]
#0 /home/user/vendor/laravel/framework/src/Illuminate/Cache/RateLimiter.php(75): App\\Providers\\AppServiceProvider->{closure:App\\Providers\\AppServiceProvider::registerRateLimiters():93}()
#1 /home/user/vendor/laravel/framework/src/Illuminate/Routing/Middleware/ThrottleRequests.php(119): Illuminate\\Cache\\RateLimiter->{closure:Illuminate\\Cache\\RateLimiter::limiter():74}()
#2 /home/user/vendor/laravel/framework/src/Illuminate/Routing/Middleware/ThrottleRequests.php(89): Illuminate\\Routing\\Middleware\\ThrottleRequests->handleRequestUsingNamedLimiter()
#3 /home/user/vendor/laravel/framework/src/Illuminate/Pipeline/Pipeline.php(209): Illuminate\\Routing\\Middleware\\ThrottleRequests->handle()
#4 /home/user/vendor/laravel/framework/src/Illuminate/Routing/Middleware/ThrottleRequests.php(161): Illuminate\\Pipeline\\Pipeline->{closure:{closure:Illuminate\\Pipeline\\Pipeline::carry():184}:185}()
#5 /home/user/vendor/laravel/framework/src/Illuminate/Routing/Middleware/ThrottleRequests.php(127): Illuminate\\Routing\\Middleware\\ThrottleRequests->handleRequest()
#6 /home/user/vendor/laravel/framework/src/Illuminate/Routing/Middleware/ThrottleRequests.php(89): Illuminate\\Routing\\Middleware\\ThrottleRequests->handleRequestUsingNamedLimiter()
#7 /home/user/vendor/laravel/framework/src/Illuminate/Pipeline/Pipeline.php(209): Illuminate\\Routing\\Middleware\\ThrottleRequests->handle()
#8 /home/user/vendor/laravel/framework/src/Illuminate/Auth/Middleware/Authenticate.php(64): Illuminate\\Pipeline\\Pipeline->{closure:{closure:Illuminate\\Pipeline\\Pipeline::carry():184}:185}()
#9 /home/user/vendor/laravel/framework/src/Illuminate/Pipeline/Pipeline.php(209): Illuminate\\Auth\\Middleware\\Authenticate->handle()
#10 /home/user/vendor/laravel/framework/src/Illuminate/Pipeline/Pipeline.php(127): Illuminate\\Pipeline\\Pipeline->{closure:{closure:Illuminate\\Pipeline\\Pipeline::carry():184}:185}()
#11 /home/user/vendor/laravel/framework/src/Illuminate/Routing/Router.php(807): Illuminate\\Pipeline\\Pipeline->then()
#12 /home/user/vendor/laravel/framework/src/Illuminate/Routing/Router.php(786): Illuminate\\Routing\\Router->runRouteWithinStack()
#13 /home/user/vendor/laravel/framework/src/Illuminate/Routing/Router.php(750): Illuminate\\Routing\\Router->runRoute()
#14 /home/user/vendor/laravel/framework/src/Illuminate/Routing/Router.php(739): Illuminate\\Routing\\Router->dispatchToRoute()
#15 /home/user/vendor/laravel/framework/src/Illuminate/Foundation/Http/Kernel.php(201): Illuminate\\Routing\\Router->dispatch()
#16 /home/user/vendor/laravel/framework/src/Illuminate/Pipeline/Pipeline.php(170): Illuminate\\Foundation\\Http\\Kernel->{closure:Illuminate\\Foundation\\Http\\Kernel::dispatchToRouter():198}()
#17 /home/user/vendor/livewire/livewire/src/Features/SupportDisablingBackButtonCache/DisableBackButtonCacheMiddleware.php(19): Illuminate\\Pipeline\\Pipeline->{closure:Illuminate\\Pipeline\\Pipeline::prepareDestination():168}()
#18 /home/user/vendor/laravel/framework/src/Illuminate/Pipeline/Pipeline.php(209): Livewire\\Features\\SupportDisablingBackButtonCache\\DisableBackButtonCacheMiddleware->handle()
#19 /home/user/app/Http/Middleware/SecurityHeaders.php(13): Illuminate\\Pipeline\\Pipeline->{closure:{closure:Illuminate\\Pipeline\\Pipeline::carry():184}:185}()
#20 /home/user/vendor/laravel/framework/src/Illuminate/Pipeline/Pipeline.php(209): App\\Http\\Middleware\\SecurityHeaders->handle()
#21 /home/user/app/Http/Middleware/CorrelationIdMiddleware.php(35): Illuminate\\Pipeline\\Pipeline->{closure:{closure:Illuminate\\Pipeline\\Pipeline::carry():184}:185}()
#22 /home/user/vendor/laravel/framework/src/Illuminate/Pipeline/Pipeline.php(209): App\\Http\\Middleware\\CorrelationIdMiddleware->handle()
#23 /home/user/vendor/laravel/framework/src/Illuminate/Foundation/Http/Middleware/TransformsRequest.php(21): Illuminate\\Pipeline\\Pipeline->{closure:{closure:Illuminate\\Pipeline\\Pipeline::carry():184}:185}()
#24 /home/user/vendor/laravel/framework/src/Illuminate/Foundation/Http/Middleware/ConvertEmptyStringsToNull.php(31): Illuminate\\Foundation\\Http\\Middleware\\TransformsRequest->handle()
#25 /home/user/vendor/laravel/framework/src/Illuminate/Pipeline/Pipeline.php(209): Illuminate\\Foundation\\Http\\Middleware\\ConvertEmptyStringsToNull->handle()
#26 /home/user/vendor/laravel/framework/src/Illuminate/Foundation/Http/Middleware/TransformsRequest.php(21): Illuminate\\Pipeline\\Pipeline->{closure:{closure:Illuminate\\Pipeline\\Pipeline::carry():184}:185}()
#27 /home/user/vendor/laravel/framework/src/Illuminate/Foundation/Http/Middleware/TrimStrings.php(51): Illuminate\\Foundation\\Http\\Middleware\\TransformsRequest->handle()
#28 /home/user/vendor/laravel/framework/src/Illuminate/Pipeline/Pipeline.php(209): Illuminate\\Foundation\\Http\\Middleware\\TrimStrings->handle()
#29 /home/user/vendor/laravel/framework/src/Illuminate/Http/Middleware/ValidatePostSize.php(27): Illuminate\\Pipeline\\Pipeline->{closure:{closure:Illuminate\\Pipeline\\Pipeline::carry():184}:185}()
#30 /home/user/vendor/laravel/framework/src/Illuminate/Pipeline/Pipeline.php(209): Illuminate\\Http\\Middleware\\ValidatePostSize->handle()
#31 /home/user/vendor/laravel/framework/src/Illuminate/Foundation/Http/Middleware/PreventRequestsDuringMaintenance.php(110): Illuminate\\Pipeline\\Pipeline->{closure:{closure:Illuminate\\Pipeline\\Pipeline::carry():184}:185}()
#32 /home/user/vendor/laravel/framework/src/Illuminate/Pipeline/Pipeline.php(209): Illuminate\\Foundation\\Http\\Middleware\\PreventRequestsDuringMaintenance->handle()
#33 /home/user/vendor/laravel/framework/src/Illuminate/Http/Middleware/HandleCors.php(62): Illuminate\\Pipeline\\Pipeline->{closure:{closure:Illuminate\\Pipeline\\Pipeline::carry():184}:185}()
#34 /home/user/vendor/laravel/framework/src/Illuminate/Pipeline/Pipeline.php(209): Illuminate\\Http\\Middleware\\HandleCors->handle()
#35 /home/user/vendor/laravel/framework/src/Illuminate/Http/Middleware/TrustProxies.php(58): Illuminate\\Pipeline\\Pipeline->{closure:{closure:Illuminate\\Pipeline\\Pipeline::carry():184}:185}()
#36 /home/user/vendor/laravel/framework/src/Illuminate/Pipeline/Pipeline.php(209): Illuminate\\Http\\Middleware\\TrustProxies->handle()
#37 /home/user/vendor/laravel/framework/src/Illuminate/Foundation/Http/Middleware/InvokeDeferredCallbacks.php(22): Illuminate\\Pipeline\\Pipeline->{closure:{closure:Illuminate\\Pipeline\\Pipeline::carry():184}:185}()
#38 /home/user/vendor/laravel/framework/src/Illuminate/Pipeline/Pipeline.php(209): Illuminate\\Foundation\\Http\\Middleware\\InvokeDeferredCallbacks->handle()
#39 /home/user/vendor/laravel/framework/src/Illuminate/Pipeline/Pipeline.php(127): Illuminate\\Pipeline\\Pipeline->{closure:{closure:Illuminate\\Pipeline\\Pipeline::carry():184}:185}()
#40 /home/user/vendor/laravel/framework/src/Illuminate/Foundation/Http/Kernel.php(176): Illuminate\\Pipeline\\Pipeline->then()
#41 /home/user/vendor/laravel/framework/src/Illuminate/Foundation/Http/Kernel.php(145): Illuminate\\Foundation\\Http\\Kernel->sendRequestThroughRouter()
#42 /home/user/vendor/laravel/framework/src/Illuminate/Foundation/Testing/Concerns/MakesHttpRequests.php(607): Illuminate\\Foundation\\Http\\Kernel->handle()
#43 /home/user/vendor/laravel/framework/src/Illuminate/Foundation/Testing/Concerns/MakesHttpRequests.php(573): Illuminate\\Foundation\\Testing\\TestCase->call()
#44 /home/user/vendor/laravel/framework/src/Illuminate/Foundation/Testing/Concerns/MakesHttpRequests.php(411): Illuminate\\Foundation\\Testing\\TestCase->json()
#45 /home/user/tests/Feature/Security/ProductionSecurityComprehensiveTest.php(494): Illuminate\\Foundation\\Testing\\TestCase->postJson()
#46 /home/user/vendor/phpunit/phpunit/src/Framework/TestCase.php(1667): Tests\\Feature\\Security\\ProductionSecurityComprehensiveTest->test_22_withdrawal_rate_limiter_functional()
#47 /home/user/vendor/phpunit/phpunit/src/Framework/TestCase.php(519): PHPUnit\\Framework\\TestCase->runTest()
#48 /home/user/vendor/phpunit/phpunit/src/Framework/TestRunner/TestRunner.php(87): PHPUnit\\Framework\\TestCase->runBare()
#49 /home/user/vendor/phpunit/phpunit/src/Framework/TestCase.php(365): PHPUnit\\Framework\\TestRunner->run()
#50 /home/user/vendor/phpunit/phpunit/src/Framework/TestSuite.php(369): PHPUnit\\Framework\\TestCase->run()
#51 /home/user/vendor/phpunit/phpunit/src/Framework/TestSuite.php(369): PHPUnit\\Framework\\TestSuite->run()
#52 /home/user/vendor/phpunit/phpunit/src/Framework/TestSuite.php(369): PHPUnit\\Framework\\TestSuite->run()
#53 /home/user/vendor/phpunit/phpunit/src/TextUI/TestRunner.php(64): PHPUnit\\Framework\\TestSuite->run()
#54 /home/user/vendor/phpunit/phpunit/src/TextUI/Application.php(211): PHPUnit\\TextUI\\TestRunner->run()
#55 /home/user/vendor/phpunit/phpunit/phpunit(104): PHPUnit\\TextUI\\Application->run()
#56 /home/user/vendor/bin/phpunit(122): include('...')
#57 {main}
"} {"correlation_id":"16a3d2a1-6f09-4072-909b-db61028b3b16"}
[2026-09-08 10:43:41] testing.ERROR: api.unhandled_exception {"correlation_id":"16a3d2a1-6f09-4072-909b-db61028b3b16","exception":"[object] (Error(code: 0): Call to undefined method Illuminate\\Cache\\RateLimiting\\Limit::perDays() at /home/user/app/Providers/AppServiceProvider.php:95)
[stacktrace]
#0 /home/user/vendor/laravel/framework/src/Illuminate/Cache/RateLimiter.php(75): App\\Providers\\AppServiceProvider->{closure:App\\Providers\\AppServiceProvider::registerRateLimiters():93}()
#1 /home/user/vendor/laravel/framework/src/Illuminate/Routing/Middleware/ThrottleRequests.php(119): Illuminate\\Cache\\RateLimiter->{closure:Illuminate\\Cache\\RateLimiter::limiter():74}()
#2 /home/user/vendor/laravel/framework/src/Illuminate/Routing/Middleware/ThrottleRequests.php(89): Illuminate\\Routing\\Middleware\\ThrottleRequests->handleRequestUsingNamedLimiter()
#3 /home/user/vendor/laravel/framework/src/Illuminate/Pipeline/Pipeline.php(209): Illuminate\\Routing\\Middleware\\ThrottleRequests->handle()
#4 /home/user/vendor/laravel/framework/src/Illuminate/Routing/Middleware/ThrottleRequests.php(161): Illuminate\\Pipeline\\Pipeline->{closure:{closure:Illuminate\\Pipeline\\Pipeline::carry():184}:185}()
#5 /home/user/vendor/laravel/framework/src/Illuminate/Routing/Middleware/ThrottleRequests.php(127): Illuminate\\Routing\\Middleware\\ThrottleRequests->handleRequest()
#6 /home/user/vendor/laravel/framework/src/Illuminate/Routing/Middleware/ThrottleRequests.php(89): Illuminate\\Routing\\Middleware\\ThrottleRequests->handleRequestUsingNamedLimiter()
#7 /home/user/vendor/laravel/framework/src/Illuminate/Pipeline/Pipeline.php(209): Illuminate\\Routing\\Middleware\\ThrottleRequests->handle()
#8 /home/user/vendor/laravel/framework/src/Illuminate/Auth/Middleware/Authenticate.php(64): Illuminate\\Pipeline\\Pipeline->{closure:{closure:Illuminate\\Pipeline\\Pipeline::carry():184}:185}()
#9 /home/user/vendor/laravel/framework/src/Illuminate/Pipeline/Pipeline.php(209): Illuminate\\Auth\\Middleware\\Authenticate->handle()
#10 /home/user/vendor/laravel/framework/src/Illuminate/Pipeline/Pipeline.php(127): Illuminate\\Pipeline\\Pipeline->{closure:{closure:Illuminate\\Pipeline\\Pipeline::carry():184}:185}()
#11 /home/user/vendor/laravel/framework/src/Illuminate/Routing/Router.php(807): Illuminate\\Pipeline\\Pipeline->then()
#12 /home/user/vendor/laravel/framework/src/Illuminate/Routing/Router.php(786): Illuminate\\Routing\\Router->runRouteWithinStack()
#13 /home/user/vendor/laravel/framework/src/Illuminate/Routing/Router.php(750): Illuminate\\Routing\\Router->runRoute()
#14 /home/user/vendor/laravel/framework/src/Illuminate/Routing/Router.php(739): Illuminate\\Routing\\Router->dispatchToRoute()
#15 /home/user/vendor/laravel/framework/src/Illuminate/Foundation/Http/Kernel.php(201): Illuminate\\Routing\\Router->dispatch()
#16 /home/user/vendor/laravel/framework/src/Illuminate/Pipeline/Pipeline.php(170): Illuminate\\Foundation\\Http\\Kernel->{closure:Illuminate\\Foundation\\Http\\Kernel::dispatchToRouter():198}()
#17 /home/user/vendor/livewire/livewire/src/Features/SupportDisablingBackButtonCache/DisableBackButtonCacheMiddleware.php(19): Illuminate\\Pipeline\\Pipeline->{closure:Illuminate\\Pipeline\\Pipeline::prepareDestination():168}()
#18 /home/user/vendor/laravel/framework/src/Illuminate/Pipeline/Pipeline.php(209): Livewire\\Features\\SupportDisablingBackButtonCache\\DisableBackButtonCacheMiddleware->handle()
#19 /home/user/app/Http/Middleware/SecurityHeaders.php(13): Illuminate\\Pipeline\\Pipeline->{closure:{closure:Illuminate\\Pipeline\\Pipeline::carry():184}:185}()
#20 /home/user/vendor/laravel/framework/src/Illuminate/Pipeline/Pipeline.php(209): App\\Http\\Middleware\\SecurityHeaders->handle()
#21 /home/user/app/Http/Middleware/CorrelationIdMiddleware.php(35): Illuminate\\Pipeline\\Pipeline->{closure:{closure:Illuminate\\Pipeline\\Pipeline::carry():184}:185}()
#22 /home/user/vendor/laravel/framework/src/Illuminate/Pipeline/Pipeline.php(209): App\\Http\\Middleware\\CorrelationIdMiddleware->handle()
#23 /home/user/vendor/laravel/framework/src/Illuminate/Foundation/Http/Middleware/TransformsRequest.php(21): Illuminate\\Pipeline\\Pipeline->{closure:{closure:Illuminate\\Pipeline\\Pipeline::carry():184}:185}()
#24 /home/user/vendor/laravel/framework/src/Illuminate/Foundation/Http/Middleware/ConvertEmptyStringsToNull.php(31): Illuminate\\Foundation\\Http\\Middleware\\TransformsRequest->handle()
#25 /home/user/vendor/laravel/framework/src/Illuminate/Pipeline/Pipeline.php(209): Illuminate\\Foundation\\Http\\Middleware\\ConvertEmptyStringsToNull->handle()
#26 /home/user/vendor/laravel/framework/src/Illuminate/Foundation/Http/Middleware/TransformsRequest.php(21): Illuminate\\Pipeline\\Pipeline->{closure:{closure:Illuminate\\Pipeline\\Pipeline::carry():184}:185}()
#27 /home/user/vendor/laravel/framework/src/Illuminate/Foundation/Http/Middleware/TrimStrings.php(51): Illuminate\\Foundation\\Http\\Middleware\\TransformsRequest->handle()
#28 /home/user/vendor/laravel/framework/src/Illuminate/Pipeline/Pipeline.php(209): Illuminate\\Foundation\\Http\\Middleware\\TrimStrings->handle()
#29 /home/user/vendor/laravel/framework/src/Illuminate/Http/Middleware/ValidatePostSize.php(27): Illuminate\\Pipeline\\Pipeline->{closure:{closure:Illuminate\\Pipeline\\Pipeline::carry():184}:185}()
#30 /home/user/vendor/laravel/framework/src/Illuminate/Pipeline/Pipeline.php(209): Illuminate\\Http\\Middleware\\ValidatePostSize->handle()
#31 /home/user/vendor/laravel/framework/src/Illuminate/Foundation/Http/Middleware/PreventRequestsDuringMaintenance.php(110): Illuminate\\Pipeline\\Pipeline->{closure:{closure:Illuminate\\Pipeline\\Pipeline::carry():184}:185}()
#32 /home/user/vendor/laravel/framework/src/Illuminate/Pipeline/Pipeline.php(209): Illuminate\\Foundation\\Http\\Middleware\\PreventRequestsDuringMaintenance->handle()
#33 /home/user/vendor/laravel/framework/src/Illuminate/Http/Middleware/HandleCors.php(62): Illuminate\\Pipeline\\Pipeline->{closure:{closure:Illuminate\\Pipeline\\Pipeline::carry():184}:185}()
#34 /home/user/vendor/laravel/framework/src/Illuminate/Pipeline/Pipeline.php(209): Illuminate\\Http\\Middleware\\HandleCors->handle()
#35 /home/user/vendor/laravel/framework/src/Illuminate/Http/Middleware/TrustProxies.php(58): Illuminate\\Pipeline\\Pipeline->{closure:{closure:Illuminate\\Pipeline\\Pipeline::carry():184}:185}()
#36 /home/user/vendor/laravel/framework/src/Illuminate/Pipeline/Pipeline.php(209): Illuminate\\Http\\Middleware\\TrustProxies->handle()
#37 /home/user/vendor/laravel/framework/src/Illuminate/Foundation/Http/Middleware/InvokeDeferredCallbacks.php(22): Illuminate\\Pipeline\\Pipeline->{closure:{closure:Illuminate\\Pipeline\\Pipeline::carry():184}:185}()
#38 /home/user/vendor/laravel/framework/src/Illuminate/Pipeline/Pipeline.php(209): Illuminate\\Foundation\\Http\\Middleware\\InvokeDeferredCallbacks->handle()
#39 /home/user/vendor/laravel/framework/src/Illuminate/Pipeline/Pipeline.php(127): Illuminate\\Pipeline\\Pipeline->{closure:{closure:Illuminate\\Pipeline\\Pipeline::carry():184}:185}()
#40 /home/user/vendor/laravel/framework/src/Illuminate/Foundation/Http/Kernel.php(176): Illuminate\\Pipeline\\Pipeline->then()
#41 /home/user/vendor/laravel/framework/src/Illuminate/Foundation/Http/Kernel.php(145): Illuminate\\Foundation\\Http\\Kernel->sendRequestThroughRouter()
#42 /home/user/vendor/laravel/framework/src/Illuminate/Foundation/Testing/Concerns/MakesHttpRequests.php(607): Illuminate\\Foundation\\Http\\Kernel->handle()
#43 /home/user/vendor/laravel/framework/src/Illuminate/Foundation/Testing/Concerns/MakesHttpRequests.php(573): Illuminate\\Foundation\\Testing\\TestCase->call()
#44 /home/user/vendor/laravel/framework/src/Illuminate/Foundation/Testing/Concerns/MakesHttpRequests.php(411): Illuminate\\Foundation\\Testing\\TestCase->json()
#45 /home/user/tests/Feature/Security/ProductionSecurityComprehensiveTest.php(494): Illuminate\\Foundation\\Testing\\TestCase->postJson()
#46 /home/user/vendor/phpunit/phpunit/src/Framework/TestCase.php(1667): Tests\\Feature\\Security\\ProductionSecurityComprehensiveTest->test_22_withdrawal_rate_limiter_functional()
#47 /home/user/vendor/phpunit/phpunit/src/Framework/TestCase.php(519): PHPUnit\\Framework\\TestCase->runTest()
#48 /home/user/vendor/phpunit/phpunit/src/Framework/TestRunner/TestRunner.php(87): PHPUnit\\Framework\\TestCase->runBare()
#49 /home/user/vendor/phpunit/phpunit/src/Framework/TestCase.php(365): PHPUnit\\Framework\\TestRunner->run()
#50 /home/user/vendor/phpunit/phpunit/src/Framework/TestSuite.php(369): PHPUnit\\Framework\\TestCase->run()
#51 /home/user/vendor/phpunit/phpunit/src/Framework/TestSuite.php(369): PHPUnit\\Framework\\TestSuite->run()
#52 /home/user/vendor/phpunit/phpunit/src/Framework/TestSuite.php(369): PHPUnit\\Framework\\TestSuite->run()
#53 /home/user/vendor/phpunit/phpunit/src/TextUI/TestRunner.php(64): PHPUnit\\Framework\\TestSuite->run()
#54 /home/user/vendor/phpunit/phpunit/src/TextUI/Application.php(211): PHPUnit\\TextUI\\TestRunner->run()
#55 /home/user/vendor/phpunit/phpunit/phpunit(104): PHPUnit\\TextUI\\Application->run()
#56 /home/user/vendor/bin/phpunit(122): include('...')
#57 {main}
","path":"api/v1/withdrawals","method":"POST","user_id":1} {"correlation_id":"16a3d2a1-6f09-4072-909b-db61028b3b16"}
[2026-09-08 10:43:41] testing.ERROR: Call to undefined method Illuminate\Cache\RateLimiting\Limit::perDays() {"correlation_id":"8cdca323-69a4-43c0-9743-32299bc475b2","userId":1,"exception":"[object] (Error(code: 0): Call to undefined method Illuminate\\Cache\\RateLimiting\\Limit::perDays() at /home/user/app/Providers/AppServiceProvider.php:95)
[stacktrace]
#0 /home/user/vendor/laravel/framework/src/Illuminate/Cache/RateLimiter.php(75): App\\Providers\\AppServiceProvider->{closure:App\\Providers\\AppServiceProvider::registerRateLimiters():93}()
#1 /home/user/vendor/laravel/framework/src/Illuminate/Routing/Middleware/ThrottleRequests.php(119): Illuminate\\Cache\\RateLimiter->{closure:Illuminate\\Cache\\RateLimiter::limiter():74}()
#2 /home/user/vendor/laravel/framework/src/Illuminate/Routing/Middleware/ThrottleRequests.php(89): Illuminate\\Routing\\Middleware\\ThrottleRequests->handleRequestUsingNamedLimiter()
#3 /home/user/vendor/laravel/framework/src/Illuminate/Pipeline/Pipeline.php(209): Illuminate\\Routing\\Middleware\\ThrottleRequests->handle()
#4 /home/user/vendor/laravel/framework/src/Illuminate/Routing/Middleware/ThrottleRequests.php(161): Illuminate\\Pipeline\\Pipeline->{closure:{closure:Illuminate\\Pipeline\\Pipeline::carry():184}:185}()
#5 /home/user/vendor/laravel/framework/src/Illuminate/Routing/Middleware/ThrottleRequests.php(127): Illuminate\\Routing\\Middleware\\ThrottleRequests->handleRequest()
#6 /home/user/vendor/laravel/framework/src/Illuminate/Routing/Middleware/ThrottleRequests.php(89): Illuminate\\Routing\\Middleware\\ThrottleRequests->handleRequestUsingNamedLimiter()
#7 /home/user/vendor/laravel/framework/src/Illuminate/Pipeline/Pipeline.php(209): Illuminate\\Routing\\Middleware\\ThrottleRequests->handle()
#8 /home/user/vendor/laravel/framework/src/Illuminate/Auth/Middleware/Authenticate.php(64): Illuminate\\Pipeline\\Pipeline->{closure:{closure:Illuminate\\Pipeline\\Pipeline::carry():184}:185}()
#9 /home/user/vendor/laravel/framework/src/Illuminate/Pipeline/Pipeline.php(209): Illuminate\\Auth\\Middleware\\Authenticate->handle()
#10 /home/user/vendor/laravel/framework/src/Illuminate/Pipeline/Pipeline.php(127): Illuminate\\Pipeline\\Pipeline->{closure:{closure:Illuminate\\Pipeline\\Pipeline::carry():184}:185}()
#11 /home/user/vendor/laravel/framework/src/Illuminate/Routing/Router.php(807): Illuminate\\Pipeline\\Pipeline->then()
#12 /home/user/vendor/laravel/framework/src/Illuminate/Routing/Router.php(786): Illuminate\\Routing\\Router->runRouteWithinStack()
#13 /home/user/vendor/laravel/framework/src/Illuminate/Routing/Router.php(750): Illuminate\\Routing\\Router->runRoute()
#14 /home/user/vendor/laravel/framework/src/Illuminate/Routing/Router.php(739): Illuminate\\Routing\\Router->dispatchToRoute()
#15 /home/user/vendor/laravel/framework/src/Illuminate/Foundation/Http/Kernel.php(201): Illuminate\\Routing\\Router->dispatch()
#16 /home/user/vendor/laravel/framework/src/Illuminate/Pipeline/Pipeline.php(170): Illuminate\\Foundation\\Http\\Kernel->{closure:Illuminate\\Foundation\\Http\\Kernel::dispatchToRouter():198}()
#17 /home/user/vendor/livewire/livewire/src/Features/SupportDisablingBackButtonCache/DisableBackButtonCacheMiddleware.php(19): Illuminate\\Pipeline\\Pipeline->{closure:Illuminate\\Pipeline\\Pipeline::prepareDestination():168}()
#18 /home/user/vendor/laravel/framework/src/Illuminate/Pipeline/Pipeline.php(209): Livewire\\Features\\SupportDisablingBackButtonCache\\DisableBackButtonCacheMiddleware->handle()
#19 /home/user/app/Http/Middleware/SecurityHeaders.php(13): Illuminate\\Pipeline\\Pipeline->{closure:{closure:Illuminate\\Pipeline\\Pipeline::carry():184}:185}()
#20 /home/user/vendor/laravel/framework/src/Illuminate/Pipeline/Pipeline.php(209): App\\Http\\Middleware\\SecurityHeaders->handle()
#21 /home/user/app/Http/Middleware/CorrelationIdMiddleware.php(35): Illuminate\\Pipeline\\Pipeline->{closure:{closure:Illuminate\\Pipeline\\Pipeline::carry():184}:185}()
#22 /home/user/vendor/laravel/framework/src/Illuminate/Pipeline/Pipeline.php(209): App\\Http\\Middleware\\CorrelationIdMiddleware->handle()
#23 /home/user/vendor/laravel/framework/src/Illuminate/Foundation/Http/Middleware/TransformsRequest.php(21): Illuminate\\Pipeline\\Pipeline->{closure:{closure:Illuminate\\Pipeline\\Pipeline::carry():184}:185}()
#24 /home/user/vendor/laravel/framework/src/Illuminate/Foundation/Http/Middleware/ConvertEmptyStringsToNull.php(31): Illuminate\\Foundation\\Http\\Middleware\\TransformsRequest->handle()
#25 /home/user/vendor/laravel/framework/src/Illuminate/Pipeline/Pipeline.php(209): Illuminate\\Foundation\\Http\\Middleware\\ConvertEmptyStringsToNull->handle()
#26 /home/user/vendor/laravel/framework/src/Illuminate/Foundation/Http/Middleware/TransformsRequest.php(21): Illuminate\\Pipeline\\Pipeline->{closure:{closure:Illuminate\\Pipeline\\Pipeline::carry():184}:185}()
#27 /home/user/vendor/laravel/framework/src/Illuminate/Foundation/Http/Middleware/TrimStrings.php(51): Illuminate\\Foundation\\Http\\Middleware\\TransformsRequest->handle()
#28 /home/user/vendor/laravel/framework/src/Illuminate/Pipeline/Pipeline.php(209): Illuminate\\Foundation\\Http\\Middleware\\TrimStrings->handle()
#29 /home/user/vendor/laravel/framework/src/Illuminate/Http/Middleware/ValidatePostSize.php(27): Illuminate\\Pipeline\\Pipeline->{closure:{closure:Illuminate\\Pipeline\\Pipeline::carry():184}:185}()
#30 /home/user/vendor/laravel/framework/src/Illuminate/Pipeline/Pipeline.php(209): Illuminate\\Http\\Middleware\\ValidatePostSize->handle()
#31 /home/user/vendor/laravel/framework/src/Illuminate/Foundation/Http/Middleware/PreventRequestsDuringMaintenance.php(110): Illuminate\\Pipeline\\Pipeline->{closure:{closure:Illuminate\\Pipeline\\Pipeline::carry():184}:185}()
#32 /home/user/vendor/laravel/framework/src/Illuminate/Pipeline/Pipeline.php(209): Illuminate\\Foundation\\Http\\Middleware\\PreventRequestsDuringMaintenance->handle()
#33 /home/user/vendor/laravel/framework/src/Illuminate/Http/Middleware/HandleCors.php(62): Illuminate\\Pipeline\\Pipeline->{closure:{closure:Illuminate\\Pipeline\\Pipeline::carry():184}:185}()
#34 /home/user/vendor/laravel/framework/src/Illuminate/Pipeline/Pipeline.php(209): Illuminate\\Http\\Middleware\\HandleCors->handle()
#35 /home/user/vendor/laravel/framework/src/Illuminate/Http/Middleware/TrustProxies.php(58): Illuminate\\Pipeline\\Pipeline->{closure:{closure:Illuminate\\Pipeline\\Pipeline::carry():184}:185}()
#36 /home/user/vendor/laravel/framework/src/Illuminate/Pipeline/Pipeline.php(209): Illuminate\\Http\\Middleware\\TrustProxies->handle()
#37 /home/user/vendor/laravel/framework/src/Illuminate/Foundation/Http/Middleware/InvokeDeferredCallbacks.php(22): Illuminate\\Pipeline\\Pipeline->{closure:{closure:Illuminate\\Pipeline\\Pipeline::carry():184}:185}()
#38 /home/user/vendor/laravel/framework/src/Illuminate/Pipeline/Pipeline.php(209): Illuminate\\Foundation\\Http\\Middleware\\InvokeDeferredCallbacks->handle()
#39 /home/user/vendor/laravel/framework/src/Illuminate/Pipeline/Pipeline.php(127): Illuminate\\Pipeline\\Pipeline->{closure:{closure:Illuminate\\Pipeline\\Pipeline::carry():184}:185}()
#40 /home/user/vendor/laravel/framework/src/Illuminate/Foundation/Http/Kernel.php(176): Illuminate\\Pipeline\\Pipeline->then()
#41 /home/user/vendor/laravel/framework/src/Illuminate/Foundation/Http/Kernel.php(145): Illuminate\\Foundation\\Http\\Kernel->sendRequestThroughRouter()
#42 /home/user/vendor/laravel/framework/src/Illuminate/Foundation/Testing/Concerns/MakesHttpRequests.php(607): Illuminate\\Foundation\\Http\\Kernel->handle()
#43 /home/user/vendor/laravel/framework/src/Illuminate/Foundation/Testing/Concerns/MakesHttpRequests.php(573): Illuminate\\Foundation\\Testing\\TestCase->call()
#44 /home/user/vendor/laravel/framework/src/Illuminate/Foundation/Testing/Concerns/MakesHttpRequests.php(411): Illuminate\\Foundation\\Testing\\TestCase->json()
#45 /home/user/tests/Feature/Security/ProductionSecurityComprehensiveTest.php(494): Illuminate\\Foundation\\Testing\\TestCase->postJson()
#46 /home/user/vendor/phpunit/phpunit/src/Framework/TestCase.php(1667): Tests\\Feature\\Security\\ProductionSecurityComprehensiveTest->test_22_withdrawal_rate_limiter_functional()
#47 /home/user/vendor/phpunit/phpunit/src/Framework/TestCase.php(519): PHPUnit\\Framework\\TestCase->runTest()
#48 /home/user/vendor/phpunit/phpunit/src/Framework/TestRunner/TestRunner.php(87): PHPUnit\\Framework\\TestCase->runBare()
#49 /home/user/vendor/phpunit/phpunit/src/Framework/TestCase.php(365): PHPUnit\\Framework\\TestRunner->run()
#50 /home/user/vendor/phpunit/phpunit/src/Framework/TestSuite.php(369): PHPUnit\\Framework\\TestCase->run()
#51 /home/user/vendor/phpunit/phpunit/src/Framework/TestSuite.php(369): PHPUnit\\Framework\\TestSuite->run()
#52 /home/user/vendor/phpunit/phpunit/src/Framework/TestSuite.php(369): PHPUnit\\Framework\\TestSuite->run()
#53 /home/user/vendor/phpunit/phpunit/src/TextUI/TestRunner.php(64): PHPUnit\\Framework\\TestSuite->run()
#54 /home/user/vendor/phpunit/phpunit/src/TextUI/Application.php(211): PHPUnit\\TextUI\\TestRunner->run()
#55 /home/user/vendor/phpunit/phpunit/phpunit(104): PHPUnit\\TextUI\\Application->run()
#56 /home/user/vendor/bin/phpunit(122): include('...')
#57 {main}
"} {"correlation_id":"8cdca323-69a4-43c0-9743-32299bc475b2"}
[2026-09-08 10:43:41] testing.ERROR: api.unhandled_exception {"correlation_id":"8cdca323-69a4-43c0-9743-32299bc475b2","exception":"[object] (Error(code: 0): Call to undefined method Illuminate\\Cache\\RateLimiting\\Limit::perDays() at /home/user/app/Providers/AppServiceProvider.php:95)
[stacktrace]
#0 /home/user/vendor/laravel/framework/src/Illuminate/Cache/RateLimiter.php(75): App\\Providers\\AppServiceProvider->{closure:App\\Providers\\AppServiceProvider::registerRateLimiters():93}()
#1 /home/user/vendor/laravel/framework/src/Illuminate/Routing/Middleware/ThrottleRequests.php(119): Illuminate\\Cache\\RateLimiter->{closure:Illuminate\\Cache\\RateLimiter::limiter():74}()
#2 /home/user/vendor/laravel/framework/src/Illuminate/Routing/Middleware/ThrottleRequests.php(89): Illuminate\\Routing\\Middleware\\ThrottleRequests->handleRequestUsingNamedLimiter()
#3 /home/user/vendor/laravel/framework/src/Illuminate/Pipeline/Pipeline.php(209): Illuminate\\Routing\\Middleware\\ThrottleRequests->handle()
#4 /home/user/vendor/laravel/framework/src/Illuminate/Routing/Middleware/ThrottleRequests.php(161): Illuminate\\Pipeline\\Pipeline->{closure:{closure:Illuminate\\Pipeline\\Pipeline::carry():184}:185}()
#5 /home/user/vendor/laravel/framework/src/Illuminate/Routing/Middleware/ThrottleRequests.php(127): Illuminate\\Routing\\Middleware\\ThrottleRequests->handleRequest()
#6 /home/user/vendor/laravel/framework/src/Illuminate/Routing/Middleware/ThrottleRequests.php(89): Illuminate\\Routing\\Middleware\\ThrottleRequests->handleRequestUsingNamedLimiter()
#7 /home/user/vendor/laravel/framework/src/Illuminate/Pipeline/Pipeline.php(209): Illuminate\\Routing\\Middleware\\ThrottleRequests->handle()
#8 /home/user/vendor/laravel/framework/src/Illuminate/Auth/Middleware/Authenticate.php(64): Illuminate\\Pipeline\\Pipeline->{closure:{closure:Illuminate\\Pipeline\\Pipeline::carry():184}:185}()
#9 /home/user/vendor/laravel/framework/src/Illuminate/Pipeline/Pipeline.php(209): Illuminate\\Auth\\Middleware\\Authenticate->handle()
#10 /home/user/vendor/laravel/framework/src/Illuminate/Pipeline/Pipeline.php(127): Illuminate\\Pipeline\\Pipeline->{closure:{closure:Illuminate\\Pipeline\\Pipeline::carry():184}:185}()
#11 /home/user/vendor/laravel/framework/src/Illuminate/Routing/Router.php(807): Illuminate\\Pipeline\\Pipeline->then()
#12 /home/user/vendor/laravel/framework/src/Illuminate/Routing/Router.php(786): Illuminate\\Routing\\Router->runRouteWithinStack()
#13 /home/user/vendor/laravel/framework/src/Illuminate/Routing/Router.php(750): Illuminate\\Routing\\Router->runRoute()
#14 /home/user/vendor/laravel/framework/src/Illuminate/Routing/Router.php(739): Illuminate\\Routing\\Router->dispatchToRoute()
#15 /home/user/vendor/laravel/framework/src/Illuminate/Foundation/Http/Kernel.php(201): Illuminate\\Routing\\Router->dispatch()
#16 /home/user/vendor/laravel/framework/src/Illuminate/Pipeline/Pipeline.php(170): Illuminate\\Foundation\\Http\\Kernel->{closure:Illuminate\\Foundation\\Http\\Kernel::dispatchToRouter():198}()
#17 /home/user/vendor/livewire/livewire/src/Features/SupportDisablingBackButtonCache/DisableBackButtonCacheMiddleware.php(19): Illuminate\\Pipeline\\Pipeline->{closure:Illuminate\\Pipeline\\Pipeline::prepareDestination():168}()
#18 /home/user/vendor/laravel/framework/src/Illuminate/Pipeline/Pipeline.php(209): Livewire\\Features\\SupportDisablingBackButtonCache\\DisableBackButtonCacheMiddleware->handle()
#19 /home/user/app/Http/Middleware/SecurityHeaders.php(13): Illuminate\\Pipeline\\Pipeline->{closure:{closure:Illuminate\\Pipeline\\Pipeline::carry():184}:185}()
#20 /home/user/vendor/laravel/framework/src/Illuminate/Pipeline/Pipeline.php(209): App\\Http\\Middleware\\SecurityHeaders->handle()
#21 /home/user/app/Http/Middleware/CorrelationIdMiddleware.php(35): Illuminate\\Pipeline\\Pipeline->{closure:{closure:Illuminate\\Pipeline\\Pipeline::carry():184}:185}()
#22 /home/user/vendor/laravel/framework/src/Illuminate/Pipeline/Pipeline.php(209): App\\Http\\Middleware\\CorrelationIdMiddleware->handle()
#23 /home/user/vendor/laravel/framework/src/Illuminate/Foundation/Http/Middleware/TransformsRequest.php(21): Illuminate\\Pipeline\\Pipeline->{closure:{closure:Illuminate\\Pipeline\\Pipeline::carry():184}:185}()
#24 /home/user/vendor/laravel/framework/src/Illuminate/Foundation/Http/Middleware/ConvertEmptyStringsToNull.php(31): Illuminate\\Foundation\\Http\\Middleware\\TransformsRequest->handle()
#25 /home/user/vendor/laravel/framework/src/Illuminate/Pipeline/Pipeline.php(209): Illuminate\\Foundation\\Http\\Middleware\\ConvertEmptyStringsToNull->handle()
#26 /home/user/vendor/laravel/framework/src/Illuminate/Foundation/Http/Middleware/TransformsRequest.php(21): Illuminate\\Pipeline\\Pipeline->{closure:{closure:Illuminate\\Pipeline\\Pipeline::carry():184}:185}()
#27 /home/user/vendor/laravel/framework/src/Illuminate/Foundation/Http/Middleware/TrimStrings.php(51): Illuminate\\Foundation\\Http\\Middleware\\TransformsRequest->handle()
#28 /home/user/vendor/laravel/framework/src/Illuminate/Pipeline/Pipeline.php(209): Illuminate\\Foundation\\Http\\Middleware\\TrimStrings->handle()
#29 /home/user/vendor/laravel/framework/src/Illuminate/Http/Middleware/ValidatePostSize.php(27): Illuminate\\Pipeline\\Pipeline->{closure:{closure:Illuminate\\Pipeline\\Pipeline::carry():184}:185}()
#30 /home/user/vendor/laravel/framework/src/Illuminate/Pipeline/Pipeline.php(209): Illuminate\\Http\\Middleware\\ValidatePostSize->handle()
#31 /home/user/vendor/laravel/framework/src/Illuminate/Foundation/Http/Middleware/PreventRequestsDuringMaintenance.php(110): Illuminate\\Pipeline\\Pipeline->{closure:{closure:Illuminate\\Pipeline\\Pipeline::carry():184}:185}()
#32 /home/user/vendor/laravel/framework/src/Illuminate/Pipeline/Pipeline.php(209): Illuminate\\Foundation\\Http\\Middleware\\PreventRequestsDuringMaintenance->handle()
#33 /home/user/vendor/laravel/framework/src/Illuminate/Http/Middleware/HandleCors.php(62): Illuminate\\Pipeline\\Pipeline->{closure:{closure:Illuminate\\Pipeline\\Pipeline::carry():184}:185}()
#34 /home/user/vendor/laravel/framework/src/Illuminate/Pipeline/Pipeline.php(209): Illuminate\\Http\\Middleware\\HandleCors->handle()
#35 /home/user/vendor/laravel/framework/src/Illuminate/Http/Middleware/TrustProxies.php(58): Illuminate\\Pipeline\\Pipeline->{closure:{closure:Illuminate\\Pipeline\\Pipeline::carry():184}:185}()
#36 /home/user/vendor/laravel/framework/src/Illuminate/Pipeline/Pipeline.php(209): Illuminate\\Http\\Middleware\\TrustProxies->handle()
#37 /home/user/vendor/laravel/framework/src/Illuminate/Foundation/Http/Middleware/InvokeDeferredCallbacks.php(22): Illuminate\\Pipeline\\Pipeline->{closure:{closure:Illuminate\\Pipeline\\Pipeline::carry():184}:185}()
#38 /home/user/vendor/laravel/framework/src/Illuminate/Pipeline/Pipeline.php(209): Illuminate\\Foundation\\Http\\Middleware\\InvokeDeferredCallbacks->handle()
#39 /home/user/vendor/laravel/framework/src/Illuminate/Pipeline/Pipeline.php(127): Illuminate\\Pipeline\\Pipeline->{closure:{closure:Illuminate\\Pipeline\\Pipeline::carry():184}:185}()
#40 /home/user/vendor/laravel/framework/src/Illuminate/Foundation/Http/Kernel.php(176): Illuminate\\Pipeline\\Pipeline->then()
#41 /home/user/vendor/laravel/framework/src/Illuminate/Foundation/Http/Kernel.php(145): Illuminate\\Foundation\\Http\\Kernel->sendRequestThroughRouter()
#42 /home/user/vendor/laravel/framework/src/Illuminate/Foundation/Testing/Concerns/MakesHttpRequests.php(607): Illuminate\\Foundation\\Http\\Kernel->handle()
#43 /home/user/vendor/laravel/framework/src/Illuminate/Foundation/Testing/Concerns/MakesHttpRequests.php(573): Illuminate\\Foundation\\Testing\\TestCase->call()
#44 /home/user/vendor/laravel/framework/src/Illuminate/Foundation/Testing/Concerns/MakesHttpRequests.php(411): Illuminate\\Foundation\\Testing\\TestCase->json()
#45 /home/user/tests/Feature/Security/ProductionSecurityComprehensiveTest.php(494): Illuminate\\Foundation\\Testing\\TestCase->postJson()
#46 /home/user/vendor/phpunit/phpunit/src/Framework/TestCase.php(1667): Tests\\Feature\\Security\\ProductionSecurityComprehensiveTest->test_22_withdrawal_rate_limiter_functional()
#47 /home/user/vendor/phpunit/phpunit/src/Framework/TestCase.php(519): PHPUnit\\Framework\\TestCase->runTest()
#48 /home/user/vendor/phpunit/phpunit/src/Framework/TestRunner/TestRunner.php(87): PHPUnit\\Framework\\TestCase->runBare()
#49 /home/user/vendor/phpunit/phpunit/src/Framework/TestCase.php(365): PHPUnit\\Framework\\TestRunner->run()
#50 /home/user/vendor/phpunit/phpunit/src/Framework/TestSuite.php(369): PHPUnit\\Framework\\TestCase->run()
#51 /home/user/vendor/phpunit/phpunit/src/Framework/TestSuite.php(369): PHPUnit\\Framework\\TestSuite->run()
#52 /home/user/vendor/phpunit/phpunit/src/Framework/TestSuite.php(369): PHPUnit\\Framework\\TestSuite->run()
#53 /home/user/vendor/phpunit/phpunit/src/TextUI/TestRunner.php(64): PHPUnit\\Framework\\TestSuite->run()
#54 /home/user/vendor/phpunit/phpunit/src/TextUI/Application.php(211): PHPUnit\\TextUI\\TestRunner->run()
#55 /home/user/vendor/phpunit/phpunit/phpunit(104): PHPUnit\\TextUI\\Application->run()
#56 /home/user/vendor/bin/phpunit(122): include('...')
#57 {main}
","path":"api/v1/withdrawals","method":"POST","user_id":1} {"correlation_id":"8cdca323-69a4-43c0-9743-32299bc475b2"}
[2026-09-08 10:43:41] testing.ERROR: Call to undefined method Illuminate\Cache\RateLimiting\Limit::perDays() {"correlation_id":"d903c29e-4d66-407b-b920-ee618878186a","userId":1,"exception":"[object] (Error(code: 0): Call to undefined method Illuminate\\Cache\\RateLimiting\\Limit::perDays() at /home/user/app/Providers/AppServiceProvider.php:95)
[stacktrace]
#0 /home/user/vendor/laravel/framework/src/Illuminate/Cache/RateLimiter.php(75): App\\Providers\\AppServiceProvider->{closure:App\\Providers\\AppServiceProvider::registerRateLimiters():93}()
#1 /home/user/vendor/laravel/framework/src/Illuminate/Routing/Middleware/ThrottleRequests.php(119): Illuminate\\Cache\\RateLimiter->{closure:Illuminate\\Cache\\RateLimiter::limiter():74}()
#2 /home/user/vendor/laravel/framework/src/Illuminate/Routing/Middleware/ThrottleRequests.php(89): Illuminate\\Routing\\Middleware\\ThrottleRequests->handleRequestUsingNamedLimiter()
#3 /home/user/vendor/laravel/framework/src/Illuminate/Pipeline/Pipeline.php(209): Illuminate\\Routing\\Middleware\\ThrottleRequests->handle()
#4 /home/user/vendor/laravel/framework/src/Illuminate/Routing/Middleware/ThrottleRequests.php(161): Illuminate\\Pipeline\\Pipeline->{closure:{closure:Illuminate\\Pipeline\\Pipeline::carry():184}:185}()
#5 /home/user/vendor/laravel/framework/src/Illuminate/Routing/Middleware/ThrottleRequests.php(127): Illuminate\\Routing\\Middleware\\ThrottleRequests->handleRequest()
#6 /home/user/vendor/laravel/framework/src/Illuminate/Routing/Middleware/ThrottleRequests.php(89): Illuminate\\Routing\\Middleware\\ThrottleRequests->handleRequestUsingNamedLimiter()
#7 /home/user/vendor/laravel/framework/src/Illuminate/Pipeline/Pipeline.php(209): Illuminate\\Routing\\Middleware\\ThrottleRequests->handle()
#8 /home/user/vendor/laravel/framework/src/Illuminate/Auth/Middleware/Authenticate.php(64): Illuminate\\Pipeline\\Pipeline->{closure:{closure:Illuminate\\Pipeline\\Pipeline::carry():184}:185}()
#9 /home/user/vendor/laravel/framework/src/Illuminate/Pipeline/Pipeline.php(209): Illuminate\\Auth\\Middleware\\Authenticate->handle()
#10 /home/user/vendor/laravel/framework/src/Illuminate/Pipeline/Pipeline.php(127): Illuminate\\Pipeline\\Pipeline->{closure:{closure:Illuminate\\Pipeline\\Pipeline::carry():184}:185}()
#11 /home/user/vendor/laravel/framework/src/Illuminate/Routing/Router.php(807): Illuminate\\Pipeline\\Pipeline->then()
#12 /home/user/vendor/laravel/framework/src/Illuminate/Routing/Router.php(786): Illuminate\\Routing\\Router->runRouteWithinStack()
#13 /home/user/vendor/laravel/framework/src/Illuminate/Routing/Router.php(750): Illuminate\\Routing\\Router->runRoute()
#14 /home/user/vendor/laravel/framework/src/Illuminate/Routing/Router.php(739): Illuminate\\Routing\\Router->dispatchToRoute()
#15 /home/user/vendor/laravel/framework/src/Illuminate/Foundation/Http/Kernel.php(201): Illuminate\\Routing\\Router->dispatch()
#16 /home/user/vendor/laravel/framework/src/Illuminate/Pipeline/Pipeline.php(170): Illuminate\\Foundation\\Http\\Kernel->{closure:Illuminate\\Foundation\\Http\\Kernel::dispatchToRouter():198}()
#17 /home/user/vendor/livewire/livewire/src/Features/SupportDisablingBackButtonCache/DisableBackButtonCacheMiddleware.php(19): Illuminate\\Pipeline\\Pipeline->{closure:Illuminate\\Pipeline\\Pipeline::prepareDestination():168}()
#18 /home/user/vendor/laravel/framework/src/Illuminate/Pipeline/Pipeline.php(209): Livewire\\Features\\SupportDisablingBackButtonCache\\DisableBackButtonCacheMiddleware->handle()
#19 /home/user/app/Http/Middleware/SecurityHeaders.php(13): Illuminate\\Pipeline\\Pipeline->{closure:{closure:Illuminate\\Pipeline\\Pipeline::carry():184}:185}()
#20 /home/user/vendor/laravel/framework/src/Illuminate/Pipeline/Pipeline.php(209): App\\Http\\Middleware\\SecurityHeaders->handle()
#21 /home/user/app/Http/Middleware/CorrelationIdMiddleware.php(35): Illuminate\\Pipeline\\Pipeline->{closure:{closure:Illuminate\\Pipeline\\Pipeline::carry():184}:185}()
#22 /home/user/vendor/laravel/framework/src/Illuminate/Pipeline/Pipeline.php(209): App\\Http\\Middleware\\CorrelationIdMiddleware->handle()
#23 /home/user/vendor/laravel/framework/src/Illuminate/Foundation/Http/Middleware/TransformsRequest.php(21): Illuminate\\Pipeline\\Pipeline->{closure:{closure:Illuminate\\Pipeline\\Pipeline::carry():184}:185}()
#24 /home/user/vendor/laravel/framework/src/Illuminate/Foundation/Http/Middleware/ConvertEmptyStringsToNull.php(31): Illuminate\\Foundation\\Http\\Middleware\\TransformsRequest->handle()
#25 /home/user/vendor/laravel/framework/src/Illuminate/Pipeline/Pipeline.php(209): Illuminate\\Foundation\\Http\\Middleware\\ConvertEmptyStringsToNull->handle()
#26 /home/user/vendor/laravel/framework/src/Illuminate/Foundation/Http/Middleware/TransformsRequest.php(21): Illuminate\\Pipeline\\Pipeline->{closure:{closure:Illuminate\\Pipeline\\Pipeline::carry():184}:185}()
#27 /home/user/vendor/laravel/framework/src/Illuminate/Foundation/Http/Middleware/TrimStrings.php(51): Illuminate\\Foundation\\Http\\Middleware\\TransformsRequest->handle()
#28 /home/user/vendor/laravel/framework/src/Illuminate/Pipeline/Pipeline.php(209): Illuminate\\Foundation\\Http\\Middleware\\TrimStrings->handle()
#29 /home/user/vendor/laravel/framework/src/Illuminate/Http/Middleware/ValidatePostSize.php(27): Illuminate\\Pipeline\\Pipeline->{closure:{closure:Illuminate\\Pipeline\\Pipeline::carry():184}:185}()
#30 /home/user/vendor/laravel/framework/src/Illuminate/Pipeline/Pipeline.php(209): Illuminate\\Http\\Middleware\\ValidatePostSize->handle()
#31 /home/user/vendor/laravel/framework/src/Illuminate/Foundation/Http/Middleware/PreventRequestsDuringMaintenance.php(110): Illuminate\\Pipeline\\Pipeline->{closure:{closure:Illuminate\\Pipeline\\Pipeline::carry():184}:185}()
#32 /home/user/vendor/laravel/framework/src/Illuminate/Pipeline/Pipeline.php(209): Illuminate\\Foundation\\Http\\Middleware\\PreventRequestsDuringMaintenance->handle()
#33 /home/user/vendor/laravel/framework/src/Illuminate/Http/Middleware/HandleCors.php(62): Illuminate\\Pipeline\\Pipeline->{closure:{closure:Illuminate\\Pipeline\\Pipeline::carry():184}:185}()
#34 /home/user/vendor/laravel/framework/src/Illuminate/Pipeline/Pipeline.php(209): Illuminate\\Http\\Middleware\\HandleCors->handle()
#35 /home/user/vendor/laravel/framework/src/Illuminate/Http/Middleware/TrustProxies.php(58): Illuminate\\Pipeline\\Pipeline->{closure:{closure:Illuminate\\Pipeline\\Pipeline::carry():184}:185}()
#36 /home/user/vendor/laravel/framework/src/Illuminate/Pipeline/Pipeline.php(209): Illuminate\\Http\\Middleware\\TrustProxies->handle()
#37 /home/user/vendor/laravel/framework/src/Illuminate/Foundation/Http/Middleware/InvokeDeferredCallbacks.php(22): Illuminate\\Pipeline\\Pipeline->{closure:{closure:Illuminate\\Pipeline\\Pipeline::carry():184}:185}()
#38 /home/user/vendor/laravel/framework/src/Illuminate/Pipeline/Pipeline.php(209): Illuminate\\Foundation\\Http\\Middleware\\InvokeDeferredCallbacks->handle()
#39 /home/user/vendor/laravel/framework/src/Illuminate/Pipeline/Pipeline.php(127): Illuminate\\Pipeline\\Pipeline->{closure:{closure:Illuminate\\Pipeline\\Pipeline::carry():184}:185}()
#40 /home/user/vendor/laravel/framework/src/Illuminate/Foundation/Http/Kernel.php(176): Illuminate\\Pipeline\\Pipeline->then()
#41 /home/user/vendor/laravel/framework/src/Illuminate/Foundation/Http/Kernel.php(145): Illuminate\\Foundation\\Http\\Kernel->sendRequestThroughRouter()
#42 /home/user/vendor/laravel/framework/src/Illuminate/Foundation/Testing/Concerns/MakesHttpRequests.php(607): Illuminate\\Foundation\\Http\\Kernel->handle()
#43 /home/user/vendor/laravel/framework/src/Illuminate/Foundation/Testing/Concerns/MakesHttpRequests.php(573): Illuminate\\Foundation\\Testing\\TestCase->call()
#44 /home/user/vendor/laravel/framework/src/Illuminate/Foundation/Testing/Concerns/MakesHttpRequests.php(411): Illuminate\\Foundation\\Testing\\TestCase->json()
#45 /home/user/tests/Feature/Security/ProductionSecurityComprehensiveTest.php(494): Illuminate\\Foundation\\Testing\\TestCase->postJson()
#46 /home/user/vendor/phpunit/phpunit/src/Framework/TestCase.php(1667): Tests\\Feature\\Security\\ProductionSecurityComprehensiveTest->test_22_withdrawal_rate_limiter_functional()
#47 /home/user/vendor/phpunit/phpunit/src/Framework/TestCase.php(519): PHPUnit\\Framework\\TestCase->runTest()
#48 /home/user/vendor/phpunit/phpunit/src/Framework/TestRunner/TestRunner.php(87): PHPUnit\\Framework\\TestCase->runBare()
#49 /home/user/vendor/phpunit/phpunit/src/Framework/TestCase.php(365): PHPUnit\\Framework\\TestRunner->run()
#50 /home/user/vendor/phpunit/phpunit/src/Framework/TestSuite.php(369): PHPUnit\\Framework\\TestCase->run()
#51 /home/user/vendor/phpunit/phpunit/src/Framework/TestSuite.php(369): PHPUnit\\Framework\\TestSuite->run()
#52 /home/user/vendor/phpunit/phpunit/src/Framework/TestSuite.php(369): PHPUnit\\Framework\\TestSuite->run()
#53 /home/user/vendor/phpunit/phpunit/src/TextUI/TestRunner.php(64): PHPUnit\\Framework\\TestSuite->run()
#54 /home/user/vendor/phpunit/phpunit/src/TextUI/Application.php(211): PHPUnit\\TextUI\\TestRunner->run()
#55 /home/user/vendor/phpunit/phpunit/phpunit(104): PHPUnit\\TextUI\\Application->run()
#56 /home/user/vendor/bin/phpunit(122): include('...')
#57 {main}
"} {"correlation_id":"d903c29e-4d66-407b-b920-ee618878186a"}
[2026-09-08 10:43:41] testing.ERROR: api.unhandled_exception {"correlation_id":"d903c29e-4d66-407b-b920-ee618878186a","exception":"[object] (Error(code: 0): Call to undefined method Illuminate\\Cache\\RateLimiting\\Limit::perDays() at /home/user/app/Providers/AppServiceProvider.php:95)
[stacktrace]
#0 /home/user/vendor/laravel/framework/src/Illuminate/Cache/RateLimiter.php(75): App\\Providers\\AppServiceProvider->{closure:App\\Providers\\AppServiceProvider::registerRateLimiters():93}()
#1 /home/user/vendor/laravel/framework/src/Illuminate/Routing/Middleware/ThrottleRequests.php(119): Illuminate\\Cache\\RateLimiter->{closure:Illuminate\\Cache\\RateLimiter::limiter():74}()
#2 /home/user/vendor/laravel/framework/src/Illuminate/Routing/Middleware/ThrottleRequests.php(89): Illuminate\\Routing\\Middleware\\ThrottleRequests->handleRequestUsingNamedLimiter()
#3 /home/user/vendor/laravel/framework/src/Illuminate/Pipeline/Pipeline.php(209): Illuminate\\Routing\\Middleware\\ThrottleRequests->handle()
#4 /home/user/vendor/laravel/framework/src/Illuminate/Routing/Middleware/ThrottleRequests.php(161): Illuminate\\Pipeline\\Pipeline->{closure:{closure:Illuminate\\Pipeline\\Pipeline::carry():184}:185}()
#5 /home/user/vendor/laravel/framework/src/Illuminate/Routing/Middleware/ThrottleRequests.php(127): Illuminate\\Routing\\Middleware\\ThrottleRequests->handleRequest()
#6 /home/user/vendor/laravel/framework/src/Illuminate/Routing/Middleware/ThrottleRequests.php(89): Illuminate\\Routing\\Middleware\\ThrottleRequests->handleRequestUsingNamedLimiter()
#7 /home/user/vendor/laravel/framework/src/Illuminate/Pipeline/Pipeline.php(209): Illuminate\\Routing\\Middleware\\ThrottleRequests->handle()
#8 /home/user/vendor/laravel/framework/src/Illuminate/Auth/Middleware/Authenticate.php(64): Illuminate\\Pipeline\\Pipeline->{closure:{closure:Illuminate\\Pipeline\\Pipeline::carry():184}:185}()
#9 /home/user/vendor/laravel/framework/src/Illuminate/Pipeline/Pipeline.php(209): Illuminate\\Auth\\Middleware\\Authenticate->handle()
#10 /home/user/vendor/laravel/framework/src/Illuminate/Pipeline/Pipeline.php(127): Illuminate\\Pipeline\\Pipeline->{closure:{closure:Illuminate\\Pipeline\\Pipeline::carry():184}:185}()
#11 /home/user/vendor/laravel/framework/src/Illuminate/Routing/Router.php(807): Illuminate\\Pipeline\\Pipeline->then()
#12 /home/user/vendor/laravel/framework/src/Illuminate/Routing/Router.php(786): Illuminate\\Routing\\Router->runRouteWithinStack()
#13 /home/user/vendor/laravel/framework/src/Illuminate/Routing/Router.php(750): Illuminate\\Routing\\Router->runRoute()
#14 /home/user/vendor/laravel/framework/src/Illuminate/Routing/Router.php(739): Illuminate\\Routing\\Router->dispatchToRoute()
#15 /home/user/vendor/laravel/framework/src/Illuminate/Foundation/Http/Kernel.php(201): Illuminate\\Routing\\Router->dispatch()
#16 /home/user/vendor/laravel/framework/src/Illuminate/Pipeline/Pipeline.php(170): Illuminate\\Foundation\\Http\\Kernel->{closure:Illuminate\\Foundation\\Http\\Kernel::dispatchToRouter():198}()
#17 /home/user/vendor/livewire/livewire/src/Features/SupportDisablingBackButtonCache/DisableBackButtonCacheMiddleware.php(19): Illuminate\\Pipeline\\Pipeline->{closure:Illuminate\\Pipeline\\Pipeline::prepareDestination():168}()
#18 /home/user/vendor/laravel/framework/src/Illuminate/Pipeline/Pipeline.php(209): Livewire\\Features\\SupportDisablingBackButtonCache\\DisableBackButtonCacheMiddleware->handle()
#19 /home/user/app/Http/Middleware/SecurityHeaders.php(13): Illuminate\\Pipeline\\Pipeline->{closure:{closure:Illuminate\\Pipeline\\Pipeline::carry():184}:185}()
#20 /home/user/vendor/laravel/framework/src/Illuminate/Pipeline/Pipeline.php(209): App\\Http\\Middleware\\SecurityHeaders->handle()
#21 /home/user/app/Http/Middleware/CorrelationIdMiddleware.php(35): Illuminate\\Pipeline\\Pipeline->{closure:{closure:Illuminate\\Pipeline\\Pipeline::carry():184}:185}()
#22 /home/user/vendor/laravel/framework/src/Illuminate/Pipeline/Pipeline.php(209): App\\Http\\Middleware\\CorrelationIdMiddleware->handle()
#23 /home/user/vendor/laravel/framework/src/Illuminate/Foundation/Http/Middleware/TransformsRequest.php(21): Illuminate\\Pipeline\\Pipeline->{closure:{closure:Illuminate\\Pipeline\\Pipeline::carry():184}:185}()
#24 /home/user/vendor/laravel/framework/src/Illuminate/Foundation/Http/Middleware/ConvertEmptyStringsToNull.php(31): Illuminate\\Foundation\\Http\\Middleware\\TransformsRequest->handle()
#25 /home/user/vendor/laravel/framework/src/Illuminate/Pipeline/Pipeline.php(209): Illuminate\\Foundation\\Http\\Middleware\\ConvertEmptyStringsToNull->handle()
#26 /home/user/vendor/laravel/framework/src/Illuminate/Foundation/Http/Middleware/TransformsRequest.php(21): Illuminate\\Pipeline\\Pipeline->{closure:{closure:Illuminate\\Pipeline\\Pipeline::carry():184}:185}()
#27 /home/user/vendor/laravel/framework/src/Illuminate/Foundation/Http/Middleware/TrimStrings.php(51): Illuminate\\Foundation\\Http\\Middleware\\TransformsRequest->handle()
#28 /home/user/vendor/laravel/framework/src/Illuminate/Pipeline/Pipeline.php(209): Illuminate\\Foundation\\Http\\Middleware\\TrimStrings->handle()
#29 /home/user/vendor/laravel/framework/src/Illuminate/Http/Middleware/ValidatePostSize.php(27): Illuminate\\Pipeline\\Pipeline->{closure:{closure:Illuminate\\Pipeline\\Pipeline::carry():184}:185}()
#30 /home/user/vendor/laravel/framework/src/Illuminate/Pipeline/Pipeline.php(209): Illuminate\\Http\\Middleware\\ValidatePostSize->handle()
#31 /home/user/vendor/laravel/framework/src/Illuminate/Foundation/Http/Middleware/PreventRequestsDuringMaintenance.php(110): Illuminate\\Pipeline\\Pipeline->{closure:{closure:Illuminate\\Pipeline\\Pipeline::carry():184}:185}()
#32 /home/user/vendor/laravel/framework/src/Illuminate/Pipeline/Pipeline.php(209): Illuminate\\Foundation\\Http\\Middleware\\PreventRequestsDuringMaintenance->handle()
#33 /home/user/vendor/laravel/framework/src/Illuminate/Http/Middleware/HandleCors.php(62): Illuminate\\Pipeline\\Pipeline->{closure:{closure:Illuminate\\Pipeline\\Pipeline::carry():184}:185}()
#34 /home/user/vendor/laravel/framework/src/Illuminate/Pipeline/Pipeline.php(209): Illuminate\\Http\\Middleware\\HandleCors->handle()
#35 /home/user/vendor/laravel/framework/src/Illuminate/Http/Middleware/TrustProxies.php(58): Illuminate\\Pipeline\\Pipeline->{closure:{closure:Illuminate\\Pipeline\\Pipeline::carry():184}:185}()
#36 /home/user/vendor/laravel/framework/src/Illuminate/Pipeline/Pipeline.php(209): Illuminate\\Http\\Middleware\\TrustProxies->handle()
#37 /home/user/vendor/laravel/framework/src/Illuminate/Foundation/Http/Middleware/InvokeDeferredCallbacks.php(22): Illuminate\\Pipeline\\Pipeline->{closure:{closure:Illuminate\\Pipeline\\Pipeline::carry():184}:185}()
#38 /home/user/vendor/laravel/framework/src/Illuminate/Pipeline/Pipeline.php(209): Illuminate\\Foundation\\Http\\Middleware\\InvokeDeferredCallbacks->handle()
#39 /home/user/vendor/laravel/framework/src/Illuminate/Pipeline/Pipeline.php(127): Illuminate\\Pipeline\\Pipeline->{closure:{closure:Illuminate\\Pipeline\\Pipeline::carry():184}:185}()
#40 /home/user/vendor/laravel/framework/src/Illuminate/Foundation/Http/Kernel.php(176): Illuminate\\Pipeline\\Pipeline->then()
#41 /home/user/vendor/laravel/framework/src/Illuminate/Foundation/Http/Kernel.php(145): Illuminate\\Foundation\\Http\\Kernel->sendRequestThroughRouter()
#42 /home/user/vendor/laravel/framework/src/Illuminate/Foundation/Testing/Concerns/MakesHttpRequests.php(607): Illuminate\\Foundation\\Http\\Kernel->handle()
#43 /home/user/vendor/laravel/framework/src/Illuminate/Foundation/Testing/Concerns/MakesHttpRequests.php(573): Illuminate\\Foundation\\Testing\\TestCase->call()
#44 /home/user/vendor/laravel/framework/src/Illuminate/Foundation/Testing/Concerns/MakesHttpRequests.php(411): Illuminate\\Foundation\\Testing\\TestCase->json()
#45 /home/user/tests/Feature/Security/ProductionSecurityComprehensiveTest.php(494): Illuminate\\Foundation\\Testing\\TestCase->postJson()
#46 /home/user/vendor/phpunit/phpunit/src/Framework/TestCase.php(1667): Tests\\Feature\\Security\\ProductionSecurityComprehensiveTest->test_22_withdrawal_rate_limiter_functional()
#47 /home/user/vendor/phpunit/phpunit/src/Framework/TestCase.php(519): PHPUnit\\Framework\\TestCase->runTest()
#48 /home/user/vendor/phpunit/phpunit/src/Framework/TestRunner/TestRunner.php(87): PHPUnit\\Framework\\TestCase->runBare()
#49 /home/user/vendor/phpunit/phpunit/src/Framework/TestCase.php(365): PHPUnit\\Framework\\TestRunner->run()
#50 /home/user/vendor/phpunit/phpunit/src/Framework/TestSuite.php(369): PHPUnit\\Framework\\TestCase->run()
#51 /home/user/vendor/phpunit/phpunit/src/Framework/TestSuite.php(369): PHPUnit\\Framework\\TestSuite->run()
#52 /home/user/vendor/phpunit/phpunit/src/Framework/TestSuite.php(369): PHPUnit\\Framework\\TestSuite->run()
#53 /home/user/vendor/phpunit/phpunit/src/TextUI/TestRunner.php(64): PHPUnit\\Framework\\TestSuite->run()
#54 /home/user/vendor/phpunit/phpunit/src/TextUI/Application.php(211): PHPUnit\\TextUI\\TestRunner->run()
#55 /home/user/vendor/phpunit/phpunit/phpunit(104): PHPUnit\\TextUI\\Application->run()
#56 /home/user/vendor/bin/phpunit(122): include('...')
#57 {main}
","path":"api/v1/withdrawals","method":"POST","user_id":1} {"correlation_id":"d903c29e-4d66-407b-b920-ee618878186a"}
[2026-09-08 10:43:41] testing.ERROR: Call to undefined method Illuminate\Cache\RateLimiting\Limit::perDays() {"correlation_id":"4699c7df-5d96-4b67-81e3-98f02b34428d","userId":1,"exception":"[object] (Error(code: 0): Call to undefined method Illuminate\\Cache\\RateLimiting\\Limit::perDays() at /home/user/app/Providers/AppServiceProvider.php:95)
[stacktrace]
#0 /home/user/vendor/laravel/framework/src/Illuminate/Cache/RateLimiter.php(75): App\\Providers\\AppServiceProvider->{closure:App\\Providers\\AppServiceProvider::registerRateLimiters():93}()
#1 /home/user/vendor/laravel/framework/src/Illuminate/Routing/Middleware/ThrottleRequests.php(119): Illuminate\\Cache\\RateLimiter->{closure:Illuminate\\Cache\\RateLimiter::limiter():74}()
#2 /home/user/vendor/laravel/framework/src/Illuminate/Routing/Middleware/ThrottleRequests.php(89): Illuminate\\Routing\\Middleware\\ThrottleRequests->handleRequestUsingNamedLimiter()
#3 /home/user/vendor/laravel/framework/src/Illuminate/Pipeline/Pipeline.php(209): Illuminate\\Routing\\Middleware\\ThrottleRequests->handle()
#4 /home/user/vendor/laravel/framework/src/Illuminate/Routing/Middleware/ThrottleRequests.php(161): Illuminate\\Pipeline\\Pipeline->{closure:{closure:Illuminate\\Pipeline\\Pipeline::carry():184}:185}()
#5 /home/user/vendor/laravel/framework/src/Illuminate/Routing/Middleware/ThrottleRequests.php(127): Illuminate\\Routing\\Middleware\\ThrottleRequests->handleRequest()
#6 /home/user/vendor/laravel/framework/src/Illuminate/Routing/Middleware/ThrottleRequests.php(89): Illuminate\\Routing\\Middleware\\ThrottleRequests->handleRequestUsingNamedLimiter()
#7 /home/user/vendor/laravel/framework/src/Illuminate/Pipeline/Pipeline.php(209): Illuminate\\Routing\\Middleware\\ThrottleRequests->handle()
#8 /home/user/vendor/laravel/framework/src/Illuminate/Auth/Middleware/Authenticate.php(64): Illuminate\\Pipeline\\Pipeline->{closure:{closure:Illuminate\\Pipeline\\Pipeline::carry():184}:185}()
#9 /home/user/vendor/laravel/framework/src/Illuminate/Pipeline/Pipeline.php(209): Illuminate\\Auth\\Middleware\\Authenticate->handle()
#10 /home/user/vendor/laravel/framework/src/Illuminate/Pipeline/Pipeline.php(127): Illuminate\\Pipeline\\Pipeline->{closure:{closure:Illuminate\\Pipeline\\Pipeline::carry():184}:185}()
#11 /home/user/vendor/laravel/framework/src/Illuminate/Routing/Router.php(807): Illuminate\\Pipeline\\Pipeline->then()
#12 /home/user/vendor/laravel/framework/src/Illuminate/Routing/Router.php(786): Illuminate\\Routing\\Router->runRouteWithinStack()
#13 /home/user/vendor/laravel/framework/src/Illuminate/Routing/Router.php(750): Illuminate\\Routing\\Router->runRoute()
#14 /home/user/vendor/laravel/framework/src/Illuminate/Routing/Router.php(739): Illuminate\\Routing\\Router->dispatchToRoute()
#15 /home/user/vendor/laravel/framework/src/Illuminate/Foundation/Http/Kernel.php(201): Illuminate\\Routing\\Router->dispatch()
#16 /home/user/vendor/laravel/framework/src/Illuminate/Pipeline/Pipeline.php(170): Illuminate\\Foundation\\Http\\Kernel->{closure:Illuminate\\Foundation\\Http\\Kernel::dispatchToRouter():198}()
#17 /home/user/vendor/livewire/livewire/src/Features/SupportDisablingBackButtonCache/DisableBackButtonCacheMiddleware.php(19): Illuminate\\Pipeline\\Pipeline->{closure:Illuminate\\Pipeline\\Pipeline::prepareDestination():168}()
#18 /home/user/vendor/laravel/framework/src/Illuminate/Pipeline/Pipeline.php(209): Livewire\\Features\\SupportDisablingBackButtonCache\\DisableBackButtonCacheMiddleware->handle()
#19 /home/user/app/Http/Middleware/SecurityHeaders.php(13): Illuminate\\Pipeline\\Pipeline->{closure:{closure:Illuminate\\Pipeline\\Pipeline::carry():184}:185}()
#20 /home/user/vendor/laravel/framework/src/Illuminate/Pipeline/Pipeline.php(209): App\\Http\\Middleware\\SecurityHeaders->handle()
#21 /home/user/app/Http/Middleware/CorrelationIdMiddleware.php(35): Illuminate\\Pipeline\\Pipeline->{closure:{closure:Illuminate\\Pipeline\\Pipeline::carry():184}:185}()
#22 /home/user/vendor/laravel/framework/src/Illuminate/Pipeline/Pipeline.php(209): App\\Http\\Middleware\\CorrelationIdMiddleware->handle()
#23 /home/user/vendor/laravel/framework/src/Illuminate/Foundation/Http/Middleware/TransformsRequest.php(21): Illuminate\\Pipeline\\Pipeline->{closure:{closure:Illuminate\\Pipeline\\Pipeline::carry():184}:185}()
#24 /home/user/vendor/laravel/framework/src/Illuminate/Foundation/Http/Middleware/ConvertEmptyStringsToNull.php(31): Illuminate\\Foundation\\Http\\Middleware\\TransformsRequest->handle()
#25 /home/user/vendor/laravel/framework/src/Illuminate/Pipeline/Pipeline.php(209): Illuminate\\Foundation\\Http\\Middleware\\ConvertEmptyStringsToNull->handle()
#26 /home/user/vendor/laravel/framework/src/Illuminate/Foundation/Http/Middleware/TransformsRequest.php(21): Illuminate\\Pipeline\\Pipeline->{closure:{closure:Illuminate\\Pipeline\\Pipeline::carry():184}:185}()
#27 /home/user/vendor/laravel/framework/src/Illuminate/Foundation/Http/Middleware/TrimStrings.php(51): Illuminate\\Foundation\\Http\\Middleware\\TransformsRequest->handle()
#28 /home/user/vendor/laravel/framework/src/Illuminate/Pipeline/Pipeline.php(209): Illuminate\\Foundation\\Http\\Middleware\\TrimStrings->handle()
#29 /home/user/vendor/laravel/framework/src/Illuminate/Http/Middleware/ValidatePostSize.php(27): Illuminate\\Pipeline\\Pipeline->{closure:{closure:Illuminate\\Pipeline\\Pipeline::carry():184}:185}()
#30 /home/user/vendor/laravel/framework/src/Illuminate/Pipeline/Pipeline.php(209): Illuminate\\Http\\Middleware\\ValidatePostSize->handle()
#31 /home/user/vendor/laravel/framework/src/Illuminate/Foundation/Http/Middleware/PreventRequestsDuringMaintenance.php(110): Illuminate\\Pipeline\\Pipeline->{closure:{closure:Illuminate\\Pipeline\\Pipeline::carry():184}:185}()
#32 /home/user/vendor/laravel/framework/src/Illuminate/Pipeline/Pipeline.php(209): Illuminate\\Foundation\\Http\\Middleware\\PreventRequestsDuringMaintenance->handle()
#33 /home/user/vendor/laravel/framework/src/Illuminate/Http/Middleware/HandleCors.php(62): Illuminate\\Pipeline\\Pipeline->{closure:{closure:Illuminate\\Pipeline\\Pipeline::carry():184}:185}()
#34 /home/user/vendor/laravel/framework/src/Illuminate/Pipeline/Pipeline.php(209): Illuminate\\Http\\Middleware\\HandleCors->handle()
#35 /home/user/vendor/laravel/framework/src/Illuminate/Http/Middleware/TrustProxies.php(58): Illuminate\\Pipeline\\Pipeline->{closure:{closure:Illuminate\\Pipeline\\Pipeline::carry():184}:185}()
#36 /home/user/vendor/laravel/framework/src/Illuminate/Pipeline/Pipeline.php(209): Illuminate\\Http\\Middleware\\TrustProxies->handle()
#37 /home/user/vendor/laravel/framework/src/Illuminate/Foundation/Http/Middleware/InvokeDeferredCallbacks.php(22): Illuminate\\Pipeline\\Pipeline->{closure:{closure:Illuminate\\Pipeline\\Pipeline::carry():184}:185}()
#38 /home/user/vendor/laravel/framework/src/Illuminate/Pipeline/Pipeline.php(209): Illuminate\\Foundation\\Http\\Middleware\\InvokeDeferredCallbacks->handle()
#39 /home/user/vendor/laravel/framework/src/Illuminate/Pipeline/Pipeline.php(127): Illuminate\\Pipeline\\Pipeline->{closure:{closure:Illuminate\\Pipeline\\Pipeline::carry():184}:185}()
#40 /home/user/vendor/laravel/framework/src/Illuminate/Foundation/Http/Kernel.php(176): Illuminate\\Pipeline\\Pipeline->then()
#41 /home/user/vendor/laravel/framework/src/Illuminate/Foundation/Http/Kernel.php(145): Illuminate\\Foundation\\Http\\Kernel->sendRequestThroughRouter()
#42 /home/user/vendor/laravel/framework/src/Illuminate/Foundation/Testing/Concerns/MakesHttpRequests.php(607): Illuminate\\Foundation\\Http\\Kernel->handle()
#43 /home/user/vendor/laravel/framework/src/Illuminate/Foundation/Testing/Concerns/MakesHttpRequests.php(573): Illuminate\\Foundation\\Testing\\TestCase->call()
#44 /home/user/vendor/laravel/framework/src/Illuminate/Foundation/Testing/Concerns/MakesHttpRequests.php(411): Illuminate\\Foundation\\Testing\\TestCase->json()
#45 /home/user/tests/Feature/Security/ProductionSecurityComprehensiveTest.php(494): Illuminate\\Foundation\\Testing\\TestCase->postJson()
#46 /home/user/vendor/phpunit/phpunit/src/Framework/TestCase.php(1667): Tests\\Feature\\Security\\ProductionSecurityComprehensiveTest->test_22_withdrawal_rate_limiter_functional()
#47 /home/user/vendor/phpunit/phpunit/src/Framework/TestCase.php(519): PHPUnit\\Framework\\TestCase->runTest()
#48 /home/user/vendor/phpunit/phpunit/src/Framework/TestRunner/TestRunner.php(87): PHPUnit\\Framework\\TestCase->runBare()
#49 /home/user/vendor/phpunit/phpunit/src/Framework/TestCase.php(365): PHPUnit\\Framework\\TestRunner->run()
#50 /home/user/vendor/phpunit/phpunit/src/Framework/TestSuite.php(369): PHPUnit\\Framework\\TestCase->run()
#51 /home/user/vendor/phpunit/phpunit/src/Framework/TestSuite.php(369): PHPUnit\\Framework\\TestSuite->run()
#52 /home/user/vendor/phpunit/phpunit/src/Framework/TestSuite.php(369): PHPUnit\\Framework\\TestSuite->run()
#53 /home/user/vendor/phpunit/phpunit/src/TextUI/TestRunner.php(64): PHPUnit\\Framework\\TestSuite->run()
#54 /home/user/vendor/phpunit/phpunit/src/TextUI/Application.php(211): PHPUnit\\TextUI\\TestRunner->run()
#55 /home/user/vendor/phpunit/phpunit/phpunit(104): PHPUnit\\TextUI\\Application->run()
#56 /home/user/vendor/bin/phpunit(122): include('...')
#57 {main}
"} {"correlation_id":"4699c7df-5d96-4b67-81e3-98f02b34428d"}
[2026-09-08 10:43:41] testing.ERROR: api.unhandled_exception {"correlation_id":"4699c7df-5d96-4b67-81e3-98f02b34428d","exception":"[object] (Error(code: 0): Call to undefined method Illuminate\\Cache\\RateLimiting\\Limit::perDays() at /home/user/app/Providers/AppServiceProvider.php:95)
[stacktrace]
#0 /home/user/vendor/laravel/framework/src/Illuminate/Cache/RateLimiter.php(75): App\\Providers\\AppServiceProvider->{closure:App\\Providers\\AppServiceProvider::registerRateLimiters():93}()
#1 /home/user/vendor/laravel/framework/src/Illuminate/Routing/Middleware/ThrottleRequests.php(119): Illuminate\\Cache\\RateLimiter->{closure:Illuminate\\Cache\\RateLimiter::limiter():74}()
#2 /home/user/vendor/laravel/framework/src/Illuminate/Routing/Middleware/ThrottleRequests.php(89): Illuminate\\Routing\\Middleware\\ThrottleRequests->handleRequestUsingNamedLimiter()
#3 /home/user/vendor/laravel/framework/src/Illuminate/Pipeline/Pipeline.php(209): Illuminate\\Routing\\Middleware\\ThrottleRequests->handle()
#4 /home/user/vendor/laravel/framework/src/Illuminate/Routing/Middleware/ThrottleRequests.php(161): Illuminate\\Pipeline\\Pipeline->{closure:{closure:Illuminate\\Pipeline\\Pipeline::carry():184}:185}()
#5 /home/user/vendor/laravel/framework/src/Illuminate/Routing/Middleware/ThrottleRequests.php(127): Illuminate\\Routing\\Middleware\\ThrottleRequests->handleRequest()
#6 /home/user/vendor/laravel/framework/src/Illuminate/Routing/Middleware/ThrottleRequests.php(89): Illuminate\\Routing\\Middleware\\ThrottleRequests->handleRequestUsingNamedLimiter()
#7 /home/user/vendor/laravel/framework/src/Illuminate/Pipeline/Pipeline.php(209): Illuminate\\Routing\\Middleware\\ThrottleRequests->handle()
#8 /home/user/vendor/laravel/framework/src/Illuminate/Auth/Middleware/Authenticate.php(64): Illuminate\\Pipeline\\Pipeline->{closure:{closure:Illuminate\\Pipeline\\Pipeline::carry():184}:185}()
#9 /home/user/vendor/laravel/framework/src/Illuminate/Pipeline/Pipeline.php(209): Illuminate\\Auth\\Middleware\\Authenticate->handle()
#10 /home/user/vendor/laravel/framework/src/Illuminate/Pipeline/Pipeline.php(127): Illuminate\\Pipeline\\Pipeline->{closure:{closure:Illuminate\\Pipeline\\Pipeline::carry():184}:185}()
#11 /home/user/vendor/laravel/framework/src/Illuminate/Routing/Router.php(807): Illuminate\\Pipeline\\Pipeline->then()
#12 /home/user/vendor/laravel/framework/src/Illuminate/Routing/Router.php(786): Illuminate\\Routing\\Router->runRouteWithinStack()
#13 /home/user/vendor/laravel/framework/src/Illuminate/Routing/Router.php(750): Illuminate\\Routing\\Router->runRoute()
#14 /home/user/vendor/laravel/framework/src/Illuminate/Routing/Router.php(739): Illuminate\\Routing\\Router->dispatchToRoute()
#15 /home/user/vendor/laravel/framework/src/Illuminate/Foundation/Http/Kernel.php(201): Illuminate\\Routing\\Router->dispatch()
#16 /home/user/vendor/laravel/framework/src/Illuminate/Pipeline/Pipeline.php(170): Illuminate\\Foundation\\Http\\Kernel->{closure:Illuminate\\Foundation\\Http\\Kernel::dispatchToRouter():198}()
#17 /home/user/vendor/livewire/livewire/src/Features/SupportDisablingBackButtonCache/DisableBackButtonCacheMiddleware.php(19): Illuminate\\Pipeline\\Pipeline->{closure:Illuminate\\Pipeline\\Pipeline::prepareDestination():168}()
#18 /home/user/vendor/laravel/framework/src/Illuminate/Pipeline/Pipeline.php(209): Livewire\\Features\\SupportDisablingBackButtonCache\\DisableBackButtonCacheMiddleware->handle()
#19 /home/user/app/Http/Middleware/SecurityHeaders.php(13): Illuminate\\Pipeline\\Pipeline->{closure:{closure:Illuminate\\Pipeline\\Pipeline::carry():184}:185}()
#20 /home/user/vendor/laravel/framework/src/Illuminate/Pipeline/Pipeline.php(209): App\\Http\\Middleware\\SecurityHeaders->handle()
#21 /home/user/app/Http/Middleware/CorrelationIdMiddleware.php(35): Illuminate\\Pipeline\\Pipeline->{closure:{closure:Illuminate\\Pipeline\\Pipeline::carry():184}:185}()
#22 /home/user/vendor/laravel/framework/src/Illuminate/Pipeline/Pipeline.php(209): App\\Http\\Middleware\\CorrelationIdMiddleware->handle()
#23 /home/user/vendor/laravel/framework/src/Illuminate/Foundation/Http/Middleware/TransformsRequest.php(21): Illuminate\\Pipeline\\Pipeline->{closure:{closure:Illuminate\\Pipeline\\Pipeline::carry():184}:185}()
#24 /home/user/vendor/laravel/framework/src/Illuminate/Foundation/Http/Middleware/ConvertEmptyStringsToNull.php(31): Illuminate\\Foundation\\Http\\Middleware\\TransformsRequest->handle()
#25 /home/user/vendor/laravel/framework/src/Illuminate/Pipeline/Pipeline.php(209): Illuminate\\Foundation\\Http\\Middleware\\ConvertEmptyStringsToNull->handle()
#26 /home/user/vendor/laravel/framework/src/Illuminate/Foundation/Http/Middleware/TransformsRequest.php(21): Illuminate\\Pipeline\\Pipeline->{closure:{closure:Illuminate\\Pipeline\\Pipeline::carry():184}:185}()
#27 /home/user/vendor/laravel/framework/src/Illuminate/Foundation/Http/Middleware/TrimStrings.php(51): Illuminate\\Foundation\\Http\\Middleware\\TransformsRequest->handle()
#28 /home/user/vendor/laravel/framework/src/Illuminate/Pipeline/Pipeline.php(209): Illuminate\\Foundation\\Http\\Middleware\\TrimStrings->handle()
#29 /home/user/vendor/laravel/framework/src/Illuminate/Http/Middleware/ValidatePostSize.php(27): Illuminate\\Pipeline\\Pipeline->{closure:{closure:Illuminate\\Pipeline\\Pipeline::carry():184}:185}()
#30 /home/user/vendor/laravel/framework/src/Illuminate/Pipeline/Pipeline.php(209): Illuminate\\Http\\Middleware\\ValidatePostSize->handle()
#31 /home/user/vendor/laravel/framework/src/Illuminate/Foundation/Http/Middleware/PreventRequestsDuringMaintenance.php(110): Illuminate\\Pipeline\\Pipeline->{closure:{closure:Illuminate\\Pipeline\\Pipeline::carry():184}:185}()
#32 /home/user/vendor/laravel/framework/src/Illuminate/Pipeline/Pipeline.php(209): Illuminate\\Foundation\\Http\\Middleware\\PreventRequestsDuringMaintenance->handle()
#33 /home/user/vendor/laravel/framework/src/Illuminate/Http/Middleware/HandleCors.php(62): Illuminate\\Pipeline\\Pipeline->{closure:{closure:Illuminate\\Pipeline\\Pipeline::carry():184}:185}()
#34 /home/user/vendor/laravel/framework/src/Illuminate/Pipeline/Pipeline.php(209): Illuminate\\Http\\Middleware\\HandleCors->handle()
#35 /home/user/vendor/laravel/framework/src/Illuminate/Http/Middleware/TrustProxies.php(58): Illuminate\\Pipeline\\Pipeline->{closure:{closure:Illuminate\\Pipeline\\Pipeline::carry():184}:185}()
#36 /home/user/vendor/laravel/framework/src/Illuminate/Pipeline/Pipeline.php(209): Illuminate\\Http\\Middleware\\TrustProxies->handle()
#37 /home/user/vendor/laravel/framework/src/Illuminate/Foundation/Http/Middleware/InvokeDeferredCallbacks.php(22): Illuminate\\Pipeline\\Pipeline->{closure:{closure:Illuminate\\Pipeline\\Pipeline::carry():184}:185}()
#38 /home/user/vendor/laravel/framework/src/Illuminate/Pipeline/Pipeline.php(209): Illuminate\\Foundation\\Http\\Middleware\\InvokeDeferredCallbacks->handle()
#39 /home/user/vendor/laravel/framework/src/Illuminate/Pipeline/Pipeline.php(127): Illuminate\\Pipeline\\Pipeline->{closure:{closure:Illuminate\\Pipeline\\Pipeline::carry():184}:185}()
#40 /home/user/vendor/laravel/framework/src/Illuminate/Foundation/Http/Kernel.php(176): Illuminate\\Pipeline\\Pipeline->then()
#41 /home/user/vendor/laravel/framework/src/Illuminate/Foundation/Http/Kernel.php(145): Illuminate\\Foundation\\Http\\Kernel->sendRequestThroughRouter()
#42 /home/user/vendor/laravel/framework/src/Illuminate/Foundation/Testing/Concerns/MakesHttpRequests.php(607): Illuminate\\Foundation\\Http\\Kernel->handle()
#43 /home/user/vendor/laravel/framework/src/Illuminate/Foundation/Testing/Concerns/MakesHttpRequests.php(573): Illuminate\\Foundation\\Testing\\TestCase->call()
#44 /home/user/vendor/laravel/framework/src/Illuminate/Foundation/Testing/Concerns/MakesHttpRequests.php(411): Illuminate\\Foundation\\Testing\\TestCase->json()
#45 /home/user/tests/Feature/Security/ProductionSecurityComprehensiveTest.php(494): Illuminate\\Foundation\\Testing\\TestCase->postJson()
#46 /home/user/vendor/phpunit/phpunit/src/Framework/TestCase.php(1667): Tests\\Feature\\Security\\ProductionSecurityComprehensiveTest->test_22_withdrawal_rate_limiter_functional()
#47 /home/user/vendor/phpunit/phpunit/src/Framework/TestCase.php(519): PHPUnit\\Framework\\TestCase->runTest()
#48 /home/user/vendor/phpunit/phpunit/src/Framework/TestRunner/TestRunner.php(87): PHPUnit\\Framework\\TestCase->runBare()
#49 /home/user/vendor/phpunit/phpunit/src/Framework/TestCase.php(365): PHPUnit\\Framework\\TestRunner->run()
#50 /home/user/vendor/phpunit/phpunit/src/Framework/TestSuite.php(369): PHPUnit\\Framework\\TestCase->run()
#51 /home/user/vendor/phpunit/phpunit/src/Framework/TestSuite.php(369): PHPUnit\\Framework\\TestSuite->run()
#52 /home/user/vendor/phpunit/phpunit/src/Framework/TestSuite.php(369): PHPUnit\\Framework\\TestSuite->run()
#53 /home/user/vendor/phpunit/phpunit/src/TextUI/TestRunner.php(64): PHPUnit\\Framework\\TestSuite->run()
#54 /home/user/vendor/phpunit/phpunit/src/TextUI/Application.php(211): PHPUnit\\TextUI\\TestRunner->run()
#55 /home/user/vendor/phpunit/phpunit/phpunit(104): PHPUnit\\TextUI\\Application->run()
#56 /home/user/vendor/bin/phpunit(122): include('...')
#57 {main}
","path":"api/v1/withdrawals","method":"POST","user_id":1} {"correlation_id":"4699c7df-5d96-4b67-81e3-98f02b34428d"}
[2026-09-08 10:43:41] testing.ERROR: Call to undefined method Illuminate\Cache\RateLimiting\Limit::perDays() {"correlation_id":"8c50fed2-ba70-4099-9cee-a21b3461a9bc","userId":1,"exception":"[object] (Error(code: 0): Call to undefined method Illuminate\\Cache\\RateLimiting\\Limit::perDays() at /home/user/app/Providers/AppServiceProvider.php:95)
[stacktrace]
#0 /home/user/vendor/laravel/framework/src/Illuminate/Cache/RateLimiter.php(75): App\\Providers\\AppServiceProvider->{closure:App\\Providers\\AppServiceProvider::registerRateLimiters():93}()
#1 /home/user/vendor/laravel/framework/src/Illuminate/Routing/Middleware/ThrottleRequests.php(119): Illuminate\\Cache\\RateLimiter->{closure:Illuminate\\Cache\\RateLimiter::limiter():74}()
#2 /home/user/vendor/laravel/framework/src/Illuminate/Routing/Middleware/ThrottleRequests.php(89): Illuminate\\Routing\\Middleware\\ThrottleRequests->handleRequestUsingNamedLimiter()
#3 /home/user/vendor/laravel/framework/src/Illuminate/Pipeline/Pipeline.php(209): Illuminate\\Routing\\Middleware\\ThrottleRequests->handle()
#4 /home/user/vendor/laravel/framework/src/Illuminate/Routing/Middleware/ThrottleRequests.php(161): Illuminate\\Pipeline\\Pipeline->{closure:{closure:Illuminate\\Pipeline\\Pipeline::carry():184}:185}()
#5 /home/user/vendor/laravel/framework/src/Illuminate/Routing/Middleware/ThrottleRequests.php(127): Illuminate\\Routing\\Middleware\\ThrottleRequests->handleRequest()
#6 /home/user/vendor/laravel/framework/src/Illuminate/Routing/Middleware/ThrottleRequests.php(89): Illuminate\\Routing\\Middleware\\ThrottleRequests->handleRequestUsingNamedLimiter()
#7 /home/user/vendor/laravel/framework/src/Illuminate/Pipeline/Pipeline.php(209): Illuminate\\Routing\\Middleware\\ThrottleRequests->handle()
#8 /home/user/vendor/laravel/framework/src/Illuminate/Auth/Middleware/Authenticate.php(64): Illuminate\\Pipeline\\Pipeline->{closure:{closure:Illuminate\\Pipeline\\Pipeline::carry():184}:185}()
#9 /home/user/vendor/laravel/framework/src/Illuminate/Pipeline/Pipeline.php(209): Illuminate\\Auth\\Middleware\\Authenticate->handle()
#10 /home/user/vendor/laravel/framework/src/Illuminate/Pipeline/Pipeline.php(127): Illuminate\\Pipeline\\Pipeline->{closure:{closure:Illuminate\\Pipeline\\Pipeline::carry():184}:185}()
#11 /home/user/vendor/laravel/framework/src/Illuminate/Routing/Router.php(807): Illuminate\\Pipeline\\Pipeline->then()
#12 /home/user/vendor/laravel/framework/src/Illuminate/Routing/Router.php(786): Illuminate\\Routing\\Router->runRouteWithinStack()
#13 /home/user/vendor/laravel/framework/src/Illuminate/Routing/Router.php(750): Illuminate\\Routing\\Router->runRoute()
#14 /home/user/vendor/laravel/framework/src/Illuminate/Routing/Router.php(739): Illuminate\\Routing\\Router->dispatchToRoute()
#15 /home/user/vendor/laravel/framework/src/Illuminate/Foundation/Http/Kernel.php(201): Illuminate\\Routing\\Router->dispatch()
#16 /home/user/vendor/laravel/framework/src/Illuminate/Pipeline/Pipeline.php(170): Illuminate\\Foundation\\Http\\Kernel->{closure:Illuminate\\Foundation\\Http\\Kernel::dispatchToRouter():198}()
#17 /home/user/vendor/livewire/livewire/src/Features/SupportDisablingBackButtonCache/DisableBackButtonCacheMiddleware.php(19): Illuminate\\Pipeline\\Pipeline->{closure:Illuminate\\Pipeline\\Pipeline::prepareDestination():168}()
#18 /home/user/vendor/laravel/framework/src/Illuminate/Pipeline/Pipeline.php(209): Livewire\\Features\\SupportDisablingBackButtonCache\\DisableBackButtonCacheMiddleware->handle()
#19 /home/user/app/Http/Middleware/SecurityHeaders.php(13): Illuminate\\Pipeline\\Pipeline->{closure:{closure:Illuminate\\Pipeline\\Pipeline::carry():184}:185}()
#20 /home/user/vendor/laravel/framework/src/Illuminate/Pipeline/Pipeline.php(209): App\\Http\\Middleware\\SecurityHeaders->handle()
#21 /home/user/app/Http/Middleware/CorrelationIdMiddleware.php(35): Illuminate\\Pipeline\\Pipeline->{closure:{closure:Illuminate\\Pipeline\\Pipeline::carry():184}:185}()
#22 /home/user/vendor/laravel/framework/src/Illuminate/Pipeline/Pipeline.php(209): App\\Http\\Middleware\\CorrelationIdMiddleware->handle()
#23 /home/user/vendor/laravel/framework/src/Illuminate/Foundation/Http/Middleware/TransformsRequest.php(21): Illuminate\\Pipeline\\Pipeline->{closure:{closure:Illuminate\\Pipeline\\Pipeline::carry():184}:185}()
#24 /home/user/vendor/laravel/framework/src/Illuminate/Foundation/Http/Middleware/ConvertEmptyStringsToNull.php(31): Illuminate\\Foundation\\Http\\Middleware\\TransformsRequest->handle()
#25 /home/user/vendor/laravel/framework/src/Illuminate/Pipeline/Pipeline.php(209): Illuminate\\Foundation\\Http\\Middleware\\ConvertEmptyStringsToNull->handle()
#26 /home/user/vendor/laravel/framework/src/Illuminate/Foundation/Http/Middleware/TransformsRequest.php(21): Illuminate\\Pipeline\\Pipeline->{closure:{closure:Illuminate\\Pipeline\\Pipeline::carry():184}:185}()
#27 /home/user/vendor/laravel/framework/src/Illuminate/Foundation/Http/Middleware/TrimStrings.php(51): Illuminate\\Foundation\\Http\\Middleware\\TransformsRequest->handle()
#28 /home/user/vendor/laravel/framework/src/Illuminate/Pipeline/Pipeline.php(209): Illuminate\\Foundation\\Http\\Middleware\\TrimStrings->handle()
#29 /home/user/vendor/laravel/framework/src/Illuminate/Http/Middleware/ValidatePostSize.php(27): Illuminate\\Pipeline\\Pipeline->{closure:{closure:Illuminate\\Pipeline\\Pipeline::carry():184}:185}()
#30 /home/user/vendor/laravel/framework/src/Illuminate/Pipeline/Pipeline.php(209): Illuminate\\Http\\Middleware\\ValidatePostSize->handle()
#31 /home/user/vendor/laravel/framework/src/Illuminate/Foundation/Http/Middleware/PreventRequestsDuringMaintenance.php(110): Illuminate\\Pipeline\\Pipeline->{closure:{closure:Illuminate\\Pipeline\\Pipeline::carry():184}:185}()
#32 /home/user/vendor/laravel/framework/src/Illuminate/Pipeline/Pipeline.php(209): Illuminate\\Foundation\\Http\\Middleware\\PreventRequestsDuringMaintenance->handle()
#33 /home/user/vendor/laravel/framework/src/Illuminate/Http/Middleware/HandleCors.php(62): Illuminate\\Pipeline\\Pipeline->{closure:{closure:Illuminate\\Pipeline\\Pipeline::carry():184}:185}()
#34 /home/user/vendor/laravel/framework/src/Illuminate/Pipeline/Pipeline.php(209): Illuminate\\Http\\Middleware\\HandleCors->handle()
#35 /home/user/vendor/laravel/framework/src/Illuminate/Http/Middleware/TrustProxies.php(58): Illuminate\\Pipeline\\Pipeline->{closure:{closure:Illuminate\\Pipeline\\Pipeline::carry():184}:185}()
#36 /home/user/vendor/laravel/framework/src/Illuminate/Pipeline/Pipeline.php(209): Illuminate\\Http\\Middleware\\TrustProxies->handle()
#37 /home/user/vendor/laravel/framework/src/Illuminate/Foundation/Http/Middleware/InvokeDeferredCallbacks.php(22): Illuminate\\Pipeline\\Pipeline->{closure:{closure:Illuminate\\Pipeline\\Pipeline::carry():184}:185}()
#38 /home/user/vendor/laravel/framework/src/Illuminate/Pipeline/Pipeline.php(209): Illuminate\\Foundation\\Http\\Middleware\\InvokeDeferredCallbacks->handle()
#39 /home/user/vendor/laravel/framework/src/Illuminate/Pipeline/Pipeline.php(127): Illuminate\\Pipeline\\Pipeline->{closure:{closure:Illuminate\\Pipeline\\Pipeline::carry():184}:185}()
#40 /home/user/vendor/laravel/framework/src/Illuminate/Foundation/Http/Kernel.php(176): Illuminate\\Pipeline\\Pipeline->then()
#41 /home/user/vendor/laravel/framework/src/Illuminate/Foundation/Http/Kernel.php(145): Illuminate\\Foundation\\Http\\Kernel->sendRequestThroughRouter()
#42 /home/user/vendor/laravel/framework/src/Illuminate/Foundation/Testing/Concerns/MakesHttpRequests.php(607): Illuminate\\Foundation\\Http\\Kernel->handle()
#43 /home/user/vendor/laravel/framework/src/Illuminate/Foundation/Testing/Concerns/MakesHttpRequests.php(573): Illuminate\\Foundation\\Testing\\TestCase->call()
#44 /home/user/vendor/laravel/framework/src/Illuminate/Foundation/Testing/Concerns/MakesHttpRequests.php(411): Illuminate\\Foundation\\Testing\\TestCase->json()
#45 /home/user/tests/Feature/Security/ProductionSecurityComprehensiveTest.php(494): Illuminate\\Foundation\\Testing\\TestCase->postJson()
#46 /home/user/vendor/phpunit/phpunit/src/Framework/TestCase.php(1667): Tests\\Feature\\Security\\ProductionSecurityComprehensiveTest->test_22_withdrawal_rate_limiter_functional()
#47 /home/user/vendor/phpunit/phpunit/src/Framework/TestCase.php(519): PHPUnit\\Framework\\TestCase->runTest()
#48 /home/user/vendor/phpunit/phpunit/src/Framework/TestRunner/TestRunner.php(87): PHPUnit\\Framework\\TestCase->runBare()
#49 /home/user/vendor/phpunit/phpunit/src/Framework/TestCase.php(365): PHPUnit\\Framework\\TestRunner->run()
#50 /home/user/vendor/phpunit/phpunit/src/Framework/TestSuite.php(369): PHPUnit\\Framework\\TestCase->run()
#51 /home/user/vendor/phpunit/phpunit/src/Framework/TestSuite.php(369): PHPUnit\\Framework\\TestSuite->run()
#52 /home/user/vendor/phpunit/phpunit/src/Framework/TestSuite.php(369): PHPUnit\\Framework\\TestSuite->run()
#53 /home/user/vendor/phpunit/phpunit/src/TextUI/TestRunner.php(64): PHPUnit\\Framework\\TestSuite->run()
#54 /home/user/vendor/phpunit/phpunit/src/TextUI/Application.php(211): PHPUnit\\TextUI\\TestRunner->run()
#55 /home/user/vendor/phpunit/phpunit/phpunit(104): PHPUnit\\TextUI\\Application->run()
#56 /home/user/vendor/bin/phpunit(122): include('...')
#57 {main}
"} {"correlation_id":"8c50fed2-ba70-4099-9cee-a21b3461a9bc"}
[2026-09-08 10:43:41] testing.ERROR: api.unhandled_exception {"correlation_id":"8c50fed2-ba70-4099-9cee-a21b3461a9bc","exception":"[object] (Error(code: 0): Call to undefined method Illuminate\\Cache\\RateLimiting\\Limit::perDays() at /home/user/app/Providers/AppServiceProvider.php:95)
[stacktrace]
#0 /home/user/vendor/laravel/framework/src/Illuminate/Cache/RateLimiter.php(75): App\\Providers\\AppServiceProvider->{closure:App\\Providers\\AppServiceProvider::registerRateLimiters():93}()
#1 /home/user/vendor/laravel/framework/src/Illuminate/Routing/Middleware/ThrottleRequests.php(119): Illuminate\\Cache\\RateLimiter->{closure:Illuminate\\Cache\\RateLimiter::limiter():74}()
#2 /home/user/vendor/laravel/framework/src/Illuminate/Routing/Middleware/ThrottleRequests.php(89): Illuminate\\Routing\\Middleware\\ThrottleRequests->handleRequestUsingNamedLimiter()
#3 /home/user/vendor/laravel/framework/src/Illuminate/Pipeline/Pipeline.php(209): Illuminate\\Routing\\Middleware\\ThrottleRequests->handle()
#4 /home/user/vendor/laravel/framework/src/Illuminate/Routing/Middleware/ThrottleRequests.php(161): Illuminate\\Pipeline\\Pipeline->{closure:{closure:Illuminate\\Pipeline\\Pipeline::carry():184}:185}()
#5 /home/user/vendor/laravel/framework/src/Illuminate/Routing/Middleware/ThrottleRequests.php(127): Illuminate\\Routing\\Middleware\\ThrottleRequests->handleRequest()
#6 /home/user/vendor/laravel/framework/src/Illuminate/Routing/Middleware/ThrottleRequests.php(89): Illuminate\\Routing\\Middleware\\ThrottleRequests->handleRequestUsingNamedLimiter()
#7 /home/user/vendor/laravel/framework/src/Illuminate/Pipeline/Pipeline.php(209): Illuminate\\Routing\\Middleware\\ThrottleRequests->handle()
#8 /home/user/vendor/laravel/framework/src/Illuminate/Auth/Middleware/Authenticate.php(64): Illuminate\\Pipeline\\Pipeline->{closure:{closure:Illuminate\\Pipeline\\Pipeline::carry():184}:185}()
#9 /home/user/vendor/laravel/framework/src/Illuminate/Pipeline/Pipeline.php(209): Illuminate\\Auth\\Middleware\\Authenticate->handle()
#10 /home/user/vendor/laravel/framework/src/Illuminate/Pipeline/Pipeline.php(127): Illuminate\\Pipeline\\Pipeline->{closure:{closure:Illuminate\\Pipeline\\Pipeline::carry():184}:185}()
#11 /home/user/vendor/laravel/framework/src/Illuminate/Routing/Router.php(807): Illuminate\\Pipeline\\Pipeline->then()
#12 /home/user/vendor/laravel/framework/src/Illuminate/Routing/Router.php(786): Illuminate\\Routing\\Router->runRouteWithinStack()
#13 /home/user/vendor/laravel/framework/src/Illuminate/Routing/Router.php(750): Illuminate\\Routing\\Router->runRoute()
#14 /home/user/vendor/laravel/framework/src/Illuminate/Routing/Router.php(739): Illuminate\\Routing\\Router->dispatchToRoute()
#15 /home/user/vendor/laravel/framework/src/Illuminate/Foundation/Http/Kernel.php(201): Illuminate\\Routing\\Router->dispatch()
#16 /home/user/vendor/laravel/framework/src/Illuminate/Pipeline/Pipeline.php(170): Illuminate\\Foundation\\Http\\Kernel->{closure:Illuminate\\Foundation\\Http\\Kernel::dispatchToRouter():198}()
#17 /home/user/vendor/livewire/livewire/src/Features/SupportDisablingBackButtonCache/DisableBackButtonCacheMiddleware.php(19): Illuminate\\Pipeline\\Pipeline->{closure:Illuminate\\Pipeline\\Pipeline::prepareDestination():168}()
#18 /home/user/vendor/laravel/framework/src/Illuminate/Pipeline/Pipeline.php(209): Livewire\\Features\\SupportDisablingBackButtonCache\\DisableBackButtonCacheMiddleware->handle()
#19 /home/user/app/Http/Middleware/SecurityHeaders.php(13): Illuminate\\Pipeline\\Pipeline->{closure:{closure:Illuminate\\Pipeline\\Pipeline::carry():184}:185}()
#20 /home/user/vendor/laravel/framework/src/Illuminate/Pipeline/Pipeline.php(209): App\\Http\\Middleware\\SecurityHeaders->handle()
#21 /home/user/app/Http/Middleware/CorrelationIdMiddleware.php(35): Illuminate\\Pipeline\\Pipeline->{closure:{closure:Illuminate\\Pipeline\\Pipeline::carry():184}:185}()
#22 /home/user/vendor/laravel/framework/src/Illuminate/Pipeline/Pipeline.php(209): App\\Http\\Middleware\\CorrelationIdMiddleware->handle()
#23 /home/user/vendor/laravel/framework/src/Illuminate/Foundation/Http/Middleware/TransformsRequest.php(21): Illuminate\\Pipeline\\Pipeline->{closure:{closure:Illuminate\\Pipeline\\Pipeline::carry():184}:185}()
#24 /home/user/vendor/laravel/framework/src/Illuminate/Foundation/Http/Middleware/ConvertEmptyStringsToNull.php(31): Illuminate\\Foundation\\Http\\Middleware\\TransformsRequest->handle()
#25 /home/user/vendor/laravel/framework/src/Illuminate/Pipeline/Pipeline.php(209): Illuminate\\Foundation\\Http\\Middleware\\ConvertEmptyStringsToNull->handle()
#26 /home/user/vendor/laravel/framework/src/Illuminate/Foundation/Http/Middleware/TransformsRequest.php(21): Illuminate\\Pipeline\\Pipeline->{closure:{closure:Illuminate\\Pipeline\\Pipeline::carry():184}:185}()
#27 /home/user/vendor/laravel/framework/src/Illuminate/Foundation/Http/Middleware/TrimStrings.php(51): Illuminate\\Foundation\\Http\\Middleware\\TransformsRequest->handle()
#28 /home/user/vendor/laravel/framework/src/Illuminate/Pipeline/Pipeline.php(209): Illuminate\\Foundation\\Http\\Middleware\\TrimStrings->handle()
#29 /home/user/vendor/laravel/framework/src/Illuminate/Http/Middleware/ValidatePostSize.php(27): Illuminate\\Pipeline\\Pipeline->{closure:{closure:Illuminate\\Pipeline\\Pipeline::carry():184}:185}()
#30 /home/user/vendor/laravel/framework/src/Illuminate/Pipeline/Pipeline.php(209): Illuminate\\Http\\Middleware\\ValidatePostSize->handle()
#31 /home/user/vendor/laravel/framework/src/Illuminate/Foundation/Http/Middleware/PreventRequestsDuringMaintenance.php(110): Illuminate\\Pipeline\\Pipeline->{closure:{closure:Illuminate\\Pipeline\\Pipeline::carry():184}:185}()
#32 /home/user/vendor/laravel/framework/src/Illuminate/Pipeline/Pipeline.php(209): Illuminate\\Foundation\\Http\\Middleware\\PreventRequestsDuringMaintenance->handle()
#33 /home/user/vendor/laravel/framework/src/Illuminate/Http/Middleware/HandleCors.php(62): Illuminate\\Pipeline\\Pipeline->{closure:{closure:Illuminate\\Pipeline\\Pipeline::carry():184}:185}()
#34 /home/user/vendor/laravel/framework/src/Illuminate/Pipeline/Pipeline.php(209): Illuminate\\Http\\Middleware\\HandleCors->handle()
#35 /home/user/vendor/laravel/framework/src/Illuminate/Http/Middleware/TrustProxies.php(58): Illuminate\\Pipeline\\Pipeline->{closure:{closure:Illuminate\\Pipeline\\Pipeline::carry():184}:185}()
#36 /home/user/vendor/laravel/framework/src/Illuminate/Pipeline/Pipeline.php(209): Illuminate\\Http\\Middleware\\TrustProxies->handle()
#37 /home/user/vendor/laravel/framework/src/Illuminate/Foundation/Http/Middleware/InvokeDeferredCallbacks.php(22): Illuminate\\Pipeline\\Pipeline->{closure:{closure:Illuminate\\Pipeline\\Pipeline::carry():184}:185}()
#38 /home/user/vendor/laravel/framework/src/Illuminate/Pipeline/Pipeline.php(209): Illuminate\\Foundation\\Http\\Middleware\\InvokeDeferredCallbacks->handle()
#39 /home/user/vendor/laravel/framework/src/Illuminate/Pipeline/Pipeline.php(127): Illuminate\\Pipeline\\Pipeline->{closure:{closure:Illuminate\\Pipeline\\Pipeline::carry():184}:185}()
#40 /home/user/vendor/laravel/framework/src/Illuminate/Foundation/Http/Kernel.php(176): Illuminate\\Pipeline\\Pipeline->then()
#41 /home/user/vendor/laravel/framework/src/Illuminate/Foundation/Http/Kernel.php(145): Illuminate\\Foundation\\Http\\Kernel->sendRequestThroughRouter()
#42 /home/user/vendor/laravel/framework/src/Illuminate/Foundation/Testing/Concerns/MakesHttpRequests.php(607): Illuminate\\Foundation\\Http\\Kernel->handle()
#43 /home/user/vendor/laravel/framework/src/Illuminate/Foundation/Testing/Concerns/MakesHttpRequests.php(573): Illuminate\\Foundation\\Testing\\TestCase->call()
#44 /home/user/vendor/laravel/framework/src/Illuminate/Foundation/Testing/Concerns/MakesHttpRequests.php(411): Illuminate\\Foundation\\Testing\\TestCase->json()
#45 /home/user/tests/Feature/Security/ProductionSecurityComprehensiveTest.php(494): Illuminate\\Foundation\\Testing\\TestCase->postJson()
#46 /home/user/vendor/phpunit/phpunit/src/Framework/TestCase.php(1667): Tests\\Feature\\Security\\ProductionSecurityComprehensiveTest->test_22_withdrawal_rate_limiter_functional()
#47 /home/user/vendor/phpunit/phpunit/src/Framework/TestCase.php(519): PHPUnit\\Framework\\TestCase->runTest()
#48 /home/user/vendor/phpunit/phpunit/src/Framework/TestRunner/TestRunner.php(87): PHPUnit\\Framework\\TestCase->runBare()
#49 /home/user/vendor/phpunit/phpunit/src/Framework/TestCase.php(365): PHPUnit\\Framework\\TestRunner->run()
#50 /home/user/vendor/phpunit/phpunit/src/Framework/TestSuite.php(369): PHPUnit\\Framework\\TestCase->run()
#51 /home/user/vendor/phpunit/phpunit/src/Framework/TestSuite.php(369): PHPUnit\\Framework\\TestSuite->run()
#52 /home/user/vendor/phpunit/phpunit/src/Framework/TestSuite.php(369): PHPUnit\\Framework\\TestSuite->run()
#53 /home/user/vendor/phpunit/phpunit/src/TextUI/TestRunner.php(64): PHPUnit\\Framework\\TestSuite->run()
#54 /home/user/vendor/phpunit/phpunit/src/TextUI/Application.php(211): PHPUnit\\TextUI\\TestRunner->run()
#55 /home/user/vendor/phpunit/phpunit/phpunit(104): PHPUnit\\TextUI\\Application->run()
#56 /home/user/vendor/bin/phpunit(122): include('...')
#57 {main}
","path":"api/v1/withdrawals","method":"POST","user_id":1} {"correlation_id":"8c50fed2-ba70-4099-9cee-a21b3461a9bc"}
[2026-09-08 10:43:41] testing.ERROR: Call to undefined method Illuminate\Cache\RateLimiting\Limit::perDays() {"correlation_id":"924c08e1-0a67-4ec1-a737-a7b30e7e5aae","userId":1,"exception":"[object] (Error(code: 0): Call to undefined method Illuminate\\Cache\\RateLimiting\\Limit::perDays() at /home/user/app/Providers/AppServiceProvider.php:95)
[stacktrace]
#0 /home/user/vendor/laravel/framework/src/Illuminate/Cache/RateLimiter.php(75): App\\Providers\\AppServiceProvider->{closure:App\\Providers\\AppServiceProvider::registerRateLimiters():93}()
#1 /home/user/vendor/laravel/framework/src/Illuminate/Routing/Middleware/ThrottleRequests.php(119): Illuminate\\Cache\\RateLimiter->{closure:Illuminate\\Cache\\RateLimiter::limiter():74}()
#2 /home/user/vendor/laravel/framework/src/Illuminate/Routing/Middleware/ThrottleRequests.php(89): Illuminate\\Routing\\Middleware\\ThrottleRequests->handleRequestUsingNamedLimiter()
#3 /home/user/vendor/laravel/framework/src/Illuminate/Pipeline/Pipeline.php(209): Illuminate\\Routing\\Middleware\\ThrottleRequests->handle()
#4 /home/user/vendor/laravel/framework/src/Illuminate/Routing/Middleware/ThrottleRequests.php(161): Illuminate\\Pipeline\\Pipeline->{closure:{closure:Illuminate\\Pipeline\\Pipeline::carry():184}:185}()
#5 /home/user/vendor/laravel/framework/src/Illuminate/Routing/Middleware/ThrottleRequests.php(127): Illuminate\\Routing\\Middleware\\ThrottleRequests->handleRequest()
#6 /home/user/vendor/laravel/framework/src/Illuminate/Routing/Middleware/ThrottleRequests.php(89): Illuminate\\Routing\\Middleware\\ThrottleRequests->handleRequestUsingNamedLimiter()
#7 /home/user/vendor/laravel/framework/src/Illuminate/Pipeline/Pipeline.php(209): Illuminate\\Routing\\Middleware\\ThrottleRequests->handle()
#8 /home/user/vendor/laravel/framework/src/Illuminate/Auth/Middleware/Authenticate.php(64): Illuminate\\Pipeline\\Pipeline->{closure:{closure:Illuminate\\Pipeline\\Pipeline::carry():184}:185}()
#9 /home/user/vendor/laravel/framework/src/Illuminate/Pipeline/Pipeline.php(209): Illuminate\\Auth\\Middleware\\Authenticate->handle()
#10 /home/user/vendor/laravel/framework/src/Illuminate/Pipeline/Pipeline.php(127): Illuminate\\Pipeline\\Pipeline->{closure:{closure:Illuminate\\Pipeline\\Pipeline::carry():184}:185}()
#11 /home/user/vendor/laravel/framework/src/Illuminate/Routing/Router.php(807): Illuminate\\Pipeline\\Pipeline->then()
#12 /home/user/vendor/laravel/framework/src/Illuminate/Routing/Router.php(786): Illuminate\\Routing\\Router->runRouteWithinStack()
#13 /home/user/vendor/laravel/framework/src/Illuminate/Routing/Router.php(750): Illuminate\\Routing\\Router->runRoute()
#14 /home/user/vendor/laravel/framework/src/Illuminate/Routing/Router.php(739): Illuminate\\Routing\\Router->dispatchToRoute()
#15 /home/user/vendor/laravel/framework/src/Illuminate/Foundation/Http/Kernel.php(201): Illuminate\\Routing\\Router->dispatch()
#16 /home/user/vendor/laravel/framework/src/Illuminate/Pipeline/Pipeline.php(170): Illuminate\\Foundation\\Http\\Kernel->{closure:Illuminate\\Foundation\\Http\\Kernel::dispatchToRouter():198}()
#17 /home/user/vendor/livewire/livewire/src/Features/SupportDisablingBackButtonCache/DisableBackButtonCacheMiddleware.php(19): Illuminate\\Pipeline\\Pipeline->{closure:Illuminate\\Pipeline\\Pipeline::prepareDestination():168}()
#18 /home/user/vendor/laravel/framework/src/Illuminate/Pipeline/Pipeline.php(209): Livewire\\Features\\SupportDisablingBackButtonCache\\DisableBackButtonCacheMiddleware->handle()
#19 /home/user/app/Http/Middleware/SecurityHeaders.php(13): Illuminate\\Pipeline\\Pipeline->{closure:{closure:Illuminate\\Pipeline\\Pipeline::carry():184}:185}()
#20 /home/user/vendor/laravel/framework/src/Illuminate/Pipeline/Pipeline.php(209): App\\Http\\Middleware\\SecurityHeaders->handle()
#21 /home/user/app/Http/Middleware/CorrelationIdMiddleware.php(35): Illuminate\\Pipeline\\Pipeline->{closure:{closure:Illuminate\\Pipeline\\Pipeline::carry():184}:185}()
#22 /home/user/vendor/laravel/framework/src/Illuminate/Pipeline/Pipeline.php(209): App\\Http\\Middleware\\CorrelationIdMiddleware->handle()
#23 /home/user/vendor/laravel/framework/src/Illuminate/Foundation/Http/Middleware/TransformsRequest.php(21): Illuminate\\Pipeline\\Pipeline->{closure:{closure:Illuminate\\Pipeline\\Pipeline::carry():184}:185}()
#24 /home/user/vendor/laravel/framework/src/Illuminate/Foundation/Http/Middleware/ConvertEmptyStringsToNull.php(31): Illuminate\\Foundation\\Http\\Middleware\\TransformsRequest->handle()
#25 /home/user/vendor/laravel/framework/src/Illuminate/Pipeline/Pipeline.php(209): Illuminate\\Foundation\\Http\\Middleware\\ConvertEmptyStringsToNull->handle()
#26 /home/user/vendor/laravel/framework/src/Illuminate/Foundation/Http/Middleware/TransformsRequest.php(21): Illuminate\\Pipeline\\Pipeline->{closure:{closure:Illuminate\\Pipeline\\Pipeline::carry():184}:185}()
#27 /home/user/vendor/laravel/framework/src/Illuminate/Foundation/Http/Middleware/TrimStrings.php(51): Illuminate\\Foundation\\Http\\Middleware\\TransformsRequest->handle()
#28 /home/user/vendor/laravel/framework/src/Illuminate/Pipeline/Pipeline.php(209): Illuminate\\Foundation\\Http\\Middleware\\TrimStrings->handle()
#29 /home/user/vendor/laravel/framework/src/Illuminate/Http/Middleware/ValidatePostSize.php(27): Illuminate\\Pipeline\\Pipeline->{closure:{closure:Illuminate\\Pipeline\\Pipeline::carry():184}:185}()
#30 /home/user/vendor/laravel/framework/src/Illuminate/Pipeline/Pipeline.php(209): Illuminate\\Http\\Middleware\\ValidatePostSize->handle()
#31 /home/user/vendor/laravel/framework/src/Illuminate/Foundation/Http/Middleware/PreventRequestsDuringMaintenance.php(110): Illuminate\\Pipeline\\Pipeline->{closure:{closure:Illuminate\\Pipeline\\Pipeline::carry():184}:185}()
#32 /home/user/vendor/laravel/framework/src/Illuminate/Pipeline/Pipeline.php(209): Illuminate\\Foundation\\Http\\Middleware\\PreventRequestsDuringMaintenance->handle()
#33 /home/user/vendor/laravel/framework/src/Illuminate/Http/Middleware/HandleCors.php(62): Illuminate\\Pipeline\\Pipeline->{closure:{closure:Illuminate\\Pipeline\\Pipeline::carry():184}:185}()
#34 /home/user/vendor/laravel/framework/src/Illuminate/Pipeline/Pipeline.php(209): Illuminate\\Http\\Middleware\\HandleCors->handle()
#35 /home/user/vendor/laravel/framework/src/Illuminate/Http/Middleware/TrustProxies.php(58): Illuminate\\Pipeline\\Pipeline->{closure:{closure:Illuminate\\Pipeline\\Pipeline::carry():184}:185}()
#36 /home/user/vendor/laravel/framework/src/Illuminate/Pipeline/Pipeline.php(209): Illuminate\\Http\\Middleware\\TrustProxies->handle()
#37 /home/user/vendor/laravel/framework/src/Illuminate/Foundation/Http/Middleware/InvokeDeferredCallbacks.php(22): Illuminate\\Pipeline\\Pipeline->{closure:{closure:Illuminate\\Pipeline\\Pipeline::carry():184}:185}()
#38 /home/user/vendor/laravel/framework/src/Illuminate/Pipeline/Pipeline.php(209): Illuminate\\Foundation\\Http\\Middleware\\InvokeDeferredCallbacks->handle()
#39 /home/user/vendor/laravel/framework/src/Illuminate/Pipeline/Pipeline.php(127): Illuminate\\Pipeline\\Pipeline->{closure:{closure:Illuminate\\Pipeline\\Pipeline::carry():184}:185}()
#40 /home/user/vendor/laravel/framework/src/Illuminate/Foundation/Http/Kernel.php(176): Illuminate\\Pipeline\\Pipeline->then()
#41 /home/user/vendor/laravel/framework/src/Illuminate/Foundation/Http/Kernel.php(145): Illuminate\\Foundation\\Http\\Kernel->sendRequestThroughRouter()
#42 /home/user/vendor/laravel/framework/src/Illuminate/Foundation/Testing/Concerns/MakesHttpRequests.php(607): Illuminate\\Foundation\\Http\\Kernel->handle()
#43 /home/user/vendor/laravel/framework/src/Illuminate/Foundation/Testing/Concerns/MakesHttpRequests.php(573): Illuminate\\Foundation\\Testing\\TestCase->call()
#44 /home/user/vendor/laravel/framework/src/Illuminate/Foundation/Testing/Concerns/MakesHttpRequests.php(411): Illuminate\\Foundation\\Testing\\TestCase->json()
#45 /home/user/tests/Feature/Security/ProductionSecurityComprehensiveTest.php(494): Illuminate\\Foundation\\Testing\\TestCase->postJson()
#46 /home/user/vendor/phpunit/phpunit/src/Framework/TestCase.php(1667): Tests\\Feature\\Security\\ProductionSecurityComprehensiveTest->test_22_withdrawal_rate_limiter_functional()
#47 /home/user/vendor/phpunit/phpunit/src/Framework/TestCase.php(519): PHPUnit\\Framework\\TestCase->runTest()
#48 /home/user/vendor/phpunit/phpunit/src/Framework/TestRunner/TestRunner.php(87): PHPUnit\\Framework\\TestCase->runBare()
#49 /home/user/vendor/phpunit/phpunit/src/Framework/TestCase.php(365): PHPUnit\\Framework\\TestRunner->run()
#50 /home/user/vendor/phpunit/phpunit/src/Framework/TestSuite.php(369): PHPUnit\\Framework\\TestCase->run()
#51 /home/user/vendor/phpunit/phpunit/src/Framework/TestSuite.php(369): PHPUnit\\Framework\\TestSuite->run()
#52 /home/user/vendor/phpunit/phpunit/src/Framework/TestSuite.php(369): PHPUnit\\Framework\\TestSuite->run()
#53 /home/user/vendor/phpunit/phpunit/src/TextUI/TestRunner.php(64): PHPUnit\\Framework\\TestSuite->run()
#54 /home/user/vendor/phpunit/phpunit/src/TextUI/Application.php(211): PHPUnit\\TextUI\\TestRunner->run()
#55 /home/user/vendor/phpunit/phpunit/phpunit(104): PHPUnit\\TextUI\\Application->run()
#56 /home/user/vendor/bin/phpunit(122): include('...')
#57 {main}
"} {"correlation_id":"924c08e1-0a67-4ec1-a737-a7b30e7e5aae"}
[2026-09-08 10:43:41] testing.ERROR: api.unhandled_exception {"correlation_id":"924c08e1-0a67-4ec1-a737-a7b30e7e5aae","exception":"[object] (Error(code: 0): Call to undefined method Illuminate\\Cache\\RateLimiting\\Limit::perDays() at /home/user/app/Providers/AppServiceProvider.php:95)
[stacktrace]
#0 /home/user/vendor/laravel/framework/src/Illuminate/Cache/RateLimiter.php(75): App\\Providers\\AppServiceProvider->{closure:App\\Providers\\AppServiceProvider::registerRateLimiters():93}()
#1 /home/user/vendor/laravel/framework/src/Illuminate/Routing/Middleware/ThrottleRequests.php(119): Illuminate\\Cache\\RateLimiter->{closure:Illuminate\\Cache\\RateLimiter::limiter():74}()
#2 /home/user/vendor/laravel/framework/src/Illuminate/Routing/Middleware/ThrottleRequests.php(89): Illuminate\\Routing\\Middleware\\ThrottleRequests->handleRequestUsingNamedLimiter()
#3 /home/user/vendor/laravel/framework/src/Illuminate/Pipeline/Pipeline.php(209): Illuminate\\Routing\\Middleware\\ThrottleRequests->handle()
#4 /home/user/vendor/laravel/framework/src/Illuminate/Routing/Middleware/ThrottleRequests.php(161): Illuminate\\Pipeline\\Pipeline->{closure:{closure:Illuminate\\Pipeline\\Pipeline::carry():184}:185}()
#5 /home/user/vendor/laravel/framework/src/Illuminate/Routing/Middleware/ThrottleRequests.php(127): Illuminate\\Routing\\Middleware\\ThrottleRequests->handleRequest()
#6 /home/user/vendor/laravel/framework/src/Illuminate/Routing/Middleware/ThrottleRequests.php(89): Illuminate\\Routing\\Middleware\\ThrottleRequests->handleRequestUsingNamedLimiter()
#7 /home/user/vendor/laravel/framework/src/Illuminate/Pipeline/Pipeline.php(209): Illuminate\\Routing\\Middleware\\ThrottleRequests->handle()
#8 /home/user/vendor/laravel/framework/src/Illuminate/Auth/Middleware/Authenticate.php(64): Illuminate\\Pipeline\\Pipeline->{closure:{closure:Illuminate\\Pipeline\\Pipeline::carry():184}:185}()
#9 /home/user/vendor/laravel/framework/src/Illuminate/Pipeline/Pipeline.php(209): Illuminate\\Auth\\Middleware\\Authenticate->handle()
#10 /home/user/vendor/laravel/framework/src/Illuminate/Pipeline/Pipeline.php(127): Illuminate\\Pipeline\\Pipeline->{closure:{closure:Illuminate\\Pipeline\\Pipeline::carry():184}:185}()
#11 /home/user/vendor/laravel/framework/src/Illuminate/Routing/Router.php(807): Illuminate\\Pipeline\\Pipeline->then()
#12 /home/user/vendor/laravel/framework/src/Illuminate/Routing/Router.php(786): Illuminate\\Routing\\Router->runRouteWithinStack()
#13 /home/user/vendor/laravel/framework/src/Illuminate/Routing/Router.php(750): Illuminate\\Routing\\Router->runRoute()
#14 /home/user/vendor/laravel/framework/src/Illuminate/Routing/Router.php(739): Illuminate\\Routing\\Router->dispatchToRoute()
#15 /home/user/vendor/laravel/framework/src/Illuminate/Foundation/Http/Kernel.php(201): Illuminate\\Routing\\Router->dispatch()
#16 /home/user/vendor/laravel/framework/src/Illuminate/Pipeline/Pipeline.php(170): Illuminate\\Foundation\\Http\\Kernel->{closure:Illuminate\\Foundation\\Http\\Kernel::dispatchToRouter():198}()
#17 /home/user/vendor/livewire/livewire/src/Features/SupportDisablingBackButtonCache/DisableBackButtonCacheMiddleware.php(19): Illuminate\\Pipeline\\Pipeline->{closure:Illuminate\\Pipeline\\Pipeline::prepareDestination():168}()
#18 /home/user/vendor/laravel/framework/src/Illuminate/Pipeline/Pipeline.php(209): Livewire\\Features\\SupportDisablingBackButtonCache\\DisableBackButtonCacheMiddleware->handle()
#19 /home/user/app/Http/Middleware/SecurityHeaders.php(13): Illuminate\\Pipeline\\Pipeline->{closure:{closure:Illuminate\\Pipeline\\Pipeline::carry():184}:185}()
#20 /home/user/vendor/laravel/framework/src/Illuminate/Pipeline/Pipeline.php(209): App\\Http\\Middleware\\SecurityHeaders->handle()
#21 /home/user/app/Http/Middleware/CorrelationIdMiddleware.php(35): Illuminate\\Pipeline\\Pipeline->{closure:{closure:Illuminate\\Pipeline\\Pipeline::carry():184}:185}()
#22 /home/user/vendor/laravel/framework/src/Illuminate/Pipeline/Pipeline.php(209): App\\Http\\Middleware\\CorrelationIdMiddleware->handle()
#23 /home/user/vendor/laravel/framework/src/Illuminate/Foundation/Http/Middleware/TransformsRequest.php(21): Illuminate\\Pipeline\\Pipeline->{closure:{closure:Illuminate\\Pipeline\\Pipeline::carry():184}:185}()
#24 /home/user/vendor/laravel/framework/src/Illuminate/Foundation/Http/Middleware/ConvertEmptyStringsToNull.php(31): Illuminate\\Foundation\\Http\\Middleware\\TransformsRequest->handle()
#25 /home/user/vendor/laravel/framework/src/Illuminate/Pipeline/Pipeline.php(209): Illuminate\\Foundation\\Http\\Middleware\\ConvertEmptyStringsToNull->handle()
#26 /home/user/vendor/laravel/framework/src/Illuminate/Foundation/Http/Middleware/TransformsRequest.php(21): Illuminate\\Pipeline\\Pipeline->{closure:{closure:Illuminate\\Pipeline\\Pipeline::carry():184}:185}()
#27 /home/user/vendor/laravel/framework/src/Illuminate/Foundation/Http/Middleware/TrimStrings.php(51): Illuminate\\Foundation\\Http\\Middleware\\TransformsRequest->handle()
#28 /home/user/vendor/laravel/framework/src/Illuminate/Pipeline/Pipeline.php(209): Illuminate\\Foundation\\Http\\Middleware\\TrimStrings->handle()
#29 /home/user/vendor/laravel/framework/src/Illuminate/Http/Middleware/ValidatePostSize.php(27): Illuminate\\Pipeline\\Pipeline->{closure:{closure:Illuminate\\Pipeline\\Pipeline::carry():184}:185}()
#30 /home/user/vendor/laravel/framework/src/Illuminate/Pipeline/Pipeline.php(209): Illuminate\\Http\\Middleware\\ValidatePostSize->handle()
#31 /home/user/vendor/laravel/framework/src/Illuminate/Foundation/Http/Middleware/PreventRequestsDuringMaintenance.php(110): Illuminate\\Pipeline\\Pipeline->{closure:{closure:Illuminate\\Pipeline\\Pipeline::carry():184}:185}()
#32 /home/user/vendor/laravel/framework/src/Illuminate/Pipeline/Pipeline.php(209): Illuminate\\Foundation\\Http\\Middleware\\PreventRequestsDuringMaintenance->handle()
#33 /home/user/vendor/laravel/framework/src/Illuminate/Http/Middleware/HandleCors.php(62): Illuminate\\Pipeline\\Pipeline->{closure:{closure:Illuminate\\Pipeline\\Pipeline::carry():184}:185}()
#34 /home/user/vendor/laravel/framework/src/Illuminate/Pipeline/Pipeline.php(209): Illuminate\\Http\\Middleware\\HandleCors->handle()
#35 /home/user/vendor/laravel/framework/src/Illuminate/Http/Middleware/TrustProxies.php(58): Illuminate\\Pipeline\\Pipeline->{closure:{closure:Illuminate\\Pipeline\\Pipeline::carry():184}:185}()
#36 /home/user/vendor/laravel/framework/src/Illuminate/Pipeline/Pipeline.php(209): Illuminate\\Http\\Middleware\\TrustProxies->handle()
#37 /home/user/vendor/laravel/framework/src/Illuminate/Foundation/Http/Middleware/InvokeDeferredCallbacks.php(22): Illuminate\\Pipeline\\Pipeline->{closure:{closure:Illuminate\\Pipeline\\Pipeline::carry():184}:185}()
#38 /home/user/vendor/laravel/framework/src/Illuminate/Pipeline/Pipeline.php(209): Illuminate\\Foundation\\Http\\Middleware\\InvokeDeferredCallbacks->handle()
#39 /home/user/vendor/laravel/framework/src/Illuminate/Pipeline/Pipeline.php(127): Illuminate\\Pipeline\\Pipeline->{closure:{closure:Illuminate\\Pipeline\\Pipeline::carry():184}:185}()
#40 /home/user/vendor/laravel/framework/src/Illuminate/Foundation/Http/Kernel.php(176): Illuminate\\Pipeline\\Pipeline->then()
#41 /home/user/vendor/laravel/framework/src/Illuminate/Foundation/Http/Kernel.php(145): Illuminate\\Foundation\\Http\\Kernel->sendRequestThroughRouter()
#42 /home/user/vendor/laravel/framework/src/Illuminate/Foundation/Testing/Concerns/MakesHttpRequests.php(607): Illuminate\\Foundation\\Http\\Kernel->handle()
#43 /home/user/vendor/laravel/framework/src/Illuminate/Foundation/Testing/Concerns/MakesHttpRequests.php(573): Illuminate\\Foundation\\Testing\\TestCase->call()
#44 /home/user/vendor/laravel/framework/src/Illuminate/Foundation/Testing/Concerns/MakesHttpRequests.php(411): Illuminate\\Foundation\\Testing\\TestCase->json()
#45 /home/user/tests/Feature/Security/ProductionSecurityComprehensiveTest.php(494): Illuminate\\Foundation\\Testing\\TestCase->postJson()
#46 /home/user/vendor/phpunit/phpunit/src/Framework/TestCase.php(1667): Tests\\Feature\\Security\\ProductionSecurityComprehensiveTest->test_22_withdrawal_rate_limiter_functional()
#47 /home/user/vendor/phpunit/phpunit/src/Framework/TestCase.php(519): PHPUnit\\Framework\\TestCase->runTest()
#48 /home/user/vendor/phpunit/phpunit/src/Framework/TestRunner/TestRunner.php(87): PHPUnit\\Framework\\TestCase->runBare()
#49 /home/user/vendor/phpunit/phpunit/src/Framework/TestCase.php(365): PHPUnit\\Framework\\TestRunner->run()
#50 /home/user/vendor/phpunit/phpunit/src/Framework/TestSuite.php(369): PHPUnit\\Framework\\TestCase->run()
#51 /home/user/vendor/phpunit/phpunit/src/Framework/TestSuite.php(369): PHPUnit\\Framework\\TestSuite->run()
#52 /home/user/vendor/phpunit/phpunit/src/Framework/TestSuite.php(369): PHPUnit\\Framework\\TestSuite->run()
#53 /home/user/vendor/phpunit/phpunit/src/TextUI/TestRunner.php(64): PHPUnit\\Framework\\TestSuite->run()
#54 /home/user/vendor/phpunit/phpunit/src/TextUI/Application.php(211): PHPUnit\\TextUI\\TestRunner->run()
#55 /home/user/vendor/phpunit/phpunit/phpunit(104): PHPUnit\\TextUI\\Application->run()
#56 /home/user/vendor/bin/phpunit(122): include('...')
#57 {main}
","path":"api/v1/withdrawals","method":"POST","user_id":1} {"correlation_id":"924c08e1-0a67-4ec1-a737-a7b30e7e5aae"}
[2026-09-08 10:43:41] testing.ERROR: Call to undefined method Illuminate\Cache\RateLimiting\Limit::perDays() {"correlation_id":"ed15b747-5371-4427-9996-3e0b6f8caa21","userId":1,"exception":"[object] (Error(code: 0): Call to undefined method Illuminate\\Cache\\RateLimiting\\Limit::perDays() at /home/user/app/Providers/AppServiceProvider.php:95)
[stacktrace]
#0 /home/user/vendor/laravel/framework/src/Illuminate/Cache/RateLimiter.php(75): App\\Providers\\AppServiceProvider->{closure:App\\Providers\\AppServiceProvider::registerRateLimiters():93}()
#1 /home/user/vendor/laravel/framework/src/Illuminate/Routing/Middleware/ThrottleRequests.php(119): Illuminate\\Cache\\RateLimiter->{closure:Illuminate\\Cache\\RateLimiter::limiter():74}()
#2 /home/user/vendor/laravel/framework/src/Illuminate/Routing/Middleware/ThrottleRequests.php(89): Illuminate\\Routing\\Middleware\\ThrottleRequests->handleRequestUsingNamedLimiter()
#3 /home/user/vendor/laravel/framework/src/Illuminate/Pipeline/Pipeline.php(209): Illuminate\\Routing\\Middleware\\ThrottleRequests->handle()
#4 /home/user/vendor/laravel/framework/src/Illuminate/Routing/Middleware/ThrottleRequests.php(161): Illuminate\\Pipeline\\Pipeline->{closure:{closure:Illuminate\\Pipeline\\Pipeline::carry():184}:185}()
#5 /home/user/vendor/laravel/framework/src/Illuminate/Routing/Middleware/ThrottleRequests.php(127): Illuminate\\Routing\\Middleware\\ThrottleRequests->handleRequest()
#6 /home/user/vendor/laravel/framework/src/Illuminate/Routing/Middleware/ThrottleRequests.php(89): Illuminate\\Routing\\Middleware\\ThrottleRequests->handleRequestUsingNamedLimiter()
#7 /home/user/vendor/laravel/framework/src/Illuminate/Pipeline/Pipeline.php(209): Illuminate\\Routing\\Middleware\\ThrottleRequests->handle()
#8 /home/user/vendor/laravel/framework/src/Illuminate/Auth/Middleware/Authenticate.php(64): Illuminate\\Pipeline\\Pipeline->{closure:{closure:Illuminate\\Pipeline\\Pipeline::carry():184}:185}()
#9 /home/user/vendor/laravel/framework/src/Illuminate/Pipeline/Pipeline.php(209): Illuminate\\Auth\\Middleware\\Authenticate->handle()
#10 /home/user/vendor/laravel/framework/src/Illuminate/Pipeline/Pipeline.php(127): Illuminate\\Pipeline\\Pipeline->{closure:{closure:Illuminate\\Pipeline\\Pipeline::carry():184}:185}()
#11 /home/user/vendor/laravel/framework/src/Illuminate/Routing/Router.php(807): Illuminate\\Pipeline\\Pipeline->then()
#12 /home/user/vendor/laravel/framework/src/Illuminate/Routing/Router.php(786): Illuminate\\Routing\\Router->runRouteWithinStack()
#13 /home/user/vendor/laravel/framework/src/Illuminate/Routing/Router.php(750): Illuminate\\Routing\\Router->runRoute()
#14 /home/user/vendor/laravel/framework/src/Illuminate/Routing/Router.php(739): Illuminate\\Routing\\Router->dispatchToRoute()
#15 /home/user/vendor/laravel/framework/src/Illuminate/Foundation/Http/Kernel.php(201): Illuminate\\Routing\\Router->dispatch()
#16 /home/user/vendor/laravel/framework/src/Illuminate/Pipeline/Pipeline.php(170): Illuminate\\Foundation\\Http\\Kernel->{closure:Illuminate\\Foundation\\Http\\Kernel::dispatchToRouter():198}()
#17 /home/user/vendor/livewire/livewire/src/Features/SupportDisablingBackButtonCache/DisableBackButtonCacheMiddleware.php(19): Illuminate\\Pipeline\\Pipeline->{closure:Illuminate\\Pipeline\\Pipeline::prepareDestination():168}()
#18 /home/user/vendor/laravel/framework/src/Illuminate/Pipeline/Pipeline.php(209): Livewire\\Features\\SupportDisablingBackButtonCache\\DisableBackButtonCacheMiddleware->handle()
#19 /home/user/app/Http/Middleware/SecurityHeaders.php(13): Illuminate\\Pipeline\\Pipeline->{closure:{closure:Illuminate\\Pipeline\\Pipeline::carry():184}:185}()
#20 /home/user/vendor/laravel/framework/src/Illuminate/Pipeline/Pipeline.php(209): App\\Http\\Middleware\\SecurityHeaders->handle()
#21 /home/user/app/Http/Middleware/CorrelationIdMiddleware.php(35): Illuminate\\Pipeline\\Pipeline->{closure:{closure:Illuminate\\Pipeline\\Pipeline::carry():184}:185}()
#22 /home/user/vendor/laravel/framework/src/Illuminate/Pipeline/Pipeline.php(209): App\\Http\\Middleware\\CorrelationIdMiddleware->handle()
#23 /home/user/vendor/laravel/framework/src/Illuminate/Foundation/Http/Middleware/TransformsRequest.php(21): Illuminate\\Pipeline\\Pipeline->{closure:{closure:Illuminate\\Pipeline\\Pipeline::carry():184}:185}()
#24 /home/user/vendor/laravel/framework/src/Illuminate/Foundation/Http/Middleware/ConvertEmptyStringsToNull.php(31): Illuminate\\Foundation\\Http\\Middleware\\TransformsRequest->handle()
#25 /home/user/vendor/laravel/framework/src/Illuminate/Pipeline/Pipeline.php(209): Illuminate\\Foundation\\Http\\Middleware\\ConvertEmptyStringsToNull->handle()
#26 /home/user/vendor/laravel/framework/src/Illuminate/Foundation/Http/Middleware/TransformsRequest.php(21): Illuminate\\Pipeline\\Pipeline->{closure:{closure:Illuminate\\Pipeline\\Pipeline::carry():184}:185}()
#27 /home/user/vendor/laravel/framework/src/Illuminate/Foundation/Http/Middleware/TrimStrings.php(51): Illuminate\\Foundation\\Http\\Middleware\\TransformsRequest->handle()
#28 /home/user/vendor/laravel/framework/src/Illuminate/Pipeline/Pipeline.php(209): Illuminate\\Foundation\\Http\\Middleware\\TrimStrings->handle()
#29 /home/user/vendor/laravel/framework/src/Illuminate/Http/Middleware/ValidatePostSize.php(27): Illuminate\\Pipeline\\Pipeline->{closure:{closure:Illuminate\\Pipeline\\Pipeline::carry():184}:185}()
#30 /home/user/vendor/laravel/framework/src/Illuminate/Pipeline/Pipeline.php(209): Illuminate\\Http\\Middleware\\ValidatePostSize->handle()
#31 /home/user/vendor/laravel/framework/src/Illuminate/Foundation/Http/Middleware/PreventRequestsDuringMaintenance.php(110): Illuminate\\Pipeline\\Pipeline->{closure:{closure:Illuminate\\Pipeline\\Pipeline::carry():184}:185}()
#32 /home/user/vendor/laravel/framework/src/Illuminate/Pipeline/Pipeline.php(209): Illuminate\\Foundation\\Http\\Middleware\\PreventRequestsDuringMaintenance->handle()
#33 /home/user/vendor/laravel/framework/src/Illuminate/Http/Middleware/HandleCors.php(62): Illuminate\\Pipeline\\Pipeline->{closure:{closure:Illuminate\\Pipeline\\Pipeline::carry():184}:185}()
#34 /home/user/vendor/laravel/framework/src/Illuminate/Pipeline/Pipeline.php(209): Illuminate\\Http\\Middleware\\HandleCors->handle()
#35 /home/user/vendor/laravel/framework/src/Illuminate/Http/Middleware/TrustProxies.php(58): Illuminate\\Pipeline\\Pipeline->{closure:{closure:Illuminate\\Pipeline\\Pipeline::carry():184}:185}()
#36 /home/user/vendor/laravel/framework/src/Illuminate/Pipeline/Pipeline.php(209): Illuminate\\Http\\Middleware\\TrustProxies->handle()
#37 /home/user/vendor/laravel/framework/src/Illuminate/Foundation/Http/Middleware/InvokeDeferredCallbacks.php(22): Illuminate\\Pipeline\\Pipeline->{closure:{closure:Illuminate\\Pipeline\\Pipeline::carry():184}:185}()
#38 /home/user/vendor/laravel/framework/src/Illuminate/Pipeline/Pipeline.php(209): Illuminate\\Foundation\\Http\\Middleware\\InvokeDeferredCallbacks->handle()
#39 /home/user/vendor/laravel/framework/src/Illuminate/Pipeline/Pipeline.php(127): Illuminate\\Pipeline\\Pipeline->{closure:{closure:Illuminate\\Pipeline\\Pipeline::carry():184}:185}()
#40 /home/user/vendor/laravel/framework/src/Illuminate/Foundation/Http/Kernel.php(176): Illuminate\\Pipeline\\Pipeline->then()
#41 /home/user/vendor/laravel/framework/src/Illuminate/Foundation/Http/Kernel.php(145): Illuminate\\Foundation\\Http\\Kernel->sendRequestThroughRouter()
#42 /home/user/vendor/laravel/framework/src/Illuminate/Foundation/Testing/Concerns/MakesHttpRequests.php(607): Illuminate\\Foundation\\Http\\Kernel->handle()
#43 /home/user/vendor/laravel/framework/src/Illuminate/Foundation/Testing/Concerns/MakesHttpRequests.php(573): Illuminate\\Foundation\\Testing\\TestCase->call()
#44 /home/user/vendor/laravel/framework/src/Illuminate/Foundation/Testing/Concerns/MakesHttpRequests.php(411): Illuminate\\Foundation\\Testing\\TestCase->json()
#45 /home/user/tests/Feature/Security/ProductionSecurityComprehensiveTest.php(494): Illuminate\\Foundation\\Testing\\TestCase->postJson()
#46 /home/user/vendor/phpunit/phpunit/src/Framework/TestCase.php(1667): Tests\\Feature\\Security\\ProductionSecurityComprehensiveTest->test_22_withdrawal_rate_limiter_functional()
#47 /home/user/vendor/phpunit/phpunit/src/Framework/TestCase.php(519): PHPUnit\\Framework\\TestCase->runTest()
#48 /home/user/vendor/phpunit/phpunit/src/Framework/TestRunner/TestRunner.php(87): PHPUnit\\Framework\\TestCase->runBare()
#49 /home/user/vendor/phpunit/phpunit/src/Framework/TestCase.php(365): PHPUnit\\Framework\\TestRunner->run()
#50 /home/user/vendor/phpunit/phpunit/src/Framework/TestSuite.php(369): PHPUnit\\Framework\\TestCase->run()
#51 /home/user/vendor/phpunit/phpunit/src/Framework/TestSuite.php(369): PHPUnit\\Framework\\TestSuite->run()
#52 /home/user/vendor/phpunit/phpunit/src/Framework/TestSuite.php(369): PHPUnit\\Framework\\TestSuite->run()
#53 /home/user/vendor/phpunit/phpunit/src/TextUI/TestRunner.php(64): PHPUnit\\Framework\\TestSuite->run()
#54 /home/user/vendor/phpunit/phpunit/src/TextUI/Application.php(211): PHPUnit\\TextUI\\TestRunner->run()
#55 /home/user/vendor/phpunit/phpunit/phpunit(104): PHPUnit\\TextUI\\Application->run()
#56 /home/user/vendor/bin/phpunit(122): include('...')
#57 {main}
"} {"correlation_id":"ed15b747-5371-4427-9996-3e0b6f8caa21"}
[2026-09-08 10:43:41] testing.ERROR: api.unhandled_exception {"correlation_id":"ed15b747-5371-4427-9996-3e0b6f8caa21","exception":"[object] (Error(code: 0): Call to undefined method Illuminate\\Cache\\RateLimiting\\Limit::perDays() at /home/user/app/Providers/AppServiceProvider.php:95)
[stacktrace]
#0 /home/user/vendor/laravel/framework/src/Illuminate/Cache/RateLimiter.php(75): App\\Providers\\AppServiceProvider->{closure:App\\Providers\\AppServiceProvider::registerRateLimiters():93}()
#1 /home/user/vendor/laravel/framework/src/Illuminate/Routing/Middleware/ThrottleRequests.php(119): Illuminate\\Cache\\RateLimiter->{closure:Illuminate\\Cache\\RateLimiter::limiter():74}()
#2 /home/user/vendor/laravel/framework/src/Illuminate/Routing/Middleware/ThrottleRequests.php(89): Illuminate\\Routing\\Middleware\\ThrottleRequests->handleRequestUsingNamedLimiter()
#3 /home/user/vendor/laravel/framework/src/Illuminate/Pipeline/Pipeline.php(209): Illuminate\\Routing\\Middleware\\ThrottleRequests->handle()
#4 /home/user/vendor/laravel/framework/src/Illuminate/Routing/Middleware/ThrottleRequests.php(161): Illuminate\\Pipeline\\Pipeline->{closure:{closure:Illuminate\\Pipeline\\Pipeline::carry():184}:185}()
#5 /home/user/vendor/laravel/framework/src/Illuminate/Routing/Middleware/ThrottleRequests.php(127): Illuminate\\Routing\\Middleware\\ThrottleRequests->handleRequest()
#6 /home/user/vendor/laravel/framework/src/Illuminate/Routing/Middleware/ThrottleRequests.php(89): Illuminate\\Routing\\Middleware\\ThrottleRequests->handleRequestUsingNamedLimiter()
#7 /home/user/vendor/laravel/framework/src/Illuminate/Pipeline/Pipeline.php(209): Illuminate\\Routing\\Middleware\\ThrottleRequests->handle()
#8 /home/user/vendor/laravel/framework/src/Illuminate/Auth/Middleware/Authenticate.php(64): Illuminate\\Pipeline\\Pipeline->{closure:{closure:Illuminate\\Pipeline\\Pipeline::carry():184}:185}()
#9 /home/user/vendor/laravel/framework/src/Illuminate/Pipeline/Pipeline.php(209): Illuminate\\Auth\\Middleware\\Authenticate->handle()
#10 /home/user/vendor/laravel/framework/src/Illuminate/Pipeline/Pipeline.php(127): Illuminate\\Pipeline\\Pipeline->{closure:{closure:Illuminate\\Pipeline\\Pipeline::carry():184}:185}()
#11 /home/user/vendor/laravel/framework/src/Illuminate/Routing/Router.php(807): Illuminate\\Pipeline\\Pipeline->then()
#12 /home/user/vendor/laravel/framework/src/Illuminate/Routing/Router.php(786): Illuminate\\Routing\\Router->runRouteWithinStack()
#13 /home/user/vendor/laravel/framework/src/Illuminate/Routing/Router.php(750): Illuminate\\Routing\\Router->runRoute()
#14 /home/user/vendor/laravel/framework/src/Illuminate/Routing/Router.php(739): Illuminate\\Routing\\Router->dispatchToRoute()
#15 /home/user/vendor/laravel/framework/src/Illuminate/Foundation/Http/Kernel.php(201): Illuminate\\Routing\\Router->dispatch()
#16 /home/user/vendor/laravel/framework/src/Illuminate/Pipeline/Pipeline.php(170): Illuminate\\Foundation\\Http\\Kernel->{closure:Illuminate\\Foundation\\Http\\Kernel::dispatchToRouter():198}()
#17 /home/user/vendor/livewire/livewire/src/Features/SupportDisablingBackButtonCache/DisableBackButtonCacheMiddleware.php(19): Illuminate\\Pipeline\\Pipeline->{closure:Illuminate\\Pipeline\\Pipeline::prepareDestination():168}()
#18 /home/user/vendor/laravel/framework/src/Illuminate/Pipeline/Pipeline.php(209): Livewire\\Features\\SupportDisablingBackButtonCache\\DisableBackButtonCacheMiddleware->handle()
#19 /home/user/app/Http/Middleware/SecurityHeaders.php(13): Illuminate\\Pipeline\\Pipeline->{closure:{closure:Illuminate\\Pipeline\\Pipeline::carry():184}:185}()
#20 /home/user/vendor/laravel/framework/src/Illuminate/Pipeline/Pipeline.php(209): App\\Http\\Middleware\\SecurityHeaders->handle()
#21 /home/user/app/Http/Middleware/CorrelationIdMiddleware.php(35): Illuminate\\Pipeline\\Pipeline->{closure:{closure:Illuminate\\Pipeline\\Pipeline::carry():184}:185}()
#22 /home/user/vendor/laravel/framework/src/Illuminate/Pipeline/Pipeline.php(209): App\\Http\\Middleware\\CorrelationIdMiddleware->handle()
#23 /home/user/vendor/laravel/framework/src/Illuminate/Foundation/Http/Middleware/TransformsRequest.php(21): Illuminate\\Pipeline\\Pipeline->{closure:{closure:Illuminate\\Pipeline\\Pipeline::carry():184}:185}()
#24 /home/user/vendor/laravel/framework/src/Illuminate/Foundation/Http/Middleware/ConvertEmptyStringsToNull.php(31): Illuminate\\Foundation\\Http\\Middleware\\TransformsRequest->handle()
#25 /home/user/vendor/laravel/framework/src/Illuminate/Pipeline/Pipeline.php(209): Illuminate\\Foundation\\Http\\Middleware\\ConvertEmptyStringsToNull->handle()
#26 /home/user/vendor/laravel/framework/src/Illuminate/Foundation/Http/Middleware/TransformsRequest.php(21): Illuminate\\Pipeline\\Pipeline->{closure:{closure:Illuminate\\Pipeline\\Pipeline::carry():184}:185}()
#27 /home/user/vendor/laravel/framework/src/Illuminate/Foundation/Http/Middleware/TrimStrings.php(51): Illuminate\\Foundation\\Http\\Middleware\\TransformsRequest->handle()
#28 /home/user/vendor/laravel/framework/src/Illuminate/Pipeline/Pipeline.php(209): Illuminate\\Foundation\\Http\\Middleware\\TrimStrings->handle()
#29 /home/user/vendor/laravel/framework/src/Illuminate/Http/Middleware/ValidatePostSize.php(27): Illuminate\\Pipeline\\Pipeline->{closure:{closure:Illuminate\\Pipeline\\Pipeline::carry():184}:185}()
#30 /home/user/vendor/laravel/framework/src/Illuminate/Pipeline/Pipeline.php(209): Illuminate\\Http\\Middleware\\ValidatePostSize->handle()
#31 /home/user/vendor/laravel/framework/src/Illuminate/Foundation/Http/Middleware/PreventRequestsDuringMaintenance.php(110): Illuminate\\Pipeline\\Pipeline->{closure:{closure:Illuminate\\Pipeline\\Pipeline::carry():184}:185}()
#32 /home/user/vendor/laravel/framework/src/Illuminate/Pipeline/Pipeline.php(209): Illuminate\\Foundation\\Http\\Middleware\\PreventRequestsDuringMaintenance->handle()
#33 /home/user/vendor/laravel/framework/src/Illuminate/Http/Middleware/HandleCors.php(62): Illuminate\\Pipeline\\Pipeline->{closure:{closure:Illuminate\\Pipeline\\Pipeline::carry():184}:185}()
#34 /home/user/vendor/laravel/framework/src/Illuminate/Pipeline/Pipeline.php(209): Illuminate\\Http\\Middleware\\HandleCors->handle()
#35 /home/user/vendor/laravel/framework/src/Illuminate/Http/Middleware/TrustProxies.php(58): Illuminate\\Pipeline\\Pipeline->{closure:{closure:Illuminate\\Pipeline\\Pipeline::carry():184}:185}()
#36 /home/user/vendor/laravel/framework/src/Illuminate/Pipeline/Pipeline.php(209): Illuminate\\Http\\Middleware\\TrustProxies->handle()
#37 /home/user/vendor/laravel/framework/src/Illuminate/Foundation/Http/Middleware/InvokeDeferredCallbacks.php(22): Illuminate\\Pipeline\\Pipeline->{closure:{closure:Illuminate\\Pipeline\\Pipeline::carry():184}:185}()
#38 /home/user/vendor/laravel/framework/src/Illuminate/Pipeline/Pipeline.php(209): Illuminate\\Foundation\\Http\\Middleware\\InvokeDeferredCallbacks->handle()
#39 /home/user/vendor/laravel/framework/src/Illuminate/Pipeline/Pipeline.php(127): Illuminate\\Pipeline\\Pipeline->{closure:{closure:Illuminate\\Pipeline\\Pipeline::carry():184}:185}()
#40 /home/user/vendor/laravel/framework/src/Illuminate/Foundation/Http/Kernel.php(176): Illuminate\\Pipeline\\Pipeline->then()
#41 /home/user/vendor/laravel/framework/src/Illuminate/Foundation/Http/Kernel.php(145): Illuminate\\Foundation\\Http\\Kernel->sendRequestThroughRouter()
#42 /home/user/vendor/laravel/framework/src/Illuminate/Foundation/Testing/Concerns/MakesHttpRequests.php(607): Illuminate\\Foundation\\Http\\Kernel->handle()
#43 /home/user/vendor/laravel/framework/src/Illuminate/Foundation/Testing/Concerns/MakesHttpRequests.php(573): Illuminate\\Foundation\\Testing\\TestCase->call()
#44 /home/user/vendor/laravel/framework/src/Illuminate/Foundation/Testing/Concerns/MakesHttpRequests.php(411): Illuminate\\Foundation\\Testing\\TestCase->json()
#45 /home/user/tests/Feature/Security/ProductionSecurityComprehensiveTest.php(494): Illuminate\\Foundation\\Testing\\TestCase->postJson()
#46 /home/user/vendor/phpunit/phpunit/src/Framework/TestCase.php(1667): Tests\\Feature\\Security\\ProductionSecurityComprehensiveTest->test_22_withdrawal_rate_limiter_functional()
#47 /home/user/vendor/phpunit/phpunit/src/Framework/TestCase.php(519): PHPUnit\\Framework\\TestCase->runTest()
#48 /home/user/vendor/phpunit/phpunit/src/Framework/TestRunner/TestRunner.php(87): PHPUnit\\Framework\\TestCase->runBare()
#49 /home/user/vendor/phpunit/phpunit/src/Framework/TestCase.php(365): PHPUnit\\Framework\\TestRunner->run()
#50 /home/user/vendor/phpunit/phpunit/src/Framework/TestSuite.php(369): PHPUnit\\Framework\\TestCase->run()
#51 /home/user/vendor/phpunit/phpunit/src/Framework/TestSuite.php(369): PHPUnit\\Framework\\TestSuite->run()
#52 /home/user/vendor/phpunit/phpunit/src/Framework/TestSuite.php(369): PHPUnit\\Framework\\TestSuite->run()
#53 /home/user/vendor/phpunit/phpunit/src/TextUI/TestRunner.php(64): PHPUnit\\Framework\\TestSuite->run()
#54 /home/user/vendor/phpunit/phpunit/src/TextUI/Application.php(211): PHPUnit\\TextUI\\TestRunner->run()
#55 /home/user/vendor/phpunit/phpunit/phpunit(104): PHPUnit\\TextUI\\Application->run()
#56 /home/user/vendor/bin/phpunit(122): include('...')
#57 {main}
","path":"api/v1/withdrawals","method":"POST","user_id":1} {"correlation_id":"ed15b747-5371-4427-9996-3e0b6f8caa21"}
[2026-09-08 10:43:41] testing.ERROR: Call to undefined method Illuminate\Cache\RateLimiting\Limit::perDays() {"correlation_id":"9c47209b-5ba3-41ce-9300-b4d4304d7c8b","userId":1,"exception":"[object] (Error(code: 0): Call to undefined method Illuminate\\Cache\\RateLimiting\\Limit::perDays() at /home/user/app/Providers/AppServiceProvider.php:95)
[stacktrace]
#0 /home/user/vendor/laravel/framework/src/Illuminate/Cache/RateLimiter.php(75): App\\Providers\\AppServiceProvider->{closure:App\\Providers\\AppServiceProvider::registerRateLimiters():93}()
#1 /home/user/vendor/laravel/framework/src/Illuminate/Routing/Middleware/ThrottleRequests.php(119): Illuminate\\Cache\\RateLimiter->{closure:Illuminate\\Cache\\RateLimiter::limiter():74}()
#2 /home/user/vendor/laravel/framework/src/Illuminate/Routing/Middleware/ThrottleRequests.php(89): Illuminate\\Routing\\Middleware\\ThrottleRequests->handleRequestUsingNamedLimiter()
#3 /home/user/vendor/laravel/framework/src/Illuminate/Pipeline/Pipeline.php(209): Illuminate\\Routing\\Middleware\\ThrottleRequests->handle()
#4 /home/user/vendor/laravel/framework/src/Illuminate/Routing/Middleware/ThrottleRequests.php(161): Illuminate\\Pipeline\\Pipeline->{closure:{closure:Illuminate\\Pipeline\\Pipeline::carry():184}:185}()
#5 /home/user/vendor/laravel/framework/src/Illuminate/Routing/Middleware/ThrottleRequests.php(127): Illuminate\\Routing\\Middleware\\ThrottleRequests->handleRequest()
#6 /home/user/vendor/laravel/framework/src/Illuminate/Routing/Middleware/ThrottleRequests.php(89): Illuminate\\Routing\\Middleware\\ThrottleRequests->handleRequestUsingNamedLimiter()
#7 /home/user/vendor/laravel/framework/src/Illuminate/Pipeline/Pipeline.php(209): Illuminate\\Routing\\Middleware\\ThrottleRequests->handle()
#8 /home/user/vendor/laravel/framework/src/Illuminate/Auth/Middleware/Authenticate.php(64): Illuminate\\Pipeline\\Pipeline->{closure:{closure:Illuminate\\Pipeline\\Pipeline::carry():184}:185}()
#9 /home/user/vendor/laravel/framework/src/Illuminate/Pipeline/Pipeline.php(209): Illuminate\\Auth\\Middleware\\Authenticate->handle()
#10 /home/user/vendor/laravel/framework/src/Illuminate/Pipeline/Pipeline.php(127): Illuminate\\Pipeline\\Pipeline->{closure:{closure:Illuminate\\Pipeline\\Pipeline::carry():184}:185}()
#11 /home/user/vendor/laravel/framework/src/Illuminate/Routing/Router.php(807): Illuminate\\Pipeline\\Pipeline->then()
#12 /home/user/vendor/laravel/framework/src/Illuminate/Routing/Router.php(786): Illuminate\\Routing\\Router->runRouteWithinStack()
#13 /home/user/vendor/laravel/framework/src/Illuminate/Routing/Router.php(750): Illuminate\\Routing\\Router->runRoute()
#14 /home/user/vendor/laravel/framework/src/Illuminate/Routing/Router.php(739): Illuminate\\Routing\\Router->dispatchToRoute()
#15 /home/user/vendor/laravel/framework/src/Illuminate/Foundation/Http/Kernel.php(201): Illuminate\\Routing\\Router->dispatch()
#16 /home/user/vendor/laravel/framework/src/Illuminate/Pipeline/Pipeline.php(170): Illuminate\\Foundation\\Http\\Kernel->{closure:Illuminate\\Foundation\\Http\\Kernel::dispatchToRouter():198}()
#17 /home/user/vendor/livewire/livewire/src/Features/SupportDisablingBackButtonCache/DisableBackButtonCacheMiddleware.php(19): Illuminate\\Pipeline\\Pipeline->{closure:Illuminate\\Pipeline\\Pipeline::prepareDestination():168}()
#18 /home/user/vendor/laravel/framework/src/Illuminate/Pipeline/Pipeline.php(209): Livewire\\Features\\SupportDisablingBackButtonCache\\DisableBackButtonCacheMiddleware->handle()
#19 /home/user/app/Http/Middleware/SecurityHeaders.php(13): Illuminate\\Pipeline\\Pipeline->{closure:{closure:Illuminate\\Pipeline\\Pipeline::carry():184}:185}()
#20 /home/user/vendor/laravel/framework/src/Illuminate/Pipeline/Pipeline.php(209): App\\Http\\Middleware\\SecurityHeaders->handle()
#21 /home/user/app/Http/Middleware/CorrelationIdMiddleware.php(35): Illuminate\\Pipeline\\Pipeline->{closure:{closure:Illuminate\\Pipeline\\Pipeline::carry():184}:185}()
#22 /home/user/vendor/laravel/framework/src/Illuminate/Pipeline/Pipeline.php(209): App\\Http\\Middleware\\CorrelationIdMiddleware->handle()
#23 /home/user/vendor/laravel/framework/src/Illuminate/Foundation/Http/Middleware/TransformsRequest.php(21): Illuminate\\Pipeline\\Pipeline->{closure:{closure:Illuminate\\Pipeline\\Pipeline::carry():184}:185}()
#24 /home/user/vendor/laravel/framework/src/Illuminate/Foundation/Http/Middleware/ConvertEmptyStringsToNull.php(31): Illuminate\\Foundation\\Http\\Middleware\\TransformsRequest->handle()
#25 /home/user/vendor/laravel/framework/src/Illuminate/Pipeline/Pipeline.php(209): Illuminate\\Foundation\\Http\\Middleware\\ConvertEmptyStringsToNull->handle()
#26 /home/user/vendor/laravel/framework/src/Illuminate/Foundation/Http/Middleware/TransformsRequest.php(21): Illuminate\\Pipeline\\Pipeline->{closure:{closure:Illuminate\\Pipeline\\Pipeline::carry():184}:185}()
#27 /home/user/vendor/laravel/framework/src/Illuminate/Foundation/Http/Middleware/TrimStrings.php(51): Illuminate\\Foundation\\Http\\Middleware\\TransformsRequest->handle()
#28 /home/user/vendor/laravel/framework/src/Illuminate/Pipeline/Pipeline.php(209): Illuminate\\Foundation\\Http\\Middleware\\TrimStrings->handle()
#29 /home/user/vendor/laravel/framework/src/Illuminate/Http/Middleware/ValidatePostSize.php(27): Illuminate\\Pipeline\\Pipeline->{closure:{closure:Illuminate\\Pipeline\\Pipeline::carry():184}:185}()
#30 /home/user/vendor/laravel/framework/src/Illuminate/Pipeline/Pipeline.php(209): Illuminate\\Http\\Middleware\\ValidatePostSize->handle()
#31 /home/user/vendor/laravel/framework/src/Illuminate/Foundation/Http/Middleware/PreventRequestsDuringMaintenance.php(110): Illuminate\\Pipeline\\Pipeline->{closure:{closure:Illuminate\\Pipeline\\Pipeline::carry():184}:185}()
#32 /home/user/vendor/laravel/framework/src/Illuminate/Pipeline/Pipeline.php(209): Illuminate\\Foundation\\Http\\Middleware\\PreventRequestsDuringMaintenance->handle()
#33 /home/user/vendor/laravel/framework/src/Illuminate/Http/Middleware/HandleCors.php(62): Illuminate\\Pipeline\\Pipeline->{closure:{closure:Illuminate\\Pipeline\\Pipeline::carry():184}:185}()
#34 /home/user/vendor/laravel/framework/src/Illuminate/Pipeline/Pipeline.php(209): Illuminate\\Http\\Middleware\\HandleCors->handle()
#35 /home/user/vendor/laravel/framework/src/Illuminate/Http/Middleware/TrustProxies.php(58): Illuminate\\Pipeline\\Pipeline->{closure:{closure:Illuminate\\Pipeline\\Pipeline::carry():184}:185}()
#36 /home/user/vendor/laravel/framework/src/Illuminate/Pipeline/Pipeline.php(209): Illuminate\\Http\\Middleware\\TrustProxies->handle()
#37 /home/user/vendor/laravel/framework/src/Illuminate/Foundation/Http/Middleware/InvokeDeferredCallbacks.php(22): Illuminate\\Pipeline\\Pipeline->{closure:{closure:Illuminate\\Pipeline\\Pipeline::carry():184}:185}()
#38 /home/user/vendor/laravel/framework/src/Illuminate/Pipeline/Pipeline.php(209): Illuminate\\Foundation\\Http\\Middleware\\InvokeDeferredCallbacks->handle()
#39 /home/user/vendor/laravel/framework/src/Illuminate/Pipeline/Pipeline.php(127): Illuminate\\Pipeline\\Pipeline->{closure:{closure:Illuminate\\Pipeline\\Pipeline::carry():184}:185}()
#40 /home/user/vendor/laravel/framework/src/Illuminate/Foundation/Http/Kernel.php(176): Illuminate\\Pipeline\\Pipeline->then()
#41 /home/user/vendor/laravel/framework/src/Illuminate/Foundation/Http/Kernel.php(145): Illuminate\\Foundation\\Http\\Kernel->sendRequestThroughRouter()
#42 /home/user/vendor/laravel/framework/src/Illuminate/Foundation/Testing/Concerns/MakesHttpRequests.php(607): Illuminate\\Foundation\\Http\\Kernel->handle()
#43 /home/user/vendor/laravel/framework/src/Illuminate/Foundation/Testing/Concerns/MakesHttpRequests.php(573): Illuminate\\Foundation\\Testing\\TestCase->call()
#44 /home/user/vendor/laravel/framework/src/Illuminate/Foundation/Testing/Concerns/MakesHttpRequests.php(411): Illuminate\\Foundation\\Testing\\TestCase->json()
#45 /home/user/tests/Feature/Security/ProductionSecurityComprehensiveTest.php(494): Illuminate\\Foundation\\Testing\\TestCase->postJson()
#46 /home/user/vendor/phpunit/phpunit/src/Framework/TestCase.php(1667): Tests\\Feature\\Security\\ProductionSecurityComprehensiveTest->test_22_withdrawal_rate_limiter_functional()
#47 /home/user/vendor/phpunit/phpunit/src/Framework/TestCase.php(519): PHPUnit\\Framework\\TestCase->runTest()
#48 /home/user/vendor/phpunit/phpunit/src/Framework/TestRunner/TestRunner.php(87): PHPUnit\\Framework\\TestCase->runBare()
#49 /home/user/vendor/phpunit/phpunit/src/Framework/TestCase.php(365): PHPUnit\\Framework\\TestRunner->run()
#50 /home/user/vendor/phpunit/phpunit/src/Framework/TestSuite.php(369): PHPUnit\\Framework\\TestCase->run()
#51 /home/user/vendor/phpunit/phpunit/src/Framework/TestSuite.php(369): PHPUnit\\Framework\\TestSuite->run()
#52 /home/user/vendor/phpunit/phpunit/src/Framework/TestSuite.php(369): PHPUnit\\Framework\\TestSuite->run()
#53 /home/user/vendor/phpunit/phpunit/src/TextUI/TestRunner.php(64): PHPUnit\\Framework\\TestSuite->run()
#54 /home/user/vendor/phpunit/phpunit/src/TextUI/Application.php(211): PHPUnit\\TextUI\\TestRunner->run()
#55 /home/user/vendor/phpunit/phpunit/phpunit(104): PHPUnit\\TextUI\\Application->run()
#56 /home/user/vendor/bin/phpunit(122): include('...')
#57 {main}
"} {"correlation_id":"9c47209b-5ba3-41ce-9300-b4d4304d7c8b"}
[2026-09-08 10:43:41] testing.ERROR: api.unhandled_exception {"correlation_id":"9c47209b-5ba3-41ce-9300-b4d4304d7c8b","exception":"[object] (Error(code: 0): Call to undefined method Illuminate\\Cache\\RateLimiting\\Limit::perDays() at /home/user/app/Providers/AppServiceProvider.php:95)
[stacktrace]
#0 /home/user/vendor/laravel/framework/src/Illuminate/Cache/RateLimiter.php(75): App\\Providers\\AppServiceProvider->{closure:App\\Providers\\AppServiceProvider::registerRateLimiters():93}()
#1 /home/user/vendor/laravel/framework/src/Illuminate/Routing/Middleware/ThrottleRequests.php(119): Illuminate\\Cache\\RateLimiter->{closure:Illuminate\\Cache\\RateLimiter::limiter():74}()
#2 /home/user/vendor/laravel/framework/src/Illuminate/Routing/Middleware/ThrottleRequests.php(89): Illuminate\\Routing\\Middleware\\ThrottleRequests->handleRequestUsingNamedLimiter()
#3 /home/user/vendor/laravel/framework/src/Illuminate/Pipeline/Pipeline.php(209): Illuminate\\Routing\\Middleware\\ThrottleRequests->handle()
#4 /home/user/vendor/laravel/framework/src/Illuminate/Routing/Middleware/ThrottleRequests.php(161): Illuminate\\Pipeline\\Pipeline->{closure:{closure:Illuminate\\Pipeline\\Pipeline::carry():184}:185}()
#5 /home/user/vendor/laravel/framework/src/Illuminate/Routing/Middleware/ThrottleRequests.php(127): Illuminate\\Routing\\Middleware\\ThrottleRequests->handleRequest()
#6 /home/user/vendor/laravel/framework/src/Illuminate/Routing/Middleware/ThrottleRequests.php(89): Illuminate\\Routing\\Middleware\\ThrottleRequests->handleRequestUsingNamedLimiter()
#7 /home/user/vendor/laravel/framework/src/Illuminate/Pipeline/Pipeline.php(209): Illuminate\\Routing\\Middleware\\ThrottleRequests->handle()
#8 /home/user/vendor/laravel/framework/src/Illuminate/Auth/Middleware/Authenticate.php(64): Illuminate\\Pipeline\\Pipeline->{closure:{closure:Illuminate\\Pipeline\\Pipeline::carry():184}:185}()
#9 /home/user/vendor/laravel/framework/src/Illuminate/Pipeline/Pipeline.php(209): Illuminate\\Auth\\Middleware\\Authenticate->handle()
#10 /home/user/vendor/laravel/framework/src/Illuminate/Pipeline/Pipeline.php(127): Illuminate\\Pipeline\\Pipeline->{closure:{closure:Illuminate\\Pipeline\\Pipeline::carry():184}:185}()
#11 /home/user/vendor/laravel/framework/src/Illuminate/Routing/Router.php(807): Illuminate\\Pipeline\\Pipeline->then()
#12 /home/user/vendor/laravel/framework/src/Illuminate/Routing/Router.php(786): Illuminate\\Routing\\Router->runRouteWithinStack()
#13 /home/user/vendor/laravel/framework/src/Illuminate/Routing/Router.php(750): Illuminate\\Routing\\Router->runRoute()
#14 /home/user/vendor/laravel/framework/src/Illuminate/Routing/Router.php(739): Illuminate\\Routing\\Router->dispatchToRoute()
#15 /home/user/vendor/laravel/framework/src/Illuminate/Foundation/Http/Kernel.php(201): Illuminate\\Routing\\Router->dispatch()
#16 /home/user/vendor/laravel/framework/src/Illuminate/Pipeline/Pipeline.php(170): Illuminate\\Foundation\\Http\\Kernel->{closure:Illuminate\\Foundation\\Http\\Kernel::dispatchToRouter():198}()
#17 /home/user/vendor/livewire/livewire/src/Features/SupportDisablingBackButtonCache/DisableBackButtonCacheMiddleware.php(19): Illuminate\\Pipeline\\Pipeline->{closure:Illuminate\\Pipeline\\Pipeline::prepareDestination():168}()
#18 /home/user/vendor/laravel/framework/src/Illuminate/Pipeline/Pipeline.php(209): Livewire\\Features\\SupportDisablingBackButtonCache\\DisableBackButtonCacheMiddleware->handle()
#19 /home/user/app/Http/Middleware/SecurityHeaders.php(13): Illuminate\\Pipeline\\Pipeline->{closure:{closure:Illuminate\\Pipeline\\Pipeline::carry():184}:185}()
#20 /home/user/vendor/laravel/framework/src/Illuminate/Pipeline/Pipeline.php(209): App\\Http\\Middleware\\SecurityHeaders->handle()
#21 /home/user/app/Http/Middleware/CorrelationIdMiddleware.php(35): Illuminate\\Pipeline\\Pipeline->{closure:{closure:Illuminate\\Pipeline\\Pipeline::carry():184}:185}()
#22 /home/user/vendor/laravel/framework/src/Illuminate/Pipeline/Pipeline.php(209): App\\Http\\Middleware\\CorrelationIdMiddleware->handle()
#23 /home/user/vendor/laravel/framework/src/Illuminate/Foundation/Http/Middleware/TransformsRequest.php(21): Illuminate\\Pipeline\\Pipeline->{closure:{closure:Illuminate\\Pipeline\\Pipeline::carry():184}:185}()
#24 /home/user/vendor/laravel/framework/src/Illuminate/Foundation/Http/Middleware/ConvertEmptyStringsToNull.php(31): Illuminate\\Foundation\\Http\\Middleware\\TransformsRequest->handle()
#25 /home/user/vendor/laravel/framework/src/Illuminate/Pipeline/Pipeline.php(209): Illuminate\\Foundation\\Http\\Middleware\\ConvertEmptyStringsToNull->handle()
#26 /home/user/vendor/laravel/framework/src/Illuminate/Foundation/Http/Middleware/TransformsRequest.php(21): Illuminate\\Pipeline\\Pipeline->{closure:{closure:Illuminate\\Pipeline\\Pipeline::carry():184}:185}()
#27 /home/user/vendor/laravel/framework/src/Illuminate/Foundation/Http/Middleware/TrimStrings.php(51): Illuminate\\Foundation\\Http\\Middleware\\TransformsRequest->handle()
#28 /home/user/vendor/laravel/framework/src/Illuminate/Pipeline/Pipeline.php(209): Illuminate\\Foundation\\Http\\Middleware\\TrimStrings->handle()
#29 /home/user/vendor/laravel/framework/src/Illuminate/Http/Middleware/ValidatePostSize.php(27): Illuminate\\Pipeline\\Pipeline->{closure:{closure:Illuminate\\Pipeline\\Pipeline::carry():184}:185}()
#30 /home/user/vendor/laravel/framework/src/Illuminate/Pipeline/Pipeline.php(209): Illuminate\\Http\\Middleware\\ValidatePostSize->handle()
#31 /home/user/vendor/laravel/framework/src/Illuminate/Foundation/Http/Middleware/PreventRequestsDuringMaintenance.php(110): Illuminate\\Pipeline\\Pipeline->{closure:{closure:Illuminate\\Pipeline\\Pipeline::carry():184}:185}()
#32 /home/user/vendor/laravel/framework/src/Illuminate/Pipeline/Pipeline.php(209): Illuminate\\Foundation\\Http\\Middleware\\PreventRequestsDuringMaintenance->handle()
#33 /home/user/vendor/laravel/framework/src/Illuminate/Http/Middleware/HandleCors.php(62): Illuminate\\Pipeline\\Pipeline->{closure:{closure:Illuminate\\Pipeline\\Pipeline::carry():184}:185}()
#34 /home/user/vendor/laravel/framework/src/Illuminate/Pipeline/Pipeline.php(209): Illuminate\\Http\\Middleware\\HandleCors->handle()
#35 /home/user/vendor/laravel/framework/src/Illuminate/Http/Middleware/TrustProxies.php(58): Illuminate\\Pipeline\\Pipeline->{closure:{closure:Illuminate\\Pipeline\\Pipeline::carry():184}:185}()
#36 /home/user/vendor/laravel/framework/src/Illuminate/Pipeline/Pipeline.php(209): Illuminate\\Http\\Middleware\\TrustProxies->handle()
#37 /home/user/vendor/laravel/framework/src/Illuminate/Foundation/Http/Middleware/InvokeDeferredCallbacks.php(22): Illuminate\\Pipeline\\Pipeline->{closure:{closure:Illuminate\\Pipeline\\Pipeline::carry():184}:185}()
#38 /home/user/vendor/laravel/framework/src/Illuminate/Pipeline/Pipeline.php(209): Illuminate\\Foundation\\Http\\Middleware\\InvokeDeferredCallbacks->handle()
#39 /home/user/vendor/laravel/framework/src/Illuminate/Pipeline/Pipeline.php(127): Illuminate\\Pipeline\\Pipeline->{closure:{closure:Illuminate\\Pipeline\\Pipeline::carry():184}:185}()
#40 /home/user/vendor/laravel/framework/src/Illuminate/Foundation/Http/Kernel.php(176): Illuminate\\Pipeline\\Pipeline->then()
#41 /home/user/vendor/laravel/framework/src/Illuminate/Foundation/Http/Kernel.php(145): Illuminate\\Foundation\\Http\\Kernel->sendRequestThroughRouter()
#42 /home/user/vendor/laravel/framework/src/Illuminate/Foundation/Testing/Concerns/MakesHttpRequests.php(607): Illuminate\\Foundation\\Http\\Kernel->handle()
#43 /home/user/vendor/laravel/framework/src/Illuminate/Foundation/Testing/Concerns/MakesHttpRequests.php(573): Illuminate\\Foundation\\Testing\\TestCase->call()
#44 /home/user/vendor/laravel/framework/src/Illuminate/Foundation/Testing/Concerns/MakesHttpRequests.php(411): Illuminate\\Foundation\\Testing\\TestCase->json()
#45 /home/user/tests/Feature/Security/ProductionSecurityComprehensiveTest.php(494): Illuminate\\Foundation\\Testing\\TestCase->postJson()
#46 /home/user/vendor/phpunit/phpunit/src/Framework/TestCase.php(1667): Tests\\Feature\\Security\\ProductionSecurityComprehensiveTest->test_22_withdrawal_rate_limiter_functional()
#47 /home/user/vendor/phpunit/phpunit/src/Framework/TestCase.php(519): PHPUnit\\Framework\\TestCase->runTest()
#48 /home/user/vendor/phpunit/phpunit/src/Framework/TestRunner/TestRunner.php(87): PHPUnit\\Framework\\TestCase->runBare()
#49 /home/user/vendor/phpunit/phpunit/src/Framework/TestCase.php(365): PHPUnit\\Framework\\TestRunner->run()
#50 /home/user/vendor/phpunit/phpunit/src/Framework/TestSuite.php(369): PHPUnit\\Framework\\TestCase->run()
#51 /home/user/vendor/phpunit/phpunit/src/Framework/TestSuite.php(369): PHPUnit\\Framework\\TestSuite->run()
#52 /home/user/vendor/phpunit/phpunit/src/Framework/TestSuite.php(369): PHPUnit\\Framework\\TestSuite->run()
#53 /home/user/vendor/phpunit/phpunit/src/TextUI/TestRunner.php(64): PHPUnit\\Framework\\TestSuite->run()
#54 /home/user/vendor/phpunit/phpunit/src/TextUI/Application.php(211): PHPUnit\\TextUI\\TestRunner->run()
#55 /home/user/vendor/phpunit/phpunit/phpunit(104): PHPUnit\\TextUI\\Application->run()
#56 /home/user/vendor/bin/phpunit(122): include('...')
#57 {main}
","path":"api/v1/withdrawals","method":"POST","user_id":1} {"correlation_id":"9c47209b-5ba3-41ce-9300-b4d4304d7c8b"}
[2026-09-08 10:43:41] testing.ERROR: Call to undefined method Illuminate\Cache\RateLimiting\Limit::perDays() {"correlation_id":"75e0b2b0-9fa4-4a5a-bb9b-ff8b7126d4db","userId":1,"exception":"[object] (Error(code: 0): Call to undefined method Illuminate\\Cache\\RateLimiting\\Limit::perDays() at /home/user/app/Providers/AppServiceProvider.php:95)
[stacktrace]
#0 /home/user/vendor/laravel/framework/src/Illuminate/Cache/RateLimiter.php(75): App\\Providers\\AppServiceProvider->{closure:App\\Providers\\AppServiceProvider::registerRateLimiters():93}()
#1 /home/user/vendor/laravel/framework/src/Illuminate/Routing/Middleware/ThrottleRequests.php(119): Illuminate\\Cache\\RateLimiter->{closure:Illuminate\\Cache\\RateLimiter::limiter():74}()
#2 /home/user/vendor/laravel/framework/src/Illuminate/Routing/Middleware/ThrottleRequests.php(89): Illuminate\\Routing\\Middleware\\ThrottleRequests->handleRequestUsingNamedLimiter()
#3 /home/user/vendor/laravel/framework/src/Illuminate/Pipeline/Pipeline.php(209): Illuminate\\Routing\\Middleware\\ThrottleRequests->handle()
#4 /home/user/vendor/laravel/framework/src/Illuminate/Routing/Middleware/ThrottleRequests.php(161): Illuminate\\Pipeline\\Pipeline->{closure:{closure:Illuminate\\Pipeline\\Pipeline::carry():184}:185}()
#5 /home/user/vendor/laravel/framework/src/Illuminate/Routing/Middleware/ThrottleRequests.php(127): Illuminate\\Routing\\Middleware\\ThrottleRequests->handleRequest()
#6 /home/user/vendor/laravel/framework/src/Illuminate/Routing/Middleware/ThrottleRequests.php(89): Illuminate\\Routing\\Middleware\\ThrottleRequests->handleRequestUsingNamedLimiter()
#7 /home/user/vendor/laravel/framework/src/Illuminate/Pipeline/Pipeline.php(209): Illuminate\\Routing\\Middleware\\ThrottleRequests->handle()
#8 /home/user/vendor/laravel/framework/src/Illuminate/Auth/Middleware/Authenticate.php(64): Illuminate\\Pipeline\\Pipeline->{closure:{closure:Illuminate\\Pipeline\\Pipeline::carry():184}:185}()
#9 /home/user/vendor/laravel/framework/src/Illuminate/Pipeline/Pipeline.php(209): Illuminate\\Auth\\Middleware\\Authenticate->handle()
#10 /home/user/vendor/laravel/framework/src/Illuminate/Pipeline/Pipeline.php(127): Illuminate\\Pipeline\\Pipeline->{closure:{closure:Illuminate\\Pipeline\\Pipeline::carry():184}:185}()
#11 /home/user/vendor/laravel/framework/src/Illuminate/Routing/Router.php(807): Illuminate\\Pipeline\\Pipeline->then()
#12 /home/user/vendor/laravel/framework/src/Illuminate/Routing/Router.php(786): Illuminate\\Routing\\Router->runRouteWithinStack()
#13 /home/user/vendor/laravel/framework/src/Illuminate/Routing/Router.php(750): Illuminate\\Routing\\Router->runRoute()
#14 /home/user/vendor/laravel/framework/src/Illuminate/Routing/Router.php(739): Illuminate\\Routing\\Router->dispatchToRoute()
#15 /home/user/vendor/laravel/framework/src/Illuminate/Foundation/Http/Kernel.php(201): Illuminate\\Routing\\Router->dispatch()
#16 /home/user/vendor/laravel/framework/src/Illuminate/Pipeline/Pipeline.php(170): Illuminate\\Foundation\\Http\\Kernel->{closure:Illuminate\\Foundation\\Http\\Kernel::dispatchToRouter():198}()
#17 /home/user/vendor/livewire/livewire/src/Features/SupportDisablingBackButtonCache/DisableBackButtonCacheMiddleware.php(19): Illuminate\\Pipeline\\Pipeline->{closure:Illuminate\\Pipeline\\Pipeline::prepareDestination():168}()
#18 /home/user/vendor/laravel/framework/src/Illuminate/Pipeline/Pipeline.php(209): Livewire\\Features\\SupportDisablingBackButtonCache\\DisableBackButtonCacheMiddleware->handle()
#19 /home/user/app/Http/Middleware/SecurityHeaders.php(13): Illuminate\\Pipeline\\Pipeline->{closure:{closure:Illuminate\\Pipeline\\Pipeline::carry():184}:185}()
#20 /home/user/vendor/laravel/framework/src/Illuminate/Pipeline/Pipeline.php(209): App\\Http\\Middleware\\SecurityHeaders->handle()
#21 /home/user/app/Http/Middleware/CorrelationIdMiddleware.php(35): Illuminate\\Pipeline\\Pipeline->{closure:{closure:Illuminate\\Pipeline\\Pipeline::carry():184}:185}()
#22 /home/user/vendor/laravel/framework/src/Illuminate/Pipeline/Pipeline.php(209): App\\Http\\Middleware\\CorrelationIdMiddleware->handle()
#23 /home/user/vendor/laravel/framework/src/Illuminate/Foundation/Http/Middleware/TransformsRequest.php(21): Illuminate\\Pipeline\\Pipeline->{closure:{closure:Illuminate\\Pipeline\\Pipeline::carry():184}:185}()
#24 /home/user/vendor/laravel/framework/src/Illuminate/Foundation/Http/Middleware/ConvertEmptyStringsToNull.php(31): Illuminate\\Foundation\\Http\\Middleware\\TransformsRequest->handle()
#25 /home/user/vendor/laravel/framework/src/Illuminate/Pipeline/Pipeline.php(209): Illuminate\\Foundation\\Http\\Middleware\\ConvertEmptyStringsToNull->handle()
#26 /home/user/vendor/laravel/framework/src/Illuminate/Foundation/Http/Middleware/TransformsRequest.php(21): Illuminate\\Pipeline\\Pipeline->{closure:{closure:Illuminate\\Pipeline\\Pipeline::carry():184}:185}()
#27 /home/user/vendor/laravel/framework/src/Illuminate/Foundation/Http/Middleware/TrimStrings.php(51): Illuminate\\Foundation\\Http\\Middleware\\TransformsRequest->handle()
#28 /home/user/vendor/laravel/framework/src/Illuminate/Pipeline/Pipeline.php(209): Illuminate\\Foundation\\Http\\Middleware\\TrimStrings->handle()
#29 /home/user/vendor/laravel/framework/src/Illuminate/Http/Middleware/ValidatePostSize.php(27): Illuminate\\Pipeline\\Pipeline->{closure:{closure:Illuminate\\Pipeline\\Pipeline::carry():184}:185}()
#30 /home/user/vendor/laravel/framework/src/Illuminate/Pipeline/Pipeline.php(209): Illuminate\\Http\\Middleware\\ValidatePostSize->handle()
#31 /home/user/vendor/laravel/framework/src/Illuminate/Foundation/Http/Middleware/PreventRequestsDuringMaintenance.php(110): Illuminate\\Pipeline\\Pipeline->{closure:{closure:Illuminate\\Pipeline\\Pipeline::carry():184}:185}()
#32 /home/user/vendor/laravel/framework/src/Illuminate/Pipeline/Pipeline.php(209): Illuminate\\Foundation\\Http\\Middleware\\PreventRequestsDuringMaintenance->handle()
#33 /home/user/vendor/laravel/framework/src/Illuminate/Http/Middleware/HandleCors.php(62): Illuminate\\Pipeline\\Pipeline->{closure:{closure:Illuminate\\Pipeline\\Pipeline::carry():184}:185}()
#34 /home/user/vendor/laravel/framework/src/Illuminate/Pipeline/Pipeline.php(209): Illuminate\\Http\\Middleware\\HandleCors->handle()
#35 /home/user/vendor/laravel/framework/src/Illuminate/Http/Middleware/TrustProxies.php(58): Illuminate\\Pipeline\\Pipeline->{closure:{closure:Illuminate\\Pipeline\\Pipeline::carry():184}:185}()
#36 /home/user/vendor/laravel/framework/src/Illuminate/Pipeline/Pipeline.php(209): Illuminate\\Http\\Middleware\\TrustProxies->handle()
#37 /home/user/vendor/laravel/framework/src/Illuminate/Foundation/Http/Middleware/InvokeDeferredCallbacks.php(22): Illuminate\\Pipeline\\Pipeline->{closure:{closure:Illuminate\\Pipeline\\Pipeline::carry():184}:185}()
#38 /home/user/vendor/laravel/framework/src/Illuminate/Pipeline/Pipeline.php(209): Illuminate\\Foundation\\Http\\Middleware\\InvokeDeferredCallbacks->handle()
#39 /home/user/vendor/laravel/framework/src/Illuminate/Pipeline/Pipeline.php(127): Illuminate\\Pipeline\\Pipeline->{closure:{closure:Illuminate\\Pipeline\\Pipeline::carry():184}:185}()
#40 /home/user/vendor/laravel/framework/src/Illuminate/Foundation/Http/Kernel.php(176): Illuminate\\Pipeline\\Pipeline->then()
#41 /home/user/vendor/laravel/framework/src/Illuminate/Foundation/Http/Kernel.php(145): Illuminate\\Foundation\\Http\\Kernel->sendRequestThroughRouter()
#42 /home/user/vendor/laravel/framework/src/Illuminate/Foundation/Testing/Concerns/MakesHttpRequests.php(607): Illuminate\\Foundation\\Http\\Kernel->handle()
#43 /home/user/vendor/laravel/framework/src/Illuminate/Foundation/Testing/Concerns/MakesHttpRequests.php(573): Illuminate\\Foundation\\Testing\\TestCase->call()
#44 /home/user/vendor/laravel/framework/src/Illuminate/Foundation/Testing/Concerns/MakesHttpRequests.php(411): Illuminate\\Foundation\\Testing\\TestCase->json()
#45 /home/user/tests/Feature/Security/ProductionSecurityComprehensiveTest.php(494): Illuminate\\Foundation\\Testing\\TestCase->postJson()
#46 /home/user/vendor/phpunit/phpunit/src/Framework/TestCase.php(1667): Tests\\Feature\\Security\\ProductionSecurityComprehensiveTest->test_22_withdrawal_rate_limiter_functional()
#47 /home/user/vendor/phpunit/phpunit/src/Framework/TestCase.php(519): PHPUnit\\Framework\\TestCase->runTest()
#48 /home/user/vendor/phpunit/phpunit/src/Framework/TestRunner/TestRunner.php(87): PHPUnit\\Framework\\TestCase->runBare()
#49 /home/user/vendor/phpunit/phpunit/src/Framework/TestCase.php(365): PHPUnit\\Framework\\TestRunner->run()
#50 /home/user/vendor/phpunit/phpunit/src/Framework/TestSuite.php(369): PHPUnit\\Framework\\TestCase->run()
#51 /home/user/vendor/phpunit/phpunit/src/Framework/TestSuite.php(369): PHPUnit\\Framework\\TestSuite->run()
#52 /home/user/vendor/phpunit/phpunit/src/Framework/TestSuite.php(369): PHPUnit\\Framework\\TestSuite->run()
#53 /home/user/vendor/phpunit/phpunit/src/TextUI/TestRunner.php(64): PHPUnit\\Framework\\TestSuite->run()
#54 /home/user/vendor/phpunit/phpunit/src/TextUI/Application.php(211): PHPUnit\\TextUI\\TestRunner->run()
#55 /home/user/vendor/phpunit/phpunit/phpunit(104): PHPUnit\\TextUI\\Application->run()
#56 /home/user/vendor/bin/phpunit(122): include('...')
#57 {main}
"} {"correlation_id":"75e0b2b0-9fa4-4a5a-bb9b-ff8b7126d4db"}
[2026-09-08 10:43:41] testing.ERROR: api.unhandled_exception {"correlation_id":"75e0b2b0-9fa4-4a5a-bb9b-ff8b7126d4db","exception":"[object] (Error(code: 0): Call to undefined method Illuminate\\Cache\\RateLimiting\\Limit::perDays() at /home/user/app/Providers/AppServiceProvider.php:95)
[stacktrace]
#0 /home/user/vendor/laravel/framework/src/Illuminate/Cache/RateLimiter.php(75): App\\Providers\\AppServiceProvider->{closure:App\\Providers\\AppServiceProvider::registerRateLimiters():93}()
#1 /home/user/vendor/laravel/framework/src/Illuminate/Routing/Middleware/ThrottleRequests.php(119): Illuminate\\Cache\\RateLimiter->{closure:Illuminate\\Cache\\RateLimiter::limiter():74}()
#2 /home/user/vendor/laravel/framework/src/Illuminate/Routing/Middleware/ThrottleRequests.php(89): Illuminate\\Routing\\Middleware\\ThrottleRequests->handleRequestUsingNamedLimiter()
#3 /home/user/vendor/laravel/framework/src/Illuminate/Pipeline/Pipeline.php(209): Illuminate\\Routing\\Middleware\\ThrottleRequests->handle()
#4 /home/user/vendor/laravel/framework/src/Illuminate/Routing/Middleware/ThrottleRequests.php(161): Illuminate\\Pipeline\\Pipeline->{closure:{closure:Illuminate\\Pipeline\\Pipeline::carry():184}:185}()
#5 /home/user/vendor/laravel/framework/src/Illuminate/Routing/Middleware/ThrottleRequests.php(127): Illuminate\\Routing\\Middleware\\ThrottleRequests->handleRequest()
#6 /home/user/vendor/laravel/framework/src/Illuminate/Routing/Middleware/ThrottleRequests.php(89): Illuminate\\Routing\\Middleware\\ThrottleRequests->handleRequestUsingNamedLimiter()
#7 /home/user/vendor/laravel/framework/src/Illuminate/Pipeline/Pipeline.php(209): Illuminate\\Routing\\Middleware\\ThrottleRequests->handle()
#8 /home/user/vendor/laravel/framework/src/Illuminate/Auth/Middleware/Authenticate.php(64): Illuminate\\Pipeline\\Pipeline->{closure:{closure:Illuminate\\Pipeline\\Pipeline::carry():184}:185}()
#9 /home/user/vendor/laravel/framework/src/Illuminate/Pipeline/Pipeline.php(209): Illuminate\\Auth\\Middleware\\Authenticate->handle()
#10 /home/user/vendor/laravel/framework/src/Illuminate/Pipeline/Pipeline.php(127): Illuminate\\Pipeline\\Pipeline->{closure:{closure:Illuminate\\Pipeline\\Pipeline::carry():184}:185}()
#11 /home/user/vendor/laravel/framework/src/Illuminate/Routing/Router.php(807): Illuminate\\Pipeline\\Pipeline->then()
#12 /home/user/vendor/laravel/framework/src/Illuminate/Routing/Router.php(786): Illuminate\\Routing\\Router->runRouteWithinStack()
#13 /home/user/vendor/laravel/framework/src/Illuminate/Routing/Router.php(750): Illuminate\\Routing\\Router->runRoute()
#14 /home/user/vendor/laravel/framework/src/Illuminate/Routing/Router.php(739): Illuminate\\Routing\\Router->dispatchToRoute()
#15 /home/user/vendor/laravel/framework/src/Illuminate/Foundation/Http/Kernel.php(201): Illuminate\\Routing\\Router->dispatch()
#16 /home/user/vendor/laravel/framework/src/Illuminate/Pipeline/Pipeline.php(170): Illuminate\\Foundation\\Http\\Kernel->{closure:Illuminate\\Foundation\\Http\\Kernel::dispatchToRouter():198}()
#17 /home/user/vendor/livewire/livewire/src/Features/SupportDisablingBackButtonCache/DisableBackButtonCacheMiddleware.php(19): Illuminate\\Pipeline\\Pipeline->{closure:Illuminate\\Pipeline\\Pipeline::prepareDestination():168}()
#18 /home/user/vendor/laravel/framework/src/Illuminate/Pipeline/Pipeline.php(209): Livewire\\Features\\SupportDisablingBackButtonCache\\DisableBackButtonCacheMiddleware->handle()
#19 /home/user/app/Http/Middleware/SecurityHeaders.php(13): Illuminate\\Pipeline\\Pipeline->{closure:{closure:Illuminate\\Pipeline\\Pipeline::carry():184}:185}()
#20 /home/user/vendor/laravel/framework/src/Illuminate/Pipeline/Pipeline.php(209): App\\Http\\Middleware\\SecurityHeaders->handle()
#21 /home/user/app/Http/Middleware/CorrelationIdMiddleware.php(35): Illuminate\\Pipeline\\Pipeline->{closure:{closure:Illuminate\\Pipeline\\Pipeline::carry():184}:185}()
#22 /home/user/vendor/laravel/framework/src/Illuminate/Pipeline/Pipeline.php(209): App\\Http\\Middleware\\CorrelationIdMiddleware->handle()
#23 /home/user/vendor/laravel/framework/src/Illuminate/Foundation/Http/Middleware/TransformsRequest.php(21): Illuminate\\Pipeline\\Pipeline->{closure:{closure:Illuminate\\Pipeline\\Pipeline::carry():184}:185}()
#24 /home/user/vendor/laravel/framework/src/Illuminate/Foundation/Http/Middleware/ConvertEmptyStringsToNull.php(31): Illuminate\\Foundation\\Http\\Middleware\\TransformsRequest->handle()
#25 /home/user/vendor/laravel/framework/src/Illuminate/Pipeline/Pipeline.php(209): Illuminate\\Foundation\\Http\\Middleware\\ConvertEmptyStringsToNull->handle()
#26 /home/user/vendor/laravel/framework/src/Illuminate/Foundation/Http/Middleware/TransformsRequest.php(21): Illuminate\\Pipeline\\Pipeline->{closure:{closure:Illuminate\\Pipeline\\Pipeline::carry():184}:185}()
#27 /home/user/vendor/laravel/framework/src/Illuminate/Foundation/Http/Middleware/TrimStrings.php(51): Illuminate\\Foundation\\Http\\Middleware\\TransformsRequest->handle()
#28 /home/user/vendor/laravel/framework/src/Illuminate/Pipeline/Pipeline.php(209): Illuminate\\Foundation\\Http\\Middleware\\TrimStrings->handle()
#29 /home/user/vendor/laravel/framework/src/Illuminate/Http/Middleware/ValidatePostSize.php(27): Illuminate\\Pipeline\\Pipeline->{closure:{closure:Illuminate\\Pipeline\\Pipeline::carry():184}:185}()
#30 /home/user/vendor/laravel/framework/src/Illuminate/Pipeline/Pipeline.php(209): Illuminate\\Http\\Middleware\\ValidatePostSize->handle()
#31 /home/user/vendor/laravel/framework/src/Illuminate/Foundation/Http/Middleware/PreventRequestsDuringMaintenance.php(110): Illuminate\\Pipeline\\Pipeline->{closure:{closure:Illuminate\\Pipeline\\Pipeline::carry():184}:185}()
#32 /home/user/vendor/laravel/framework/src/Illuminate/Pipeline/Pipeline.php(209): Illuminate\\Foundation\\Http\\Middleware\\PreventRequestsDuringMaintenance->handle()
#33 /home/user/vendor/laravel/framework/src/Illuminate/Http/Middleware/HandleCors.php(62): Illuminate\\Pipeline\\Pipeline->{closure:{closure:Illuminate\\Pipeline\\Pipeline::carry():184}:185}()
#34 /home/user/vendor/laravel/framework/src/Illuminate/Pipeline/Pipeline.php(209): Illuminate\\Http\\Middleware\\HandleCors->handle()
#35 /home/user/vendor/laravel/framework/src/Illuminate/Http/Middleware/TrustProxies.php(58): Illuminate\\Pipeline\\Pipeline->{closure:{closure:Illuminate\\Pipeline\\Pipeline::carry():184}:185}()
#36 /home/user/vendor/laravel/framework/src/Illuminate/Pipeline/Pipeline.php(209): Illuminate\\Http\\Middleware\\TrustProxies->handle()
#37 /home/user/vendor/laravel/framework/src/Illuminate/Foundation/Http/Middleware/InvokeDeferredCallbacks.php(22): Illuminate\\Pipeline\\Pipeline->{closure:{closure:Illuminate\\Pipeline\\Pipeline::carry():184}:185}()
#38 /home/user/vendor/laravel/framework/src/Illuminate/Pipeline/Pipeline.php(209): Illuminate\\Foundation\\Http\\Middleware\\InvokeDeferredCallbacks->handle()
#39 /home/user/vendor/laravel/framework/src/Illuminate/Pipeline/Pipeline.php(127): Illuminate\\Pipeline\\Pipeline->{closure:{closure:Illuminate\\Pipeline\\Pipeline::carry():184}:185}()
#40 /home/user/vendor/laravel/framework/src/Illuminate/Foundation/Http/Kernel.php(176): Illuminate\\Pipeline\\Pipeline->then()
#41 /home/user/vendor/laravel/framework/src/Illuminate/Foundation/Http/Kernel.php(145): Illuminate\\Foundation\\Http\\Kernel->sendRequestThroughRouter()
#42 /home/user/vendor/laravel/framework/src/Illuminate/Foundation/Testing/Concerns/MakesHttpRequests.php(607): Illuminate\\Foundation\\Http\\Kernel->handle()
#43 /home/user/vendor/laravel/framework/src/Illuminate/Foundation/Testing/Concerns/MakesHttpRequests.php(573): Illuminate\\Foundation\\Testing\\TestCase->call()
#44 /home/user/vendor/laravel/framework/src/Illuminate/Foundation/Testing/Concerns/MakesHttpRequests.php(411): Illuminate\\Foundation\\Testing\\TestCase->json()
#45 /home/user/tests/Feature/Security/ProductionSecurityComprehensiveTest.php(494): Illuminate\\Foundation\\Testing\\TestCase->postJson()
#46 /home/user/vendor/phpunit/phpunit/src/Framework/TestCase.php(1667): Tests\\Feature\\Security\\ProductionSecurityComprehensiveTest->test_22_withdrawal_rate_limiter_functional()
#47 /home/user/vendor/phpunit/phpunit/src/Framework/TestCase.php(519): PHPUnit\\Framework\\TestCase->runTest()
#48 /home/user/vendor/phpunit/phpunit/src/Framework/TestRunner/TestRunner.php(87): PHPUnit\\Framework\\TestCase->runBare()
#49 /home/user/vendor/phpunit/phpunit/src/Framework/TestCase.php(365): PHPUnit\\Framework\\TestRunner->run()
#50 /home/user/vendor/phpunit/phpunit/src/Framework/TestSuite.php(369): PHPUnit\\Framework\\TestCase->run()
#51 /home/user/vendor/phpunit/phpunit/src/Framework/TestSuite.php(369): PHPUnit\\Framework\\TestSuite->run()
#52 /home/user/vendor/phpunit/phpunit/src/Framework/TestSuite.php(369): PHPUnit\\Framework\\TestSuite->run()
#53 /home/user/vendor/phpunit/phpunit/src/TextUI/TestRunner.php(64): PHPUnit\\Framework\\TestSuite->run()
#54 /home/user/vendor/phpunit/phpunit/src/TextUI/Application.php(211): PHPUnit\\TextUI\\TestRunner->run()
#55 /home/user/vendor/phpunit/phpunit/phpunit(104): PHPUnit\\TextUI\\Application->run()
#56 /home/user/vendor/bin/phpunit(122): include('...')
#57 {main}
","path":"api/v1/withdrawals","method":"POST","user_id":1} {"correlation_id":"75e0b2b0-9fa4-4a5a-bb9b-ff8b7126d4db"}
[2026-09-08 10:43:41] testing.ERROR: Call to undefined method Illuminate\Cache\RateLimiting\Limit::perDays() {"correlation_id":"cee6616a-a14d-4904-aa4b-e438d9d622c7","userId":1,"exception":"[object] (Error(code: 0): Call to undefined method Illuminate\\Cache\\RateLimiting\\Limit::perDays() at /home/user/app/Providers/AppServiceProvider.php:95)
[stacktrace]
#0 /home/user/vendor/laravel/framework/src/Illuminate/Cache/RateLimiter.php(75): App\\Providers\\AppServiceProvider->{closure:App\\Providers\\AppServiceProvider::registerRateLimiters():93}()
#1 /home/user/vendor/laravel/framework/src/Illuminate/Routing/Middleware/ThrottleRequests.php(119): Illuminate\\Cache\\RateLimiter->{closure:Illuminate\\Cache\\RateLimiter::limiter():74}()
#2 /home/user/vendor/laravel/framework/src/Illuminate/Routing/Middleware/ThrottleRequests.php(89): Illuminate\\Routing\\Middleware\\ThrottleRequests->handleRequestUsingNamedLimiter()
#3 /home/user/vendor/laravel/framework/src/Illuminate/Pipeline/Pipeline.php(209): Illuminate\\Routing\\Middleware\\ThrottleRequests->handle()
#4 /home/user/vendor/laravel/framework/src/Illuminate/Routing/Middleware/ThrottleRequests.php(161): Illuminate\\Pipeline\\Pipeline->{closure:{closure:Illuminate\\Pipeline\\Pipeline::carry():184}:185}()
#5 /home/user/vendor/laravel/framework/src/Illuminate/Routing/Middleware/ThrottleRequests.php(127): Illuminate\\Routing\\Middleware\\ThrottleRequests->handleRequest()
#6 /home/user/vendor/laravel/framework/src/Illuminate/Routing/Middleware/ThrottleRequests.php(89): Illuminate\\Routing\\Middleware\\ThrottleRequests->handleRequestUsingNamedLimiter()
#7 /home/user/vendor/laravel/framework/src/Illuminate/Pipeline/Pipeline.php(209): Illuminate\\Routing\\Middleware\\ThrottleRequests->handle()
#8 /home/user/vendor/laravel/framework/src/Illuminate/Auth/Middleware/Authenticate.php(64): Illuminate\\Pipeline\\Pipeline->{closure:{closure:Illuminate\\Pipeline\\Pipeline::carry():184}:185}()
#9 /home/user/vendor/laravel/framework/src/Illuminate/Pipeline/Pipeline.php(209): Illuminate\\Auth\\Middleware\\Authenticate->handle()
#10 /home/user/vendor/laravel/framework/src/Illuminate/Pipeline/Pipeline.php(127): Illuminate\\Pipeline\\Pipeline->{closure:{closure:Illuminate\\Pipeline\\Pipeline::carry():184}:185}()
#11 /home/user/vendor/laravel/framework/src/Illuminate/Routing/Router.php(807): Illuminate\\Pipeline\\Pipeline->then()
#12 /home/user/vendor/laravel/framework/src/Illuminate/Routing/Router.php(786): Illuminate\\Routing\\Router->runRouteWithinStack()
#13 /home/user/vendor/laravel/framework/src/Illuminate/Routing/Router.php(750): Illuminate\\Routing\\Router->runRoute()
#14 /home/user/vendor/laravel/framework/src/Illuminate/Routing/Router.php(739): Illuminate\\Routing\\Router->dispatchToRoute()
#15 /home/user/vendor/laravel/framework/src/Illuminate/Foundation/Http/Kernel.php(201): Illuminate\\Routing\\Router->dispatch()
#16 /home/user/vendor/laravel/framework/src/Illuminate/Pipeline/Pipeline.php(170): Illuminate\\Foundation\\Http\\Kernel->{closure:Illuminate\\Foundation\\Http\\Kernel::dispatchToRouter():198}()
#17 /home/user/vendor/livewire/livewire/src/Features/SupportDisablingBackButtonCache/DisableBackButtonCacheMiddleware.php(19): Illuminate\\Pipeline\\Pipeline->{closure:Illuminate\\Pipeline\\Pipeline::prepareDestination():168}()
#18 /home/user/vendor/laravel/framework/src/Illuminate/Pipeline/Pipeline.php(209): Livewire\\Features\\SupportDisablingBackButtonCache\\DisableBackButtonCacheMiddleware->handle()
#19 /home/user/app/Http/Middleware/SecurityHeaders.php(13): Illuminate\\Pipeline\\Pipeline->{closure:{closure:Illuminate\\Pipeline\\Pipeline::carry():184}:185}()
#20 /home/user/vendor/laravel/framework/src/Illuminate/Pipeline/Pipeline.php(209): App\\Http\\Middleware\\SecurityHeaders->handle()
#21 /home/user/app/Http/Middleware/CorrelationIdMiddleware.php(35): Illuminate\\Pipeline\\Pipeline->{closure:{closure:Illuminate\\Pipeline\\Pipeline::carry():184}:185}()
#22 /home/user/vendor/laravel/framework/src/Illuminate/Pipeline/Pipeline.php(209): App\\Http\\Middleware\\CorrelationIdMiddleware->handle()
#23 /home/user/vendor/laravel/framework/src/Illuminate/Foundation/Http/Middleware/TransformsRequest.php(21): Illuminate\\Pipeline\\Pipeline->{closure:{closure:Illuminate\\Pipeline\\Pipeline::carry():184}:185}()
#24 /home/user/vendor/laravel/framework/src/Illuminate/Foundation/Http/Middleware/ConvertEmptyStringsToNull.php(31): Illuminate\\Foundation\\Http\\Middleware\\TransformsRequest->handle()
#25 /home/user/vendor/laravel/framework/src/Illuminate/Pipeline/Pipeline.php(209): Illuminate\\Foundation\\Http\\Middleware\\ConvertEmptyStringsToNull->handle()
#26 /home/user/vendor/laravel/framework/src/Illuminate/Foundation/Http/Middleware/TransformsRequest.php(21): Illuminate\\Pipeline\\Pipeline->{closure:{closure:Illuminate\\Pipeline\\Pipeline::carry():184}:185}()
#27 /home/user/vendor/laravel/framework/src/Illuminate/Foundation/Http/Middleware/TrimStrings.php(51): Illuminate\\Foundation\\Http\\Middleware\\TransformsRequest->handle()
#28 /home/user/vendor/laravel/framework/src/Illuminate/Pipeline/Pipeline.php(209): Illuminate\\Foundation\\Http\\Middleware\\TrimStrings->handle()
#29 /home/user/vendor/laravel/framework/src/Illuminate/Http/Middleware/ValidatePostSize.php(27): Illuminate\\Pipeline\\Pipeline->{closure:{closure:Illuminate\\Pipeline\\Pipeline::carry():184}:185}()
#30 /home/user/vendor/laravel/framework/src/Illuminate/Pipeline/Pipeline.php(209): Illuminate\\Http\\Middleware\\ValidatePostSize->handle()
#31 /home/user/vendor/laravel/framework/src/Illuminate/Foundation/Http/Middleware/PreventRequestsDuringMaintenance.php(110): Illuminate\\Pipeline\\Pipeline->{closure:{closure:Illuminate\\Pipeline\\Pipeline::carry():184}:185}()
#32 /home/user/vendor/laravel/framework/src/Illuminate/Pipeline/Pipeline.php(209): Illuminate\\Foundation\\Http\\Middleware\\PreventRequestsDuringMaintenance->handle()
#33 /home/user/vendor/laravel/framework/src/Illuminate/Http/Middleware/HandleCors.php(62): Illuminate\\Pipeline\\Pipeline->{closure:{closure:Illuminate\\Pipeline\\Pipeline::carry():184}:185}()
#34 /home/user/vendor/laravel/framework/src/Illuminate/Pipeline/Pipeline.php(209): Illuminate\\Http\\Middleware\\HandleCors->handle()
#35 /home/user/vendor/laravel/framework/src/Illuminate/Http/Middleware/TrustProxies.php(58): Illuminate\\Pipeline\\Pipeline->{closure:{closure:Illuminate\\Pipeline\\Pipeline::carry():184}:185}()
#36 /home/user/vendor/laravel/framework/src/Illuminate/Pipeline/Pipeline.php(209): Illuminate\\Http\\Middleware\\TrustProxies->handle()
#37 /home/user/vendor/laravel/framework/src/Illuminate/Foundation/Http/Middleware/InvokeDeferredCallbacks.php(22): Illuminate\\Pipeline\\Pipeline->{closure:{closure:Illuminate\\Pipeline\\Pipeline::carry():184}:185}()
#38 /home/user/vendor/laravel/framework/src/Illuminate/Pipeline/Pipeline.php(209): Illuminate\\Foundation\\Http\\Middleware\\InvokeDeferredCallbacks->handle()
#39 /home/user/vendor/laravel/framework/src/Illuminate/Pipeline/Pipeline.php(127): Illuminate\\Pipeline\\Pipeline->{closure:{closure:Illuminate\\Pipeline\\Pipeline::carry():184}:185}()
#40 /home/user/vendor/laravel/framework/src/Illuminate/Foundation/Http/Kernel.php(176): Illuminate\\Pipeline\\Pipeline->then()
#41 /home/user/vendor/laravel/framework/src/Illuminate/Foundation/Http/Kernel.php(145): Illuminate\\Foundation\\Http\\Kernel->sendRequestThroughRouter()
#42 /home/user/vendor/laravel/framework/src/Illuminate/Foundation/Testing/Concerns/MakesHttpRequests.php(607): Illuminate\\Foundation\\Http\\Kernel->handle()
#43 /home/user/vendor/laravel/framework/src/Illuminate/Foundation/Testing/Concerns/MakesHttpRequests.php(573): Illuminate\\Foundation\\Testing\\TestCase->call()
#44 /home/user/vendor/laravel/framework/src/Illuminate/Foundation/Testing/Concerns/MakesHttpRequests.php(411): Illuminate\\Foundation\\Testing\\TestCase->json()
#45 /home/user/tests/Feature/Security/ProductionSecurityComprehensiveTest.php(494): Illuminate\\Foundation\\Testing\\TestCase->postJson()
#46 /home/user/vendor/phpunit/phpunit/src/Framework/TestCase.php(1667): Tests\\Feature\\Security\\ProductionSecurityComprehensiveTest->test_22_withdrawal_rate_limiter_functional()
#47 /home/user/vendor/phpunit/phpunit/src/Framework/TestCase.php(519): PHPUnit\\Framework\\TestCase->runTest()
#48 /home/user/vendor/phpunit/phpunit/src/Framework/TestRunner/TestRunner.php(87): PHPUnit\\Framework\\TestCase->runBare()
#49 /home/user/vendor/phpunit/phpunit/src/Framework/TestCase.php(365): PHPUnit\\Framework\\TestRunner->run()
#50 /home/user/vendor/phpunit/phpunit/src/Framework/TestSuite.php(369): PHPUnit\\Framework\\TestCase->run()
#51 /home/user/vendor/phpunit/phpunit/src/Framework/TestSuite.php(369): PHPUnit\\Framework\\TestSuite->run()
#52 /home/user/vendor/phpunit/phpunit/src/Framework/TestSuite.php(369): PHPUnit\\Framework\\TestSuite->run()
#53 /home/user/vendor/phpunit/phpunit/src/TextUI/TestRunner.php(64): PHPUnit\\Framework\\TestSuite->run()
#54 /home/user/vendor/phpunit/phpunit/src/TextUI/Application.php(211): PHPUnit\\TextUI\\TestRunner->run()
#55 /home/user/vendor/phpunit/phpunit/phpunit(104): PHPUnit\\TextUI\\Application->run()
#56 /home/user/vendor/bin/phpunit(122): include('...')
#57 {main}
"} {"correlation_id":"cee6616a-a14d-4904-aa4b-e438d9d622c7"}
[2026-09-08 10:43:41] testing.ERROR: api.unhandled_exception {"correlation_id":"cee6616a-a14d-4904-aa4b-e438d9d622c7","exception":"[object] (Error(code: 0): Call to undefined method Illuminate\\Cache\\RateLimiting\\Limit::perDays() at /home/user/app/Providers/AppServiceProvider.php:95)
[stacktrace]
#0 /home/user/vendor/laravel/framework/src/Illuminate/Cache/RateLimiter.php(75): App\\Providers\\AppServiceProvider->{closure:App\\Providers\\AppServiceProvider::registerRateLimiters():93}()
#1 /home/user/vendor/laravel/framework/src/Illuminate/Routing/Middleware/ThrottleRequests.php(119): Illuminate\\Cache\\RateLimiter->{closure:Illuminate\\Cache\\RateLimiter::limiter():74}()
#2 /home/user/vendor/laravel/framework/src/Illuminate/Routing/Middleware/ThrottleRequests.php(89): Illuminate\\Routing\\Middleware\\ThrottleRequests->handleRequestUsingNamedLimiter()
#3 /home/user/vendor/laravel/framework/src/Illuminate/Pipeline/Pipeline.php(209): Illuminate\\Routing\\Middleware\\ThrottleRequests->handle()
#4 /home/user/vendor/laravel/framework/src/Illuminate/Routing/Middleware/ThrottleRequests.php(161): Illuminate\\Pipeline\\Pipeline->{closure:{closure:Illuminate\\Pipeline\\Pipeline::carry():184}:185}()
#5 /home/user/vendor/laravel/framework/src/Illuminate/Routing/Middleware/ThrottleRequests.php(127): Illuminate\\Routing\\Middleware\\ThrottleRequests->handleRequest()
#6 /home/user/vendor/laravel/framework/src/Illuminate/Routing/Middleware/ThrottleRequests.php(89): Illuminate\\Routing\\Middleware\\ThrottleRequests->handleRequestUsingNamedLimiter()
#7 /home/user/vendor/laravel/framework/src/Illuminate/Pipeline/Pipeline.php(209): Illuminate\\Routing\\Middleware\\ThrottleRequests->handle()
#8 /home/user/vendor/laravel/framework/src/Illuminate/Auth/Middleware/Authenticate.php(64): Illuminate\\Pipeline\\Pipeline->{closure:{closure:Illuminate\\Pipeline\\Pipeline::carry():184}:185}()
#9 /home/user/vendor/laravel/framework/src/Illuminate/Pipeline/Pipeline.php(209): Illuminate\\Auth\\Middleware\\Authenticate->handle()
#10 /home/user/vendor/laravel/framework/src/Illuminate/Pipeline/Pipeline.php(127): Illuminate\\Pipeline\\Pipeline->{closure:{closure:Illuminate\\Pipeline\\Pipeline::carry():184}:185}()
#11 /home/user/vendor/laravel/framework/src/Illuminate/Routing/Router.php(807): Illuminate\\Pipeline\\Pipeline->then()
#12 /home/user/vendor/laravel/framework/src/Illuminate/Routing/Router.php(786): Illuminate\\Routing\\Router->runRouteWithinStack()
#13 /home/user/vendor/laravel/framework/src/Illuminate/Routing/Router.php(750): Illuminate\\Routing\\Router->runRoute()
#14 /home/user/vendor/laravel/framework/src/Illuminate/Routing/Router.php(739): Illuminate\\Routing\\Router->dispatchToRoute()
#15 /home/user/vendor/laravel/framework/src/Illuminate/Foundation/Http/Kernel.php(201): Illuminate\\Routing\\Router->dispatch()
#16 /home/user/vendor/laravel/framework/src/Illuminate/Pipeline/Pipeline.php(170): Illuminate\\Foundation\\Http\\Kernel->{closure:Illuminate\\Foundation\\Http\\Kernel::dispatchToRouter():198}()
#17 /home/user/vendor/livewire/livewire/src/Features/SupportDisablingBackButtonCache/DisableBackButtonCacheMiddleware.php(19): Illuminate\\Pipeline\\Pipeline->{closure:Illuminate\\Pipeline\\Pipeline::prepareDestination():168}()
#18 /home/user/vendor/laravel/framework/src/Illuminate/Pipeline/Pipeline.php(209): Livewire\\Features\\SupportDisablingBackButtonCache\\DisableBackButtonCacheMiddleware->handle()
#19 /home/user/app/Http/Middleware/SecurityHeaders.php(13): Illuminate\\Pipeline\\Pipeline->{closure:{closure:Illuminate\\Pipeline\\Pipeline::carry():184}:185}()
#20 /home/user/vendor/laravel/framework/src/Illuminate/Pipeline/Pipeline.php(209): App\\Http\\Middleware\\SecurityHeaders->handle()
#21 /home/user/app/Http/Middleware/CorrelationIdMiddleware.php(35): Illuminate\\Pipeline\\Pipeline->{closure:{closure:Illuminate\\Pipeline\\Pipeline::carry():184}:185}()
#22 /home/user/vendor/laravel/framework/src/Illuminate/Pipeline/Pipeline.php(209): App\\Http\\Middleware\\CorrelationIdMiddleware->handle()
#23 /home/user/vendor/laravel/framework/src/Illuminate/Foundation/Http/Middleware/TransformsRequest.php(21): Illuminate\\Pipeline\\Pipeline->{closure:{closure:Illuminate\\Pipeline\\Pipeline::carry():184}:185}()
#24 /home/user/vendor/laravel/framework/src/Illuminate/Foundation/Http/Middleware/ConvertEmptyStringsToNull.php(31): Illuminate\\Foundation\\Http\\Middleware\\TransformsRequest->handle()
#25 /home/user/vendor/laravel/framework/src/Illuminate/Pipeline/Pipeline.php(209): Illuminate\\Foundation\\Http\\Middleware\\ConvertEmptyStringsToNull->handle()
#26 /home/user/vendor/laravel/framework/src/Illuminate/Foundation/Http/Middleware/TransformsRequest.php(21): Illuminate\\Pipeline\\Pipeline->{closure:{closure:Illuminate\\Pipeline\\Pipeline::carry():184}:185}()
#27 /home/user/vendor/laravel/framework/src/Illuminate/Foundation/Http/Middleware/TrimStrings.php(51): Illuminate\\Foundation\\Http\\Middleware\\TransformsRequest->handle()
#28 /home/user/vendor/laravel/framework/src/Illuminate/Pipeline/Pipeline.php(209): Illuminate\\Foundation\\Http\\Middleware\\TrimStrings->handle()
#29 /home/user/vendor/laravel/framework/src/Illuminate/Http/Middleware/ValidatePostSize.php(27): Illuminate\\Pipeline\\Pipeline->{closure:{closure:Illuminate\\Pipeline\\Pipeline::carry():184}:185}()
#30 /home/user/vendor/laravel/framework/src/Illuminate/Pipeline/Pipeline.php(209): Illuminate\\Http\\Middleware\\ValidatePostSize->handle()
#31 /home/user/vendor/laravel/framework/src/Illuminate/Foundation/Http/Middleware/PreventRequestsDuringMaintenance.php(110): Illuminate\\Pipeline\\Pipeline->{closure:{closure:Illuminate\\Pipeline\\Pipeline::carry():184}:185}()
#32 /home/user/vendor/laravel/framework/src/Illuminate/Pipeline/Pipeline.php(209): Illuminate\\Foundation\\Http\\Middleware\\PreventRequestsDuringMaintenance->handle()
#33 /home/user/vendor/laravel/framework/src/Illuminate/Http/Middleware/HandleCors.php(62): Illuminate\\Pipeline\\Pipeline->{closure:{closure:Illuminate\\Pipeline\\Pipeline::carry():184}:185}()
#34 /home/user/vendor/laravel/framework/src/Illuminate/Pipeline/Pipeline.php(209): Illuminate\\Http\\Middleware\\HandleCors->handle()
#35 /home/user/vendor/laravel/framework/src/Illuminate/Http/Middleware/TrustProxies.php(58): Illuminate\\Pipeline\\Pipeline->{closure:{closure:Illuminate\\Pipeline\\Pipeline::carry():184}:185}()
#36 /home/user/vendor/laravel/framework/src/Illuminate/Pipeline/Pipeline.php(209): Illuminate\\Http\\Middleware\\TrustProxies->handle()
#37 /home/user/vendor/laravel/framework/src/Illuminate/Foundation/Http/Middleware/InvokeDeferredCallbacks.php(22): Illuminate\\Pipeline\\Pipeline->{closure:{closure:Illuminate\\Pipeline\\Pipeline::carry():184}:185}()
#38 /home/user/vendor/laravel/framework/src/Illuminate/Pipeline/Pipeline.php(209): Illuminate\\Foundation\\Http\\Middleware\\InvokeDeferredCallbacks->handle()
#39 /home/user/vendor/laravel/framework/src/Illuminate/Pipeline/Pipeline.php(127): Illuminate\\Pipeline\\Pipeline->{closure:{closure:Illuminate\\Pipeline\\Pipeline::carry():184}:185}()
#40 /home/user/vendor/laravel/framework/src/Illuminate/Foundation/Http/Kernel.php(176): Illuminate\\Pipeline\\Pipeline->then()
#41 /home/user/vendor/laravel/framework/src/Illuminate/Foundation/Http/Kernel.php(145): Illuminate\\Foundation\\Http\\Kernel->sendRequestThroughRouter()
#42 /home/user/vendor/laravel/framework/src/Illuminate/Foundation/Testing/Concerns/MakesHttpRequests.php(607): Illuminate\\Foundation\\Http\\Kernel->handle()
#43 /home/user/vendor/laravel/framework/src/Illuminate/Foundation/Testing/Concerns/MakesHttpRequests.php(573): Illuminate\\Foundation\\Testing\\TestCase->call()
#44 /home/user/vendor/laravel/framework/src/Illuminate/Foundation/Testing/Concerns/MakesHttpRequests.php(411): Illuminate\\Foundation\\Testing\\TestCase->json()
#45 /home/user/tests/Feature/Security/ProductionSecurityComprehensiveTest.php(494): Illuminate\\Foundation\\Testing\\TestCase->postJson()
#46 /home/user/vendor/phpunit/phpunit/src/Framework/TestCase.php(1667): Tests\\Feature\\Security\\ProductionSecurityComprehensiveTest->test_22_withdrawal_rate_limiter_functional()
#47 /home/user/vendor/phpunit/phpunit/src/Framework/TestCase.php(519): PHPUnit\\Framework\\TestCase->runTest()
#48 /home/user/vendor/phpunit/phpunit/src/Framework/TestRunner/TestRunner.php(87): PHPUnit\\Framework\\TestCase->runBare()
#49 /home/user/vendor/phpunit/phpunit/src/Framework/TestCase.php(365): PHPUnit\\Framework\\TestRunner->run()
#50 /home/user/vendor/phpunit/phpunit/src/Framework/TestSuite.php(369): PHPUnit\\Framework\\TestCase->run()
#51 /home/user/vendor/phpunit/phpunit/src/Framework/TestSuite.php(369): PHPUnit\\Framework\\TestSuite->run()
#52 /home/user/vendor/phpunit/phpunit/src/Framework/TestSuite.php(369): PHPUnit\\Framework\\TestSuite->run()
#53 /home/user/vendor/phpunit/phpunit/src/TextUI/TestRunner.php(64): PHPUnit\\Framework\\TestSuite->run()
#54 /home/user/vendor/phpunit/phpunit/src/TextUI/Application.php(211): PHPUnit\\TextUI\\TestRunner->run()
#55 /home/user/vendor/phpunit/phpunit/phpunit(104): PHPUnit\\TextUI\\Application->run()
#56 /home/user/vendor/bin/phpunit(122): include('...')
#57 {main}
","path":"api/v1/withdrawals","method":"POST","user_id":1} {"correlation_id":"cee6616a-a14d-4904-aa4b-e438d9d622c7"}
[2026-09-08 10:43:41] testing.ERROR: Call to undefined method Illuminate\Cache\RateLimiting\Limit::perDays() {"correlation_id":"ca83e9c9-f50d-4514-a26f-d67d8bf26dba","userId":1,"exception":"[object] (Error(code: 0): Call to undefined method Illuminate\\Cache\\RateLimiting\\Limit::perDays() at /home/user/app/Providers/AppServiceProvider.php:95)
[stacktrace]
#0 /home/user/vendor/laravel/framework/src/Illuminate/Cache/RateLimiter.php(75): App\\Providers\\AppServiceProvider->{closure:App\\Providers\\AppServiceProvider::registerRateLimiters():93}()
#1 /home/user/vendor/laravel/framework/src/Illuminate/Routing/Middleware/ThrottleRequests.php(119): Illuminate\\Cache\\RateLimiter->{closure:Illuminate\\Cache\\RateLimiter::limiter():74}()
#2 /home/user/vendor/laravel/framework/src/Illuminate/Routing/Middleware/ThrottleRequests.php(89): Illuminate\\Routing\\Middleware\\ThrottleRequests->handleRequestUsingNamedLimiter()
#3 /home/user/vendor/laravel/framework/src/Illuminate/Pipeline/Pipeline.php(209): Illuminate\\Routing\\Middleware\\ThrottleRequests->handle()
#4 /home/user/vendor/laravel/framework/src/Illuminate/Routing/Middleware/ThrottleRequests.php(161): Illuminate\\Pipeline\\Pipeline->{closure:{closure:Illuminate\\Pipeline\\Pipeline::carry():184}:185}()
#5 /home/user/vendor/laravel/framework/src/Illuminate/Routing/Middleware/ThrottleRequests.php(127): Illuminate\\Routing\\Middleware\\ThrottleRequests->handleRequest()
#6 /home/user/vendor/laravel/framework/src/Illuminate/Routing/Middleware/ThrottleRequests.php(89): Illuminate\\Routing\\Middleware\\ThrottleRequests->handleRequestUsingNamedLimiter()
#7 /home/user/vendor/laravel/framework/src/Illuminate/Pipeline/Pipeline.php(209): Illuminate\\Routing\\Middleware\\ThrottleRequests->handle()
#8 /home/user/vendor/laravel/framework/src/Illuminate/Auth/Middleware/Authenticate.php(64): Illuminate\\Pipeline\\Pipeline->{closure:{closure:Illuminate\\Pipeline\\Pipeline::carry():184}:185}()
#9 /home/user/vendor/laravel/framework/src/Illuminate/Pipeline/Pipeline.php(209): Illuminate\\Auth\\Middleware\\Authenticate->handle()
#10 /home/user/vendor/laravel/framework/src/Illuminate/Pipeline/Pipeline.php(127): Illuminate\\Pipeline\\Pipeline->{closure:{closure:Illuminate\\Pipeline\\Pipeline::carry():184}:185}()
#11 /home/user/vendor/laravel/framework/src/Illuminate/Routing/Router.php(807): Illuminate\\Pipeline\\Pipeline->then()
#12 /home/user/vendor/laravel/framework/src/Illuminate/Routing/Router.php(786): Illuminate\\Routing\\Router->runRouteWithinStack()
#13 /home/user/vendor/laravel/framework/src/Illuminate/Routing/Router.php(750): Illuminate\\Routing\\Router->runRoute()
#14 /home/user/vendor/laravel/framework/src/Illuminate/Routing/Router.php(739): Illuminate\\Routing\\Router->dispatchToRoute()
#15 /home/user/vendor/laravel/framework/src/Illuminate/Foundation/Http/Kernel.php(201): Illuminate\\Routing\\Router->dispatch()
#16 /home/user/vendor/laravel/framework/src/Illuminate/Pipeline/Pipeline.php(170): Illuminate\\Foundation\\Http\\Kernel->{closure:Illuminate\\Foundation\\Http\\Kernel::dispatchToRouter():198}()
#17 /home/user/vendor/livewire/livewire/src/Features/SupportDisablingBackButtonCache/DisableBackButtonCacheMiddleware.php(19): Illuminate\\Pipeline\\Pipeline->{closure:Illuminate\\Pipeline\\Pipeline::prepareDestination():168}()
#18 /home/user/vendor/laravel/framework/src/Illuminate/Pipeline/Pipeline.php(209): Livewire\\Features\\SupportDisablingBackButtonCache\\DisableBackButtonCacheMiddleware->handle()
#19 /home/user/app/Http/Middleware/SecurityHeaders.php(13): Illuminate\\Pipeline\\Pipeline->{closure:{closure:Illuminate\\Pipeline\\Pipeline::carry():184}:185}()
#20 /home/user/vendor/laravel/framework/src/Illuminate/Pipeline/Pipeline.php(209): App\\Http\\Middleware\\SecurityHeaders->handle()
#21 /home/user/app/Http/Middleware/CorrelationIdMiddleware.php(35): Illuminate\\Pipeline\\Pipeline->{closure:{closure:Illuminate\\Pipeline\\Pipeline::carry():184}:185}()
#22 /home/user/vendor/laravel/framework/src/Illuminate/Pipeline/Pipeline.php(209): App\\Http\\Middleware\\CorrelationIdMiddleware->handle()
#23 /home/user/vendor/laravel/framework/src/Illuminate/Foundation/Http/Middleware/TransformsRequest.php(21): Illuminate\\Pipeline\\Pipeline->{closure:{closure:Illuminate\\Pipeline\\Pipeline::carry():184}:185}()
#24 /home/user/vendor/laravel/framework/src/Illuminate/Foundation/Http/Middleware/ConvertEmptyStringsToNull.php(31): Illuminate\\Foundation\\Http\\Middleware\\TransformsRequest->handle()
#25 /home/user/vendor/laravel/framework/src/Illuminate/Pipeline/Pipeline.php(209): Illuminate\\Foundation\\Http\\Middleware\\ConvertEmptyStringsToNull->handle()
#26 /home/user/vendor/laravel/framework/src/Illuminate/Foundation/Http/Middleware/TransformsRequest.php(21): Illuminate\\Pipeline\\Pipeline->{closure:{closure:Illuminate\\Pipeline\\Pipeline::carry():184}:185}()
#27 /home/user/vendor/laravel/framework/src/Illuminate/Foundation/Http/Middleware/TrimStrings.php(51): Illuminate\\Foundation\\Http\\Middleware\\TransformsRequest->handle()
#28 /home/user/vendor/laravel/framework/src/Illuminate/Pipeline/Pipeline.php(209): Illuminate\\Foundation\\Http\\Middleware\\TrimStrings->handle()
#29 /home/user/vendor/laravel/framework/src/Illuminate/Http/Middleware/ValidatePostSize.php(27): Illuminate\\Pipeline\\Pipeline->{closure:{closure:Illuminate\\Pipeline\\Pipeline::carry():184}:185}()
#30 /home/user/vendor/laravel/framework/src/Illuminate/Pipeline/Pipeline.php(209): Illuminate\\Http\\Middleware\\ValidatePostSize->handle()
#31 /home/user/vendor/laravel/framework/src/Illuminate/Foundation/Http/Middleware/PreventRequestsDuringMaintenance.php(110): Illuminate\\Pipeline\\Pipeline->{closure:{closure:Illuminate\\Pipeline\\Pipeline::carry():184}:185}()
#32 /home/user/vendor/laravel/framework/src/Illuminate/Pipeline/Pipeline.php(209): Illuminate\\Foundation\\Http\\Middleware\\PreventRequestsDuringMaintenance->handle()
#33 /home/user/vendor/laravel/framework/src/Illuminate/Http/Middleware/HandleCors.php(62): Illuminate\\Pipeline\\Pipeline->{closure:{closure:Illuminate\\Pipeline\\Pipeline::carry():184}:185}()
#34 /home/user/vendor/laravel/framework/src/Illuminate/Pipeline/Pipeline.php(209): Illuminate\\Http\\Middleware\\HandleCors->handle()
#35 /home/user/vendor/laravel/framework/src/Illuminate/Http/Middleware/TrustProxies.php(58): Illuminate\\Pipeline\\Pipeline->{closure:{closure:Illuminate\\Pipeline\\Pipeline::carry():184}:185}()
#36 /home/user/vendor/laravel/framework/src/Illuminate/Pipeline/Pipeline.php(209): Illuminate\\Http\\Middleware\\TrustProxies->handle()
#37 /home/user/vendor/laravel/framework/src/Illuminate/Foundation/Http/Middleware/InvokeDeferredCallbacks.php(22): Illuminate\\Pipeline\\Pipeline->{closure:{closure:Illuminate\\Pipeline\\Pipeline::carry():184}:185}()
#38 /home/user/vendor/laravel/framework/src/Illuminate/Pipeline/Pipeline.php(209): Illuminate\\Foundation\\Http\\Middleware\\InvokeDeferredCallbacks->handle()
#39 /home/user/vendor/laravel/framework/src/Illuminate/Pipeline/Pipeline.php(127): Illuminate\\Pipeline\\Pipeline->{closure:{closure:Illuminate\\Pipeline\\Pipeline::carry():184}:185}()
#40 /home/user/vendor/laravel/framework/src/Illuminate/Foundation/Http/Kernel.php(176): Illuminate\\Pipeline\\Pipeline->then()
#41 /home/user/vendor/laravel/framework/src/Illuminate/Foundation/Http/Kernel.php(145): Illuminate\\Foundation\\Http\\Kernel->sendRequestThroughRouter()
#42 /home/user/vendor/laravel/framework/src/Illuminate/Foundation/Testing/Concerns/MakesHttpRequests.php(607): Illuminate\\Foundation\\Http\\Kernel->handle()
#43 /home/user/vendor/laravel/framework/src/Illuminate/Foundation/Testing/Concerns/MakesHttpRequests.php(573): Illuminate\\Foundation\\Testing\\TestCase->call()
#44 /home/user/vendor/laravel/framework/src/Illuminate/Foundation/Testing/Concerns/MakesHttpRequests.php(411): Illuminate\\Foundation\\Testing\\TestCase->json()
#45 /home/user/tests/Feature/Security/ProductionSecurityComprehensiveTest.php(494): Illuminate\\Foundation\\Testing\\TestCase->postJson()
#46 /home/user/vendor/phpunit/phpunit/src/Framework/TestCase.php(1667): Tests\\Feature\\Security\\ProductionSecurityComprehensiveTest->test_22_withdrawal_rate_limiter_functional()
#47 /home/user/vendor/phpunit/phpunit/src/Framework/TestCase.php(519): PHPUnit\\Framework\\TestCase->runTest()
#48 /home/user/vendor/phpunit/phpunit/src/Framework/TestRunner/TestRunner.php(87): PHPUnit\\Framework\\TestCase->runBare()
#49 /home/user/vendor/phpunit/phpunit/src/Framework/TestCase.php(365): PHPUnit\\Framework\\TestRunner->run()
#50 /home/user/vendor/phpunit/phpunit/src/Framework/TestSuite.php(369): PHPUnit\\Framework\\TestCase->run()
#51 /home/user/vendor/phpunit/phpunit/src/Framework/TestSuite.php(369): PHPUnit\\Framework\\TestSuite->run()
#52 /home/user/vendor/phpunit/phpunit/src/Framework/TestSuite.php(369): PHPUnit\\Framework\\TestSuite->run()
#53 /home/user/vendor/phpunit/phpunit/src/TextUI/TestRunner.php(64): PHPUnit\\Framework\\TestSuite->run()
#54 /home/user/vendor/phpunit/phpunit/src/TextUI/Application.php(211): PHPUnit\\TextUI\\TestRunner->run()
#55 /home/user/vendor/phpunit/phpunit/phpunit(104): PHPUnit\\TextUI\\Application->run()
#56 /home/user/vendor/bin/phpunit(122): include('...')
#57 {main}
"} {"correlation_id":"ca83e9c9-f50d-4514-a26f-d67d8bf26dba"}
[2026-09-08 10:43:41] testing.ERROR: api.unhandled_exception {"correlation_id":"ca83e9c9-f50d-4514-a26f-d67d8bf26dba","exception":"[object] (Error(code: 0): Call to undefined method Illuminate\\Cache\\RateLimiting\\Limit::perDays() at /home/user/app/Providers/AppServiceProvider.php:95)
[stacktrace]
#0 /home/user/vendor/laravel/framework/src/Illuminate/Cache/RateLimiter.php(75): App\\Providers\\AppServiceProvider->{closure:App\\Providers\\AppServiceProvider::registerRateLimiters():93}()
#1 /home/user/vendor/laravel/framework/src/Illuminate/Routing/Middleware/ThrottleRequests.php(119): Illuminate\\Cache\\RateLimiter->{closure:Illuminate\\Cache\\RateLimiter::limiter():74}()
#2 /home/user/vendor/laravel/framework/src/Illuminate/Routing/Middleware/ThrottleRequests.php(89): Illuminate\\Routing\\Middleware\\ThrottleRequests->handleRequestUsingNamedLimiter()
#3 /home/user/vendor/laravel/framework/src/Illuminate/Pipeline/Pipeline.php(209): Illuminate\\Routing\\Middleware\\ThrottleRequests->handle()
#4 /home/user/vendor/laravel/framework/src/Illuminate/Routing/Middleware/ThrottleRequests.php(161): Illuminate\\Pipeline\\Pipeline->{closure:{closure:Illuminate\\Pipeline\\Pipeline::carry():184}:185}()
#5 /home/user/vendor/laravel/framework/src/Illuminate/Routing/Middleware/ThrottleRequests.php(127): Illuminate\\Routing\\Middleware\\ThrottleRequests->handleRequest()
#6 /home/user/vendor/laravel/framework/src/Illuminate/Routing/Middleware/ThrottleRequests.php(89): Illuminate\\Routing\\Middleware\\ThrottleRequests->handleRequestUsingNamedLimiter()
#7 /home/user/vendor/laravel/framework/src/Illuminate/Pipeline/Pipeline.php(209): Illuminate\\Routing\\Middleware\\ThrottleRequests->handle()
#8 /home/user/vendor/laravel/framework/src/Illuminate/Auth/Middleware/Authenticate.php(64): Illuminate\\Pipeline\\Pipeline->{closure:{closure:Illuminate\\Pipeline\\Pipeline::carry():184}:185}()
#9 /home/user/vendor/laravel/framework/src/Illuminate/Pipeline/Pipeline.php(209): Illuminate\\Auth\\Middleware\\Authenticate->handle()
#10 /home/user/vendor/laravel/framework/src/Illuminate/Pipeline/Pipeline.php(127): Illuminate\\Pipeline\\Pipeline->{closure:{closure:Illuminate\\Pipeline\\Pipeline::carry():184}:185}()
#11 /home/user/vendor/laravel/framework/src/Illuminate/Routing/Router.php(807): Illuminate\\Pipeline\\Pipeline->then()
#12 /home/user/vendor/laravel/framework/src/Illuminate/Routing/Router.php(786): Illuminate\\Routing\\Router->runRouteWithinStack()
#13 /home/user/vendor/laravel/framework/src/Illuminate/Routing/Router.php(750): Illuminate\\Routing\\Router->runRoute()
#14 /home/user/vendor/laravel/framework/src/Illuminate/Routing/Router.php(739): Illuminate\\Routing\\Router->dispatchToRoute()
#15 /home/user/vendor/laravel/framework/src/Illuminate/Foundation/Http/Kernel.php(201): Illuminate\\Routing\\Router->dispatch()
#16 /home/user/vendor/laravel/framework/src/Illuminate/Pipeline/Pipeline.php(170): Illuminate\\Foundation\\Http\\Kernel->{closure:Illuminate\\Foundation\\Http\\Kernel::dispatchToRouter():198}()
#17 /home/user/vendor/livewire/livewire/src/Features/SupportDisablingBackButtonCache/DisableBackButtonCacheMiddleware.php(19): Illuminate\\Pipeline\\Pipeline->{closure:Illuminate\\Pipeline\\Pipeline::prepareDestination():168}()
#18 /home/user/vendor/laravel/framework/src/Illuminate/Pipeline/Pipeline.php(209): Livewire\\Features\\SupportDisablingBackButtonCache\\DisableBackButtonCacheMiddleware->handle()
#19 /home/user/app/Http/Middleware/SecurityHeaders.php(13): Illuminate\\Pipeline\\Pipeline->{closure:{closure:Illuminate\\Pipeline\\Pipeline::carry():184}:185}()
#20 /home/user/vendor/laravel/framework/src/Illuminate/Pipeline/Pipeline.php(209): App\\Http\\Middleware\\SecurityHeaders->handle()
#21 /home/user/app/Http/Middleware/CorrelationIdMiddleware.php(35): Illuminate\\Pipeline\\Pipeline->{closure:{closure:Illuminate\\Pipeline\\Pipeline::carry():184}:185}()
#22 /home/user/vendor/laravel/framework/src/Illuminate/Pipeline/Pipeline.php(209): App\\Http\\Middleware\\CorrelationIdMiddleware->handle()
#23 /home/user/vendor/laravel/framework/src/Illuminate/Foundation/Http/Middleware/TransformsRequest.php(21): Illuminate\\Pipeline\\Pipeline->{closure:{closure:Illuminate\\Pipeline\\Pipeline::carry():184}:185}()
#24 /home/user/vendor/laravel/framework/src/Illuminate/Foundation/Http/Middleware/ConvertEmptyStringsToNull.php(31): Illuminate\\Foundation\\Http\\Middleware\\TransformsRequest->handle()
#25 /home/user/vendor/laravel/framework/src/Illuminate/Pipeline/Pipeline.php(209): Illuminate\\Foundation\\Http\\Middleware\\ConvertEmptyStringsToNull->handle()
#26 /home/user/vendor/laravel/framework/src/Illuminate/Foundation/Http/Middleware/TransformsRequest.php(21): Illuminate\\Pipeline\\Pipeline->{closure:{closure:Illuminate\\Pipeline\\Pipeline::carry():184}:185}()
#27 /home/user/vendor/laravel/framework/src/Illuminate/Foundation/Http/Middleware/TrimStrings.php(51): Illuminate\\Foundation\\Http\\Middleware\\TransformsRequest->handle()
#28 /home/user/vendor/laravel/framework/src/Illuminate/Pipeline/Pipeline.php(209): Illuminate\\Foundation\\Http\\Middleware\\TrimStrings->handle()
#29 /home/user/vendor/laravel/framework/src/Illuminate/Http/Middleware/ValidatePostSize.php(27): Illuminate\\Pipeline\\Pipeline->{closure:{closure:Illuminate\\Pipeline\\Pipeline::carry():184}:185}()
#30 /home/user/vendor/laravel/framework/src/Illuminate/Pipeline/Pipeline.php(209): Illuminate\\Http\\Middleware\\ValidatePostSize->handle()
#31 /home/user/vendor/laravel/framework/src/Illuminate/Foundation/Http/Middleware/PreventRequestsDuringMaintenance.php(110): Illuminate\\Pipeline\\Pipeline->{closure:{closure:Illuminate\\Pipeline\\Pipeline::carry():184}:185}()
#32 /home/user/vendor/laravel/framework/src/Illuminate/Pipeline/Pipeline.php(209): Illuminate\\Foundation\\Http\\Middleware\\PreventRequestsDuringMaintenance->handle()
#33 /home/user/vendor/laravel/framework/src/Illuminate/Http/Middleware/HandleCors.php(62): Illuminate\\Pipeline\\Pipeline->{closure:{closure:Illuminate\\Pipeline\\Pipeline::carry():184}:185}()
#34 /home/user/vendor/laravel/framework/src/Illuminate/Pipeline/Pipeline.php(209): Illuminate\\Http\\Middleware\\HandleCors->handle()
#35 /home/user/vendor/laravel/framework/src/Illuminate/Http/Middleware/TrustProxies.php(58): Illuminate\\Pipeline\\Pipeline->{closure:{closure:Illuminate\\Pipeline\\Pipeline::carry():184}:185}()
#36 /home/user/vendor/laravel/framework/src/Illuminate/Pipeline/Pipeline.php(209): Illuminate\\Http\\Middleware\\TrustProxies->handle()
#37 /home/user/vendor/laravel/framework/src/Illuminate/Foundation/Http/Middleware/InvokeDeferredCallbacks.php(22): Illuminate\\Pipeline\\Pipeline->{closure:{closure:Illuminate\\Pipeline\\Pipeline::carry():184}:185}()
#38 /home/user/vendor/laravel/framework/src/Illuminate/Pipeline/Pipeline.php(209): Illuminate\\Foundation\\Http\\Middleware\\InvokeDeferredCallbacks->handle()
#39 /home/user/vendor/laravel/framework/src/Illuminate/Pipeline/Pipeline.php(127): Illuminate\\Pipeline\\Pipeline->{closure:{closure:Illuminate\\Pipeline\\Pipeline::carry():184}:185}()
#40 /home/user/vendor/laravel/framework/src/Illuminate/Foundation/Http/Kernel.php(176): Illuminate\\Pipeline\\Pipeline->then()
#41 /home/user/vendor/laravel/framework/src/Illuminate/Foundation/Http/Kernel.php(145): Illuminate\\Foundation\\Http\\Kernel->sendRequestThroughRouter()
#42 /home/user/vendor/laravel/framework/src/Illuminate/Foundation/Testing/Concerns/MakesHttpRequests.php(607): Illuminate\\Foundation\\Http\\Kernel->handle()
#43 /home/user/vendor/laravel/framework/src/Illuminate/Foundation/Testing/Concerns/MakesHttpRequests.php(573): Illuminate\\Foundation\\Testing\\TestCase->call()
#44 /home/user/vendor/laravel/framework/src/Illuminate/Foundation/Testing/Concerns/MakesHttpRequests.php(411): Illuminate\\Foundation\\Testing\\TestCase->json()
#45 /home/user/tests/Feature/Security/ProductionSecurityComprehensiveTest.php(494): Illuminate\\Foundation\\Testing\\TestCase->postJson()
#46 /home/user/vendor/phpunit/phpunit/src/Framework/TestCase.php(1667): Tests\\Feature\\Security\\ProductionSecurityComprehensiveTest->test_22_withdrawal_rate_limiter_functional()
#47 /home/user/vendor/phpunit/phpunit/src/Framework/TestCase.php(519): PHPUnit\\Framework\\TestCase->runTest()
#48 /home/user/vendor/phpunit/phpunit/src/Framework/TestRunner/TestRunner.php(87): PHPUnit\\Framework\\TestCase->runBare()
#49 /home/user/vendor/phpunit/phpunit/src/Framework/TestCase.php(365): PHPUnit\\Framework\\TestRunner->run()
#50 /home/user/vendor/phpunit/phpunit/src/Framework/TestSuite.php(369): PHPUnit\\Framework\\TestCase->run()
#51 /home/user/vendor/phpunit/phpunit/src/Framework/TestSuite.php(369): PHPUnit\\Framework\\TestSuite->run()
#52 /home/user/vendor/phpunit/phpunit/src/Framework/TestSuite.php(369): PHPUnit\\Framework\\TestSuite->run()
#53 /home/user/vendor/phpunit/phpunit/src/TextUI/TestRunner.php(64): PHPUnit\\Framework\\TestSuite->run()
#54 /home/user/vendor/phpunit/phpunit/src/TextUI/Application.php(211): PHPUnit\\TextUI\\TestRunner->run()
#55 /home/user/vendor/phpunit/phpunit/phpunit(104): PHPUnit\\TextUI\\Application->run()
#56 /home/user/vendor/bin/phpunit(122): include('...')
#57 {main}
","path":"api/v1/withdrawals","method":"POST","user_id":1} {"correlation_id":"ca83e9c9-f50d-4514-a26f-d67d8bf26dba"}
[2026-09-08 10:45:28] testing.ERROR: High Exposure (High Risk) on number 123 [3d] for draw 1. {"risk_alert_type":"high_exposure","risk_level":"high","audit_log_id":4} 
[2026-09-08 10:45:34] testing.INFO: bet_purchase.api.success {"correlation_id":"3aee0744-63b7-4380-91ec-9289f2139e70","outcome":"purchased","bet_id":1,"bet_number":"BT-20260908-7C90FFAF9D63","ticket_id":1,"draw_id":1,"currency":"THB","stake":"10.00","client_key":"api-3fac7e5042598962807ac50192f07570561b1f92","request_id":"28c40bddf83ef925a3b86896d2abd0e9","user_id":1} {"correlation_id":"3aee0744-63b7-4380-91ec-9289f2139e70"}
[2026-09-08 10:45:34] testing.INFO: bet_purchase.api.success {"correlation_id":"a55426a2-1e32-41e4-9a06-3d58c40a7df7","outcome":"purchased","bet_id":1,"bet_number":"BT-20260908-9D3B0A2CB8E8","ticket_id":1,"draw_id":1,"currency":"THB","stake":"10.00","client_key":"api-a676f40bd6585d6668cbe33a51f09953c02a7fef","request_id":"6fb4742110a6b7c71e73ca6bc83dc5eb","user_id":1} {"correlation_id":"a55426a2-1e32-41e4-9a06-3d58c40a7df7"}
[2026-09-08 10:45:34] testing.INFO: bet_purchase.api.success {"correlation_id":"bf94c84b-88bf-4afb-a424-eb22a65e2bc8","outcome":"purchased","bet_id":1,"bet_number":"BT-20260908-72D2F40B1D55","ticket_id":1,"draw_id":1,"currency":"THB","stake":"10.00","client_key":"api-f7b8f591922e9b515c83f0ca28847379e14e3f93","request_id":"0dd42bbd2eea0333c5c87a3e65084d73","user_id":1} {"correlation_id":"bf94c84b-88bf-4afb-a424-eb22a65e2bc8"}
[2026-09-08 10:45:34] testing.INFO: bet_purchase.api.success {"correlation_id":"82e97e70-242d-4d35-a662-ab8da677e105","outcome":"purchased","bet_id":1,"bet_number":"BT-20260908-2FA887F6BB61","ticket_id":1,"draw_id":1,"currency":"THB","stake":"10.00","client_key":"api-e187d76746182cbb563423de65c53cff48e1b26c","request_id":"3de4264918fd30c19d75a7358e59852a","user_id":1} {"correlation_id":"82e97e70-242d-4d35-a662-ab8da677e105"}
[2026-09-08 10:45:35] testing.INFO: bet_purchase.api.success {"correlation_id":"e107313d-9453-4a40-84a6-6568b668c02d","outcome":"purchased","bet_id":1,"bet_number":"BT-20260908-52ECAE715D26","ticket_id":1,"draw_id":1,"currency":"THB","stake":"10.00","client_key":"api-bd6c2f1a5ca9ea80b589a486be6f1ed025590bed","request_id":"834f9b3b8a3160c551c483cf71e1ea5f","user_id":1} {"correlation_id":"e107313d-9453-4a40-84a6-6568b668c02d"}
[2026-09-08 10:45:35] testing.INFO: bet_purchase.api.success {"correlation_id":"3f350c21-0875-41fc-b5a7-3c123fa41e9c","outcome":"purchased","bet_id":1,"bet_number":"BT-20260908-51E1814F7AD8","ticket_id":1,"draw_id":1,"currency":"THB","stake":"10.00","client_key":"api-8e924a7dac69469f40b6a9525e68f510b7972699","request_id":"3073216b5c2a5321bf0e4374a3823c4d","user_id":1} {"correlation_id":"3f350c21-0875-41fc-b5a7-3c123fa41e9c"}
[2026-09-08 10:45:35] testing.INFO: bet_purchase.api.success {"correlation_id":"36870122-b195-41fb-8ee9-3a34d587c434","outcome":"purchased","bet_id":1,"bet_number":"BT-20260908-AEBF59F71687","ticket_id":1,"draw_id":1,"currency":"THB","stake":"10.00","client_key":"api-63e4863923f9d99f637040c4ecaa95eaf5e39f31","request_id":"6ca42b54d04af372d8304fe1f8152e0f","user_id":1} {"correlation_id":"36870122-b195-41fb-8ee9-3a34d587c434"}
[2026-09-08 10:45:35] testing.INFO: bet_purchase.api.success {"correlation_id":"8f9b97da-37dc-4ddd-b469-92da243e7ca3","outcome":"purchased","bet_id":1,"bet_number":"BT-20260908-5DA666D059CA","ticket_id":1,"draw_id":1,"currency":"THB","stake":"10.00","client_key":"api-1d2da6cca6185013559ff92e6eedc11e93618224","request_id":"f6c3014230849fe7191b379dbed25b57","user_id":1} {"correlation_id":"8f9b97da-37dc-4ddd-b469-92da243e7ca3"}
[2026-09-08 10:45:35] testing.INFO: bet_purchase.api.success {"correlation_id":"523b8da7-6c1e-4346-ae2f-ce0ffa9d8de1","outcome":"purchased","bet_id":1,"bet_number":"BT-20260908-627639CE48B2","ticket_id":1,"draw_id":1,"currency":"THB","stake":"10.00","client_key":"api-4fed3970dcc0d31dccddbf69ef55b00f32d2ca78","request_id":"6faba221353b3a190e954b0f6aa1c01b","user_id":1} {"correlation_id":"523b8da7-6c1e-4346-ae2f-ce0ffa9d8de1"}
[2026-09-08 10:45:35] testing.INFO: bet_purchase.api.success {"correlation_id":"369fafcb-7349-4a72-a833-a68036b907a5","outcome":"purchased","bet_id":1,"bet_number":"BT-20260908-37825C7AEE52","ticket_id":1,"draw_id":1,"currency":"THB","stake":"10.00","client_key":"api-3e23e8160039594a33894f6564e1b1348bbd7a00","request_id":"8f5a1ef3f28a87d13393c9fcf9003380","user_id":1} {"correlation_id":"369fafcb-7349-4a72-a833-a68036b907a5"}
[2026-09-08 10:45:35] testing.INFO: bet_purchase.api.success {"correlation_id":"2f37a044-f2c6-489d-851a-444264aef83c","outcome":"purchased","bet_id":1,"bet_number":"BT-20260908-505B354D42D9","ticket_id":1,"draw_id":1,"currency":"THB","stake":"10.00","client_key":"api-2e7d2c03a9507ae265ecf5b5356885a53393a202","request_id":"fd62c0620282ad1a9061f87485960f26","user_id":1} {"correlation_id":"2f37a044-f2c6-489d-851a-444264aef83c"}
[2026-09-08 10:45:35] testing.INFO: bet_purchase.api.refused {"correlation_id":"23a76a03-e407-4938-a968-46a8a3695190","outcome":"refused","error_code":"draw_not_found","http_status":404,"exception":"App\\Exceptions\\BetPurchaseValidationException","client_key":"api-3f79bb7b435b05321651daefd374cdc681dc06fa","request_id":"85b7b744f634e5c62771ed72decf95ca","user_id":1} {"correlation_id":"23a76a03-e407-4938-a968-46a8a3695190"}
[2026-09-08 10:45:35] testing.INFO: bet_purchase.api.refused {"correlation_id":"0af53a13-8c79-4039-bee1-ba8be24bfc1f","outcome":"refused","error_code":"draw_closed","http_status":422,"exception":"App\\Exceptions\\BetPurchaseValidationException","client_key":"api-252f10c83610ebca1a059c0bae8255eba2f95be4","request_id":"221c4845577ba086a30b3168991de45a","user_id":1} {"correlation_id":"0af53a13-8c79-4039-bee1-ba8be24bfc1f"}
[2026-09-08 10:45:35] testing.INFO: bet_purchase.api.success {"correlation_id":"50d84e73-56f4-4965-a4eb-7170a8ce9329","outcome":"purchased","bet_id":1,"bet_number":"BT-20260908-41B8F3AD8CAD","ticket_id":1,"draw_id":1,"currency":"THB","stake":"10.00","client_key":"api-de7d1b721a1e0632b7cf04edf5032c8ecffa9f9a","request_id":"28c8c01c611767e336dda43cb75d5c15","user_id":1} {"correlation_id":"50d84e73-56f4-4965-a4eb-7170a8ce9329"}
[2026-09-08 10:45:36] testing.INFO: bet_purchase.api.success {"correlation_id":"4fff282d-e0d9-40fe-a411-1c07a61b16f4","outcome":"purchased","bet_id":1,"bet_number":"BT-20260908-DAC7155594F3","ticket_id":1,"draw_id":1,"currency":"THB","stake":"10.00","client_key":"api-189f40034be7a199f1fa9891668ee3ab6049f82d","request_id":"ef2f6927f00ea4adc078f15682ebac48","user_id":1} {"correlation_id":"4fff282d-e0d9-40fe-a411-1c07a61b16f4"}
[2026-09-08 10:45:36] testing.INFO: bet_purchase.api.refused {"correlation_id":"c1b47feb-6ddf-46ed-b9cb-e0da5cdfdc75","outcome":"refused","error_code":"invalid_stake","http_status":422,"exception":"App\\Exceptions\\BetPurchaseValidationException","client_key":"api-acac86c0e609ca906f632b0e2dacccb2b77d22b0","request_id":"3cc392493c1d89702a19ba8022ea6114","user_id":1} {"correlation_id":"c1b47feb-6ddf-46ed-b9cb-e0da5cdfdc75"}
[2026-09-08 10:45:36] testing.INFO: bet_purchase.api.refused {"correlation_id":"dbc93c8f-76ef-48f0-af75-fd8a6e55c47d","outcome":"refused","error_code":"insufficient_balance","http_status":422,"exception":"App\\Exceptions\\BetPurchaseException","client_key":"api-1b16b1df538ba12dc3f97edbb85caa7050d46c14","request_id":"855e5f25b6e638a12a347166769db78b","user_id":1} {"correlation_id":"dbc93c8f-76ef-48f0-af75-fd8a6e55c47d"}
[2026-09-08 10:45:36] testing.INFO: bet_purchase.api.refused {"correlation_id":"6be7d4dc-2e25-4952-9f47-2cc51d8a2cd5","outcome":"refused","error_code":"risk_rejected","http_status":422,"exception":"App\\Exceptions\\BetPurchaseValidationException","client_key":"api-65c74c15a686187bb6bbf9958f494fc6b8006803","request_id":"38eaab1f7da61bbcc11f9c80586705a7","user_id":1} {"correlation_id":"6be7d4dc-2e25-4952-9f47-2cc51d8a2cd5"}
[2026-09-08 10:45:36] testing.INFO: bet_purchase.api.success {"correlation_id":"632e6590-ccb7-4a03-bf8e-bace88b37bcb","outcome":"purchased","bet_id":1,"bet_number":"BT-20260908-3691351F4401","ticket_id":1,"draw_id":1,"currency":"THB","stake":"10.00","client_key":"api-148de9c5a7a44d19e56cd9ae1a554bf67847afb0","request_id":"1ab61592905423f7b44da46abec4788b","user_id":1} {"correlation_id":"632e6590-ccb7-4a03-bf8e-bace88b37bcb"}
[2026-09-08 10:45:36] testing.INFO: bet_purchase.api.success {"correlation_id":"d617d203-6034-4812-b1ab-d2ffbd3e4ffb","outcome":"replayed","bet_id":1,"bet_number":"BT-20260908-3691351F4401","ticket_id":1,"draw_id":1,"currency":"THB","stake":"10.00","client_key":"api-148de9c5a7a44d19e56cd9ae1a554bf67847afb0","request_id":"0a7405f523430e0582cad1b67f51811f","user_id":1} {"correlation_id":"d617d203-6034-4812-b1ab-d2ffbd3e4ffb"}
[2026-09-08 10:45:36] testing.INFO: bet_purchase.api.success {"correlation_id":"4bed6c18-b064-4405-9ed3-701db0f23ed6","outcome":"purchased","bet_id":1,"bet_number":"BT-20260908-5414016FB525","ticket_id":1,"draw_id":1,"currency":"THB","stake":"10.00","client_key":"api-8e35c2cd3bf6641bdb0e2050b76932cbb2e6034a","request_id":"fbfc4a1598c38e094b0a89af9d81c726","user_id":1} {"correlation_id":"4bed6c18-b064-4405-9ed3-701db0f23ed6"}
[2026-09-08 10:45:36] testing.INFO: bet_purchase.api.refused {"correlation_id":"55f6019c-d849-41c8-9206-78c05c8d7185","outcome":"refused","error_code":"idempotency_payload_mismatch","http_status":409,"exception":"App\\Exceptions\\BetPurchaseIdempotencyException","client_key":"api-8e35c2cd3bf6641bdb0e2050b76932cbb2e6034a","request_id":"3a3af9e159c8718aad2484eee07f4a42","user_id":1} {"correlation_id":"55f6019c-d849-41c8-9206-78c05c8d7185"}
[2026-09-08 10:45:36] testing.INFO: bet_purchase.api.success {"correlation_id":"78b656e6-8c13-400a-ba1f-d343ab37198f","outcome":"purchased","bet_id":1,"bet_number":"BT-20260908-ACE616B9337F","ticket_id":1,"draw_id":1,"currency":"THB","stake":"10.00","client_key":"api-454349e422f05297191ead13e21d3db520e5abef","request_id":"d9649d0f5896a3fdd9851afb768fd4d6","user_id":1} {"correlation_id":"78b656e6-8c13-400a-ba1f-d343ab37198f"}
[2026-09-08 10:45:36] testing.INFO: bet_purchase.api.success {"correlation_id":"ab035871-15a1-464f-b264-f320ce78baa0","outcome":"purchased","bet_id":2,"bet_number":"BT-20260908-4D61C3AFA117","ticket_id":2,"draw_id":2,"currency":"THB","stake":"10.00","client_key":"api-454349e422f05297191ead13e21d3db520e5abef","request_id":"1bec30347e9f002f26516759659a57d2","user_id":2} {"correlation_id":"ab035871-15a1-464f-b264-f320ce78baa0"}
[2026-09-08 10:45:36] testing.INFO: bet_purchase.api.success {"correlation_id":"68c27a3f-1aab-4fcd-888d-98a3a76370fe","outcome":"purchased","bet_id":1,"bet_number":"BT-20260908-CC2E16362D4B","ticket_id":1,"draw_id":1,"currency":"THB","stake":"10.00","client_key":"api-043a718774c572bd8a25adbeb1bfcd5c0256ae11","request_id":"5b94911d73f9094be9e104238f10cf75","user_id":1} {"correlation_id":"68c27a3f-1aab-4fcd-888d-98a3a76370fe"}
[2026-09-08 10:45:36] testing.INFO: bet_purchase.api.success {"correlation_id":"537a8fe6-6ae9-449c-8d2d-067589bff0cc","outcome":"purchased","bet_id":2,"bet_number":"BT-20260908-E78C737EE887","ticket_id":2,"draw_id":2,"currency":"THB","stake":"10.00","client_key":"api-043a718774c572bd8a25adbeb1bfcd5c0256ae11","request_id":"ee5f910cfbd6b9ee0220ef52f41c8ad3","user_id":1} {"correlation_id":"537a8fe6-6ae9-449c-8d2d-067589bff0cc"}
[2026-09-08 10:45:36] testing.INFO: bet_purchase.api.success {"correlation_id":"25d56b80-00ef-4074-8981-abd6bc1b9899","outcome":"purchased","bet_id":1,"bet_number":"BT-20260908-4580EC3B3AD1","ticket_id":1,"draw_id":1,"currency":"THB","stake":"10.00","client_key":"api-e3b98a4da31a127d4bde6e43033f66ba274cab0e","request_id":"2ce6d8253318217112886c9f62d60a19","user_id":1} {"correlation_id":"25d56b80-00ef-4074-8981-abd6bc1b9899"}
[2026-09-08 10:45:36] testing.INFO: bet_purchase.api.success {"correlation_id":"6627feee-cc68-4561-a028-558e69070fa3","outcome":"purchased","bet_id":1,"bet_number":"BT-20260908-2BDCC0BBEFF6","ticket_id":1,"draw_id":1,"currency":"THB","stake":"10.00","client_key":"api-2d711642b726b04401627ca9fbac32f5c8530fb1","request_id":"a422e84a298deeac26433daf40b75249","user_id":1} {"correlation_id":"6627feee-cc68-4561-a028-558e69070fa3"}
[2026-09-08 10:45:36] testing.INFO: bet_purchase.api.success {"correlation_id":"5f5f577e-6775-440e-ba76-3026f82811a1","outcome":"purchased","bet_id":1,"bet_number":"BT-20260908-37601D011CDD","ticket_id":1,"draw_id":1,"currency":"THB","stake":"10.00","client_key":"api-a1fce4363854ff888cff4b8e7875d600c2682390","request_id":"bfcec98e7c0cda8c3bc2eab992f60d79","user_id":1} {"correlation_id":"5f5f577e-6775-440e-ba76-3026f82811a1"}
[2026-09-08 10:45:37] testing.INFO: bet_purchase.api.success {"correlation_id":"b68794a3-060d-4dd5-bd6b-60cd080ca9e4","outcome":"purchased","bet_id":1,"bet_number":"BT-20260908-AB5BBD599104","ticket_id":1,"draw_id":1,"currency":"THB","stake":"10.00","client_key":"api-fb8e20fc2e4c3f248c60c39bd652f3c1347298bb","request_id":"bc8fcca8fccd784c71b5e31d3ee0eb48","user_id":1} {"correlation_id":"b68794a3-060d-4dd5-bd6b-60cd080ca9e4"}
[2026-09-08 10:45:37] testing.INFO: bet_purchase.api.success {"correlation_id":"285ea10e-ed4e-4b24-8935-9ab8a780290a","outcome":"purchased","bet_id":1,"bet_number":"BT-20260908-10268B7C24CC","ticket_id":1,"draw_id":1,"currency":"THB","stake":"10.00","client_key":"api-f45de51cdef30991551e41e882dd7b5404799648","request_id":"65aa532d035ba560e35b43a2d0a16dff","user_id":1} {"correlation_id":"285ea10e-ed4e-4b24-8935-9ab8a780290a"}
[2026-09-08 10:45:37] testing.INFO: bet_purchase.api.success {"correlation_id":"ddcf5033-2354-43ae-956e-218be62d19f6","outcome":"purchased","bet_id":1,"bet_number":"BT-20260908-361721E1CE4B","ticket_id":1,"draw_id":1,"currency":"THB","stake":"10.00","client_key":"api-b0136a3f0a0fae4b4cbb261ae65b245326d69f8a","request_id":"7180f83a9e2e063c1463c494bce31af1","user_id":1} {"correlation_id":"ddcf5033-2354-43ae-956e-218be62d19f6"}
[2026-09-08 10:45:37] testing.INFO: bet_purchase.api.success {"correlation_id":"860b4393-6d1c-49b5-ac83-39ea71642546","outcome":"purchased","bet_id":1,"bet_number":"BT-20260908-63F203780790","ticket_id":1,"draw_id":1,"currency":"THB","stake":"10.00","client_key":"api-e5a94045f98e84810bb71edd3ba885463406b087","request_id":"7bc4921f366bf963b1d799fca9ce841c","user_id":1} {"correlation_id":"860b4393-6d1c-49b5-ac83-39ea71642546"}
[2026-09-08 10:45:37] testing.INFO: bet_purchase.api.success {"correlation_id":"de17ba16-36ff-4bd9-983e-f65bca3eb314","outcome":"purchased","bet_id":1,"bet_number":"BT-20260908-2E38D4A50F67","ticket_id":1,"draw_id":1,"currency":"THB","stake":"10.00","client_key":"api-b797c8d26a988c97a38d4458172406dc19ab0012","request_id":"48a45dcb0a1b6010aa9ee95e6d943206","user_id":1} {"correlation_id":"de17ba16-36ff-4bd9-983e-f65bca3eb314"}
[2026-09-08 10:45:37] testing.INFO: bet_purchase.api.success {"correlation_id":"3bdc94de-8ac3-4401-afde-746d6dbfd7e3","outcome":"purchased","bet_id":1,"bet_number":"BT-20260908-62A2230A8063","ticket_id":1,"draw_id":1,"currency":"THB","stake":"10.00","client_key":"api-70ba33708cbfb103f1a8e34afef333ba7dc02102","request_id":"9bce6338a21ab4a2c6fbe0d045954293","user_id":1} {"correlation_id":"3bdc94de-8ac3-4401-afde-746d6dbfd7e3"}
[2026-09-08 10:45:37] testing.INFO: bet_purchase.api.success {"correlation_id":"6ff2aeb9-99db-4a71-985a-eae5061af5c5","outcome":"purchased","bet_id":1,"bet_number":"BT-20260908-7DFE04B418F9","ticket_id":1,"draw_id":1,"currency":"THB","stake":"10.00","client_key":"api-f9a00f43e97e3966bb846e76b6795e11512c3bbf","request_id":"8899e1c73530890c5746ba8ddff0f454","user_id":1} {"correlation_id":"6ff2aeb9-99db-4a71-985a-eae5061af5c5"}
[2026-09-08 10:45:37] testing.INFO: bet_purchase.api.success {"correlation_id":"7acaefe0-cc91-4249-86aa-713a6f590477","outcome":"purchased","bet_id":1,"bet_number":"BT-20260908-6D024C909235","ticket_id":1,"draw_id":1,"currency":"THB","stake":"10.00","client_key":"api-503126878d17fcd6bde7df320ff6eb7c278a1c42","request_id":"177c43d4b0b73182dc558675474df4b0","user_id":1} {"correlation_id":"7acaefe0-cc91-4249-86aa-713a6f590477"}
[2026-09-08 10:45:37] testing.INFO: bet_purchase.api.success {"correlation_id":"a11a0fae-5b61-482f-9a62-a9346a34d8b3","outcome":"purchased","bet_id":1,"bet_number":"BT-20260908-68AD3AC4AE09","ticket_id":1,"draw_id":1,"currency":"THB","stake":"10.00","client_key":"api-9aaf680776b98fd17fe63376120525cbcdffc01b","request_id":"427079d6ff1d8540e1140710a7a5f9c8","user_id":1} {"correlation_id":"a11a0fae-5b61-482f-9a62-a9346a34d8b3"}
[2026-09-08 10:45:37] testing.INFO: bet_purchase.api.success {"correlation_id":"b8e175eb-51c5-477a-b051-fc5aa5f6d599","outcome":"purchased","bet_id":1,"bet_number":"BT-20260908-E12A45F142B8","ticket_id":1,"draw_id":1,"currency":"THB","stake":"10.55","client_key":"api-70a0d5198ebb88f97a2cc83a236a8afcc28c7d9e","request_id":"c2a4aceef2b69d6dd07819330a7554bc","user_id":1} {"correlation_id":"b8e175eb-51c5-477a-b051-fc5aa5f6d599"}
[2026-09-08 10:45:37] testing.INFO: bet_purchase.api.success {"correlation_id":"9d4d9433-ff20-49fd-9d5c-bad6b0352f1b","outcome":"purchased","bet_id":1,"bet_number":"BT-20260908-49FA06BAE424","ticket_id":1,"draw_id":1,"currency":"THB","stake":"10.00","client_key":"api-32e83e92d45d71f69dcf9d214688f03755421086","request_id":"833fe3d4c8490390556374baa319acb5","user_id":1} {"correlation_id":"9d4d9433-ff20-49fd-9d5c-bad6b0352f1b"}
[2026-09-08 10:45:38] testing.INFO: bet_purchase.api.success {"correlation_id":"b3c58ec5-2433-4b15-ad49-a1dceec528d8","outcome":"purchased","bet_id":1,"bet_number":"BT-20260908-80F09DD08784","ticket_id":1,"draw_id":1,"currency":"THB","stake":"10.00","client_key":"api-7d29d73105d636d04ca9fffcf979986d373ac874","request_id":"5bcde84cb7ecfdf5c8fd7186ca4759de","user_id":1} {"correlation_id":"b3c58ec5-2433-4b15-ad49-a1dceec528d8"}
[2026-09-08 10:45:38] testing.INFO: bet_purchase.api.success {"correlation_id":"4bf66b8f-f1e7-4282-8943-eb207af49963","outcome":"purchased","bet_id":1,"bet_number":"BT-20260908-10850648B68E","ticket_id":1,"draw_id":2,"currency":"THB","stake":"10.00","client_key":"api-6fdb16bc02366c008d809798cb3faae1efba55a5","request_id":"68daa63251c0fecc9d8e1d7ea601aaee","user_id":2} {"correlation_id":"4bf66b8f-f1e7-4282-8943-eb207af49963"}
[2026-09-08 10:45:38] testing.ERROR: SQLSTATE[42S02]: Base table or view not found: 1146 Table "thai_lottery.wallets" doesn't exist (Connection: mysql, SQL: select * from `wallets` where `id` = 1) in /var/www/app/Services/Finance/WalletService.php:118 {"correlation_id":"f8a3dedf-f8b5-409f-b3d8-73f402d6ca8b","exception":"[object] (RuntimeException(code: 0): SQLSTATE[42S02]: Base table or view not found: 1146 Table \"thai_lottery.wallets\" doesn't exist (Connection: mysql, SQL: select * from `wallets` where `id` = 1) in /var/www/app/Services/Finance/WalletService.php:118 at /home/user/tests/Feature/Api/V1/BetPurchaseApiTest.php:993)
[stacktrace]
#0 /home/user/vendor/laravel/framework/src/Illuminate/Routing/CallableDispatcher.php(40): Tests\\Feature\\Api\\V1\\BetPurchaseApiTest->{closure:Tests\\Feature\\Api\\V1\\BetPurchaseApiTest::am_an_unexpected_failure_never_exposes_a_stack_trace_or_internals():990}()
#1 /home/user/vendor/laravel/framework/src/Illuminate/Routing/Route.php(244): Illuminate\\Routing\\CallableDispatcher->dispatch()
#2 /home/user/vendor/laravel/framework/src/Illuminate/Routing/Route.php(215): Illuminate\\Routing\\Route->runCallable()
#3 /home/user/vendor/laravel/framework/src/Illuminate/Routing/Router.php(808): Illuminate\\Routing\\Route->run()
#4 /home/user/vendor/laravel/framework/src/Illuminate/Pipeline/Pipeline.php(170): Illuminate\\Routing\\Router->{closure:Illuminate\\Routing\\Router::runRouteWithinStack():807}()
#5 /home/user/vendor/laravel/framework/src/Illuminate/Routing/Middleware/SubstituteBindings.php(51): Illuminate\\Pipeline\\Pipeline->{closure:Illuminate\\Pipeline\\Pipeline::prepareDestination():168}()
#6 /home/user/vendor/laravel/framework/src/Illuminate/Pipeline/Pipeline.php(209): Illuminate\\Routing\\Middleware\\SubstituteBindings->handle()
#7 /home/user/vendor/laravel/framework/src/Illuminate/Pipeline/Pipeline.php(127): Illuminate\\Pipeline\\Pipeline->{closure:{closure:Illuminate\\Pipeline\\Pipeline::carry():184}:185}()
#8 /home/user/vendor/laravel/framework/src/Illuminate/Routing/Router.php(807): Illuminate\\Pipeline\\Pipeline->then()
#9 /home/user/vendor/laravel/framework/src/Illuminate/Routing/Router.php(786): Illuminate\\Routing\\Router->runRouteWithinStack()
#10 /home/user/vendor/laravel/framework/src/Illuminate/Routing/Router.php(750): Illuminate\\Routing\\Router->runRoute()
#11 /home/user/vendor/laravel/framework/src/Illuminate/Routing/Router.php(739): Illuminate\\Routing\\Router->dispatchToRoute()
#12 /home/user/vendor/laravel/framework/src/Illuminate/Foundation/Http/Kernel.php(201): Illuminate\\Routing\\Router->dispatch()
#13 /home/user/vendor/laravel/framework/src/Illuminate/Pipeline/Pipeline.php(170): Illuminate\\Foundation\\Http\\Kernel->{closure:Illuminate\\Foundation\\Http\\Kernel::dispatchToRouter():198}()
#14 /home/user/vendor/livewire/livewire/src/Features/SupportDisablingBackButtonCache/DisableBackButtonCacheMiddleware.php(19): Illuminate\\Pipeline\\Pipeline->{closure:Illuminate\\Pipeline\\Pipeline::prepareDestination():168}()
#15 /home/user/vendor/laravel/framework/src/Illuminate/Pipeline/Pipeline.php(209): Livewire\\Features\\SupportDisablingBackButtonCache\\DisableBackButtonCacheMiddleware->handle()
#16 /home/user/app/Http/Middleware/SecurityHeaders.php(13): Illuminate\\Pipeline\\Pipeline->{closure:{closure:Illuminate\\Pipeline\\Pipeline::carry():184}:185}()
#17 /home/user/vendor/laravel/framework/src/Illuminate/Pipeline/Pipeline.php(209): App\\Http\\Middleware\\SecurityHeaders->handle()
#18 /home/user/app/Http/Middleware/CorrelationIdMiddleware.php(35): Illuminate\\Pipeline\\Pipeline->{closure:{closure:Illuminate\\Pipeline\\Pipeline::carry():184}:185}()
#19 /home/user/vendor/laravel/framework/src/Illuminate/Pipeline/Pipeline.php(209): App\\Http\\Middleware\\CorrelationIdMiddleware->handle()
#20 /home/user/vendor/laravel/framework/src/Illuminate/Foundation/Http/Middleware/TransformsRequest.php(21): Illuminate\\Pipeline\\Pipeline->{closure:{closure:Illuminate\\Pipeline\\Pipeline::carry():184}:185}()
#21 /home/user/vendor/laravel/framework/src/Illuminate/Foundation/Http/Middleware/ConvertEmptyStringsToNull.php(31): Illuminate\\Foundation\\Http\\Middleware\\TransformsRequest->handle()
#22 /home/user/vendor/laravel/framework/src/Illuminate/Pipeline/Pipeline.php(209): Illuminate\\Foundation\\Http\\Middleware\\ConvertEmptyStringsToNull->handle()
#23 /home/user/vendor/laravel/framework/src/Illuminate/Foundation/Http/Middleware/TransformsRequest.php(21): Illuminate\\Pipeline\\Pipeline->{closure:{closure:Illuminate\\Pipeline\\Pipeline::carry():184}:185}()
#24 /home/user/vendor/laravel/framework/src/Illuminate/Foundation/Http/Middleware/TrimStrings.php(51): Illuminate\\Foundation\\Http\\Middleware\\TransformsRequest->handle()
#25 /home/user/vendor/laravel/framework/src/Illuminate/Pipeline/Pipeline.php(209): Illuminate\\Foundation\\Http\\Middleware\\TrimStrings->handle()
#26 /home/user/vendor/laravel/framework/src/Illuminate/Http/Middleware/ValidatePostSize.php(27): Illuminate\\Pipeline\\Pipeline->{closure:{closure:Illuminate\\Pipeline\\Pipeline::carry():184}:185}()
#27 /home/user/vendor/laravel/framework/src/Illuminate/Pipeline/Pipeline.php(209): Illuminate\\Http\\Middleware\\ValidatePostSize->handle()
#28 /home/user/vendor/laravel/framework/src/Illuminate/Foundation/Http/Middleware/PreventRequestsDuringMaintenance.php(110): Illuminate\\Pipeline\\Pipeline->{closure:{closure:Illuminate\\Pipeline\\Pipeline::carry():184}:185}()
#29 /home/user/vendor/laravel/framework/src/Illuminate/Pipeline/Pipeline.php(209): Illuminate\\Foundation\\Http\\Middleware\\PreventRequestsDuringMaintenance->handle()
#30 /home/user/vendor/laravel/framework/src/Illuminate/Http/Middleware/HandleCors.php(62): Illuminate\\Pipeline\\Pipeline->{closure:{closure:Illuminate\\Pipeline\\Pipeline::carry():184}:185}()
#31 /home/user/vendor/laravel/framework/src/Illuminate/Pipeline/Pipeline.php(209): Illuminate\\Http\\Middleware\\HandleCors->handle()
#32 /home/user/vendor/laravel/framework/src/Illuminate/Http/Middleware/TrustProxies.php(58): Illuminate\\Pipeline\\Pipeline->{closure:{closure:Illuminate\\Pipeline\\Pipeline::carry():184}:185}()
#33 /home/user/vendor/laravel/framework/src/Illuminate/Pipeline/Pipeline.php(209): Illuminate\\Http\\Middleware\\TrustProxies->handle()
#34 /home/user/vendor/laravel/framework/src/Illuminate/Foundation/Http/Middleware/InvokeDeferredCallbacks.php(22): Illuminate\\Pipeline\\Pipeline->{closure:{closure:Illuminate\\Pipeline\\Pipeline::carry():184}:185}()
#35 /home/user/vendor/laravel/framework/src/Illuminate/Pipeline/Pipeline.php(209): Illuminate\\Foundation\\Http\\Middleware\\InvokeDeferredCallbacks->handle()
#36 /home/user/vendor/laravel/framework/src/Illuminate/Pipeline/Pipeline.php(127): Illuminate\\Pipeline\\Pipeline->{closure:{closure:Illuminate\\Pipeline\\Pipeline::carry():184}:185}()
#37 /home/user/vendor/laravel/framework/src/Illuminate/Foundation/Http/Kernel.php(176): Illuminate\\Pipeline\\Pipeline->then()
#38 /home/user/vendor/laravel/framework/src/Illuminate/Foundation/Http/Kernel.php(145): Illuminate\\Foundation\\Http\\Kernel->sendRequestThroughRouter()
#39 /home/user/vendor/laravel/framework/src/Illuminate/Foundation/Testing/Concerns/MakesHttpRequests.php(607): Illuminate\\Foundation\\Http\\Kernel->handle()
#40 /home/user/vendor/laravel/framework/src/Illuminate/Foundation/Testing/Concerns/MakesHttpRequests.php(573): Illuminate\\Foundation\\Testing\\TestCase->call()
#41 /home/user/vendor/laravel/framework/src/Illuminate/Foundation/Testing/Concerns/MakesHttpRequests.php(381): Illuminate\\Foundation\\Testing\\TestCase->json()
#42 /home/user/tests/Feature/Api/V1/BetPurchaseApiTest.php(1001): Illuminate\\Foundation\\Testing\\TestCase->getJson()
#43 /home/user/vendor/phpunit/phpunit/src/Framework/TestCase.php(1667): Tests\\Feature\\Api\\V1\\BetPurchaseApiTest->am_an_unexpected_failure_never_exposes_a_stack_trace_or_internals()
#44 /home/user/vendor/phpunit/phpunit/src/Framework/TestCase.php(519): PHPUnit\\Framework\\TestCase->runTest()
#45 /home/user/vendor/phpunit/phpunit/src/Framework/TestRunner/TestRunner.php(87): PHPUnit\\Framework\\TestCase->runBare()
#46 /home/user/vendor/phpunit/phpunit/src/Framework/TestCase.php(365): PHPUnit\\Framework\\TestRunner->run()
#47 /home/user/vendor/phpunit/phpunit/src/Framework/TestSuite.php(369): PHPUnit\\Framework\\TestCase->run()
#48 /home/user/vendor/phpunit/phpunit/src/Framework/TestSuite.php(369): PHPUnit\\Framework\\TestSuite->run()
#49 /home/user/vendor/phpunit/phpunit/src/Framework/TestSuite.php(369): PHPUnit\\Framework\\TestSuite->run()
#50 /home/user/vendor/phpunit/phpunit/src/TextUI/TestRunner.php(64): PHPUnit\\Framework\\TestSuite->run()
#51 /home/user/vendor/phpunit/phpunit/src/TextUI/Application.php(211): PHPUnit\\TextUI\\TestRunner->run()
#52 /home/user/vendor/phpunit/phpunit/phpunit(104): PHPUnit\\TextUI\\Application->run()
#53 /home/user/vendor/bin/phpunit(122): include('...')
#54 {main}
"} {"correlation_id":"f8a3dedf-f8b5-409f-b3d8-73f402d6ca8b"}
[2026-09-08 10:45:38] testing.ERROR: api.unhandled_exception {"correlation_id":"f8a3dedf-f8b5-409f-b3d8-73f402d6ca8b","exception":"[object] (RuntimeException(code: 0): SQLSTATE[42S02]: Base table or view not found: 1146 Table \"thai_lottery.wallets\" doesn't exist (Connection: mysql, SQL: select * from `wallets` where `id` = 1) in /var/www/app/Services/Finance/WalletService.php:118 at /home/user/tests/Feature/Api/V1/BetPurchaseApiTest.php:993)
[stacktrace]
#0 /home/user/vendor/laravel/framework/src/Illuminate/Routing/CallableDispatcher.php(40): Tests\\Feature\\Api\\V1\\BetPurchaseApiTest->{closure:Tests\\Feature\\Api\\V1\\BetPurchaseApiTest::am_an_unexpected_failure_never_exposes_a_stack_trace_or_internals():990}()
#1 /home/user/vendor/laravel/framework/src/Illuminate/Routing/Route.php(244): Illuminate\\Routing\\CallableDispatcher->dispatch()
#2 /home/user/vendor/laravel/framework/src/Illuminate/Routing/Route.php(215): Illuminate\\Routing\\Route->runCallable()
#3 /home/user/vendor/laravel/framework/src/Illuminate/Routing/Router.php(808): Illuminate\\Routing\\Route->run()
#4 /home/user/vendor/laravel/framework/src/Illuminate/Pipeline/Pipeline.php(170): Illuminate\\Routing\\Router->{closure:Illuminate\\Routing\\Router::runRouteWithinStack():807}()
#5 /home/user/vendor/laravel/framework/src/Illuminate/Routing/Middleware/SubstituteBindings.php(51): Illuminate\\Pipeline\\Pipeline->{closure:Illuminate\\Pipeline\\Pipeline::prepareDestination():168}()
#6 /home/user/vendor/laravel/framework/src/Illuminate/Pipeline/Pipeline.php(209): Illuminate\\Routing\\Middleware\\SubstituteBindings->handle()
#7 /home/user/vendor/laravel/framework/src/Illuminate/Pipeline/Pipeline.php(127): Illuminate\\Pipeline\\Pipeline->{closure:{closure:Illuminate\\Pipeline\\Pipeline::carry():184}:185}()
#8 /home/user/vendor/laravel/framework/src/Illuminate/Routing/Router.php(807): Illuminate\\Pipeline\\Pipeline->then()
#9 /home/user/vendor/laravel/framework/src/Illuminate/Routing/Router.php(786): Illuminate\\Routing\\Router->runRouteWithinStack()
#10 /home/user/vendor/laravel/framework/src/Illuminate/Routing/Router.php(750): Illuminate\\Routing\\Router->runRoute()
#11 /home/user/vendor/laravel/framework/src/Illuminate/Routing/Router.php(739): Illuminate\\Routing\\Router->dispatchToRoute()
#12 /home/user/vendor/laravel/framework/src/Illuminate/Foundation/Http/Kernel.php(201): Illuminate\\Routing\\Router->dispatch()
#13 /home/user/vendor/laravel/framework/src/Illuminate/Pipeline/Pipeline.php(170): Illuminate\\Foundation\\Http\\Kernel->{closure:Illuminate\\Foundation\\Http\\Kernel::dispatchToRouter():198}()
#14 /home/user/vendor/livewire/livewire/src/Features/SupportDisablingBackButtonCache/DisableBackButtonCacheMiddleware.php(19): Illuminate\\Pipeline\\Pipeline->{closure:Illuminate\\Pipeline\\Pipeline::prepareDestination():168}()
#15 /home/user/vendor/laravel/framework/src/Illuminate/Pipeline/Pipeline.php(209): Livewire\\Features\\SupportDisablingBackButtonCache\\DisableBackButtonCacheMiddleware->handle()
#16 /home/user/app/Http/Middleware/SecurityHeaders.php(13): Illuminate\\Pipeline\\Pipeline->{closure:{closure:Illuminate\\Pipeline\\Pipeline::carry():184}:185}()
#17 /home/user/vendor/laravel/framework/src/Illuminate/Pipeline/Pipeline.php(209): App\\Http\\Middleware\\SecurityHeaders->handle()
#18 /home/user/app/Http/Middleware/CorrelationIdMiddleware.php(35): Illuminate\\Pipeline\\Pipeline->{closure:{closure:Illuminate\\Pipeline\\Pipeline::carry():184}:185}()
#19 /home/user/vendor/laravel/framework/src/Illuminate/Pipeline/Pipeline.php(209): App\\Http\\Middleware\\CorrelationIdMiddleware->handle()
#20 /home/user/vendor/laravel/framework/src/Illuminate/Foundation/Http/Middleware/TransformsRequest.php(21): Illuminate\\Pipeline\\Pipeline->{closure:{closure:Illuminate\\Pipeline\\Pipeline::carry():184}:185}()
#21 /home/user/vendor/laravel/framework/src/Illuminate/Foundation/Http/Middleware/ConvertEmptyStringsToNull.php(31): Illuminate\\Foundation\\Http\\Middleware\\TransformsRequest->handle()
#22 /home/user/vendor/laravel/framework/src/Illuminate/Pipeline/Pipeline.php(209): Illuminate\\Foundation\\Http\\Middleware\\ConvertEmptyStringsToNull->handle()
#23 /home/user/vendor/laravel/framework/src/Illuminate/Foundation/Http/Middleware/TransformsRequest.php(21): Illuminate\\Pipeline\\Pipeline->{closure:{closure:Illuminate\\Pipeline\\Pipeline::carry():184}:185}()
#24 /home/user/vendor/laravel/framework/src/Illuminate/Foundation/Http/Middleware/TrimStrings.php(51): Illuminate\\Foundation\\Http\\Middleware\\TransformsRequest->handle()
#25 /home/user/vendor/laravel/framework/src/Illuminate/Pipeline/Pipeline.php(209): Illuminate\\Foundation\\Http\\Middleware\\TrimStrings->handle()
#26 /home/user/vendor/laravel/framework/src/Illuminate/Http/Middleware/ValidatePostSize.php(27): Illuminate\\Pipeline\\Pipeline->{closure:{closure:Illuminate\\Pipeline\\Pipeline::carry():184}:185}()
#27 /home/user/vendor/laravel/framework/src/Illuminate/Pipeline/Pipeline.php(209): Illuminate\\Http\\Middleware\\ValidatePostSize->handle()
#28 /home/user/vendor/laravel/framework/src/Illuminate/Foundation/Http/Middleware/PreventRequestsDuringMaintenance.php(110): Illuminate\\Pipeline\\Pipeline->{closure:{closure:Illuminate\\Pipeline\\Pipeline::carry():184}:185}()
#29 /home/user/vendor/laravel/framework/src/Illuminate/Pipeline/Pipeline.php(209): Illuminate\\Foundation\\Http\\Middleware\\PreventRequestsDuringMaintenance->handle()
#30 /home/user/vendor/laravel/framework/src/Illuminate/Http/Middleware/HandleCors.php(62): Illuminate\\Pipeline\\Pipeline->{closure:{closure:Illuminate\\Pipeline\\Pipeline::carry():184}:185}()
#31 /home/user/vendor/laravel/framework/src/Illuminate/Pipeline/Pipeline.php(209): Illuminate\\Http\\Middleware\\HandleCors->handle()
#32 /home/user/vendor/laravel/framework/src/Illuminate/Http/Middleware/TrustProxies.php(58): Illuminate\\Pipeline\\Pipeline->{closure:{closure:Illuminate\\Pipeline\\Pipeline::carry():184}:185}()
#33 /home/user/vendor/laravel/framework/src/Illuminate/Pipeline/Pipeline.php(209): Illuminate\\Http\\Middleware\\TrustProxies->handle()
#34 /home/user/vendor/laravel/framework/src/Illuminate/Foundation/Http/Middleware/InvokeDeferredCallbacks.php(22): Illuminate\\Pipeline\\Pipeline->{closure:{closure:Illuminate\\Pipeline\\Pipeline::carry():184}:185}()
#35 /home/user/vendor/laravel/framework/src/Illuminate/Pipeline/Pipeline.php(209): Illuminate\\Foundation\\Http\\Middleware\\InvokeDeferredCallbacks->handle()
#36 /home/user/vendor/laravel/framework/src/Illuminate/Pipeline/Pipeline.php(127): Illuminate\\Pipeline\\Pipeline->{closure:{closure:Illuminate\\Pipeline\\Pipeline::carry():184}:185}()
#37 /home/user/vendor/laravel/framework/src/Illuminate/Foundation/Http/Kernel.php(176): Illuminate\\Pipeline\\Pipeline->then()
#38 /home/user/vendor/laravel/framework/src/Illuminate/Foundation/Http/Kernel.php(145): Illuminate\\Foundation\\Http\\Kernel->sendRequestThroughRouter()
#39 /home/user/vendor/laravel/framework/src/Illuminate/Foundation/Testing/Concerns/MakesHttpRequests.php(607): Illuminate\\Foundation\\Http\\Kernel->handle()
#40 /home/user/vendor/laravel/framework/src/Illuminate/Foundation/Testing/Concerns/MakesHttpRequests.php(573): Illuminate\\Foundation\\Testing\\TestCase->call()
#41 /home/user/vendor/laravel/framework/src/Illuminate/Foundation/Testing/Concerns/MakesHttpRequests.php(381): Illuminate\\Foundation\\Testing\\TestCase->json()
#42 /home/user/tests/Feature/Api/V1/BetPurchaseApiTest.php(1001): Illuminate\\Foundation\\Testing\\TestCase->getJson()
#43 /home/user/vendor/phpunit/phpunit/src/Framework/TestCase.php(1667): Tests\\Feature\\Api\\V1\\BetPurchaseApiTest->am_an_unexpected_failure_never_exposes_a_stack_trace_or_internals()
#44 /home/user/vendor/phpunit/phpunit/src/Framework/TestCase.php(519): PHPUnit\\Framework\\TestCase->runTest()
#45 /home/user/vendor/phpunit/phpunit/src/Framework/TestRunner/TestRunner.php(87): PHPUnit\\Framework\\TestCase->runBare()
#46 /home/user/vendor/phpunit/phpunit/src/Framework/TestCase.php(365): PHPUnit\\Framework\\TestRunner->run()
#47 /home/user/vendor/phpunit/phpunit/src/Framework/TestSuite.php(369): PHPUnit\\Framework\\TestCase->run()
#48 /home/user/vendor/phpunit/phpunit/src/Framework/TestSuite.php(369): PHPUnit\\Framework\\TestSuite->run()
#49 /home/user/vendor/phpunit/phpunit/src/Framework/TestSuite.php(369): PHPUnit\\Framework\\TestSuite->run()
#50 /home/user/vendor/phpunit/phpunit/src/TextUI/TestRunner.php(64): PHPUnit\\Framework\\TestSuite->run()
#51 /home/user/vendor/phpunit/phpunit/src/TextUI/Application.php(211): PHPUnit\\TextUI\\TestRunner->run()
#52 /home/user/vendor/phpunit/phpunit/phpunit(104): PHPUnit\\TextUI\\Application->run()
#53 /home/user/vendor/bin/phpunit(122): include('...')
#54 {main}
","path":"api/v1/__phase44_failure_probe","method":"GET","user_id":null} {"correlation_id":"f8a3dedf-f8b5-409f-b3d8-73f402d6ca8b"}
[2026-09-08 10:45:39] testing.CRITICAL: Limit Exceeded (Critical Risk) on number 123 [3d] for draw 1. {"risk_alert_type":"limit_exceeded","risk_level":"critical","audit_log_id":1} 
[2026-09-08 10:45:39] testing.CRITICAL: Critical Exposure (Critical Risk) on number 123 [3d] for draw 1. {"risk_alert_type":"critical_exposure","risk_level":"critical","audit_log_id":2} 
[2026-09-08 10:45:41] testing.INFO: lottery.automation.provisioned {"created":3,"existing":0,"horizon_days":40} 
[2026-09-08 10:45:41] testing.INFO: lottery.automation.provisioned {"created":8,"existing":0,"horizon_days":120} 
[2026-09-08 10:45:41] testing.INFO: lottery.automation.provisioned {"created":0,"existing":8,"horizon_days":120} 
[2026-09-08 10:45:42] testing.INFO: lottery.automation.provisioned {"created":3,"existing":0,"horizon_days":40} 
[2026-09-08 10:45:42] testing.INFO: lottery.automation.provisioned {"created":0,"existing":3,"horizon_days":40} 
[2026-09-08 10:45:42] testing.INFO: lottery.automation.run {"command":"lottery:open-draws","activity":"open","processed":1,"failed":0,"skipped":0,"candidates":1} 
[2026-09-08 10:45:42] testing.INFO: lottery.automation.run {"command":"lottery:close-draws","activity":"close","processed":1,"failed":0,"skipped":0,"candidates":1} 
[2026-09-08 10:45:42] testing.INFO: lottery.automation.run {"command":"lottery:close-draws","activity":"close","processed":1,"failed":0,"skipped":0,"candidates":1} 
[2026-09-08 10:45:42] testing.INFO: lottery.automation.run {"command":"lottery:close-draws","activity":"close","processed":1,"failed":0,"skipped":0,"candidates":1} 
[2026-09-08 10:45:42] testing.INFO: lottery.automation.run {"command":"lottery:mark-results-pending","activity":"mark result-pending","processed":1,"failed":0,"skipped":0,"candidates":1} 
[2026-09-08 10:45:42] testing.INFO: lottery.automation.run {"command":"lottery:mark-results-pending","activity":"mark result-pending","processed":1,"failed":0,"skipped":0,"candidates":1} 
[2026-09-08 10:45:42] testing.INFO: lottery.automation.run {"command":"lottery:settle-draws","activity":"settle","processed":1,"failed":0,"skipped":0,"candidates":1} 
[2026-09-08 10:45:42] testing.INFO: lottery.automation.run {"command":"lottery:mark-results-pending","activity":"mark result-pending","processed":1,"failed":0,"skipped":0,"candidates":1} 
[2026-09-08 10:45:42] testing.INFO: lottery.automation.run {"command":"lottery:mark-results-pending","activity":"mark result-pending","processed":1,"failed":0,"skipped":0,"candidates":1} 
[2026-09-08 10:45:42] testing.INFO: lottery.automation.run {"command":"lottery:settle-draws","activity":"settle","processed":1,"failed":0,"skipped":0,"candidates":1} 
[2026-09-08 10:45:42] testing.INFO: lottery.automation.run {"command":"lottery:mark-results-pending","activity":"mark result-pending","processed":1,"failed":0,"skipped":0,"candidates":1} 
[2026-09-08 10:45:42] testing.INFO: lottery.automation.run {"command":"lottery:settle-draws","activity":"settle","processed":1,"failed":0,"skipped":0,"candidates":1} 
[2026-09-08 10:45:42] testing.INFO: lottery.automation.run {"command":"lottery:settle-draws","activity":"settle","processed":1,"failed":0,"skipped":0,"candidates":1} 
[2026-09-08 10:45:42] testing.INFO: lottery.automation.run {"command":"lottery:mark-results-pending","activity":"mark result-pending","processed":1,"failed":0,"skipped":0,"candidates":1} 
[2026-09-08 10:45:42] testing.INFO: lottery.automation.run {"command":"lottery:settle-draws","activity":"settle","processed":1,"failed":0,"skipped":0,"candidates":1} 
[2026-09-08 10:45:42] testing.INFO: lottery.automation.run {"command":"lottery:mark-results-pending","activity":"mark result-pending","processed":1,"failed":0,"skipped":0,"candidates":1} 
[2026-09-08 10:45:42] testing.ERROR: lottery.automation.draw_failed {"command":"lottery:settle-draws","activity":"settle","draw_id":1,"draw_number":"DR-TEST-0015","exception":"[object] (App\\Exceptions\\DrawLifecycleException(code: 0): Draw 1 is in state result_published, which implies a published official result, but no draw_results row exists for it. This is refused rather than repaired. at /home/user/app/Exceptions/DrawLifecycleException.php:252)
[stacktrace]
#0 /home/user/app/Services/Draw/DrawSettlementSimulationService.php(200): App\\Exceptions\\DrawLifecycleException::resultMissing()
#1 /home/user/app/Services/Draw/DrawSettlementSimulationService.php(393): App\\Services\\Draw\\DrawSettlementSimulationService->publishedResultFor()
#2 /home/user/app/Services/Draw/DrawSettlementSimulationService.php(156): App\\Services\\Draw\\DrawSettlementSimulationService->performSettlement()
#3 /home/user/vendor/laravel/framework/src/Illuminate/Database/Concerns/ManagesTransactions.php(32): App\\Services\\Draw\\DrawSettlementSimulationService->{closure:App\\Services\\Draw\\DrawSettlementSimulationService::settle():145}()
#4 /home/user/vendor/laravel/framework/src/Illuminate/Database/DatabaseManager.php(495): Illuminate\\Database\\Connection->transaction()
#5 /home/user/vendor/laravel/framework/src/Illuminate/Support/Facades/Facade.php(361): Illuminate\\Database\\DatabaseManager->__call()
#6 /home/user/app/Services/Draw/DrawSettlementSimulationService.php(145): Illuminate\\Support\\Facades\\Facade::__callStatic()
#7 /home/user/app/Console/Commands/Lottery/SettleDrawsCommand.php(90): App\\Services\\Draw\\DrawSettlementSimulationService->settle()
#8 /home/user/app/Console/Commands/Lottery/LotteryAutomationCommand.php(155): App\\Console\\Commands\\Lottery\\SettleDrawsCommand->{closure:App\\Console\\Commands\\Lottery\\SettleDrawsCommand::handle():89}()
#9 /home/user/app/Console/Commands/Lottery/SettleDrawsCommand.php(87): App\\Console\\Commands\\Lottery\\LotteryAutomationCommand->eachDueDraw()
#10 /home/user/vendor/laravel/framework/src/Illuminate/Container/BoundMethod.php(36): App\\Console\\Commands\\Lottery\\SettleDrawsCommand->handle()
#11 /home/user/vendor/laravel/framework/src/Illuminate/Container/Util.php(43): Illuminate\\Container\\BoundMethod::{closure:Illuminate\\Container\\BoundMethod::call():35}()
#12 /home/user/vendor/laravel/framework/src/Illuminate/Container/BoundMethod.php(95): Illuminate\\Container\\Util::unwrapIfClosure()
#13 /home/user/vendor/laravel/framework/src/Illuminate/Container/BoundMethod.php(35): Illuminate\\Container\\BoundMethod::callBoundMethod()
#14 /home/user/vendor/laravel/framework/src/Illuminate/Container/Container.php(696): Illuminate\\Container\\BoundMethod::call()
#15 /home/user/vendor/laravel/framework/src/Illuminate/Console/Command.php(213): Illuminate\\Container\\Container->call()
#16 /home/user/vendor/symfony/console/Command/Command.php(341): Illuminate\\Console\\Command->execute()
#17 /home/user/vendor/laravel/framework/src/Illuminate/Console/Command.php(182): Symfony\\Component\\Console\\Command\\Command->run()
#18 /home/user/vendor/symfony/console/Application.php(1094): Illuminate\\Console\\Command->run()
#19 /home/user/vendor/symfony/console/Application.php(356): Symfony\\Component\\Console\\Application->doRunCommand()
#20 /home/user/vendor/symfony/console/Application.php(195): Symfony\\Component\\Console\\Application->doRun()
#21 /home/user/vendor/laravel/framework/src/Illuminate/Console/Application.php(166): Symfony\\Component\\Console\\Application->run()
#22 /home/user/vendor/laravel/framework/src/Illuminate/Foundation/Console/Kernel.php(427): Illuminate\\Console\\Application->call()
#23 /home/user/vendor/laravel/framework/src/Illuminate/Testing/PendingCommand.php(332): Illuminate\\Foundation\\Console\\Kernel->call()
#24 /home/user/vendor/laravel/framework/src/Illuminate/Testing/PendingCommand.php(556): Illuminate\\Testing\\PendingCommand->run()
#25 /home/user/tests/Feature/Console/DrawAutomationTest.php(334): Illuminate\\Testing\\PendingCommand->__destruct()
#26 /home/user/vendor/phpunit/phpunit/src/Framework/TestCase.php(1667): Tests\\Feature\\Console\\DrawAutomationTest->one_bad_draw_does_not_stop_the_batch_and_the_command_still_reports_failure()
#27 /home/user/vendor/phpunit/phpunit/src/Framework/TestCase.php(519): PHPUnit\\Framework\\TestCase->runTest()
#28 /home/user/vendor/phpunit/phpunit/src/Framework/TestRunner/TestRunner.php(87): PHPUnit\\Framework\\TestCase->runBare()
#29 /home/user/vendor/phpunit/phpunit/src/Framework/TestCase.php(365): PHPUnit\\Framework\\TestRunner->run()
#30 /home/user/vendor/phpunit/phpunit/src/Framework/TestSuite.php(369): PHPUnit\\Framework\\TestCase->run()
#31 /home/user/vendor/phpunit/phpunit/src/Framework/TestSuite.php(369): PHPUnit\\Framework\\TestSuite->run()
#32 /home/user/vendor/phpunit/phpunit/src/Framework/TestSuite.php(369): PHPUnit\\Framework\\TestSuite->run()
#33 /home/user/vendor/phpunit/phpunit/src/TextUI/TestRunner.php(64): PHPUnit\\Framework\\TestSuite->run()
#34 /home/user/vendor/phpunit/phpunit/src/TextUI/Application.php(211): PHPUnit\\TextUI\\TestRunner->run()
#35 /home/user/vendor/phpunit/phpunit/phpunit(104): PHPUnit\\TextUI\\Application->run()
#36 /home/user/vendor/bin/phpunit(122): include('...')
#37 {main}
"} 
[2026-09-08 10:45:42] testing.INFO: lottery.automation.run {"command":"lottery:settle-draws","activity":"settle","processed":1,"failed":1,"skipped":0,"candidates":2} 
[2026-09-08 10:45:42] testing.INFO: lottery.tick {"steps":5,"failed_steps":[],"duration_ms":0.0,"dry_run":false} 
[2026-09-08 10:45:42] testing.INFO: lottery.automation.run {"command":"lottery:open-draws","activity":"open","processed":1,"failed":0,"skipped":0,"candidates":1} 
[2026-09-08 10:45:42] testing.INFO: lottery.automation.run {"command":"lottery:close-draws","activity":"close","processed":2,"failed":0,"skipped":0,"candidates":2} 
[2026-09-08 10:45:42] testing.INFO: lottery.automation.provisioned {"created":6,"existing":0,"horizon_days":90} 
[2026-09-08 10:45:42] testing.INFO: lottery.automation.run {"command":"lottery:open-draws","activity":"open","processed":1,"failed":0,"skipped":0,"candidates":1} 
[2026-09-08 10:45:42] testing.INFO: lottery.automation.run {"command":"lottery:close-draws","activity":"close","processed":1,"failed":0,"skipped":0,"candidates":1} 
[2026-09-08 10:45:42] testing.INFO: lottery.automation.run {"command":"lottery:mark-results-pending","activity":"mark result-pending","processed":1,"failed":0,"skipped":0,"candidates":1} 
[2026-09-08 10:45:42] testing.INFO: lottery.tick {"steps":5,"failed_steps":[],"duration_ms":21.0,"dry_run":false} 
[2026-09-08 10:45:42] testing.INFO: lottery.automation.provisioned {"created":6,"existing":0,"horizon_days":90} 
[2026-09-08 10:45:42] testing.INFO: lottery.automation.run {"command":"lottery:open-draws","activity":"open","processed":1,"failed":0,"skipped":0,"candidates":1} 
[2026-09-08 10:45:42] testing.INFO: lottery.automation.run {"command":"lottery:close-draws","activity":"close","processed":1,"failed":0,"skipped":0,"candidates":1} 
[2026-09-08 10:45:42] testing.INFO: lottery.automation.run {"command":"lottery:mark-results-pending","activity":"mark result-pending","processed":1,"failed":0,"skipped":0,"candidates":1} 
[2026-09-08 10:45:42] testing.INFO: lottery.tick {"steps":5,"failed_steps":[],"duration_ms":20.0,"dry_run":false} 
[2026-09-08 10:45:42] testing.INFO: lottery.automation.run {"command":"lottery:mark-results-pending","activity":"mark result-pending","processed":1,"failed":0,"skipped":0,"candidates":1} 
[2026-09-08 10:45:42] testing.INFO: lottery.publication.published {"draw_id":1,"draw_number":"DR-TEST-0025","winning_numbers":6,"operator_command":true} 
[2026-09-08 10:45:42] testing.INFO: lottery.automation.run {"command":"lottery:mark-results-pending","activity":"mark result-pending","processed":1,"failed":0,"skipped":0,"candidates":1} 
[2026-09-08 10:45:42] testing.WARNING: lottery.publication.refused {"draw_id":1,"draw_number":"DR-TEST-0026","exception":"[object] (App\\Exceptions\\DrawResultValidationException(code: 0): The official first prize number must be exactly 6 digits. Received \"12\", which is 2. Leading zeroes count as digits and are never stripped. at /home/user/app/Exceptions/DrawResultValidationException.php:119)
[stacktrace]
#0 /home/user/app/Services/Draw/DrawResultValidator.php(205): App\\Exceptions\\DrawResultValidationException::firstPrizeLength()
#1 /home/user/app/Services/Draw/DrawResultValidator.php(131): App\\Services\\Draw\\DrawResultValidator->validateFirstPrize()
#2 /home/user/app/Services/Draw/DrawResultPublicationService.php(105): App\\Services\\Draw\\DrawResultValidator->validate()
#3 /home/user/app/Console/Commands/Lottery/PublishDrawResultCommand.php(104): App\\Services\\Draw\\DrawResultPublicationService->publish()
#4 /home/user/vendor/laravel/framework/src/Illuminate/Container/BoundMethod.php(36): App\\Console\\Commands\\Lottery\\PublishDrawResultCommand->handle()
#5 /home/user/vendor/laravel/framework/src/Illuminate/Container/Util.php(43): Illuminate\\Container\\BoundMethod::{closure:Illuminate\\Container\\BoundMethod::call():35}()
#6 /home/user/vendor/laravel/framework/src/Illuminate/Container/BoundMethod.php(95): Illuminate\\Container\\Util::unwrapIfClosure()
#7 /home/user/vendor/laravel/framework/src/Illuminate/Container/BoundMethod.php(35): Illuminate\\Container\\BoundMethod::callBoundMethod()
#8 /home/user/vendor/laravel/framework/src/Illuminate/Container/Container.php(696): Illuminate\\Container\\BoundMethod::call()
#9 /home/user/vendor/laravel/framework/src/Illuminate/Console/Command.php(213): Illuminate\\Container\\Container->call()
#10 /home/user/vendor/symfony/console/Command/Command.php(341): Illuminate\\Console\\Command->execute()
#11 /home/user/vendor/laravel/framework/src/Illuminate/Console/Command.php(182): Symfony\\Component\\Console\\Command\\Command->run()
#12 /home/user/vendor/symfony/console/Application.php(1094): Illuminate\\Console\\Command->run()
#13 /home/user/vendor/symfony/console/Application.php(356): Symfony\\Component\\Console\\Application->doRunCommand()
#14 /home/user/vendor/symfony/console/Application.php(195): Symfony\\Component\\Console\\Application->doRun()
#15 /home/user/vendor/laravel/framework/src/Illuminate/Console/Application.php(166): Symfony\\Component\\Console\\Application->run()
#16 /home/user/vendor/laravel/framework/src/Illuminate/Foundation/Console/Kernel.php(427): Illuminate\\Console\\Application->call()
#17 /home/user/vendor/laravel/framework/src/Illuminate/Testing/PendingCommand.php(332): Illuminate\\Foundation\\Console\\Kernel->call()
#18 /home/user/vendor/laravel/framework/src/Illuminate/Testing/PendingCommand.php(556): Illuminate\\Testing\\PendingCommand->run()
#19 /home/user/tests/Feature/Console/DrawAutomationTest.php(443): Illuminate\\Testing\\PendingCommand->__destruct()
#20 /home/user/vendor/phpunit/phpunit/src/Framework/TestCase.php(1667): Tests\\Feature\\Console\\DrawAutomationTest->publication_refuses_numbers_the_validator_rejects_and_writes_nothing()
#21 /home/user/vendor/phpunit/phpunit/src/Framework/TestCase.php(519): PHPUnit\\Framework\\TestCase->runTest()
#22 /home/user/vendor/phpunit/phpunit/src/Framework/TestRunner/TestRunner.php(87): PHPUnit\\Framework\\TestCase->runBare()
#23 /home/user/vendor/phpunit/phpunit/src/Framework/TestCase.php(365): PHPUnit\\Framework\\TestRunner->run()
#24 /home/user/vendor/phpunit/phpunit/src/Framework/TestSuite.php(369): PHPUnit\\Framework\\TestCase->run()
#25 /home/user/vendor/phpunit/phpunit/src/Framework/TestSuite.php(369): PHPUnit\\Framework\\TestSuite->run()
#26 /home/user/vendor/phpunit/phpunit/src/Framework/TestSuite.php(369): PHPUnit\\Framework\\TestSuite->run()
#27 /home/user/vendor/phpunit/phpunit/src/TextUI/TestRunner.php(64): PHPUnit\\Framework\\TestSuite->run()
#28 /home/user/vendor/phpunit/phpunit/src/TextUI/Application.php(211): PHPUnit\\TextUI\\TestRunner->run()
#29 /home/user/vendor/phpunit/phpunit/phpunit(104): PHPUnit\\TextUI\\Application->run()
#30 /home/user/vendor/bin/phpunit(122): include('...')
#31 {main}
"} 
[2026-09-08 10:45:42] testing.WARNING: lottery.publication.refused {"draw_id":1,"draw_number":"DR-TEST-0027","exception":"[object] (App\\Exceptions\\DrawLifecycleException(code: 0): Draw 1 is in state open; an official result may only be published from result_pending. at /home/user/app/Exceptions/DrawLifecycleException.php:191)
[stacktrace]
#0 /home/user/app/Services/Draw/DrawLifecycleService.php(385): App\\Exceptions\\DrawLifecycleException::notPublishable()
#1 /home/user/app/Services/Draw/DrawResultPublicationService.php(110): App\\Services\\Draw\\DrawLifecycleService->assertCanPublishResult()
#2 /home/user/vendor/laravel/framework/src/Illuminate/Database/Concerns/ManagesTransactions.php(32): App\\Services\\Draw\\DrawResultPublicationService->{closure:App\\Services\\Draw\\DrawResultPublicationService::publish():107}()
#3 /home/user/vendor/laravel/framework/src/Illuminate/Database/DatabaseManager.php(495): Illuminate\\Database\\Connection->transaction()
#4 /home/user/vendor/laravel/framework/src/Illuminate/Support/Facades/Facade.php(361): Illuminate\\Database\\DatabaseManager->__call()
#5 /home/user/app/Services/Draw/DrawResultPublicationService.php(139): Illuminate\\Support\\Facades\\Facade::__callStatic()
#6 /home/user/app/Console/Commands/Lottery/PublishDrawResultCommand.php(104): App\\Services\\Draw\\DrawResultPublicationService->publish()
#7 /home/user/vendor/laravel/framework/src/Illuminate/Container/BoundMethod.php(36): App\\Console\\Commands\\Lottery\\PublishDrawResultCommand->handle()
#8 /home/user/vendor/laravel/framework/src/Illuminate/Container/Util.php(43): Illuminate\\Container\\BoundMethod::{closure:Illuminate\\Container\\BoundMethod::call():35}()
#9 /home/user/vendor/laravel/framework/src/Illuminate/Container/BoundMethod.php(95): Illuminate\\Container\\Util::unwrapIfClosure()
#10 /home/user/vendor/laravel/framework/src/Illuminate/Container/BoundMethod.php(35): Illuminate\\Container\\BoundMethod::callBoundMethod()
#11 /home/user/vendor/laravel/framework/src/Illuminate/Container/Container.php(696): Illuminate\\Container\\BoundMethod::call()
#12 /home/user/vendor/laravel/framework/src/Illuminate/Console/Command.php(213): Illuminate\\Container\\Container->call()
#13 /home/user/vendor/symfony/console/Command/Command.php(341): Illuminate\\Console\\Command->execute()
#14 /home/user/vendor/laravel/framework/src/Illuminate/Console/Command.php(182): Symfony\\Component\\Console\\Command\\Command->run()
#15 /home/user/vendor/symfony/console/Application.php(1094): Illuminate\\Console\\Command->run()
#16 /home/user/vendor/symfony/console/Application.php(356): Symfony\\Component\\Console\\Application->doRunCommand()
#17 /home/user/vendor/symfony/console/Application.php(195): Symfony\\Component\\Console\\Application->doRun()
#18 /home/user/vendor/laravel/framework/src/Illuminate/Console/Application.php(166): Symfony\\Component\\Console\\Application->run()
#19 /home/user/vendor/laravel/framework/src/Illuminate/Foundation/Console/Kernel.php(427): Illuminate\\Console\\Application->call()
#20 /home/user/vendor/laravel/framework/src/Illuminate/Testing/PendingCommand.php(332): Illuminate\\Foundation\\Console\\Kernel->call()
#21 /home/user/vendor/laravel/framework/src/Illuminate/Testing/PendingCommand.php(556): Illuminate\\Testing\\PendingCommand->run()
#22 /home/user/tests/Feature/Console/DrawAutomationTest.php(459): Illuminate\\Testing\\PendingCommand->__destruct()
#23 /home/user/vendor/phpunit/phpunit/src/Framework/TestCase.php(1667): Tests\\Feature\\Console\\DrawAutomationTest->publication_is_refused_for_a_draw_that_is_not_awaiting_its_result()
#24 /home/user/vendor/phpunit/phpunit/src/Framework/TestCase.php(519): PHPUnit\\Framework\\TestCase->runTest()
#25 /home/user/vendor/phpunit/phpunit/src/Framework/TestRunner/TestRunner.php(87): PHPUnit\\Framework\\TestCase->runBare()
#26 /home/user/vendor/phpunit/phpunit/src/Framework/TestCase.php(365): PHPUnit\\Framework\\TestRunner->run()
#27 /home/user/vendor/phpunit/phpunit/src/Framework/TestSuite.php(369): PHPUnit\\Framework\\TestCase->run()
#28 /home/user/vendor/phpunit/phpunit/src/Framework/TestSuite.php(369): PHPUnit\\Framework\\TestSuite->run()
#29 /home/user/vendor/phpunit/phpunit/src/Framework/TestSuite.php(369): PHPUnit\\Framework\\TestSuite->run()
#30 /home/user/vendor/phpunit/phpunit/src/TextUI/TestRunner.php(64): PHPUnit\\Framework\\TestSuite->run()
#31 /home/user/vendor/phpunit/phpunit/src/TextUI/Application.php(211): PHPUnit\\TextUI\\TestRunner->run()
#32 /home/user/vendor/phpunit/phpunit/phpunit(104): PHPUnit\\TextUI\\Application->run()
#33 /home/user/vendor/bin/phpunit(122): include('...')
#34 {main}
"} 
[2026-09-08 10:45:42] testing.INFO: lottery.automation.run {"command":"lottery:mark-results-pending","activity":"mark result-pending","processed":1,"failed":0,"skipped":0,"candidates":1} 
[2026-09-08 10:46:26] testing.INFO: Payment webhook event already processed (replay cache hit) {"gateway":"bkash","event_id":"evt_bkash_dup_24"} 
[2026-09-08 10:46:28] testing.CRITICAL: DisburseWithdrawalJob: Job permanently failed after max attempts {"withdrawal_id":888888,"attempts":1,"error":"Withdrawal entity 888888 not found"} 
[2026-09-08 10:46:28] testing.INFO: OperationalAlertService: Alert throttled (duplicate within cooldown) {"title":"Critical Ledger Imbalance","fingerprint":"alert:anomaly:304a127cfffc21d342fb8664ff0dc21d"} 
[2026-09-08 10:46:28] testing.INFO: Payment webhook event already processed (replay cache hit) {"gateway":"stripe","event_id":"evt_stripe_concurrency_666"} 
[2026-09-08 10:46:28] testing.INFO: Payment webhook event already processed (replay cache hit) {"gateway":"stripe","event_id":"evt_stripe_concurrency_666"} 
[2026-09-08 10:46:28] testing.INFO: Payment webhook event already processed (replay cache hit) {"gateway":"stripe","event_id":"evt_stripe_concurrency_666"} 
[2026-09-08 10:46:28] testing.INFO: Payment webhook event already processed (replay cache hit) {"gateway":"stripe","event_id":"evt_stripe_concurrency_666"} 
[2026-09-08 10:46:28] testing.WARNING: Webhook rejected: signature mismatch. {"correlation_id":"3ee74784-1b5d-4d8b-bc9a-404791ae0cd4","gateway":"stripe"} {"correlation_id":"3ee74784-1b5d-4d8b-bc9a-404791ae0cd4"}
[2026-09-08 10:46:28] testing.WARNING: Webhook rejected: signature mismatch. {"correlation_id":"681079a1-3921-4e01-b271-22ff7a0fb7b4","gateway":"stripe"} {"correlation_id":"681079a1-3921-4e01-b271-22ff7a0fb7b4"}
[2026-09-08 10:46:29] testing.WARNING: Webhook rejected: signature mismatch. {"correlation_id":"c0117b96-efd5-44fd-b8f1-d5f656a158d4","gateway":"stripe"} {"correlation_id":"c0117b96-efd5-44fd-b8f1-d5f656a158d4"}
[2026-09-08 10:46:29] testing.INFO: Payment webhook event already processed (replay cache hit) {"gateway":"stripe","event_id":"evt_unique_test_replay_999"} 
[2026-09-08 10:46:34] testing.INFO: bet_purchase.api.success {"correlation_id":"9574598a-f37a-4fa7-916b-d92c418391bb","outcome":"purchased","bet_id":1,"bet_number":"BT-20260908-F96FC4A4C901","ticket_id":1,"draw_id":1,"currency":"THB","stake":"100.00","client_key":"client_key_valid_test_16_abc","request_id":"26ee8604d8c4c21e405721b4c5fde79b","user_id":1} {"correlation_id":"9574598a-f37a-4fa7-916b-d92c418391bb"}
[2026-09-08 10:46:34] testing.INFO: bet_purchase.api.refused {"correlation_id":"0de533e5-347a-4631-8209-37fc85b9274a","outcome":"refused","error_code":"insufficient_balance","http_status":422,"exception":"App\\Exceptions\\BetPurchaseException","client_key":"client_key_insufficient_17","request_id":"9b148a2d90f0d30a9091061a4f6a2542","user_id":1} {"correlation_id":"0de533e5-347a-4631-8209-37fc85b9274a"}
[2026-09-08 10:46:35] testing.INFO: bet_purchase.api.refused {"correlation_id":"133231a9-a8dd-4b8e-b1da-a30e427a73bb","outcome":"refused","error_code":"draw_closed","http_status":422,"exception":"App\\Exceptions\\BetPurchaseValidationException","client_key":"client_key_closed_draw_18","request_id":"a61ef661b0c43e31cece271bbfe5da01","user_id":1} {"correlation_id":"133231a9-a8dd-4b8e-b1da-a30e427a73bb"}
[2026-09-08 10:46:35] testing.INFO: bet_purchase.api.refused {"correlation_id":"927226f4-54cc-437e-89c1-6220bd6ce331","outcome":"refused","error_code":"invalid_digits","http_status":422,"exception":"App\\Exceptions\\BetPurchaseValidationException","client_key":"client_key_invalid_market_19","request_id":"badeabd9fcb0d3dd9df030022e31e540","user_id":1} {"correlation_id":"927226f4-54cc-437e-89c1-6220bd6ce331"}
[2026-09-08 10:46:35] testing.INFO: bet_purchase.api.success {"correlation_id":"63d15a9e-b54c-4026-8d25-24d19e365840","outcome":"purchased","bet_id":1,"bet_number":"BT-20260908-6636F864D29C","ticket_id":1,"draw_id":1,"currency":"THB","stake":"100.00","client_key":"unique_idempotency_key_test_20_xyz","request_id":"daf3d73d5bfa7e8a7241841fe67a7919","user_id":1} {"correlation_id":"63d15a9e-b54c-4026-8d25-24d19e365840"}
[2026-09-08 10:46:35] testing.INFO: bet_purchase.api.success {"correlation_id":"f93f1e5a-d831-4b11-89bb-028042edc270","outcome":"replayed","bet_id":1,"bet_number":"BT-20260908-6636F864D29C","ticket_id":1,"draw_id":1,"currency":"THB","stake":"100.00","client_key":"unique_idempotency_key_test_20_xyz","request_id":"d37decf8d7d299c7c1d1a96c9a7ec46f","user_id":1} {"correlation_id":"f93f1e5a-d831-4b11-89bb-028042edc270"}
[2026-09-08 10:46:36] testing.ERROR: App\Http\Responses\ApiResponse::success(): Argument #1 ($data) must be of type array, Illuminate\Pagination\LengthAwarePaginator given, called in /home/user/app/Http/Controllers/Api/V1/BetController.php on line 65 {"correlation_id":"485b5588-05a2-4e79-ad13-8a6c48669750","userId":1,"exception":"[object] (TypeError(code: 0): App\\Http\\Responses\\ApiResponse::success(): Argument #1 ($data) must be of type array, Illuminate\\Pagination\\LengthAwarePaginator given, called in /home/user/app/Http/Controllers/Api/V1/BetController.php on line 65 at /home/user/app/Http/Responses/ApiResponse.php:54)
[stacktrace]
#0 /home/user/app/Http/Controllers/Api/V1/BetController.php(65): App\\Http\\Responses\\ApiResponse::success()
#1 /home/user/vendor/laravel/framework/src/Illuminate/Routing/ControllerDispatcher.php(47): App\\Http\\Controllers\\Api\\V1\\BetController->index()
#2 /home/user/vendor/laravel/framework/src/Illuminate/Routing/Route.php(266): Illuminate\\Routing\\ControllerDispatcher->dispatch()
#3 /home/user/vendor/laravel/framework/src/Illuminate/Routing/Route.php(212): Illuminate\\Routing\\Route->runController()
#4 /home/user/vendor/laravel/framework/src/Illuminate/Routing/Router.php(808): Illuminate\\Routing\\Route->run()
#5 /home/user/vendor/laravel/framework/src/Illuminate/Pipeline/Pipeline.php(170): Illuminate\\Routing\\Router->{closure:Illuminate\\Routing\\Router::runRouteWithinStack():807}()
#6 /home/user/app/Http/Middleware/EnsureUserIsActive.php(23): Illuminate\\Pipeline\\Pipeline->{closure:Illuminate\\Pipeline\\Pipeline::prepareDestination():168}()
#7 /home/user/vendor/laravel/framework/src/Illuminate/Pipeline/Pipeline.php(209): App\\Http\\Middleware\\EnsureUserIsActive->handle()
#8 /home/user/vendor/laravel/framework/src/Illuminate/Routing/Middleware/SubstituteBindings.php(51): Illuminate\\Pipeline\\Pipeline->{closure:{closure:Illuminate\\Pipeline\\Pipeline::carry():184}:185}()
#9 /home/user/vendor/laravel/framework/src/Illuminate/Pipeline/Pipeline.php(209): Illuminate\\Routing\\Middleware\\SubstituteBindings->handle()
#10 /home/user/vendor/laravel/framework/src/Illuminate/Routing/Middleware/ThrottleRequests.php(161): Illuminate\\Pipeline\\Pipeline->{closure:{closure:Illuminate\\Pipeline\\Pipeline::carry():184}:185}()
#11 /home/user/vendor/laravel/framework/src/Illuminate/Routing/Middleware/ThrottleRequests.php(127): Illuminate\\Routing\\Middleware\\ThrottleRequests->handleRequest()
#12 /home/user/vendor/laravel/framework/src/Illuminate/Routing/Middleware/ThrottleRequests.php(89): Illuminate\\Routing\\Middleware\\ThrottleRequests->handleRequestUsingNamedLimiter()
#13 /home/user/vendor/laravel/framework/src/Illuminate/Pipeline/Pipeline.php(209): Illuminate\\Routing\\Middleware\\ThrottleRequests->handle()
#14 /home/user/vendor/laravel/framework/src/Illuminate/Auth/Middleware/Authenticate.php(64): Illuminate\\Pipeline\\Pipeline->{closure:{closure:Illuminate\\Pipeline\\Pipeline::carry():184}:185}()
#15 /home/user/vendor/laravel/framework/src/Illuminate/Pipeline/Pipeline.php(209): Illuminate\\Auth\\Middleware\\Authenticate->handle()
#16 /home/user/vendor/laravel/framework/src/Illuminate/Pipeline/Pipeline.php(127): Illuminate\\Pipeline\\Pipeline->{closure:{closure:Illuminate\\Pipeline\\Pipeline::carry():184}:185}()
#17 /home/user/vendor/laravel/framework/src/Illuminate/Routing/Router.php(807): Illuminate\\Pipeline\\Pipeline->then()
#18 /home/user/vendor/laravel/framework/src/Illuminate/Routing/Router.php(786): Illuminate\\Routing\\Router->runRouteWithinStack()
#19 /home/user/vendor/laravel/framework/src/Illuminate/Routing/Router.php(750): Illuminate\\Routing\\Router->runRoute()
#20 /home/user/vendor/laravel/framework/src/Illuminate/Routing/Router.php(739): Illuminate\\Routing\\Router->dispatchToRoute()
#21 /home/user/vendor/laravel/framework/src/Illuminate/Foundation/Http/Kernel.php(201): Illuminate\\Routing\\Router->dispatch()
#22 /home/user/vendor/laravel/framework/src/Illuminate/Pipeline/Pipeline.php(170): Illuminate\\Foundation\\Http\\Kernel->{closure:Illuminate\\Foundation\\Http\\Kernel::dispatchToRouter():198}()
#23 /home/user/vendor/livewire/livewire/src/Features/SupportDisablingBackButtonCache/DisableBackButtonCacheMiddleware.php(19): Illuminate\\Pipeline\\Pipeline->{closure:Illuminate\\Pipeline\\Pipeline::prepareDestination():168}()
#24 /home/user/vendor/laravel/framework/src/Illuminate/Pipeline/Pipeline.php(209): Livewire\\Features\\SupportDisablingBackButtonCache\\DisableBackButtonCacheMiddleware->handle()
#25 /home/user/app/Http/Middleware/SecurityHeaders.php(13): Illuminate\\Pipeline\\Pipeline->{closure:{closure:Illuminate\\Pipeline\\Pipeline::carry():184}:185}()
#26 /home/user/vendor/laravel/framework/src/Illuminate/Pipeline/Pipeline.php(209): App\\Http\\Middleware\\SecurityHeaders->handle()
#27 /home/user/app/Http/Middleware/CorrelationIdMiddleware.php(35): Illuminate\\Pipeline\\Pipeline->{closure:{closure:Illuminate\\Pipeline\\Pipeline::carry():184}:185}()
#28 /home/user/vendor/laravel/framework/src/Illuminate/Pipeline/Pipeline.php(209): App\\Http\\Middleware\\CorrelationIdMiddleware->handle()
#29 /home/user/vendor/laravel/framework/src/Illuminate/Foundation/Http/Middleware/TransformsRequest.php(21): Illuminate\\Pipeline\\Pipeline->{closure:{closure:Illuminate\\Pipeline\\Pipeline::carry():184}:185}()
#30 /home/user/vendor/laravel/framework/src/Illuminate/Foundation/Http/Middleware/ConvertEmptyStringsToNull.php(31): Illuminate\\Foundation\\Http\\Middleware\\TransformsRequest->handle()
#31 /home/user/vendor/laravel/framework/src/Illuminate/Pipeline/Pipeline.php(209): Illuminate\\Foundation\\Http\\Middleware\\ConvertEmptyStringsToNull->handle()
#32 /home/user/vendor/laravel/framework/src/Illuminate/Foundation/Http/Middleware/TransformsRequest.php(21): Illuminate\\Pipeline\\Pipeline->{closure:{closure:Illuminate\\Pipeline\\Pipeline::carry():184}:185}()
#33 /home/user/vendor/laravel/framework/src/Illuminate/Foundation/Http/Middleware/TrimStrings.php(51): Illuminate\\Foundation\\Http\\Middleware\\TransformsRequest->handle()
#34 /home/user/vendor/laravel/framework/src/Illuminate/Pipeline/Pipeline.php(209): Illuminate\\Foundation\\Http\\Middleware\\TrimStrings->handle()
#35 /home/user/vendor/laravel/framework/src/Illuminate/Http/Middleware/ValidatePostSize.php(27): Illuminate\\Pipeline\\Pipeline->{closure:{closure:Illuminate\\Pipeline\\Pipeline::carry():184}:185}()
#36 /home/user/vendor/laravel/framework/src/Illuminate/Pipeline/Pipeline.php(209): Illuminate\\Http\\Middleware\\ValidatePostSize->handle()
#37 /home/user/vendor/laravel/framework/src/Illuminate/Foundation/Http/Middleware/PreventRequestsDuringMaintenance.php(110): Illuminate\\Pipeline\\Pipeline->{closure:{closure:Illuminate\\Pipeline\\Pipeline::carry():184}:185}()
#38 /home/user/vendor/laravel/framework/src/Illuminate/Pipeline/Pipeline.php(209): Illuminate\\Foundation\\Http\\Middleware\\PreventRequestsDuringMaintenance->handle()
#39 /home/user/vendor/laravel/framework/src/Illuminate/Http/Middleware/HandleCors.php(62): Illuminate\\Pipeline\\Pipeline->{closure:{closure:Illuminate\\Pipeline\\Pipeline::carry():184}:185}()
#40 /home/user/vendor/laravel/framework/src/Illuminate/Pipeline/Pipeline.php(209): Illuminate\\Http\\Middleware\\HandleCors->handle()
#41 /home/user/vendor/laravel/framework/src/Illuminate/Http/Middleware/TrustProxies.php(58): Illuminate\\Pipeline\\Pipeline->{closure:{closure:Illuminate\\Pipeline\\Pipeline::carry():184}:185}()
#42 /home/user/vendor/laravel/framework/src/Illuminate/Pipeline/Pipeline.php(209): Illuminate\\Http\\Middleware\\TrustProxies->handle()
#43 /home/user/vendor/laravel/framework/src/Illuminate/Foundation/Http/Middleware/InvokeDeferredCallbacks.php(22): Illuminate\\Pipeline\\Pipeline->{closure:{closure:Illuminate\\Pipeline\\Pipeline::carry():184}:185}()
#44 /home/user/vendor/laravel/framework/src/Illuminate/Pipeline/Pipeline.php(209): Illuminate\\Foundation\\Http\\Middleware\\InvokeDeferredCallbacks->handle()
#45 /home/user/vendor/laravel/framework/src/Illuminate/Pipeline/Pipeline.php(127): Illuminate\\Pipeline\\Pipeline->{closure:{closure:Illuminate\\Pipeline\\Pipeline::carry():184}:185}()
#46 /home/user/vendor/laravel/framework/src/Illuminate/Foundation/Http/Kernel.php(176): Illuminate\\Pipeline\\Pipeline->then()
#47 /home/user/vendor/laravel/framework/src/Illuminate/Foundation/Http/Kernel.php(145): Illuminate\\Foundation\\Http\\Kernel->sendRequestThroughRouter()
#48 /home/user/vendor/laravel/framework/src/Illuminate/Foundation/Testing/Concerns/MakesHttpRequests.php(607): Illuminate\\Foundation\\Http\\Kernel->handle()
#49 /home/user/vendor/laravel/framework/src/Illuminate/Foundation/Testing/Concerns/MakesHttpRequests.php(573): Illuminate\\Foundation\\Testing\\TestCase->call()
#50 /home/user/vendor/laravel/framework/src/Illuminate/Foundation/Testing/Concerns/MakesHttpRequests.php(381): Illuminate\\Foundation\\Testing\\TestCase->json()
#51 /home/user/tests/Feature/Player/PlayerExperienceComprehensiveTest.php(632): Illuminate\\Foundation\\Testing\\TestCase->getJson()
#52 /home/user/vendor/phpunit/phpunit/src/Framework/TestCase.php(1667): Tests\\Feature\\Player\\PlayerExperienceComprehensiveTest->test_21_player_can_list_own_bets_with_pagination()
#53 /home/user/vendor/phpunit/phpunit/src/Framework/TestCase.php(519): PHPUnit\\Framework\\TestCase->runTest()
#54 /home/user/vendor/phpunit/phpunit/src/Framework/TestRunner/TestRunner.php(87): PHPUnit\\Framework\\TestCase->runBare()
#55 /home/user/vendor/phpunit/phpunit/src/Framework/TestCase.php(365): PHPUnit\\Framework\\TestRunner->run()
#56 /home/user/vendor/phpunit/phpunit/src/Framework/TestSuite.php(369): PHPUnit\\Framework\\TestCase->run()
#57 /home/user/vendor/phpunit/phpunit/src/Framework/TestSuite.php(369): PHPUnit\\Framework\\TestSuite->run()
#58 /home/user/vendor/phpunit/phpunit/src/Framework/TestSuite.php(369): PHPUnit\\Framework\\TestSuite->run()
#59 /home/user/vendor/phpunit/phpunit/src/TextUI/TestRunner.php(64): PHPUnit\\Framework\\TestSuite->run()
#60 /home/user/vendor/phpunit/phpunit/src/TextUI/Application.php(211): PHPUnit\\TextUI\\TestRunner->run()
#61 /home/user/vendor/phpunit/phpunit/phpunit(104): PHPUnit\\TextUI\\Application->run()
#62 /home/user/vendor/bin/phpunit(122): include('...')
#63 {main}
"} {"correlation_id":"485b5588-05a2-4e79-ad13-8a6c48669750"}
[2026-09-08 10:46:36] testing.ERROR: api.unhandled_exception {"correlation_id":"485b5588-05a2-4e79-ad13-8a6c48669750","exception":"[object] (TypeError(code: 0): App\\Http\\Responses\\ApiResponse::success(): Argument #1 ($data) must be of type array, Illuminate\\Pagination\\LengthAwarePaginator given, called in /home/user/app/Http/Controllers/Api/V1/BetController.php on line 65 at /home/user/app/Http/Responses/ApiResponse.php:54)
[stacktrace]
#0 /home/user/app/Http/Controllers/Api/V1/BetController.php(65): App\\Http\\Responses\\ApiResponse::success()
#1 /home/user/vendor/laravel/framework/src/Illuminate/Routing/ControllerDispatcher.php(47): App\\Http\\Controllers\\Api\\V1\\BetController->index()
#2 /home/user/vendor/laravel/framework/src/Illuminate/Routing/Route.php(266): Illuminate\\Routing\\ControllerDispatcher->dispatch()
#3 /home/user/vendor/laravel/framework/src/Illuminate/Routing/Route.php(212): Illuminate\\Routing\\Route->runController()
#4 /home/user/vendor/laravel/framework/src/Illuminate/Routing/Router.php(808): Illuminate\\Routing\\Route->run()
#5 /home/user/vendor/laravel/framework/src/Illuminate/Pipeline/Pipeline.php(170): Illuminate\\Routing\\Router->{closure:Illuminate\\Routing\\Router::runRouteWithinStack():807}()
#6 /home/user/app/Http/Middleware/EnsureUserIsActive.php(23): Illuminate\\Pipeline\\Pipeline->{closure:Illuminate\\Pipeline\\Pipeline::prepareDestination():168}()
#7 /home/user/vendor/laravel/framework/src/Illuminate/Pipeline/Pipeline.php(209): App\\Http\\Middleware\\EnsureUserIsActive->handle()
#8 /home/user/vendor/laravel/framework/src/Illuminate/Routing/Middleware/SubstituteBindings.php(51): Illuminate\\Pipeline\\Pipeline->{closure:{closure:Illuminate\\Pipeline\\Pipeline::carry():184}:185}()
#9 /home/user/vendor/laravel/framework/src/Illuminate/Pipeline/Pipeline.php(209): Illuminate\\Routing\\Middleware\\SubstituteBindings->handle()
#10 /home/user/vendor/laravel/framework/src/Illuminate/Routing/Middleware/ThrottleRequests.php(161): Illuminate\\Pipeline\\Pipeline->{closure:{closure:Illuminate\\Pipeline\\Pipeline::carry():184}:185}()
#11 /home/user/vendor/laravel/framework/src/Illuminate/Routing/Middleware/ThrottleRequests.php(127): Illuminate\\Routing\\Middleware\\ThrottleRequests->handleRequest()
#12 /home/user/vendor/laravel/framework/src/Illuminate/Routing/Middleware/ThrottleRequests.php(89): Illuminate\\Routing\\Middleware\\ThrottleRequests->handleRequestUsingNamedLimiter()
#13 /home/user/vendor/laravel/framework/src/Illuminate/Pipeline/Pipeline.php(209): Illuminate\\Routing\\Middleware\\ThrottleRequests->handle()
#14 /home/user/vendor/laravel/framework/src/Illuminate/Auth/Middleware/Authenticate.php(64): Illuminate\\Pipeline\\Pipeline->{closure:{closure:Illuminate\\Pipeline\\Pipeline::carry():184}:185}()
#15 /home/user/vendor/laravel/framework/src/Illuminate/Pipeline/Pipeline.php(209): Illuminate\\Auth\\Middleware\\Authenticate->handle()
#16 /home/user/vendor/laravel/framework/src/Illuminate/Pipeline/Pipeline.php(127): Illuminate\\Pipeline\\Pipeline->{closure:{closure:Illuminate\\Pipeline\\Pipeline::carry():184}:185}()
#17 /home/user/vendor/laravel/framework/src/Illuminate/Routing/Router.php(807): Illuminate\\Pipeline\\Pipeline->then()
#18 /home/user/vendor/laravel/framework/src/Illuminate/Routing/Router.php(786): Illuminate\\Routing\\Router->runRouteWithinStack()
#19 /home/user/vendor/laravel/framework/src/Illuminate/Routing/Router.php(750): Illuminate\\Routing\\Router->runRoute()
#20 /home/user/vendor/laravel/framework/src/Illuminate/Routing/Router.php(739): Illuminate\\Routing\\Router->dispatchToRoute()
#21 /home/user/vendor/laravel/framework/src/Illuminate/Foundation/Http/Kernel.php(201): Illuminate\\Routing\\Router->dispatch()
#22 /home/user/vendor/laravel/framework/src/Illuminate/Pipeline/Pipeline.php(170): Illuminate\\Foundation\\Http\\Kernel->{closure:Illuminate\\Foundation\\Http\\Kernel::dispatchToRouter():198}()
#23 /home/user/vendor/livewire/livewire/src/Features/SupportDisablingBackButtonCache/DisableBackButtonCacheMiddleware.php(19): Illuminate\\Pipeline\\Pipeline->{closure:Illuminate\\Pipeline\\Pipeline::prepareDestination():168}()
#24 /home/user/vendor/laravel/framework/src/Illuminate/Pipeline/Pipeline.php(209): Livewire\\Features\\SupportDisablingBackButtonCache\\DisableBackButtonCacheMiddleware->handle()
#25 /home/user/app/Http/Middleware/SecurityHeaders.php(13): Illuminate\\Pipeline\\Pipeline->{closure:{closure:Illuminate\\Pipeline\\Pipeline::carry():184}:185}()
#26 /home/user/vendor/laravel/framework/src/Illuminate/Pipeline/Pipeline.php(209): App\\Http\\Middleware\\SecurityHeaders->handle()
#27 /home/user/app/Http/Middleware/CorrelationIdMiddleware.php(35): Illuminate\\Pipeline\\Pipeline->{closure:{closure:Illuminate\\Pipeline\\Pipeline::carry():184}:185}()
#28 /home/user/vendor/laravel/framework/src/Illuminate/Pipeline/Pipeline.php(209): App\\Http\\Middleware\\CorrelationIdMiddleware->handle()
#29 /home/user/vendor/laravel/framework/src/Illuminate/Foundation/Http/Middleware/TransformsRequest.php(21): Illuminate\\Pipeline\\Pipeline->{closure:{closure:Illuminate\\Pipeline\\Pipeline::carry():184}:185}()
#30 /home/user/vendor/laravel/framework/src/Illuminate/Foundation/Http/Middleware/ConvertEmptyStringsToNull.php(31): Illuminate\\Foundation\\Http\\Middleware\\TransformsRequest->handle()
#31 /home/user/vendor/laravel/framework/src/Illuminate/Pipeline/Pipeline.php(209): Illuminate\\Foundation\\Http\\Middleware\\ConvertEmptyStringsToNull->handle()
#32 /home/user/vendor/laravel/framework/src/Illuminate/Foundation/Http/Middleware/TransformsRequest.php(21): Illuminate\\Pipeline\\Pipeline->{closure:{closure:Illuminate\\Pipeline\\Pipeline::carry():184}:185}()
#33 /home/user/vendor/laravel/framework/src/Illuminate/Foundation/Http/Middleware/TrimStrings.php(51): Illuminate\\Foundation\\Http\\Middleware\\TransformsRequest->handle()
#34 /home/user/vendor/laravel/framework/src/Illuminate/Pipeline/Pipeline.php(209): Illuminate\\Foundation\\Http\\Middleware\\TrimStrings->handle()
#35 /home/user/vendor/laravel/framework/src/Illuminate/Http/Middleware/ValidatePostSize.php(27): Illuminate\\Pipeline\\Pipeline->{closure:{closure:Illuminate\\Pipeline\\Pipeline::carry():184}:185}()
#36 /home/user/vendor/laravel/framework/src/Illuminate/Pipeline/Pipeline.php(209): Illuminate\\Http\\Middleware\\ValidatePostSize->handle()
#37 /home/user/vendor/laravel/framework/src/Illuminate/Foundation/Http/Middleware/PreventRequestsDuringMaintenance.php(110): Illuminate\\Pipeline\\Pipeline->{closure:{closure:Illuminate\\Pipeline\\Pipeline::carry():184}:185}()
#38 /home/user/vendor/laravel/framework/src/Illuminate/Pipeline/Pipeline.php(209): Illuminate\\Foundation\\Http\\Middleware\\PreventRequestsDuringMaintenance->handle()
#39 /home/user/vendor/laravel/framework/src/Illuminate/Http/Middleware/HandleCors.php(62): Illuminate\\Pipeline\\Pipeline->{closure:{closure:Illuminate\\Pipeline\\Pipeline::carry():184}:185}()
#40 /home/user/vendor/laravel/framework/src/Illuminate/Pipeline/Pipeline.php(209): Illuminate\\Http\\Middleware\\HandleCors->handle()
#41 /home/user/vendor/laravel/framework/src/Illuminate/Http/Middleware/TrustProxies.php(58): Illuminate\\Pipeline\\Pipeline->{closure:{closure:Illuminate\\Pipeline\\Pipeline::carry():184}:185}()
#42 /home/user/vendor/laravel/framework/src/Illuminate/Pipeline/Pipeline.php(209): Illuminate\\Http\\Middleware\\TrustProxies->handle()
#43 /home/user/vendor/laravel/framework/src/Illuminate/Foundation/Http/Middleware/InvokeDeferredCallbacks.php(22): Illuminate\\Pipeline\\Pipeline->{closure:{closure:Illuminate\\Pipeline\\Pipeline::carry():184}:185}()
#44 /home/user/vendor/laravel/framework/src/Illuminate/Pipeline/Pipeline.php(209): Illuminate\\Foundation\\Http\\Middleware\\InvokeDeferredCallbacks->handle()
#45 /home/user/vendor/laravel/framework/src/Illuminate/Pipeline/Pipeline.php(127): Illuminate\\Pipeline\\Pipeline->{closure:{closure:Illuminate\\Pipeline\\Pipeline::carry():184}:185}()
#46 /home/user/vendor/laravel/framework/src/Illuminate/Foundation/Http/Kernel.php(176): Illuminate\\Pipeline\\Pipeline->then()
#47 /home/user/vendor/laravel/framework/src/Illuminate/Foundation/Http/Kernel.php(145): Illuminate\\Foundation\\Http\\Kernel->sendRequestThroughRouter()
#48 /home/user/vendor/laravel/framework/src/Illuminate/Foundation/Testing/Concerns/MakesHttpRequests.php(607): Illuminate\\Foundation\\Http\\Kernel->handle()
#49 /home/user/vendor/laravel/framework/src/Illuminate/Foundation/Testing/Concerns/MakesHttpRequests.php(573): Illuminate\\Foundation\\Testing\\TestCase->call()
#50 /home/user/vendor/laravel/framework/src/Illuminate/Foundation/Testing/Concerns/MakesHttpRequests.php(381): Illuminate\\Foundation\\Testing\\TestCase->json()
#51 /home/user/tests/Feature/Player/PlayerExperienceComprehensiveTest.php(632): Illuminate\\Foundation\\Testing\\TestCase->getJson()
#52 /home/user/vendor/phpunit/phpunit/src/Framework/TestCase.php(1667): Tests\\Feature\\Player\\PlayerExperienceComprehensiveTest->test_21_player_can_list_own_bets_with_pagination()
#53 /home/user/vendor/phpunit/phpunit/src/Framework/TestCase.php(519): PHPUnit\\Framework\\TestCase->runTest()
#54 /home/user/vendor/phpunit/phpunit/src/Framework/TestRunner/TestRunner.php(87): PHPUnit\\Framework\\TestCase->runBare()
#55 /home/user/vendor/phpunit/phpunit/src/Framework/TestCase.php(365): PHPUnit\\Framework\\TestRunner->run()
#56 /home/user/vendor/phpunit/phpunit/src/Framework/TestSuite.php(369): PHPUnit\\Framework\\TestCase->run()
#57 /home/user/vendor/phpunit/phpunit/src/Framework/TestSuite.php(369): PHPUnit\\Framework\\TestSuite->run()
#58 /home/user/vendor/phpunit/phpunit/src/Framework/TestSuite.php(369): PHPUnit\\Framework\\TestSuite->run()
#59 /home/user/vendor/phpunit/phpunit/src/TextUI/TestRunner.php(64): PHPUnit\\Framework\\TestSuite->run()
#60 /home/user/vendor/phpunit/phpunit/src/TextUI/Application.php(211): PHPUnit\\TextUI\\TestRunner->run()
#61 /home/user/vendor/phpunit/phpunit/phpunit(104): PHPUnit\\TextUI\\Application->run()
#62 /home/user/vendor/bin/phpunit(122): include('...')
#63 {main}
","path":"api/v1/bets","method":"GET","user_id":1} {"correlation_id":"485b5588-05a2-4e79-ad13-8a6c48669750"}
[2026-09-08 10:46:36] testing.ERROR: App\Http\Responses\ApiResponse::success(): Argument #1 ($data) must be of type array, Illuminate\Pagination\LengthAwarePaginator given, called in /home/user/app/Http/Controllers/Api/V1/TicketController.php on line 52 {"correlation_id":"d3a08281-1aec-4190-b702-6fa8f785447d","userId":1,"exception":"[object] (TypeError(code: 0): App\\Http\\Responses\\ApiResponse::success(): Argument #1 ($data) must be of type array, Illuminate\\Pagination\\LengthAwarePaginator given, called in /home/user/app/Http/Controllers/Api/V1/TicketController.php on line 52 at /home/user/app/Http/Responses/ApiResponse.php:54)
[stacktrace]
#0 /home/user/app/Http/Controllers/Api/V1/TicketController.php(52): App\\Http\\Responses\\ApiResponse::success()
#1 /home/user/vendor/laravel/framework/src/Illuminate/Routing/ControllerDispatcher.php(47): App\\Http\\Controllers\\Api\\V1\\TicketController->index()
#2 /home/user/vendor/laravel/framework/src/Illuminate/Routing/Route.php(266): Illuminate\\Routing\\ControllerDispatcher->dispatch()
#3 /home/user/vendor/laravel/framework/src/Illuminate/Routing/Route.php(212): Illuminate\\Routing\\Route->runController()
#4 /home/user/vendor/laravel/framework/src/Illuminate/Routing/Router.php(808): Illuminate\\Routing\\Route->run()
#5 /home/user/vendor/laravel/framework/src/Illuminate/Pipeline/Pipeline.php(170): Illuminate\\Routing\\Router->{closure:Illuminate\\Routing\\Router::runRouteWithinStack():807}()
#6 /home/user/app/Http/Middleware/EnsureUserIsActive.php(23): Illuminate\\Pipeline\\Pipeline->{closure:Illuminate\\Pipeline\\Pipeline::prepareDestination():168}()
#7 /home/user/vendor/laravel/framework/src/Illuminate/Pipeline/Pipeline.php(209): App\\Http\\Middleware\\EnsureUserIsActive->handle()
#8 /home/user/vendor/laravel/framework/src/Illuminate/Routing/Middleware/SubstituteBindings.php(51): Illuminate\\Pipeline\\Pipeline->{closure:{closure:Illuminate\\Pipeline\\Pipeline::carry():184}:185}()
#9 /home/user/vendor/laravel/framework/src/Illuminate/Pipeline/Pipeline.php(209): Illuminate\\Routing\\Middleware\\SubstituteBindings->handle()
#10 /home/user/vendor/laravel/framework/src/Illuminate/Routing/Middleware/ThrottleRequests.php(161): Illuminate\\Pipeline\\Pipeline->{closure:{closure:Illuminate\\Pipeline\\Pipeline::carry():184}:185}()
#11 /home/user/vendor/laravel/framework/src/Illuminate/Routing/Middleware/ThrottleRequests.php(127): Illuminate\\Routing\\Middleware\\ThrottleRequests->handleRequest()
#12 /home/user/vendor/laravel/framework/src/Illuminate/Routing/Middleware/ThrottleRequests.php(89): Illuminate\\Routing\\Middleware\\ThrottleRequests->handleRequestUsingNamedLimiter()
#13 /home/user/vendor/laravel/framework/src/Illuminate/Pipeline/Pipeline.php(209): Illuminate\\Routing\\Middleware\\ThrottleRequests->handle()
#14 /home/user/vendor/laravel/framework/src/Illuminate/Auth/Middleware/Authenticate.php(64): Illuminate\\Pipeline\\Pipeline->{closure:{closure:Illuminate\\Pipeline\\Pipeline::carry():184}:185}()
#15 /home/user/vendor/laravel/framework/src/Illuminate/Pipeline/Pipeline.php(209): Illuminate\\Auth\\Middleware\\Authenticate->handle()
#16 /home/user/vendor/laravel/framework/src/Illuminate/Pipeline/Pipeline.php(127): Illuminate\\Pipeline\\Pipeline->{closure:{closure:Illuminate\\Pipeline\\Pipeline::carry():184}:185}()
#17 /home/user/vendor/laravel/framework/src/Illuminate/Routing/Router.php(807): Illuminate\\Pipeline\\Pipeline->then()
#18 /home/user/vendor/laravel/framework/src/Illuminate/Routing/Router.php(786): Illuminate\\Routing\\Router->runRouteWithinStack()
#19 /home/user/vendor/laravel/framework/src/Illuminate/Routing/Router.php(750): Illuminate\\Routing\\Router->runRoute()
#20 /home/user/vendor/laravel/framework/src/Illuminate/Routing/Router.php(739): Illuminate\\Routing\\Router->dispatchToRoute()
#21 /home/user/vendor/laravel/framework/src/Illuminate/Foundation/Http/Kernel.php(201): Illuminate\\Routing\\Router->dispatch()
#22 /home/user/vendor/laravel/framework/src/Illuminate/Pipeline/Pipeline.php(170): Illuminate\\Foundation\\Http\\Kernel->{closure:Illuminate\\Foundation\\Http\\Kernel::dispatchToRouter():198}()
#23 /home/user/vendor/livewire/livewire/src/Features/SupportDisablingBackButtonCache/DisableBackButtonCacheMiddleware.php(19): Illuminate\\Pipeline\\Pipeline->{closure:Illuminate\\Pipeline\\Pipeline::prepareDestination():168}()
#24 /home/user/vendor/laravel/framework/src/Illuminate/Pipeline/Pipeline.php(209): Livewire\\Features\\SupportDisablingBackButtonCache\\DisableBackButtonCacheMiddleware->handle()
#25 /home/user/app/Http/Middleware/SecurityHeaders.php(13): Illuminate\\Pipeline\\Pipeline->{closure:{closure:Illuminate\\Pipeline\\Pipeline::carry():184}:185}()
#26 /home/user/vendor/laravel/framework/src/Illuminate/Pipeline/Pipeline.php(209): App\\Http\\Middleware\\SecurityHeaders->handle()
#27 /home/user/app/Http/Middleware/CorrelationIdMiddleware.php(35): Illuminate\\Pipeline\\Pipeline->{closure:{closure:Illuminate\\Pipeline\\Pipeline::carry():184}:185}()
#28 /home/user/vendor/laravel/framework/src/Illuminate/Pipeline/Pipeline.php(209): App\\Http\\Middleware\\CorrelationIdMiddleware->handle()
#29 /home/user/vendor/laravel/framework/src/Illuminate/Foundation/Http/Middleware/TransformsRequest.php(21): Illuminate\\Pipeline\\Pipeline->{closure:{closure:Illuminate\\Pipeline\\Pipeline::carry():184}:185}()
#30 /home/user/vendor/laravel/framework/src/Illuminate/Foundation/Http/Middleware/ConvertEmptyStringsToNull.php(31): Illuminate\\Foundation\\Http\\Middleware\\TransformsRequest->handle()
#31 /home/user/vendor/laravel/framework/src/Illuminate/Pipeline/Pipeline.php(209): Illuminate\\Foundation\\Http\\Middleware\\ConvertEmptyStringsToNull->handle()
#32 /home/user/vendor/laravel/framework/src/Illuminate/Foundation/Http/Middleware/TransformsRequest.php(21): Illuminate\\Pipeline\\Pipeline->{closure:{closure:Illuminate\\Pipeline\\Pipeline::carry():184}:185}()
#33 /home/user/vendor/laravel/framework/src/Illuminate/Foundation/Http/Middleware/TrimStrings.php(51): Illuminate\\Foundation\\Http\\Middleware\\TransformsRequest->handle()
#34 /home/user/vendor/laravel/framework/src/Illuminate/Pipeline/Pipeline.php(209): Illuminate\\Foundation\\Http\\Middleware\\TrimStrings->handle()
#35 /home/user/vendor/laravel/framework/src/Illuminate/Http/Middleware/ValidatePostSize.php(27): Illuminate\\Pipeline\\Pipeline->{closure:{closure:Illuminate\\Pipeline\\Pipeline::carry():184}:185}()
#36 /home/user/vendor/laravel/framework/src/Illuminate/Pipeline/Pipeline.php(209): Illuminate\\Http\\Middleware\\ValidatePostSize->handle()
#37 /home/user/vendor/laravel/framework/src/Illuminate/Foundation/Http/Middleware/PreventRequestsDuringMaintenance.php(110): Illuminate\\Pipeline\\Pipeline->{closure:{closure:Illuminate\\Pipeline\\Pipeline::carry():184}:185}()
#38 /home/user/vendor/laravel/framework/src/Illuminate/Pipeline/Pipeline.php(209): Illuminate\\Foundation\\Http\\Middleware\\PreventRequestsDuringMaintenance->handle()
#39 /home/user/vendor/laravel/framework/src/Illuminate/Http/Middleware/HandleCors.php(62): Illuminate\\Pipeline\\Pipeline->{closure:{closure:Illuminate\\Pipeline\\Pipeline::carry():184}:185}()
#40 /home/user/vendor/laravel/framework/src/Illuminate/Pipeline/Pipeline.php(209): Illuminate\\Http\\Middleware\\HandleCors->handle()
#41 /home/user/vendor/laravel/framework/src/Illuminate/Http/Middleware/TrustProxies.php(58): Illuminate\\Pipeline\\Pipeline->{closure:{closure:Illuminate\\Pipeline\\Pipeline::carry():184}:185}()
#42 /home/user/vendor/laravel/framework/src/Illuminate/Pipeline/Pipeline.php(209): Illuminate\\Http\\Middleware\\TrustProxies->handle()
#43 /home/user/vendor/laravel/framework/src/Illuminate/Foundation/Http/Middleware/InvokeDeferredCallbacks.php(22): Illuminate\\Pipeline\\Pipeline->{closure:{closure:Illuminate\\Pipeline\\Pipeline::carry():184}:185}()
#44 /home/user/vendor/laravel/framework/src/Illuminate/Pipeline/Pipeline.php(209): Illuminate\\Foundation\\Http\\Middleware\\InvokeDeferredCallbacks->handle()
#45 /home/user/vendor/laravel/framework/src/Illuminate/Pipeline/Pipeline.php(127): Illuminate\\Pipeline\\Pipeline->{closure:{closure:Illuminate\\Pipeline\\Pipeline::carry():184}:185}()
#46 /home/user/vendor/laravel/framework/src/Illuminate/Foundation/Http/Kernel.php(176): Illuminate\\Pipeline\\Pipeline->then()
#47 /home/user/vendor/laravel/framework/src/Illuminate/Foundation/Http/Kernel.php(145): Illuminate\\Foundation\\Http\\Kernel->sendRequestThroughRouter()
#48 /home/user/vendor/laravel/framework/src/Illuminate/Foundation/Testing/Concerns/MakesHttpRequests.php(607): Illuminate\\Foundation\\Http\\Kernel->handle()
#49 /home/user/vendor/laravel/framework/src/Illuminate/Foundation/Testing/Concerns/MakesHttpRequests.php(573): Illuminate\\Foundation\\Testing\\TestCase->call()
#50 /home/user/vendor/laravel/framework/src/Illuminate/Foundation/Testing/Concerns/MakesHttpRequests.php(381): Illuminate\\Foundation\\Testing\\TestCase->json()
#51 /home/user/tests/Feature/Player/PlayerExperienceComprehensiveTest.php(719): Illuminate\\Foundation\\Testing\\TestCase->getJson()
#52 /home/user/vendor/phpunit/phpunit/src/Framework/TestCase.php(1667): Tests\\Feature\\Player\\PlayerExperienceComprehensiveTest->test_24_player_can_list_own_tickets()
#53 /home/user/vendor/phpunit/phpunit/src/Framework/TestCase.php(519): PHPUnit\\Framework\\TestCase->runTest()
#54 /home/user/vendor/phpunit/phpunit/src/Framework/TestRunner/TestRunner.php(87): PHPUnit\\Framework\\TestCase->runBare()
#55 /home/user/vendor/phpunit/phpunit/src/Framework/TestCase.php(365): PHPUnit\\Framework\\TestRunner->run()
#56 /home/user/vendor/phpunit/phpunit/src/Framework/TestSuite.php(369): PHPUnit\\Framework\\TestCase->run()
#57 /home/user/vendor/phpunit/phpunit/src/Framework/TestSuite.php(369): PHPUnit\\Framework\\TestSuite->run()
#58 /home/user/vendor/phpunit/phpunit/src/Framework/TestSuite.php(369): PHPUnit\\Framework\\TestSuite->run()
#59 /home/user/vendor/phpunit/phpunit/src/TextUI/TestRunner.php(64): PHPUnit\\Framework\\TestSuite->run()
#60 /home/user/vendor/phpunit/phpunit/src/TextUI/Application.php(211): PHPUnit\\TextUI\\TestRunner->run()
#61 /home/user/vendor/phpunit/phpunit/phpunit(104): PHPUnit\\TextUI\\Application->run()
#62 /home/user/vendor/bin/phpunit(122): include('...')
#63 {main}
"} {"correlation_id":"d3a08281-1aec-4190-b702-6fa8f785447d"}
[2026-09-08 10:46:36] testing.ERROR: api.unhandled_exception {"correlation_id":"d3a08281-1aec-4190-b702-6fa8f785447d","exception":"[object] (TypeError(code: 0): App\\Http\\Responses\\ApiResponse::success(): Argument #1 ($data) must be of type array, Illuminate\\Pagination\\LengthAwarePaginator given, called in /home/user/app/Http/Controllers/Api/V1/TicketController.php on line 52 at /home/user/app/Http/Responses/ApiResponse.php:54)
[stacktrace]
#0 /home/user/app/Http/Controllers/Api/V1/TicketController.php(52): App\\Http\\Responses\\ApiResponse::success()
#1 /home/user/vendor/laravel/framework/src/Illuminate/Routing/ControllerDispatcher.php(47): App\\Http\\Controllers\\Api\\V1\\TicketController->index()
#2 /home/user/vendor/laravel/framework/src/Illuminate/Routing/Route.php(266): Illuminate\\Routing\\ControllerDispatcher->dispatch()
#3 /home/user/vendor/laravel/framework/src/Illuminate/Routing/Route.php(212): Illuminate\\Routing\\Route->runController()
#4 /home/user/vendor/laravel/framework/src/Illuminate/Routing/Router.php(808): Illuminate\\Routing\\Route->run()
#5 /home/user/vendor/laravel/framework/src/Illuminate/Pipeline/Pipeline.php(170): Illuminate\\Routing\\Router->{closure:Illuminate\\Routing\\Router::runRouteWithinStack():807}()
#6 /home/user/app/Http/Middleware/EnsureUserIsActive.php(23): Illuminate\\Pipeline\\Pipeline->{closure:Illuminate\\Pipeline\\Pipeline::prepareDestination():168}()
#7 /home/user/vendor/laravel/framework/src/Illuminate/Pipeline/Pipeline.php(209): App\\Http\\Middleware\\EnsureUserIsActive->handle()
#8 /home/user/vendor/laravel/framework/src/Illuminate/Routing/Middleware/SubstituteBindings.php(51): Illuminate\\Pipeline\\Pipeline->{closure:{closure:Illuminate\\Pipeline\\Pipeline::carry():184}:185}()
#9 /home/user/vendor/laravel/framework/src/Illuminate/Pipeline/Pipeline.php(209): Illuminate\\Routing\\Middleware\\SubstituteBindings->handle()
#10 /home/user/vendor/laravel/framework/src/Illuminate/Routing/Middleware/ThrottleRequests.php(161): Illuminate\\Pipeline\\Pipeline->{closure:{closure:Illuminate\\Pipeline\\Pipeline::carry():184}:185}()
#11 /home/user/vendor/laravel/framework/src/Illuminate/Routing/Middleware/ThrottleRequests.php(127): Illuminate\\Routing\\Middleware\\ThrottleRequests->handleRequest()
#12 /home/user/vendor/laravel/framework/src/Illuminate/Routing/Middleware/ThrottleRequests.php(89): Illuminate\\Routing\\Middleware\\ThrottleRequests->handleRequestUsingNamedLimiter()
#13 /home/user/vendor/laravel/framework/src/Illuminate/Pipeline/Pipeline.php(209): Illuminate\\Routing\\Middleware\\ThrottleRequests->handle()
#14 /home/user/vendor/laravel/framework/src/Illuminate/Auth/Middleware/Authenticate.php(64): Illuminate\\Pipeline\\Pipeline->{closure:{closure:Illuminate\\Pipeline\\Pipeline::carry():184}:185}()
#15 /home/user/vendor/laravel/framework/src/Illuminate/Pipeline/Pipeline.php(209): Illuminate\\Auth\\Middleware\\Authenticate->handle()
#16 /home/user/vendor/laravel/framework/src/Illuminate/Pipeline/Pipeline.php(127): Illuminate\\Pipeline\\Pipeline->{closure:{closure:Illuminate\\Pipeline\\Pipeline::carry():184}:185}()
#17 /home/user/vendor/laravel/framework/src/Illuminate/Routing/Router.php(807): Illuminate\\Pipeline\\Pipeline->then()
#18 /home/user/vendor/laravel/framework/src/Illuminate/Routing/Router.php(786): Illuminate\\Routing\\Router->runRouteWithinStack()
#19 /home/user/vendor/laravel/framework/src/Illuminate/Routing/Router.php(750): Illuminate\\Routing\\Router->runRoute()
#20 /home/user/vendor/laravel/framework/src/Illuminate/Routing/Router.php(739): Illuminate\\Routing\\Router->dispatchToRoute()
#21 /home/user/vendor/laravel/framework/src/Illuminate/Foundation/Http/Kernel.php(201): Illuminate\\Routing\\Router->dispatch()
#22 /home/user/vendor/laravel/framework/src/Illuminate/Pipeline/Pipeline.php(170): Illuminate\\Foundation\\Http\\Kernel->{closure:Illuminate\\Foundation\\Http\\Kernel::dispatchToRouter():198}()
#23 /home/user/vendor/livewire/livewire/src/Features/SupportDisablingBackButtonCache/DisableBackButtonCacheMiddleware.php(19): Illuminate\\Pipeline\\Pipeline->{closure:Illuminate\\Pipeline\\Pipeline::prepareDestination():168}()
#24 /home/user/vendor/laravel/framework/src/Illuminate/Pipeline/Pipeline.php(209): Livewire\\Features\\SupportDisablingBackButtonCache\\DisableBackButtonCacheMiddleware->handle()
#25 /home/user/app/Http/Middleware/SecurityHeaders.php(13): Illuminate\\Pipeline\\Pipeline->{closure:{closure:Illuminate\\Pipeline\\Pipeline::carry():184}:185}()
#26 /home/user/vendor/laravel/framework/src/Illuminate/Pipeline/Pipeline.php(209): App\\Http\\Middleware\\SecurityHeaders->handle()
#27 /home/user/app/Http/Middleware/CorrelationIdMiddleware.php(35): Illuminate\\Pipeline\\Pipeline->{closure:{closure:Illuminate\\Pipeline\\Pipeline::carry():184}:185}()
#28 /home/user/vendor/laravel/framework/src/Illuminate/Pipeline/Pipeline.php(209): App\\Http\\Middleware\\CorrelationIdMiddleware->handle()
#29 /home/user/vendor/laravel/framework/src/Illuminate/Foundation/Http/Middleware/TransformsRequest.php(21): Illuminate\\Pipeline\\Pipeline->{closure:{closure:Illuminate\\Pipeline\\Pipeline::carry():184}:185}()
#30 /home/user/vendor/laravel/framework/src/Illuminate/Foundation/Http/Middleware/ConvertEmptyStringsToNull.php(31): Illuminate\\Foundation\\Http\\Middleware\\TransformsRequest->handle()
#31 /home/user/vendor/laravel/framework/src/Illuminate/Pipeline/Pipeline.php(209): Illuminate\\Foundation\\Http\\Middleware\\ConvertEmptyStringsToNull->handle()
#32 /home/user/vendor/laravel/framework/src/Illuminate/Foundation/Http/Middleware/TransformsRequest.php(21): Illuminate\\Pipeline\\Pipeline->{closure:{closure:Illuminate\\Pipeline\\Pipeline::carry():184}:185}()
#33 /home/user/vendor/laravel/framework/src/Illuminate/Foundation/Http/Middleware/TrimStrings.php(51): Illuminate\\Foundation\\Http\\Middleware\\TransformsRequest->handle()
#34 /home/user/vendor/laravel/framework/src/Illuminate/Pipeline/Pipeline.php(209): Illuminate\\Foundation\\Http\\Middleware\\TrimStrings->handle()
#35 /home/user/vendor/laravel/framework/src/Illuminate/Http/Middleware/ValidatePostSize.php(27): Illuminate\\Pipeline\\Pipeline->{closure:{closure:Illuminate\\Pipeline\\Pipeline::carry():184}:185}()
#36 /home/user/vendor/laravel/framework/src/Illuminate/Pipeline/Pipeline.php(209): Illuminate\\Http\\Middleware\\ValidatePostSize->handle()
#37 /home/user/vendor/laravel/framework/src/Illuminate/Foundation/Http/Middleware/PreventRequestsDuringMaintenance.php(110): Illuminate\\Pipeline\\Pipeline->{closure:{closure:Illuminate\\Pipeline\\Pipeline::carry():184}:185}()
#38 /home/user/vendor/laravel/framework/src/Illuminate/Pipeline/Pipeline.php(209): Illuminate\\Foundation\\Http\\Middleware\\PreventRequestsDuringMaintenance->handle()
#39 /home/user/vendor/laravel/framework/src/Illuminate/Http/Middleware/HandleCors.php(62): Illuminate\\Pipeline\\Pipeline->{closure:{closure:Illuminate\\Pipeline\\Pipeline::carry():184}:185}()
#40 /home/user/vendor/laravel/framework/src/Illuminate/Pipeline/Pipeline.php(209): Illuminate\\Http\\Middleware\\HandleCors->handle()
#41 /home/user/vendor/laravel/framework/src/Illuminate/Http/Middleware/TrustProxies.php(58): Illuminate\\Pipeline\\Pipeline->{closure:{closure:Illuminate\\Pipeline\\Pipeline::carry():184}:185}()
#42 /home/user/vendor/laravel/framework/src/Illuminate/Pipeline/Pipeline.php(209): Illuminate\\Http\\Middleware\\TrustProxies->handle()
#43 /home/user/vendor/laravel/framework/src/Illuminate/Foundation/Http/Middleware/InvokeDeferredCallbacks.php(22): Illuminate\\Pipeline\\Pipeline->{closure:{closure:Illuminate\\Pipeline\\Pipeline::carry():184}:185}()
#44 /home/user/vendor/laravel/framework/src/Illuminate/Pipeline/Pipeline.php(209): Illuminate\\Foundation\\Http\\Middleware\\InvokeDeferredCallbacks->handle()
#45 /home/user/vendor/laravel/framework/src/Illuminate/Pipeline/Pipeline.php(127): Illuminate\\Pipeline\\Pipeline->{closure:{closure:Illuminate\\Pipeline\\Pipeline::carry():184}:185}()
#46 /home/user/vendor/laravel/framework/src/Illuminate/Foundation/Http/Kernel.php(176): Illuminate\\Pipeline\\Pipeline->then()
#47 /home/user/vendor/laravel/framework/src/Illuminate/Foundation/Http/Kernel.php(145): Illuminate\\Foundation\\Http\\Kernel->sendRequestThroughRouter()
#48 /home/user/vendor/laravel/framework/src/Illuminate/Foundation/Testing/Concerns/MakesHttpRequests.php(607): Illuminate\\Foundation\\Http\\Kernel->handle()
#49 /home/user/vendor/laravel/framework/src/Illuminate/Foundation/Testing/Concerns/MakesHttpRequests.php(573): Illuminate\\Foundation\\Testing\\TestCase->call()
#50 /home/user/vendor/laravel/framework/src/Illuminate/Foundation/Testing/Concerns/MakesHttpRequests.php(381): Illuminate\\Foundation\\Testing\\TestCase->json()
#51 /home/user/tests/Feature/Player/PlayerExperienceComprehensiveTest.php(719): Illuminate\\Foundation\\Testing\\TestCase->getJson()
#52 /home/user/vendor/phpunit/phpunit/src/Framework/TestCase.php(1667): Tests\\Feature\\Player\\PlayerExperienceComprehensiveTest->test_24_player_can_list_own_tickets()
#53 /home/user/vendor/phpunit/phpunit/src/Framework/TestCase.php(519): PHPUnit\\Framework\\TestCase->runTest()
#54 /home/user/vendor/phpunit/phpunit/src/Framework/TestRunner/TestRunner.php(87): PHPUnit\\Framework\\TestCase->runBare()
#55 /home/user/vendor/phpunit/phpunit/src/Framework/TestCase.php(365): PHPUnit\\Framework\\TestRunner->run()
#56 /home/user/vendor/phpunit/phpunit/src/Framework/TestSuite.php(369): PHPUnit\\Framework\\TestCase->run()
#57 /home/user/vendor/phpunit/phpunit/src/Framework/TestSuite.php(369): PHPUnit\\Framework\\TestSuite->run()
#58 /home/user/vendor/phpunit/phpunit/src/Framework/TestSuite.php(369): PHPUnit\\Framework\\TestSuite->run()
#59 /home/user/vendor/phpunit/phpunit/src/TextUI/TestRunner.php(64): PHPUnit\\Framework\\TestSuite->run()
#60 /home/user/vendor/phpunit/phpunit/src/TextUI/Application.php(211): PHPUnit\\TextUI\\TestRunner->run()
#61 /home/user/vendor/phpunit/phpunit/phpunit(104): PHPUnit\\TextUI\\Application->run()
#62 /home/user/vendor/bin/phpunit(122): include('...')
#63 {main}
","path":"api/v1/tickets","method":"GET","user_id":1} {"correlation_id":"d3a08281-1aec-4190-b702-6fa8f785447d"}
[2026-09-08 10:46:42] testing.WARNING: DisburseWithdrawalJob: Transient error during disbursement, queue will retry {"withdrawal_id":1,"attempt":1,"max_tries":3,"exception":"Connection timeout to gateway API."} 
[2026-09-08 10:46:42] testing.ERROR: DisburseWithdrawalJob: Withdrawal not found {"withdrawal_id":999999,"attempt":1} 
[2026-09-08 10:46:42] testing.INFO: DisburseWithdrawalJob: Withdrawal already completed, skipping redundant disbursement {"withdrawal_id":1,"reference_number":"WD-20260908-736B06C0E8A5","status":"completed"} 
[2026-09-08 10:46:43] testing.INFO: DisburseWithdrawalJob: Withdrawal already completed, skipping redundant disbursement {"withdrawal_id":1,"reference_number":"WD-20260908-F4EE8ADF0E59","status":"completed"} 
[2026-09-08 10:46:43] testing.INFO: RealPrizeSettlementService: Settled Draw #DRW-20260908-YXQV4D {"draw_id":1,"winners":1,"total_payout":"9000.00"} 
[2026-09-08 10:46:43] testing.INFO: ProcessPrizeSettlementJob: Draw is already settled, skipping redundant execution {"draw_id":1,"draw_number":"DRW-20260908-YXQV4D","status":"completed"} 
[2026-09-08 10:46:43] testing.INFO: Payment webhook event already processed (replay cache hit) {"gateway":"bkash","event_id":"evt_job_dup_08"} 
[2026-09-08 10:46:43] testing.CRITICAL: DisburseWithdrawalJob: Job permanently failed after max attempts {"withdrawal_id":1,"attempts":1,"error":"Gateway auth failed for secret token secret_key_123456"} 
[2026-09-08 10:46:43] testing.INFO: DisburseWithdrawalJob: Withdrawal already completed, skipping redundant disbursement {"withdrawal_id":1,"reference_number":"WD-20260908-BF20E4C9BC00","status":"completed"} 
[2026-09-08 10:46:43] testing.WARNING: DisburseWithdrawalJob: Withdrawal in terminal failed/cancelled state, aborting job {"withdrawal_id":1,"reference_number":"WD-20260908-629E588FFD85","status":"failed"} 
[2026-09-08 10:46:45] testing.WARNING: Webhook rejected: no signing secret configured. {"correlation_id":"b0ac0a10-b5b9-4f62-b2aa-265e42ab0142","gateway":"bkash"} {"correlation_id":"b0ac0a10-b5b9-4f62-b2aa-265e42ab0142"}
[2026-09-08 10:46:45] testing.WARNING: Webhook rejected: no signing secret configured. {"correlation_id":"dbfd24ad-99f0-4406-a688-be9a79390429","gateway":"bkash"} {"correlation_id":"dbfd24ad-99f0-4406-a688-be9a79390429"}
[2026-09-08 10:46:45] testing.WARNING: Webhook rejected: no signing secret configured. {"correlation_id":"0470cab1-950f-4f19-9f91-ebe2c0542de4","gateway":"bkash"} {"correlation_id":"0470cab1-950f-4f19-9f91-ebe2c0542de4"}
[2026-09-08 10:46:46] testing.ERROR: Call to undefined method App\Http\Controllers\Api\V1\ResponsibleGamingController::index() {"correlation_id":"42706b92-1df6-46a6-b449-d40b1f48e36f","userId":1,"exception":"[object] (Error(code: 0): Call to undefined method App\\Http\\Controllers\\Api\\V1\\ResponsibleGamingController::index() at /home/user/vendor/laravel/framework/src/Illuminate/Routing/ControllerDispatcher.php:47)
[stacktrace]
#0 /home/user/vendor/laravel/framework/src/Illuminate/Routing/Route.php(266): Illuminate\\Routing\\ControllerDispatcher->dispatch()
#1 /home/user/vendor/laravel/framework/src/Illuminate/Routing/Route.php(212): Illuminate\\Routing\\Route->runController()
#2 /home/user/vendor/laravel/framework/src/Illuminate/Routing/Router.php(808): Illuminate\\Routing\\Route->run()
#3 /home/user/vendor/laravel/framework/src/Illuminate/Pipeline/Pipeline.php(170): Illuminate\\Routing\\Router->{closure:Illuminate\\Routing\\Router::runRouteWithinStack():807}()
#4 /home/user/app/Http/Middleware/EnsureUserIsActive.php(23): Illuminate\\Pipeline\\Pipeline->{closure:Illuminate\\Pipeline\\Pipeline::prepareDestination():168}()
#5 /home/user/vendor/laravel/framework/src/Illuminate/Pipeline/Pipeline.php(209): App\\Http\\Middleware\\EnsureUserIsActive->handle()
#6 /home/user/vendor/laravel/framework/src/Illuminate/Routing/Middleware/SubstituteBindings.php(51): Illuminate\\Pipeline\\Pipeline->{closure:{closure:Illuminate\\Pipeline\\Pipeline::carry():184}:185}()
#7 /home/user/vendor/laravel/framework/src/Illuminate/Pipeline/Pipeline.php(209): Illuminate\\Routing\\Middleware\\SubstituteBindings->handle()
#8 /home/user/vendor/laravel/framework/src/Illuminate/Routing/Middleware/ThrottleRequests.php(161): Illuminate\\Pipeline\\Pipeline->{closure:{closure:Illuminate\\Pipeline\\Pipeline::carry():184}:185}()
#9 /home/user/vendor/laravel/framework/src/Illuminate/Routing/Middleware/ThrottleRequests.php(127): Illuminate\\Routing\\Middleware\\ThrottleRequests->handleRequest()
#10 /home/user/vendor/laravel/framework/src/Illuminate/Routing/Middleware/ThrottleRequests.php(89): Illuminate\\Routing\\Middleware\\ThrottleRequests->handleRequestUsingNamedLimiter()
#11 /home/user/vendor/laravel/framework/src/Illuminate/Pipeline/Pipeline.php(209): Illuminate\\Routing\\Middleware\\ThrottleRequests->handle()
#12 /home/user/vendor/laravel/framework/src/Illuminate/Auth/Middleware/Authenticate.php(64): Illuminate\\Pipeline\\Pipeline->{closure:{closure:Illuminate\\Pipeline\\Pipeline::carry():184}:185}()
#13 /home/user/vendor/laravel/framework/src/Illuminate/Pipeline/Pipeline.php(209): Illuminate\\Auth\\Middleware\\Authenticate->handle()
#14 /home/user/vendor/laravel/framework/src/Illuminate/Pipeline/Pipeline.php(127): Illuminate\\Pipeline\\Pipeline->{closure:{closure:Illuminate\\Pipeline\\Pipeline::carry():184}:185}()
#15 /home/user/vendor/laravel/framework/src/Illuminate/Routing/Router.php(807): Illuminate\\Pipeline\\Pipeline->then()
#16 /home/user/vendor/laravel/framework/src/Illuminate/Routing/Router.php(786): Illuminate\\Routing\\Router->runRouteWithinStack()
#17 /home/user/vendor/laravel/framework/src/Illuminate/Routing/Router.php(750): Illuminate\\Routing\\Router->runRoute()
#18 /home/user/vendor/laravel/framework/src/Illuminate/Routing/Router.php(739): Illuminate\\Routing\\Router->dispatchToRoute()
#19 /home/user/vendor/laravel/framework/src/Illuminate/Foundation/Http/Kernel.php(201): Illuminate\\Routing\\Router->dispatch()
#20 /home/user/vendor/laravel/framework/src/Illuminate/Pipeline/Pipeline.php(170): Illuminate\\Foundation\\Http\\Kernel->{closure:Illuminate\\Foundation\\Http\\Kernel::dispatchToRouter():198}()
#21 /home/user/vendor/livewire/livewire/src/Features/SupportDisablingBackButtonCache/DisableBackButtonCacheMiddleware.php(19): Illuminate\\Pipeline\\Pipeline->{closure:Illuminate\\Pipeline\\Pipeline::prepareDestination():168}()
#22 /home/user/vendor/laravel/framework/src/Illuminate/Pipeline/Pipeline.php(209): Livewire\\Features\\SupportDisablingBackButtonCache\\DisableBackButtonCacheMiddleware->handle()
#23 /home/user/app/Http/Middleware/SecurityHeaders.php(13): Illuminate\\Pipeline\\Pipeline->{closure:{closure:Illuminate\\Pipeline\\Pipeline::carry():184}:185}()
#24 /home/user/vendor/laravel/framework/src/Illuminate/Pipeline/Pipeline.php(209): App\\Http\\Middleware\\SecurityHeaders->handle()
#25 /home/user/app/Http/Middleware/CorrelationIdMiddleware.php(35): Illuminate\\Pipeline\\Pipeline->{closure:{closure:Illuminate\\Pipeline\\Pipeline::carry():184}:185}()
#26 /home/user/vendor/laravel/framework/src/Illuminate/Pipeline/Pipeline.php(209): App\\Http\\Middleware\\CorrelationIdMiddleware->handle()
#27 /home/user/vendor/laravel/framework/src/Illuminate/Foundation/Http/Middleware/TransformsRequest.php(21): Illuminate\\Pipeline\\Pipeline->{closure:{closure:Illuminate\\Pipeline\\Pipeline::carry():184}:185}()
#28 /home/user/vendor/laravel/framework/src/Illuminate/Foundation/Http/Middleware/ConvertEmptyStringsToNull.php(31): Illuminate\\Foundation\\Http\\Middleware\\TransformsRequest->handle()
#29 /home/user/vendor/laravel/framework/src/Illuminate/Pipeline/Pipeline.php(209): Illuminate\\Foundation\\Http\\Middleware\\ConvertEmptyStringsToNull->handle()
#30 /home/user/vendor/laravel/framework/src/Illuminate/Foundation/Http/Middleware/TransformsRequest.php(21): Illuminate\\Pipeline\\Pipeline->{closure:{closure:Illuminate\\Pipeline\\Pipeline::carry():184}:185}()
#31 /home/user/vendor/laravel/framework/src/Illuminate/Foundation/Http/Middleware/TrimStrings.php(51): Illuminate\\Foundation\\Http\\Middleware\\TransformsRequest->handle()
#32 /home/user/vendor/laravel/framework/src/Illuminate/Pipeline/Pipeline.php(209): Illuminate\\Foundation\\Http\\Middleware\\TrimStrings->handle()
#33 /home/user/vendor/laravel/framework/src/Illuminate/Http/Middleware/ValidatePostSize.php(27): Illuminate\\Pipeline\\Pipeline->{closure:{closure:Illuminate\\Pipeline\\Pipeline::carry():184}:185}()
#34 /home/user/vendor/laravel/framework/src/Illuminate/Pipeline/Pipeline.php(209): Illuminate\\Http\\Middleware\\ValidatePostSize->handle()
#35 /home/user/vendor/laravel/framework/src/Illuminate/Foundation/Http/Middleware/PreventRequestsDuringMaintenance.php(110): Illuminate\\Pipeline\\Pipeline->{closure:{closure:Illuminate\\Pipeline\\Pipeline::carry():184}:185}()
#36 /home/user/vendor/laravel/framework/src/Illuminate/Pipeline/Pipeline.php(209): Illuminate\\Foundation\\Http\\Middleware\\PreventRequestsDuringMaintenance->handle()
#37 /home/user/vendor/laravel/framework/src/Illuminate/Http/Middleware/HandleCors.php(62): Illuminate\\Pipeline\\Pipeline->{closure:{closure:Illuminate\\Pipeline\\Pipeline::carry():184}:185}()
#38 /home/user/vendor/laravel/framework/src/Illuminate/Pipeline/Pipeline.php(209): Illuminate\\Http\\Middleware\\HandleCors->handle()
#39 /home/user/vendor/laravel/framework/src/Illuminate/Http/Middleware/TrustProxies.php(58): Illuminate\\Pipeline\\Pipeline->{closure:{closure:Illuminate\\Pipeline\\Pipeline::carry():184}:185}()
#40 /home/user/vendor/laravel/framework/src/Illuminate/Pipeline/Pipeline.php(209): Illuminate\\Http\\Middleware\\TrustProxies->handle()
#41 /home/user/vendor/laravel/framework/src/Illuminate/Foundation/Http/Middleware/InvokeDeferredCallbacks.php(22): Illuminate\\Pipeline\\Pipeline->{closure:{closure:Illuminate\\Pipeline\\Pipeline::carry():184}:185}()
#42 /home/user/vendor/laravel/framework/src/Illuminate/Pipeline/Pipeline.php(209): Illuminate\\Foundation\\Http\\Middleware\\InvokeDeferredCallbacks->handle()
#43 /home/user/vendor/laravel/framework/src/Illuminate/Pipeline/Pipeline.php(127): Illuminate\\Pipeline\\Pipeline->{closure:{closure:Illuminate\\Pipeline\\Pipeline::carry():184}:185}()
#44 /home/user/vendor/laravel/framework/src/Illuminate/Foundation/Http/Kernel.php(176): Illuminate\\Pipeline\\Pipeline->then()
#45 /home/user/vendor/laravel/framework/src/Illuminate/Foundation/Http/Kernel.php(145): Illuminate\\Foundation\\Http\\Kernel->sendRequestThroughRouter()
#46 /home/user/vendor/laravel/framework/src/Illuminate/Foundation/Testing/Concerns/MakesHttpRequests.php(607): Illuminate\\Foundation\\Http\\Kernel->handle()
#47 /home/user/vendor/laravel/framework/src/Illuminate/Foundation/Testing/Concerns/MakesHttpRequests.php(573): Illuminate\\Foundation\\Testing\\TestCase->call()
#48 /home/user/vendor/laravel/framework/src/Illuminate/Foundation/Testing/Concerns/MakesHttpRequests.php(381): Illuminate\\Foundation\\Testing\\TestCase->json()
#49 /home/user/tests/Feature/Security/ResponsibleGamingTest.php(32): Illuminate\\Foundation\\Testing\\TestCase->getJson()
#50 /home/user/vendor/phpunit/phpunit/src/Framework/TestCase.php(1667): Tests\\Feature\\Security\\ResponsibleGamingTest->test_player_can_fetch_and_set_responsible_gaming_limits()
#51 /home/user/vendor/phpunit/phpunit/src/Framework/TestCase.php(519): PHPUnit\\Framework\\TestCase->runTest()
#52 /home/user/vendor/phpunit/phpunit/src/Framework/TestRunner/TestRunner.php(87): PHPUnit\\Framework\\TestCase->runBare()
#53 /home/user/vendor/phpunit/phpunit/src/Framework/TestCase.php(365): PHPUnit\\Framework\\TestRunner->run()
#54 /home/user/vendor/phpunit/phpunit/src/Framework/TestSuite.php(369): PHPUnit\\Framework\\TestCase->run()
#55 /home/user/vendor/phpunit/phpunit/src/Framework/TestSuite.php(369): PHPUnit\\Framework\\TestSuite->run()
#56 /home/user/vendor/phpunit/phpunit/src/Framework/TestSuite.php(369): PHPUnit\\Framework\\TestSuite->run()
#57 /home/user/vendor/phpunit/phpunit/src/TextUI/TestRunner.php(64): PHPUnit\\Framework\\TestSuite->run()
#58 /home/user/vendor/phpunit/phpunit/src/TextUI/Application.php(211): PHPUnit\\TextUI\\TestRunner->run()
#59 /home/user/vendor/phpunit/phpunit/phpunit(104): PHPUnit\\TextUI\\Application->run()
#60 /home/user/vendor/bin/phpunit(122): include('...')
#61 {main}
"} {"correlation_id":"42706b92-1df6-46a6-b449-d40b1f48e36f"}
[2026-09-08 10:46:46] testing.ERROR: api.unhandled_exception {"correlation_id":"42706b92-1df6-46a6-b449-d40b1f48e36f","exception":"[object] (Error(code: 0): Call to undefined method App\\Http\\Controllers\\Api\\V1\\ResponsibleGamingController::index() at /home/user/vendor/laravel/framework/src/Illuminate/Routing/ControllerDispatcher.php:47)
[stacktrace]
#0 /home/user/vendor/laravel/framework/src/Illuminate/Routing/Route.php(266): Illuminate\\Routing\\ControllerDispatcher->dispatch()
#1 /home/user/vendor/laravel/framework/src/Illuminate/Routing/Route.php(212): Illuminate\\Routing\\Route->runController()
#2 /home/user/vendor/laravel/framework/src/Illuminate/Routing/Router.php(808): Illuminate\\Routing\\Route->run()
#3 /home/user/vendor/laravel/framework/src/Illuminate/Pipeline/Pipeline.php(170): Illuminate\\Routing\\Router->{closure:Illuminate\\Routing\\Router::runRouteWithinStack():807}()
#4 /home/user/app/Http/Middleware/EnsureUserIsActive.php(23): Illuminate\\Pipeline\\Pipeline->{closure:Illuminate\\Pipeline\\Pipeline::prepareDestination():168}()
#5 /home/user/vendor/laravel/framework/src/Illuminate/Pipeline/Pipeline.php(209): App\\Http\\Middleware\\EnsureUserIsActive->handle()
#6 /home/user/vendor/laravel/framework/src/Illuminate/Routing/Middleware/SubstituteBindings.php(51): Illuminate\\Pipeline\\Pipeline->{closure:{closure:Illuminate\\Pipeline\\Pipeline::carry():184}:185}()
#7 /home/user/vendor/laravel/framework/src/Illuminate/Pipeline/Pipeline.php(209): Illuminate\\Routing\\Middleware\\SubstituteBindings->handle()
#8 /home/user/vendor/laravel/framework/src/Illuminate/Routing/Middleware/ThrottleRequests.php(161): Illuminate\\Pipeline\\Pipeline->{closure:{closure:Illuminate\\Pipeline\\Pipeline::carry():184}:185}()
#9 /home/user/vendor/laravel/framework/src/Illuminate/Routing/Middleware/ThrottleRequests.php(127): Illuminate\\Routing\\Middleware\\ThrottleRequests->handleRequest()
#10 /home/user/vendor/laravel/framework/src/Illuminate/Routing/Middleware/ThrottleRequests.php(89): Illuminate\\Routing\\Middleware\\ThrottleRequests->handleRequestUsingNamedLimiter()
#11 /home/user/vendor/laravel/framework/src/Illuminate/Pipeline/Pipeline.php(209): Illuminate\\Routing\\Middleware\\ThrottleRequests->handle()
#12 /home/user/vendor/laravel/framework/src/Illuminate/Auth/Middleware/Authenticate.php(64): Illuminate\\Pipeline\\Pipeline->{closure:{closure:Illuminate\\Pipeline\\Pipeline::carry():184}:185}()
#13 /home/user/vendor/laravel/framework/src/Illuminate/Pipeline/Pipeline.php(209): Illuminate\\Auth\\Middleware\\Authenticate->handle()
#14 /home/user/vendor/laravel/framework/src/Illuminate/Pipeline/Pipeline.php(127): Illuminate\\Pipeline\\Pipeline->{closure:{closure:Illuminate\\Pipeline\\Pipeline::carry():184}:185}()
#15 /home/user/vendor/laravel/framework/src/Illuminate/Routing/Router.php(807): Illuminate\\Pipeline\\Pipeline->then()
#16 /home/user/vendor/laravel/framework/src/Illuminate/Routing/Router.php(786): Illuminate\\Routing\\Router->runRouteWithinStack()
#17 /home/user/vendor/laravel/framework/src/Illuminate/Routing/Router.php(750): Illuminate\\Routing\\Router->runRoute()
#18 /home/user/vendor/laravel/framework/src/Illuminate/Routing/Router.php(739): Illuminate\\Routing\\Router->dispatchToRoute()
#19 /home/user/vendor/laravel/framework/src/Illuminate/Foundation/Http/Kernel.php(201): Illuminate\\Routing\\Router->dispatch()
#20 /home/user/vendor/laravel/framework/src/Illuminate/Pipeline/Pipeline.php(170): Illuminate\\Foundation\\Http\\Kernel->{closure:Illuminate\\Foundation\\Http\\Kernel::dispatchToRouter():198}()
#21 /home/user/vendor/livewire/livewire/src/Features/SupportDisablingBackButtonCache/DisableBackButtonCacheMiddleware.php(19): Illuminate\\Pipeline\\Pipeline->{closure:Illuminate\\Pipeline\\Pipeline::prepareDestination():168}()
#22 /home/user/vendor/laravel/framework/src/Illuminate/Pipeline/Pipeline.php(209): Livewire\\Features\\SupportDisablingBackButtonCache\\DisableBackButtonCacheMiddleware->handle()
#23 /home/user/app/Http/Middleware/SecurityHeaders.php(13): Illuminate\\Pipeline\\Pipeline->{closure:{closure:Illuminate\\Pipeline\\Pipeline::carry():184}:185}()
#24 /home/user/vendor/laravel/framework/src/Illuminate/Pipeline/Pipeline.php(209): App\\Http\\Middleware\\SecurityHeaders->handle()
#25 /home/user/app/Http/Middleware/CorrelationIdMiddleware.php(35): Illuminate\\Pipeline\\Pipeline->{closure:{closure:Illuminate\\Pipeline\\Pipeline::carry():184}:185}()
#26 /home/user/vendor/laravel/framework/src/Illuminate/Pipeline/Pipeline.php(209): App\\Http\\Middleware\\CorrelationIdMiddleware->handle()
#27 /home/user/vendor/laravel/framework/src/Illuminate/Foundation/Http/Middleware/TransformsRequest.php(21): Illuminate\\Pipeline\\Pipeline->{closure:{closure:Illuminate\\Pipeline\\Pipeline::carry():184}:185}()
#28 /home/user/vendor/laravel/framework/src/Illuminate/Foundation/Http/Middleware/ConvertEmptyStringsToNull.php(31): Illuminate\\Foundation\\Http\\Middleware\\TransformsRequest->handle()
#29 /home/user/vendor/laravel/framework/src/Illuminate/Pipeline/Pipeline.php(209): Illuminate\\Foundation\\Http\\Middleware\\ConvertEmptyStringsToNull->handle()
#30 /home/user/vendor/laravel/framework/src/Illuminate/Foundation/Http/Middleware/TransformsRequest.php(21): Illuminate\\Pipeline\\Pipeline->{closure:{closure:Illuminate\\Pipeline\\Pipeline::carry():184}:185}()
#31 /home/user/vendor/laravel/framework/src/Illuminate/Foundation/Http/Middleware/TrimStrings.php(51): Illuminate\\Foundation\\Http\\Middleware\\TransformsRequest->handle()
#32 /home/user/vendor/laravel/framework/src/Illuminate/Pipeline/Pipeline.php(209): Illuminate\\Foundation\\Http\\Middleware\\TrimStrings->handle()
#33 /home/user/vendor/laravel/framework/src/Illuminate/Http/Middleware/ValidatePostSize.php(27): Illuminate\\Pipeline\\Pipeline->{closure:{closure:Illuminate\\Pipeline\\Pipeline::carry():184}:185}()
#34 /home/user/vendor/laravel/framework/src/Illuminate/Pipeline/Pipeline.php(209): Illuminate\\Http\\Middleware\\ValidatePostSize->handle()
#35 /home/user/vendor/laravel/framework/src/Illuminate/Foundation/Http/Middleware/PreventRequestsDuringMaintenance.php(110): Illuminate\\Pipeline\\Pipeline->{closure:{closure:Illuminate\\Pipeline\\Pipeline::carry():184}:185}()
#36 /home/user/vendor/laravel/framework/src/Illuminate/Pipeline/Pipeline.php(209): Illuminate\\Foundation\\Http\\Middleware\\PreventRequestsDuringMaintenance->handle()
#37 /home/user/vendor/laravel/framework/src/Illuminate/Http/Middleware/HandleCors.php(62): Illuminate\\Pipeline\\Pipeline->{closure:{closure:Illuminate\\Pipeline\\Pipeline::carry():184}:185}()
#38 /home/user/vendor/laravel/framework/src/Illuminate/Pipeline/Pipeline.php(209): Illuminate\\Http\\Middleware\\HandleCors->handle()
#39 /home/user/vendor/laravel/framework/src/Illuminate/Http/Middleware/TrustProxies.php(58): Illuminate\\Pipeline\\Pipeline->{closure:{closure:Illuminate\\Pipeline\\Pipeline::carry():184}:185}()
#40 /home/user/vendor/laravel/framework/src/Illuminate/Pipeline/Pipeline.php(209): Illuminate\\Http\\Middleware\\TrustProxies->handle()
#41 /home/user/vendor/laravel/framework/src/Illuminate/Foundation/Http/Middleware/InvokeDeferredCallbacks.php(22): Illuminate\\Pipeline\\Pipeline->{closure:{closure:Illuminate\\Pipeline\\Pipeline::carry():184}:185}()
#42 /home/user/vendor/laravel/framework/src/Illuminate/Pipeline/Pipeline.php(209): Illuminate\\Foundation\\Http\\Middleware\\InvokeDeferredCallbacks->handle()
#43 /home/user/vendor/laravel/framework/src/Illuminate/Pipeline/Pipeline.php(127): Illuminate\\Pipeline\\Pipeline->{closure:{closure:Illuminate\\Pipeline\\Pipeline::carry():184}:185}()
#44 /home/user/vendor/laravel/framework/src/Illuminate/Foundation/Http/Kernel.php(176): Illuminate\\Pipeline\\Pipeline->then()
#45 /home/user/vendor/laravel/framework/src/Illuminate/Foundation/Http/Kernel.php(145): Illuminate\\Foundation\\Http\\Kernel->sendRequestThroughRouter()
#46 /home/user/vendor/laravel/framework/src/Illuminate/Foundation/Testing/Concerns/MakesHttpRequests.php(607): Illuminate\\Foundation\\Http\\Kernel->handle()
#47 /home/user/vendor/laravel/framework/src/Illuminate/Foundation/Testing/Concerns/MakesHttpRequests.php(573): Illuminate\\Foundation\\Testing\\TestCase->call()
#48 /home/user/vendor/laravel/framework/src/Illuminate/Foundation/Testing/Concerns/MakesHttpRequests.php(381): Illuminate\\Foundation\\Testing\\TestCase->json()
#49 /home/user/tests/Feature/Security/ResponsibleGamingTest.php(32): Illuminate\\Foundation\\Testing\\TestCase->getJson()
#50 /home/user/vendor/phpunit/phpunit/src/Framework/TestCase.php(1667): Tests\\Feature\\Security\\ResponsibleGamingTest->test_player_can_fetch_and_set_responsible_gaming_limits()
#51 /home/user/vendor/phpunit/phpunit/src/Framework/TestCase.php(519): PHPUnit\\Framework\\TestCase->runTest()
#52 /home/user/vendor/phpunit/phpunit/src/Framework/TestRunner/TestRunner.php(87): PHPUnit\\Framework\\TestCase->runBare()
#53 /home/user/vendor/phpunit/phpunit/src/Framework/TestCase.php(365): PHPUnit\\Framework\\TestRunner->run()
#54 /home/user/vendor/phpunit/phpunit/src/Framework/TestSuite.php(369): PHPUnit\\Framework\\TestCase->run()
#55 /home/user/vendor/phpunit/phpunit/src/Framework/TestSuite.php(369): PHPUnit\\Framework\\TestSuite->run()
#56 /home/user/vendor/phpunit/phpunit/src/Framework/TestSuite.php(369): PHPUnit\\Framework\\TestSuite->run()
#57 /home/user/vendor/phpunit/phpunit/src/TextUI/TestRunner.php(64): PHPUnit\\Framework\\TestSuite->run()
#58 /home/user/vendor/phpunit/phpunit/src/TextUI/Application.php(211): PHPUnit\\TextUI\\TestRunner->run()
#59 /home/user/vendor/phpunit/phpunit/phpunit(104): PHPUnit\\TextUI\\Application->run()
#60 /home/user/vendor/bin/phpunit(122): include('...')
#61 {main}
","path":"api/v1/responsible-gaming","method":"GET","user_id":1} {"correlation_id":"42706b92-1df6-46a6-b449-d40b1f48e36f"}
[2026-09-08 10:47:58] testing.WARNING: Webhook rejected: signature mismatch. {"correlation_id":"cc078acc-c702-47ff-8c95-43e70498db36","gateway":"stripe"} {"correlation_id":"cc078acc-c702-47ff-8c95-43e70498db36"}
[2026-09-08 10:48:23] testing.ERROR: High Exposure (High Risk) on number 123 [3d] for draw 1. {"risk_alert_type":"high_exposure","risk_level":"high","audit_log_id":4} 
[2026-09-08 10:48:29] testing.INFO: bet_purchase.api.success {"correlation_id":"b71f38f2-4184-4fc4-9136-f5859186c673","outcome":"purchased","bet_id":1,"bet_number":"BT-20260908-B879D7109C83","ticket_id":1,"draw_id":1,"currency":"THB","stake":"10.00","client_key":"api-3fac7e5042598962807ac50192f07570561b1f92","request_id":"26541c885b9dc01138174aa3612b7e53","user_id":1} {"correlation_id":"b71f38f2-4184-4fc4-9136-f5859186c673"}
[2026-09-08 10:48:29] testing.INFO: bet_purchase.api.success {"correlation_id":"38030a25-8939-4f83-8a41-1082ca4a701e","outcome":"purchased","bet_id":1,"bet_number":"BT-20260908-2C8879CFD547","ticket_id":1,"draw_id":1,"currency":"THB","stake":"10.00","client_key":"api-a676f40bd6585d6668cbe33a51f09953c02a7fef","request_id":"99d159b12ccf0b03d2673942c535af41","user_id":1} {"correlation_id":"38030a25-8939-4f83-8a41-1082ca4a701e"}
[2026-09-08 10:48:29] testing.INFO: bet_purchase.api.success {"correlation_id":"f1ab0d53-9cff-46e3-a6fc-026f64ad99c1","outcome":"purchased","bet_id":1,"bet_number":"BT-20260908-7957DAEE8167","ticket_id":1,"draw_id":1,"currency":"THB","stake":"10.00","client_key":"api-f7b8f591922e9b515c83f0ca28847379e14e3f93","request_id":"606840d45976b8704a18dae02c015e5f","user_id":1} {"correlation_id":"f1ab0d53-9cff-46e3-a6fc-026f64ad99c1"}
[2026-09-08 10:48:30] testing.INFO: bet_purchase.api.success {"correlation_id":"aaa5aea6-e43b-4b61-9b10-e75c541295bf","outcome":"purchased","bet_id":1,"bet_number":"BT-20260908-56BA7C4DA888","ticket_id":1,"draw_id":1,"currency":"THB","stake":"10.00","client_key":"api-e187d76746182cbb563423de65c53cff48e1b26c","request_id":"00c6ed7f30daf061caec248095838859","user_id":1} {"correlation_id":"aaa5aea6-e43b-4b61-9b10-e75c541295bf"}
[2026-09-08 10:48:30] testing.INFO: bet_purchase.api.success {"correlation_id":"0cf4916a-4b83-42ef-83b5-05ba9bc27320","outcome":"purchased","bet_id":1,"bet_number":"BT-20260908-DEE718C45687","ticket_id":1,"draw_id":1,"currency":"THB","stake":"10.00","client_key":"api-bd6c2f1a5ca9ea80b589a486be6f1ed025590bed","request_id":"7c407cf419ec80a06f27c1e216ae0eb6","user_id":1} {"correlation_id":"0cf4916a-4b83-42ef-83b5-05ba9bc27320"}
[2026-09-08 10:48:30] testing.INFO: bet_purchase.api.success {"correlation_id":"5888a1a1-1041-435e-a5ef-1790a39cfea1","outcome":"purchased","bet_id":1,"bet_number":"BT-20260908-BF7694585858","ticket_id":1,"draw_id":1,"currency":"THB","stake":"10.00","client_key":"api-8e924a7dac69469f40b6a9525e68f510b7972699","request_id":"c1a19e838030e187387451b461f881b3","user_id":1} {"correlation_id":"5888a1a1-1041-435e-a5ef-1790a39cfea1"}
[2026-09-08 10:48:30] testing.INFO: bet_purchase.api.success {"correlation_id":"d151a427-2e05-46d0-9242-e134b4a7bec7","outcome":"purchased","bet_id":1,"bet_number":"BT-20260908-0FA69104D207","ticket_id":1,"draw_id":1,"currency":"THB","stake":"10.00","client_key":"api-63e4863923f9d99f637040c4ecaa95eaf5e39f31","request_id":"58e72a887f1344be3860caf69b155ba8","user_id":1} {"correlation_id":"d151a427-2e05-46d0-9242-e134b4a7bec7"}
[2026-09-08 10:48:30] testing.INFO: bet_purchase.api.success {"correlation_id":"e6cc9e90-410c-402d-9571-354e332c61a2","outcome":"purchased","bet_id":1,"bet_number":"BT-20260908-ECC31EC54C8F","ticket_id":1,"draw_id":1,"currency":"THB","stake":"10.00","client_key":"api-1d2da6cca6185013559ff92e6eedc11e93618224","request_id":"5e294a2cd36c9f41721c29b4160e017c","user_id":1} {"correlation_id":"e6cc9e90-410c-402d-9571-354e332c61a2"}
[2026-09-08 10:48:30] testing.INFO: bet_purchase.api.success {"correlation_id":"57f79ccf-df91-4d52-9efe-c22dbb575d20","outcome":"purchased","bet_id":1,"bet_number":"BT-20260908-FF0E4515BE18","ticket_id":1,"draw_id":1,"currency":"THB","stake":"10.00","client_key":"api-4fed3970dcc0d31dccddbf69ef55b00f32d2ca78","request_id":"6c798f9e73847a87f6e28f497d6c1f8c","user_id":1} {"correlation_id":"57f79ccf-df91-4d52-9efe-c22dbb575d20"}
[2026-09-08 10:48:30] testing.INFO: bet_purchase.api.success {"correlation_id":"3a584f80-1605-4527-be28-2522adbf1db3","outcome":"purchased","bet_id":1,"bet_number":"BT-20260908-3DCD43CB44E2","ticket_id":1,"draw_id":1,"currency":"THB","stake":"10.00","client_key":"api-3e23e8160039594a33894f6564e1b1348bbd7a00","request_id":"42a9c7e41aa3943a6aee2bbeb75ebd77","user_id":1} {"correlation_id":"3a584f80-1605-4527-be28-2522adbf1db3"}
[2026-09-08 10:48:30] testing.INFO: bet_purchase.api.success {"correlation_id":"7ecbbd10-54dd-46a1-8503-451e1656bd62","outcome":"purchased","bet_id":1,"bet_number":"BT-20260908-E32BAD837681","ticket_id":1,"draw_id":1,"currency":"THB","stake":"10.00","client_key":"api-2e7d2c03a9507ae265ecf5b5356885a53393a202","request_id":"16e9b4f1ad4c23920b3b6a9bb27a19a6","user_id":1} {"correlation_id":"7ecbbd10-54dd-46a1-8503-451e1656bd62"}
[2026-09-08 10:48:30] testing.INFO: bet_purchase.api.refused {"correlation_id":"7a6745ed-37b1-49dc-910c-830d26e54978","outcome":"refused","error_code":"draw_not_found","http_status":404,"exception":"App\\Exceptions\\BetPurchaseValidationException","client_key":"api-3f79bb7b435b05321651daefd374cdc681dc06fa","request_id":"d0a04b2060f3e00e50d9b3d6462a9cac","user_id":1} {"correlation_id":"7a6745ed-37b1-49dc-910c-830d26e54978"}
[2026-09-08 10:48:30] testing.INFO: bet_purchase.api.refused {"correlation_id":"5105419b-e974-4dea-bd44-3c3d9aa2c915","outcome":"refused","error_code":"draw_closed","http_status":422,"exception":"App\\Exceptions\\BetPurchaseValidationException","client_key":"api-252f10c83610ebca1a059c0bae8255eba2f95be4","request_id":"3710d83ce554d40cb391db82808d7b40","user_id":1} {"correlation_id":"5105419b-e974-4dea-bd44-3c3d9aa2c915"}
[2026-09-08 10:48:30] testing.INFO: bet_purchase.api.success {"correlation_id":"5f8403c2-47f9-4e12-bfda-ed92487d350a","outcome":"purchased","bet_id":1,"bet_number":"BT-20260908-105650308458","ticket_id":1,"draw_id":1,"currency":"THB","stake":"10.00","client_key":"api-de7d1b721a1e0632b7cf04edf5032c8ecffa9f9a","request_id":"eba5f6e42a2ab0bf9c87976661cf2505","user_id":1} {"correlation_id":"5f8403c2-47f9-4e12-bfda-ed92487d350a"}
[2026-09-08 10:48:31] testing.INFO: bet_purchase.api.success {"correlation_id":"a2d916ad-58ef-4327-a3e1-351916cbe97a","outcome":"purchased","bet_id":1,"bet_number":"BT-20260908-37F0CF122F97","ticket_id":1,"draw_id":1,"currency":"THB","stake":"10.00","client_key":"api-189f40034be7a199f1fa9891668ee3ab6049f82d","request_id":"89089b6ebf79495ab3978b824bc05da5","user_id":1} {"correlation_id":"a2d916ad-58ef-4327-a3e1-351916cbe97a"}
[2026-09-08 10:48:31] testing.INFO: bet_purchase.api.refused {"correlation_id":"b845678d-2ea6-40a2-9ed4-a4925f85c89d","outcome":"refused","error_code":"invalid_stake","http_status":422,"exception":"App\\Exceptions\\BetPurchaseValidationException","client_key":"api-acac86c0e609ca906f632b0e2dacccb2b77d22b0","request_id":"32c9f0de4021597bea09c9486e9aa08d","user_id":1} {"correlation_id":"b845678d-2ea6-40a2-9ed4-a4925f85c89d"}
[2026-09-08 10:48:31] testing.INFO: bet_purchase.api.refused {"correlation_id":"e1c3aff1-4ab1-45e9-919f-0c7c4aca9598","outcome":"refused","error_code":"insufficient_balance","http_status":422,"exception":"App\\Exceptions\\BetPurchaseException","client_key":"api-1b16b1df538ba12dc3f97edbb85caa7050d46c14","request_id":"cdbbe9d020606c42a331a60631c74f8c","user_id":1} {"correlation_id":"e1c3aff1-4ab1-45e9-919f-0c7c4aca9598"}
[2026-09-08 10:48:31] testing.INFO: bet_purchase.api.refused {"correlation_id":"c573e5c8-831d-4667-b1e5-e2434ea89553","outcome":"refused","error_code":"risk_rejected","http_status":422,"exception":"App\\Exceptions\\BetPurchaseValidationException","client_key":"api-65c74c15a686187bb6bbf9958f494fc6b8006803","request_id":"9943c29c2dd6f0b0f7a8a6c5385294d1","user_id":1} {"correlation_id":"c573e5c8-831d-4667-b1e5-e2434ea89553"}
[2026-09-08 10:48:31] testing.INFO: bet_purchase.api.success {"correlation_id":"8ad4fc18-e4ea-41ac-b141-7da9884732d0","outcome":"purchased","bet_id":1,"bet_number":"BT-20260908-789417EE2522","ticket_id":1,"draw_id":1,"currency":"THB","stake":"10.00","client_key":"api-148de9c5a7a44d19e56cd9ae1a554bf67847afb0","request_id":"b8a356d5347a085d6a889ded69369432","user_id":1} {"correlation_id":"8ad4fc18-e4ea-41ac-b141-7da9884732d0"}
[2026-09-08 10:48:31] testing.INFO: bet_purchase.api.success {"correlation_id":"638b9251-64d6-46c7-a1f6-63717c02335d","outcome":"replayed","bet_id":1,"bet_number":"BT-20260908-789417EE2522","ticket_id":1,"draw_id":1,"currency":"THB","stake":"10.00","client_key":"api-148de9c5a7a44d19e56cd9ae1a554bf67847afb0","request_id":"13db19f34ac55ddd813f963ee8fa6c51","user_id":1} {"correlation_id":"638b9251-64d6-46c7-a1f6-63717c02335d"}
[2026-09-08 10:48:31] testing.INFO: bet_purchase.api.success {"correlation_id":"67e58d19-9838-43e2-891d-9c1a4faff6d0","outcome":"purchased","bet_id":1,"bet_number":"BT-20260908-E86B20E48582","ticket_id":1,"draw_id":1,"currency":"THB","stake":"10.00","client_key":"api-8e35c2cd3bf6641bdb0e2050b76932cbb2e6034a","request_id":"5c68146c5ae5a762a43113a29d7bb9e5","user_id":1} {"correlation_id":"67e58d19-9838-43e2-891d-9c1a4faff6d0"}
[2026-09-08 10:48:31] testing.INFO: bet_purchase.api.refused {"correlation_id":"2e020e13-1264-42d3-9f79-4e708bf08780","outcome":"refused","error_code":"idempotency_payload_mismatch","http_status":409,"exception":"App\\Exceptions\\BetPurchaseIdempotencyException","client_key":"api-8e35c2cd3bf6641bdb0e2050b76932cbb2e6034a","request_id":"e40cd5e09282f01997a0135f6feddc9e","user_id":1} {"correlation_id":"2e020e13-1264-42d3-9f79-4e708bf08780"}
[2026-09-08 10:48:31] testing.INFO: bet_purchase.api.success {"correlation_id":"7637cea1-32a8-4e39-b7d6-4056f237448a","outcome":"purchased","bet_id":1,"bet_number":"BT-20260908-A03FF94912C7","ticket_id":1,"draw_id":1,"currency":"THB","stake":"10.00","client_key":"api-454349e422f05297191ead13e21d3db520e5abef","request_id":"7f6d2d92c8c9feab5155701ba1edec24","user_id":1} {"correlation_id":"7637cea1-32a8-4e39-b7d6-4056f237448a"}
[2026-09-08 10:48:31] testing.INFO: bet_purchase.api.success {"correlation_id":"0a355a38-7595-416f-bf1c-164308ace4f4","outcome":"purchased","bet_id":2,"bet_number":"BT-20260908-01488DCD6D54","ticket_id":2,"draw_id":2,"currency":"THB","stake":"10.00","client_key":"api-454349e422f05297191ead13e21d3db520e5abef","request_id":"de986bfe5a7597f771a647f1ba8c4b87","user_id":2} {"correlation_id":"0a355a38-7595-416f-bf1c-164308ace4f4"}
[2026-09-08 10:48:31] testing.INFO: bet_purchase.api.success {"correlation_id":"e8477f20-53a4-4558-a8de-d9503c7dba04","outcome":"purchased","bet_id":1,"bet_number":"BT-20260908-A1677A70BC3A","ticket_id":1,"draw_id":1,"currency":"THB","stake":"10.00","client_key":"api-043a718774c572bd8a25adbeb1bfcd5c0256ae11","request_id":"7a2588088942a69c6c9a0f0e8c8f5276","user_id":1} {"correlation_id":"e8477f20-53a4-4558-a8de-d9503c7dba04"}
[2026-09-08 10:48:31] testing.INFO: bet_purchase.api.success {"correlation_id":"5b7b8698-c9fd-49d9-8e8c-e2726c75eea5","outcome":"purchased","bet_id":2,"bet_number":"BT-20260908-5152E6182A20","ticket_id":2,"draw_id":2,"currency":"THB","stake":"10.00","client_key":"api-043a718774c572bd8a25adbeb1bfcd5c0256ae11","request_id":"55c36f8d95d6956bd49c3c696efaaaf7","user_id":1} {"correlation_id":"5b7b8698-c9fd-49d9-8e8c-e2726c75eea5"}
[2026-09-08 10:48:31] testing.INFO: bet_purchase.api.success {"correlation_id":"c115f94d-c930-4864-a11b-ee942c514c1e","outcome":"purchased","bet_id":1,"bet_number":"BT-20260908-5F7B0B833032","ticket_id":1,"draw_id":1,"currency":"THB","stake":"10.00","client_key":"api-e3b98a4da31a127d4bde6e43033f66ba274cab0e","request_id":"193c1a7805da8cf62685c5ab9d6e7b39","user_id":1} {"correlation_id":"c115f94d-c930-4864-a11b-ee942c514c1e"}
[2026-09-08 10:48:31] testing.INFO: bet_purchase.api.success {"correlation_id":"3115320d-aab9-48d6-bd18-324f90f05e44","outcome":"purchased","bet_id":1,"bet_number":"BT-20260908-E94EB66E53A9","ticket_id":1,"draw_id":1,"currency":"THB","stake":"10.00","client_key":"api-2d711642b726b04401627ca9fbac32f5c8530fb1","request_id":"8df756df1687d7a24b38ade1a2e68df4","user_id":1} {"correlation_id":"3115320d-aab9-48d6-bd18-324f90f05e44"}
[2026-09-08 10:48:31] testing.INFO: bet_purchase.api.success {"correlation_id":"a834f5c0-02e8-49a2-8bf0-06d05ec792ff","outcome":"purchased","bet_id":1,"bet_number":"BT-20260908-EA194BF592B9","ticket_id":1,"draw_id":1,"currency":"THB","stake":"10.00","client_key":"api-a1fce4363854ff888cff4b8e7875d600c2682390","request_id":"e3095fa18137c460d5b42b2e97aef344","user_id":1} {"correlation_id":"a834f5c0-02e8-49a2-8bf0-06d05ec792ff"}
[2026-09-08 10:48:31] testing.INFO: bet_purchase.api.success {"correlation_id":"2fd4e5c4-9316-45a8-806f-cef8f85cedc2","outcome":"purchased","bet_id":1,"bet_number":"BT-20260908-2A008674090A","ticket_id":1,"draw_id":1,"currency":"THB","stake":"10.00","client_key":"api-fb8e20fc2e4c3f248c60c39bd652f3c1347298bb","request_id":"74cb9bc23afc0f6200ff08bceb3e6804","user_id":1} {"correlation_id":"2fd4e5c4-9316-45a8-806f-cef8f85cedc2"}
[2026-09-08 10:48:32] testing.INFO: bet_purchase.api.success {"correlation_id":"dd23a496-1432-46bb-8410-b6728f81a925","outcome":"purchased","bet_id":1,"bet_number":"BT-20260908-9A5CF0DF048B","ticket_id":1,"draw_id":1,"currency":"THB","stake":"10.00","client_key":"api-f45de51cdef30991551e41e882dd7b5404799648","request_id":"78748afa701603f391d2f6fb2dd407ab","user_id":1} {"correlation_id":"dd23a496-1432-46bb-8410-b6728f81a925"}
[2026-09-08 10:48:32] testing.INFO: bet_purchase.api.success {"correlation_id":"2595d309-cbd6-4e9e-a82e-6b7e049eb241","outcome":"purchased","bet_id":1,"bet_number":"BT-20260908-2E582B0E0A2B","ticket_id":1,"draw_id":1,"currency":"THB","stake":"10.00","client_key":"api-b0136a3f0a0fae4b4cbb261ae65b245326d69f8a","request_id":"737408172bc4bc7badef633558661f82","user_id":1} {"correlation_id":"2595d309-cbd6-4e9e-a82e-6b7e049eb241"}
[2026-09-08 10:48:32] testing.INFO: bet_purchase.api.success {"correlation_id":"e84dbb3d-f3d3-4a0d-a623-6489ac79ad77","outcome":"purchased","bet_id":1,"bet_number":"BT-20260908-DBF13F6208FC","ticket_id":1,"draw_id":1,"currency":"THB","stake":"10.00","client_key":"api-e5a94045f98e84810bb71edd3ba885463406b087","request_id":"7a36778c24bf761b484b2ff457f5ccc0","user_id":1} {"correlation_id":"e84dbb3d-f3d3-4a0d-a623-6489ac79ad77"}
[2026-09-08 10:48:32] testing.INFO: bet_purchase.api.success {"correlation_id":"0f5d230c-309a-45a9-8483-8854ba4f0e0d","outcome":"purchased","bet_id":1,"bet_number":"BT-20260908-FC404EAE11A0","ticket_id":1,"draw_id":1,"currency":"THB","stake":"10.00","client_key":"api-b797c8d26a988c97a38d4458172406dc19ab0012","request_id":"32e4dd799fff842a6511700742a5dfbb","user_id":1} {"correlation_id":"0f5d230c-309a-45a9-8483-8854ba4f0e0d"}
[2026-09-08 10:48:32] testing.INFO: bet_purchase.api.success {"correlation_id":"72c965f2-26ab-480c-9b34-653d68bf8aec","outcome":"purchased","bet_id":1,"bet_number":"BT-20260908-862272813ED2","ticket_id":1,"draw_id":1,"currency":"THB","stake":"10.00","client_key":"api-70ba33708cbfb103f1a8e34afef333ba7dc02102","request_id":"7fea5fa4157a3f8cc008510aab1961d6","user_id":1} {"correlation_id":"72c965f2-26ab-480c-9b34-653d68bf8aec"}
[2026-09-08 10:48:32] testing.INFO: bet_purchase.api.success {"correlation_id":"a87aa0f2-5702-4be9-8fb9-dbf8a9fda48d","outcome":"purchased","bet_id":1,"bet_number":"BT-20260908-FAD028375E72","ticket_id":1,"draw_id":1,"currency":"THB","stake":"10.00","client_key":"api-f9a00f43e97e3966bb846e76b6795e11512c3bbf","request_id":"27b0291fdb6ed4d192dd4fbee6abc6e5","user_id":1} {"correlation_id":"a87aa0f2-5702-4be9-8fb9-dbf8a9fda48d"}
[2026-09-08 10:48:32] testing.INFO: bet_purchase.api.success {"correlation_id":"0b6c3258-e638-4394-892f-90fb79492105","outcome":"purchased","bet_id":1,"bet_number":"BT-20260908-0A4C221BD619","ticket_id":1,"draw_id":1,"currency":"THB","stake":"10.00","client_key":"api-503126878d17fcd6bde7df320ff6eb7c278a1c42","request_id":"5b0fb6511c9118101443fbdee7c7b24a","user_id":1} {"correlation_id":"0b6c3258-e638-4394-892f-90fb79492105"}
[2026-09-08 10:48:32] testing.INFO: bet_purchase.api.success {"correlation_id":"a6670a08-acf4-46ef-91bb-ab2de7c18fc0","outcome":"purchased","bet_id":1,"bet_number":"BT-20260908-F1FB60045EC7","ticket_id":1,"draw_id":1,"currency":"THB","stake":"10.00","client_key":"api-9aaf680776b98fd17fe63376120525cbcdffc01b","request_id":"eb4c04fd10b53162611d3e51df0c9970","user_id":1} {"correlation_id":"a6670a08-acf4-46ef-91bb-ab2de7c18fc0"}
[2026-09-08 10:48:32] testing.INFO: bet_purchase.api.success {"correlation_id":"e0b1c64a-0eb6-47df-b30b-ea87842efd91","outcome":"purchased","bet_id":1,"bet_number":"BT-20260908-66AC4ACE7635","ticket_id":1,"draw_id":1,"currency":"THB","stake":"10.55","client_key":"api-70a0d5198ebb88f97a2cc83a236a8afcc28c7d9e","request_id":"c7d9054422d35a06508499f28f034c1a","user_id":1} {"correlation_id":"e0b1c64a-0eb6-47df-b30b-ea87842efd91"}
[2026-09-08 10:48:32] testing.INFO: bet_purchase.api.success {"correlation_id":"c8011e92-de5d-469f-8542-642201da7e7d","outcome":"purchased","bet_id":1,"bet_number":"BT-20260908-191FD6E02511","ticket_id":1,"draw_id":1,"currency":"THB","stake":"10.00","client_key":"api-32e83e92d45d71f69dcf9d214688f03755421086","request_id":"51862670cca4d982ab1a345395c17318","user_id":1} {"correlation_id":"c8011e92-de5d-469f-8542-642201da7e7d"}
[2026-09-08 10:48:32] testing.INFO: bet_purchase.api.success {"correlation_id":"88edb47b-5685-4c3c-838d-d3cdbaa184d9","outcome":"purchased","bet_id":1,"bet_number":"BT-20260908-ECC93D9CCE08","ticket_id":1,"draw_id":1,"currency":"THB","stake":"10.00","client_key":"api-7d29d73105d636d04ca9fffcf979986d373ac874","request_id":"062c2a387884042dffb85eedd6828d88","user_id":1} {"correlation_id":"88edb47b-5685-4c3c-838d-d3cdbaa184d9"}
[2026-09-08 10:48:32] testing.INFO: bet_purchase.api.success {"correlation_id":"abf95a0b-3868-4ea1-bbbd-ee43ebe18cb2","outcome":"purchased","bet_id":1,"bet_number":"BT-20260908-C1DC1642A678","ticket_id":1,"draw_id":2,"currency":"THB","stake":"10.00","client_key":"api-6fdb16bc02366c008d809798cb3faae1efba55a5","request_id":"572efeddea57b5747d01385adfc28263","user_id":2} {"correlation_id":"abf95a0b-3868-4ea1-bbbd-ee43ebe18cb2"}
[2026-09-08 10:48:33] testing.ERROR: SQLSTATE[42S02]: Base table or view not found: 1146 Table "thai_lottery.wallets" doesn't exist (Connection: mysql, SQL: select * from `wallets` where `id` = 1) in /var/www/app/Services/Finance/WalletService.php:118 {"correlation_id":"ab3fab6a-c698-4e54-9eb0-ee9b7fed541f","exception":"[object] (RuntimeException(code: 0): SQLSTATE[42S02]: Base table or view not found: 1146 Table \"thai_lottery.wallets\" doesn't exist (Connection: mysql, SQL: select * from `wallets` where `id` = 1) in /var/www/app/Services/Finance/WalletService.php:118 at /home/user/tests/Feature/Api/V1/BetPurchaseApiTest.php:993)
[stacktrace]
#0 /home/user/vendor/laravel/framework/src/Illuminate/Routing/CallableDispatcher.php(40): Tests\\Feature\\Api\\V1\\BetPurchaseApiTest->{closure:Tests\\Feature\\Api\\V1\\BetPurchaseApiTest::am_an_unexpected_failure_never_exposes_a_stack_trace_or_internals():990}()
#1 /home/user/vendor/laravel/framework/src/Illuminate/Routing/Route.php(244): Illuminate\\Routing\\CallableDispatcher->dispatch()
#2 /home/user/vendor/laravel/framework/src/Illuminate/Routing/Route.php(215): Illuminate\\Routing\\Route->runCallable()
#3 /home/user/vendor/laravel/framework/src/Illuminate/Routing/Router.php(808): Illuminate\\Routing\\Route->run()
#4 /home/user/vendor/laravel/framework/src/Illuminate/Pipeline/Pipeline.php(170): Illuminate\\Routing\\Router->{closure:Illuminate\\Routing\\Router::runRouteWithinStack():807}()
#5 /home/user/vendor/laravel/framework/src/Illuminate/Routing/Middleware/SubstituteBindings.php(51): Illuminate\\Pipeline\\Pipeline->{closure:Illuminate\\Pipeline\\Pipeline::prepareDestination():168}()
#6 /home/user/vendor/laravel/framework/src/Illuminate/Pipeline/Pipeline.php(209): Illuminate\\Routing\\Middleware\\SubstituteBindings->handle()
#7 /home/user/vendor/laravel/framework/src/Illuminate/Pipeline/Pipeline.php(127): Illuminate\\Pipeline\\Pipeline->{closure:{closure:Illuminate\\Pipeline\\Pipeline::carry():184}:185}()
#8 /home/user/vendor/laravel/framework/src/Illuminate/Routing/Router.php(807): Illuminate\\Pipeline\\Pipeline->then()
#9 /home/user/vendor/laravel/framework/src/Illuminate/Routing/Router.php(786): Illuminate\\Routing\\Router->runRouteWithinStack()
#10 /home/user/vendor/laravel/framework/src/Illuminate/Routing/Router.php(750): Illuminate\\Routing\\Router->runRoute()
#11 /home/user/vendor/laravel/framework/src/Illuminate/Routing/Router.php(739): Illuminate\\Routing\\Router->dispatchToRoute()
#12 /home/user/vendor/laravel/framework/src/Illuminate/Foundation/Http/Kernel.php(201): Illuminate\\Routing\\Router->dispatch()
#13 /home/user/vendor/laravel/framework/src/Illuminate/Pipeline/Pipeline.php(170): Illuminate\\Foundation\\Http\\Kernel->{closure:Illuminate\\Foundation\\Http\\Kernel::dispatchToRouter():198}()
#14 /home/user/vendor/livewire/livewire/src/Features/SupportDisablingBackButtonCache/DisableBackButtonCacheMiddleware.php(19): Illuminate\\Pipeline\\Pipeline->{closure:Illuminate\\Pipeline\\Pipeline::prepareDestination():168}()
#15 /home/user/vendor/laravel/framework/src/Illuminate/Pipeline/Pipeline.php(209): Livewire\\Features\\SupportDisablingBackButtonCache\\DisableBackButtonCacheMiddleware->handle()
#16 /home/user/app/Http/Middleware/SecurityHeaders.php(13): Illuminate\\Pipeline\\Pipeline->{closure:{closure:Illuminate\\Pipeline\\Pipeline::carry():184}:185}()
#17 /home/user/vendor/laravel/framework/src/Illuminate/Pipeline/Pipeline.php(209): App\\Http\\Middleware\\SecurityHeaders->handle()
#18 /home/user/app/Http/Middleware/CorrelationIdMiddleware.php(35): Illuminate\\Pipeline\\Pipeline->{closure:{closure:Illuminate\\Pipeline\\Pipeline::carry():184}:185}()
#19 /home/user/vendor/laravel/framework/src/Illuminate/Pipeline/Pipeline.php(209): App\\Http\\Middleware\\CorrelationIdMiddleware->handle()
#20 /home/user/vendor/laravel/framework/src/Illuminate/Foundation/Http/Middleware/TransformsRequest.php(21): Illuminate\\Pipeline\\Pipeline->{closure:{closure:Illuminate\\Pipeline\\Pipeline::carry():184}:185}()
#21 /home/user/vendor/laravel/framework/src/Illuminate/Foundation/Http/Middleware/ConvertEmptyStringsToNull.php(31): Illuminate\\Foundation\\Http\\Middleware\\TransformsRequest->handle()
#22 /home/user/vendor/laravel/framework/src/Illuminate/Pipeline/Pipeline.php(209): Illuminate\\Foundation\\Http\\Middleware\\ConvertEmptyStringsToNull->handle()
#23 /home/user/vendor/laravel/framework/src/Illuminate/Foundation/Http/Middleware/TransformsRequest.php(21): Illuminate\\Pipeline\\Pipeline->{closure:{closure:Illuminate\\Pipeline\\Pipeline::carry():184}:185}()
#24 /home/user/vendor/laravel/framework/src/Illuminate/Foundation/Http/Middleware/TrimStrings.php(51): Illuminate\\Foundation\\Http\\Middleware\\TransformsRequest->handle()
#25 /home/user/vendor/laravel/framework/src/Illuminate/Pipeline/Pipeline.php(209): Illuminate\\Foundation\\Http\\Middleware\\TrimStrings->handle()
#26 /home/user/vendor/laravel/framework/src/Illuminate/Http/Middleware/ValidatePostSize.php(27): Illuminate\\Pipeline\\Pipeline->{closure:{closure:Illuminate\\Pipeline\\Pipeline::carry():184}:185}()
#27 /home/user/vendor/laravel/framework/src/Illuminate/Pipeline/Pipeline.php(209): Illuminate\\Http\\Middleware\\ValidatePostSize->handle()
#28 /home/user/vendor/laravel/framework/src/Illuminate/Foundation/Http/Middleware/PreventRequestsDuringMaintenance.php(110): Illuminate\\Pipeline\\Pipeline->{closure:{closure:Illuminate\\Pipeline\\Pipeline::carry():184}:185}()
#29 /home/user/vendor/laravel/framework/src/Illuminate/Pipeline/Pipeline.php(209): Illuminate\\Foundation\\Http\\Middleware\\PreventRequestsDuringMaintenance->handle()
#30 /home/user/vendor/laravel/framework/src/Illuminate/Http/Middleware/HandleCors.php(62): Illuminate\\Pipeline\\Pipeline->{closure:{closure:Illuminate\\Pipeline\\Pipeline::carry():184}:185}()
#31 /home/user/vendor/laravel/framework/src/Illuminate/Pipeline/Pipeline.php(209): Illuminate\\Http\\Middleware\\HandleCors->handle()
#32 /home/user/vendor/laravel/framework/src/Illuminate/Http/Middleware/TrustProxies.php(58): Illuminate\\Pipeline\\Pipeline->{closure:{closure:Illuminate\\Pipeline\\Pipeline::carry():184}:185}()
#33 /home/user/vendor/laravel/framework/src/Illuminate/Pipeline/Pipeline.php(209): Illuminate\\Http\\Middleware\\TrustProxies->handle()
#34 /home/user/vendor/laravel/framework/src/Illuminate/Foundation/Http/Middleware/InvokeDeferredCallbacks.php(22): Illuminate\\Pipeline\\Pipeline->{closure:{closure:Illuminate\\Pipeline\\Pipeline::carry():184}:185}()
#35 /home/user/vendor/laravel/framework/src/Illuminate/Pipeline/Pipeline.php(209): Illuminate\\Foundation\\Http\\Middleware\\InvokeDeferredCallbacks->handle()
#36 /home/user/vendor/laravel/framework/src/Illuminate/Pipeline/Pipeline.php(127): Illuminate\\Pipeline\\Pipeline->{closure:{closure:Illuminate\\Pipeline\\Pipeline::carry():184}:185}()
#37 /home/user/vendor/laravel/framework/src/Illuminate/Foundation/Http/Kernel.php(176): Illuminate\\Pipeline\\Pipeline->then()
#38 /home/user/vendor/laravel/framework/src/Illuminate/Foundation/Http/Kernel.php(145): Illuminate\\Foundation\\Http\\Kernel->sendRequestThroughRouter()
#39 /home/user/vendor/laravel/framework/src/Illuminate/Foundation/Testing/Concerns/MakesHttpRequests.php(607): Illuminate\\Foundation\\Http\\Kernel->handle()
#40 /home/user/vendor/laravel/framework/src/Illuminate/Foundation/Testing/Concerns/MakesHttpRequests.php(573): Illuminate\\Foundation\\Testing\\TestCase->call()
#41 /home/user/vendor/laravel/framework/src/Illuminate/Foundation/Testing/Concerns/MakesHttpRequests.php(381): Illuminate\\Foundation\\Testing\\TestCase->json()
#42 /home/user/tests/Feature/Api/V1/BetPurchaseApiTest.php(1001): Illuminate\\Foundation\\Testing\\TestCase->getJson()
#43 /home/user/vendor/phpunit/phpunit/src/Framework/TestCase.php(1667): Tests\\Feature\\Api\\V1\\BetPurchaseApiTest->am_an_unexpected_failure_never_exposes_a_stack_trace_or_internals()
#44 /home/user/vendor/phpunit/phpunit/src/Framework/TestCase.php(519): PHPUnit\\Framework\\TestCase->runTest()
#45 /home/user/vendor/phpunit/phpunit/src/Framework/TestRunner/TestRunner.php(87): PHPUnit\\Framework\\TestCase->runBare()
#46 /home/user/vendor/phpunit/phpunit/src/Framework/TestCase.php(365): PHPUnit\\Framework\\TestRunner->run()
#47 /home/user/vendor/phpunit/phpunit/src/Framework/TestSuite.php(369): PHPUnit\\Framework\\TestCase->run()
#48 /home/user/vendor/phpunit/phpunit/src/Framework/TestSuite.php(369): PHPUnit\\Framework\\TestSuite->run()
#49 /home/user/vendor/phpunit/phpunit/src/Framework/TestSuite.php(369): PHPUnit\\Framework\\TestSuite->run()
#50 /home/user/vendor/phpunit/phpunit/src/TextUI/TestRunner.php(64): PHPUnit\\Framework\\TestSuite->run()
#51 /home/user/vendor/phpunit/phpunit/src/TextUI/Application.php(211): PHPUnit\\TextUI\\TestRunner->run()
#52 /home/user/vendor/phpunit/phpunit/phpunit(104): PHPUnit\\TextUI\\Application->run()
#53 {main}
"} {"correlation_id":"ab3fab6a-c698-4e54-9eb0-ee9b7fed541f"}
[2026-09-08 10:48:33] testing.ERROR: api.unhandled_exception {"correlation_id":"ab3fab6a-c698-4e54-9eb0-ee9b7fed541f","exception":"[object] (RuntimeException(code: 0): SQLSTATE[42S02]: Base table or view not found: 1146 Table \"thai_lottery.wallets\" doesn't exist (Connection: mysql, SQL: select * from `wallets` where `id` = 1) in /var/www/app/Services/Finance/WalletService.php:118 at /home/user/tests/Feature/Api/V1/BetPurchaseApiTest.php:993)
[stacktrace]
#0 /home/user/vendor/laravel/framework/src/Illuminate/Routing/CallableDispatcher.php(40): Tests\\Feature\\Api\\V1\\BetPurchaseApiTest->{closure:Tests\\Feature\\Api\\V1\\BetPurchaseApiTest::am_an_unexpected_failure_never_exposes_a_stack_trace_or_internals():990}()
#1 /home/user/vendor/laravel/framework/src/Illuminate/Routing/Route.php(244): Illuminate\\Routing\\CallableDispatcher->dispatch()
#2 /home/user/vendor/laravel/framework/src/Illuminate/Routing/Route.php(215): Illuminate\\Routing\\Route->runCallable()
#3 /home/user/vendor/laravel/framework/src/Illuminate/Routing/Router.php(808): Illuminate\\Routing\\Route->run()
#4 /home/user/vendor/laravel/framework/src/Illuminate/Pipeline/Pipeline.php(170): Illuminate\\Routing\\Router->{closure:Illuminate\\Routing\\Router::runRouteWithinStack():807}()
#5 /home/user/vendor/laravel/framework/src/Illuminate/Routing/Middleware/SubstituteBindings.php(51): Illuminate\\Pipeline\\Pipeline->{closure:Illuminate\\Pipeline\\Pipeline::prepareDestination():168}()
#6 /home/user/vendor/laravel/framework/src/Illuminate/Pipeline/Pipeline.php(209): Illuminate\\Routing\\Middleware\\SubstituteBindings->handle()
#7 /home/user/vendor/laravel/framework/src/Illuminate/Pipeline/Pipeline.php(127): Illuminate\\Pipeline\\Pipeline->{closure:{closure:Illuminate\\Pipeline\\Pipeline::carry():184}:185}()
#8 /home/user/vendor/laravel/framework/src/Illuminate/Routing/Router.php(807): Illuminate\\Pipeline\\Pipeline->then()
#9 /home/user/vendor/laravel/framework/src/Illuminate/Routing/Router.php(786): Illuminate\\Routing\\Router->runRouteWithinStack()
#10 /home/user/vendor/laravel/framework/src/Illuminate/Routing/Router.php(750): Illuminate\\Routing\\Router->runRoute()
#11 /home/user/vendor/laravel/framework/src/Illuminate/Routing/Router.php(739): Illuminate\\Routing\\Router->dispatchToRoute()
#12 /home/user/vendor/laravel/framework/src/Illuminate/Foundation/Http/Kernel.php(201): Illuminate\\Routing\\Router->dispatch()
#13 /home/user/vendor/laravel/framework/src/Illuminate/Pipeline/Pipeline.php(170): Illuminate\\Foundation\\Http\\Kernel->{closure:Illuminate\\Foundation\\Http\\Kernel::dispatchToRouter():198}()
#14 /home/user/vendor/livewire/livewire/src/Features/SupportDisablingBackButtonCache/DisableBackButtonCacheMiddleware.php(19): Illuminate\\Pipeline\\Pipeline->{closure:Illuminate\\Pipeline\\Pipeline::prepareDestination():168}()
#15 /home/user/vendor/laravel/framework/src/Illuminate/Pipeline/Pipeline.php(209): Livewire\\Features\\SupportDisablingBackButtonCache\\DisableBackButtonCacheMiddleware->handle()
#16 /home/user/app/Http/Middleware/SecurityHeaders.php(13): Illuminate\\Pipeline\\Pipeline->{closure:{closure:Illuminate\\Pipeline\\Pipeline::carry():184}:185}()
#17 /home/user/vendor/laravel/framework/src/Illuminate/Pipeline/Pipeline.php(209): App\\Http\\Middleware\\SecurityHeaders->handle()
#18 /home/user/app/Http/Middleware/CorrelationIdMiddleware.php(35): Illuminate\\Pipeline\\Pipeline->{closure:{closure:Illuminate\\Pipeline\\Pipeline::carry():184}:185}()
#19 /home/user/vendor/laravel/framework/src/Illuminate/Pipeline/Pipeline.php(209): App\\Http\\Middleware\\CorrelationIdMiddleware->handle()
#20 /home/user/vendor/laravel/framework/src/Illuminate/Foundation/Http/Middleware/TransformsRequest.php(21): Illuminate\\Pipeline\\Pipeline->{closure:{closure:Illuminate\\Pipeline\\Pipeline::carry():184}:185}()
#21 /home/user/vendor/laravel/framework/src/Illuminate/Foundation/Http/Middleware/ConvertEmptyStringsToNull.php(31): Illuminate\\Foundation\\Http\\Middleware\\TransformsRequest->handle()
#22 /home/user/vendor/laravel/framework/src/Illuminate/Pipeline/Pipeline.php(209): Illuminate\\Foundation\\Http\\Middleware\\ConvertEmptyStringsToNull->handle()
#23 /home/user/vendor/laravel/framework/src/Illuminate/Foundation/Http/Middleware/TransformsRequest.php(21): Illuminate\\Pipeline\\Pipeline->{closure:{closure:Illuminate\\Pipeline\\Pipeline::carry():184}:185}()
#24 /home/user/vendor/laravel/framework/src/Illuminate/Foundation/Http/Middleware/TrimStrings.php(51): Illuminate\\Foundation\\Http\\Middleware\\TransformsRequest->handle()
#25 /home/user/vendor/laravel/framework/src/Illuminate/Pipeline/Pipeline.php(209): Illuminate\\Foundation\\Http\\Middleware\\TrimStrings->handle()
#26 /home/user/vendor/laravel/framework/src/Illuminate/Http/Middleware/ValidatePostSize.php(27): Illuminate\\Pipeline\\Pipeline->{closure:{closure:Illuminate\\Pipeline\\Pipeline::carry():184}:185}()
#27 /home/user/vendor/laravel/framework/src/Illuminate/Pipeline/Pipeline.php(209): Illuminate\\Http\\Middleware\\ValidatePostSize->handle()
#28 /home/user/vendor/laravel/framework/src/Illuminate/Foundation/Http/Middleware/PreventRequestsDuringMaintenance.php(110): Illuminate\\Pipeline\\Pipeline->{closure:{closure:Illuminate\\Pipeline\\Pipeline::carry():184}:185}()
#29 /home/user/vendor/laravel/framework/src/Illuminate/Pipeline/Pipeline.php(209): Illuminate\\Foundation\\Http\\Middleware\\PreventRequestsDuringMaintenance->handle()
#30 /home/user/vendor/laravel/framework/src/Illuminate/Http/Middleware/HandleCors.php(62): Illuminate\\Pipeline\\Pipeline->{closure:{closure:Illuminate\\Pipeline\\Pipeline::carry():184}:185}()
#31 /home/user/vendor/laravel/framework/src/Illuminate/Pipeline/Pipeline.php(209): Illuminate\\Http\\Middleware\\HandleCors->handle()
#32 /home/user/vendor/laravel/framework/src/Illuminate/Http/Middleware/TrustProxies.php(58): Illuminate\\Pipeline\\Pipeline->{closure:{closure:Illuminate\\Pipeline\\Pipeline::carry():184}:185}()
#33 /home/user/vendor/laravel/framework/src/Illuminate/Pipeline/Pipeline.php(209): Illuminate\\Http\\Middleware\\TrustProxies->handle()
#34 /home/user/vendor/laravel/framework/src/Illuminate/Foundation/Http/Middleware/InvokeDeferredCallbacks.php(22): Illuminate\\Pipeline\\Pipeline->{closure:{closure:Illuminate\\Pipeline\\Pipeline::carry():184}:185}()
#35 /home/user/vendor/laravel/framework/src/Illuminate/Pipeline/Pipeline.php(209): Illuminate\\Foundation\\Http\\Middleware\\InvokeDeferredCallbacks->handle()
#36 /home/user/vendor/laravel/framework/src/Illuminate/Pipeline/Pipeline.php(127): Illuminate\\Pipeline\\Pipeline->{closure:{closure:Illuminate\\Pipeline\\Pipeline::carry():184}:185}()
#37 /home/user/vendor/laravel/framework/src/Illuminate/Foundation/Http/Kernel.php(176): Illuminate\\Pipeline\\Pipeline->then()
#38 /home/user/vendor/laravel/framework/src/Illuminate/Foundation/Http/Kernel.php(145): Illuminate\\Foundation\\Http\\Kernel->sendRequestThroughRouter()
#39 /home/user/vendor/laravel/framework/src/Illuminate/Foundation/Testing/Concerns/MakesHttpRequests.php(607): Illuminate\\Foundation\\Http\\Kernel->handle()
#40 /home/user/vendor/laravel/framework/src/Illuminate/Foundation/Testing/Concerns/MakesHttpRequests.php(573): Illuminate\\Foundation\\Testing\\TestCase->call()
#41 /home/user/vendor/laravel/framework/src/Illuminate/Foundation/Testing/Concerns/MakesHttpRequests.php(381): Illuminate\\Foundation\\Testing\\TestCase->json()
#42 /home/user/tests/Feature/Api/V1/BetPurchaseApiTest.php(1001): Illuminate\\Foundation\\Testing\\TestCase->getJson()
#43 /home/user/vendor/phpunit/phpunit/src/Framework/TestCase.php(1667): Tests\\Feature\\Api\\V1\\BetPurchaseApiTest->am_an_unexpected_failure_never_exposes_a_stack_trace_or_internals()
#44 /home/user/vendor/phpunit/phpunit/src/Framework/TestCase.php(519): PHPUnit\\Framework\\TestCase->runTest()
#45 /home/user/vendor/phpunit/phpunit/src/Framework/TestRunner/TestRunner.php(87): PHPUnit\\Framework\\TestCase->runBare()
#46 /home/user/vendor/phpunit/phpunit/src/Framework/TestCase.php(365): PHPUnit\\Framework\\TestRunner->run()
#47 /home/user/vendor/phpunit/phpunit/src/Framework/TestSuite.php(369): PHPUnit\\Framework\\TestCase->run()
#48 /home/user/vendor/phpunit/phpunit/src/Framework/TestSuite.php(369): PHPUnit\\Framework\\TestSuite->run()
#49 /home/user/vendor/phpunit/phpunit/src/Framework/TestSuite.php(369): PHPUnit\\Framework\\TestSuite->run()
#50 /home/user/vendor/phpunit/phpunit/src/TextUI/TestRunner.php(64): PHPUnit\\Framework\\TestSuite->run()
#51 /home/user/vendor/phpunit/phpunit/src/TextUI/Application.php(211): PHPUnit\\TextUI\\TestRunner->run()
#52 /home/user/vendor/phpunit/phpunit/phpunit(104): PHPUnit\\TextUI\\Application->run()
#53 {main}
","path":"api/v1/__phase44_failure_probe","method":"GET","user_id":null} {"correlation_id":"ab3fab6a-c698-4e54-9eb0-ee9b7fed541f"}
[2026-09-08 10:48:34] testing.CRITICAL: Limit Exceeded (Critical Risk) on number 123 [3d] for draw 1. {"risk_alert_type":"limit_exceeded","risk_level":"critical","audit_log_id":1} 
[2026-09-08 10:48:34] testing.CRITICAL: Critical Exposure (Critical Risk) on number 123 [3d] for draw 1. {"risk_alert_type":"critical_exposure","risk_level":"critical","audit_log_id":2} 
[2026-09-08 10:48:36] testing.INFO: lottery.automation.provisioned {"created":3,"existing":0,"horizon_days":40} 
[2026-09-08 10:48:36] testing.INFO: lottery.automation.provisioned {"created":8,"existing":0,"horizon_days":120} 
[2026-09-08 10:48:36] testing.INFO: lottery.automation.provisioned {"created":0,"existing":8,"horizon_days":120} 
[2026-09-08 10:48:36] testing.INFO: lottery.automation.provisioned {"created":3,"existing":0,"horizon_days":40} 
[2026-09-08 10:48:36] testing.INFO: lottery.automation.provisioned {"created":0,"existing":3,"horizon_days":40} 
[2026-09-08 10:48:36] testing.INFO: lottery.automation.run {"command":"lottery:open-draws","activity":"open","processed":1,"failed":0,"skipped":0,"candidates":1} 
[2026-09-08 10:48:36] testing.INFO: lottery.automation.run {"command":"lottery:close-draws","activity":"close","processed":1,"failed":0,"skipped":0,"candidates":1} 
[2026-09-08 10:48:37] testing.INFO: lottery.automation.run {"command":"lottery:close-draws","activity":"close","processed":1,"failed":0,"skipped":0,"candidates":1} 
[2026-09-08 10:48:37] testing.INFO: lottery.automation.run {"command":"lottery:close-draws","activity":"close","processed":1,"failed":0,"skipped":0,"candidates":1} 
[2026-09-08 10:48:37] testing.INFO: lottery.automation.run {"command":"lottery:mark-results-pending","activity":"mark result-pending","processed":1,"failed":0,"skipped":0,"candidates":1} 
[2026-09-08 10:48:37] testing.INFO: lottery.automation.run {"command":"lottery:mark-results-pending","activity":"mark result-pending","processed":1,"failed":0,"skipped":0,"candidates":1} 
[2026-09-08 10:48:37] testing.INFO: lottery.automation.run {"command":"lottery:settle-draws","activity":"settle","processed":1,"failed":0,"skipped":0,"candidates":1} 
[2026-09-08 10:48:37] testing.INFO: lottery.automation.run {"command":"lottery:mark-results-pending","activity":"mark result-pending","processed":1,"failed":0,"skipped":0,"candidates":1} 
[2026-09-08 10:48:37] testing.INFO: lottery.automation.run {"command":"lottery:mark-results-pending","activity":"mark result-pending","processed":1,"failed":0,"skipped":0,"candidates":1} 
[2026-09-08 10:48:37] testing.INFO: lottery.automation.run {"command":"lottery:settle-draws","activity":"settle","processed":1,"failed":0,"skipped":0,"candidates":1} 
[2026-09-08 10:48:37] testing.INFO: lottery.automation.run {"command":"lottery:mark-results-pending","activity":"mark result-pending","processed":1,"failed":0,"skipped":0,"candidates":1} 
[2026-09-08 10:48:37] testing.INFO: lottery.automation.run {"command":"lottery:settle-draws","activity":"settle","processed":1,"failed":0,"skipped":0,"candidates":1} 
[2026-09-08 10:48:37] testing.INFO: lottery.automation.run {"command":"lottery:settle-draws","activity":"settle","processed":1,"failed":0,"skipped":0,"candidates":1} 
[2026-09-08 10:48:37] testing.INFO: lottery.automation.run {"command":"lottery:mark-results-pending","activity":"mark result-pending","processed":1,"failed":0,"skipped":0,"candidates":1} 
[2026-09-08 10:48:37] testing.INFO: lottery.automation.run {"command":"lottery:settle-draws","activity":"settle","processed":1,"failed":0,"skipped":0,"candidates":1} 
[2026-09-08 10:48:37] testing.INFO: lottery.automation.run {"command":"lottery:mark-results-pending","activity":"mark result-pending","processed":1,"failed":0,"skipped":0,"candidates":1} 
[2026-09-08 10:48:37] testing.ERROR: lottery.automation.draw_failed {"command":"lottery:settle-draws","activity":"settle","draw_id":1,"draw_number":"DR-TEST-0015","exception":"[object] (App\\Exceptions\\DrawLifecycleException(code: 0): Draw 1 is in state result_published, which implies a published official result, but no draw_results row exists for it. This is refused rather than repaired. at /home/user/app/Exceptions/DrawLifecycleException.php:252)
[stacktrace]
#0 /home/user/app/Services/Draw/DrawSettlementSimulationService.php(200): App\\Exceptions\\DrawLifecycleException::resultMissing()
#1 /home/user/app/Services/Draw/DrawSettlementSimulationService.php(393): App\\Services\\Draw\\DrawSettlementSimulationService->publishedResultFor()
#2 /home/user/app/Services/Draw/DrawSettlementSimulationService.php(156): App\\Services\\Draw\\DrawSettlementSimulationService->performSettlement()
#3 /home/user/vendor/laravel/framework/src/Illuminate/Database/Concerns/ManagesTransactions.php(32): App\\Services\\Draw\\DrawSettlementSimulationService->{closure:App\\Services\\Draw\\DrawSettlementSimulationService::settle():145}()
#4 /home/user/vendor/laravel/framework/src/Illuminate/Database/DatabaseManager.php(495): Illuminate\\Database\\Connection->transaction()
#5 /home/user/vendor/laravel/framework/src/Illuminate/Support/Facades/Facade.php(361): Illuminate\\Database\\DatabaseManager->__call()
#6 /home/user/app/Services/Draw/DrawSettlementSimulationService.php(145): Illuminate\\Support\\Facades\\Facade::__callStatic()
#7 /home/user/app/Console/Commands/Lottery/SettleDrawsCommand.php(90): App\\Services\\Draw\\DrawSettlementSimulationService->settle()
#8 /home/user/app/Console/Commands/Lottery/LotteryAutomationCommand.php(155): App\\Console\\Commands\\Lottery\\SettleDrawsCommand->{closure:App\\Console\\Commands\\Lottery\\SettleDrawsCommand::handle():89}()
#9 /home/user/app/Console/Commands/Lottery/SettleDrawsCommand.php(87): App\\Console\\Commands\\Lottery\\LotteryAutomationCommand->eachDueDraw()
#10 /home/user/vendor/laravel/framework/src/Illuminate/Container/BoundMethod.php(36): App\\Console\\Commands\\Lottery\\SettleDrawsCommand->handle()
#11 /home/user/vendor/laravel/framework/src/Illuminate/Container/Util.php(43): Illuminate\\Container\\BoundMethod::{closure:Illuminate\\Container\\BoundMethod::call():35}()
#12 /home/user/vendor/laravel/framework/src/Illuminate/Container/BoundMethod.php(95): Illuminate\\Container\\Util::unwrapIfClosure()
#13 /home/user/vendor/laravel/framework/src/Illuminate/Container/BoundMethod.php(35): Illuminate\\Container\\BoundMethod::callBoundMethod()
#14 /home/user/vendor/laravel/framework/src/Illuminate/Container/Container.php(696): Illuminate\\Container\\BoundMethod::call()
#15 /home/user/vendor/laravel/framework/src/Illuminate/Console/Command.php(213): Illuminate\\Container\\Container->call()
#16 /home/user/vendor/symfony/console/Command/Command.php(341): Illuminate\\Console\\Command->execute()
#17 /home/user/vendor/laravel/framework/src/Illuminate/Console/Command.php(182): Symfony\\Component\\Console\\Command\\Command->run()
#18 /home/user/vendor/symfony/console/Application.php(1094): Illuminate\\Console\\Command->run()
#19 /home/user/vendor/symfony/console/Application.php(356): Symfony\\Component\\Console\\Application->doRunCommand()
#20 /home/user/vendor/symfony/console/Application.php(195): Symfony\\Component\\Console\\Application->doRun()
#21 /home/user/vendor/laravel/framework/src/Illuminate/Console/Application.php(166): Symfony\\Component\\Console\\Application->run()
#22 /home/user/vendor/laravel/framework/src/Illuminate/Foundation/Console/Kernel.php(427): Illuminate\\Console\\Application->call()
#23 /home/user/vendor/laravel/framework/src/Illuminate/Testing/PendingCommand.php(332): Illuminate\\Foundation\\Console\\Kernel->call()
#24 /home/user/vendor/laravel/framework/src/Illuminate/Testing/PendingCommand.php(556): Illuminate\\Testing\\PendingCommand->run()
#25 /home/user/tests/Feature/Console/DrawAutomationTest.php(334): Illuminate\\Testing\\PendingCommand->__destruct()
#26 /home/user/vendor/phpunit/phpunit/src/Framework/TestCase.php(1667): Tests\\Feature\\Console\\DrawAutomationTest->one_bad_draw_does_not_stop_the_batch_and_the_command_still_reports_failure()
#27 /home/user/vendor/phpunit/phpunit/src/Framework/TestCase.php(519): PHPUnit\\Framework\\TestCase->runTest()
#28 /home/user/vendor/phpunit/phpunit/src/Framework/TestRunner/TestRunner.php(87): PHPUnit\\Framework\\TestCase->runBare()
#29 /home/user/vendor/phpunit/phpunit/src/Framework/TestCase.php(365): PHPUnit\\Framework\\TestRunner->run()
#30 /home/user/vendor/phpunit/phpunit/src/Framework/TestSuite.php(369): PHPUnit\\Framework\\TestCase->run()
#31 /home/user/vendor/phpunit/phpunit/src/Framework/TestSuite.php(369): PHPUnit\\Framework\\TestSuite->run()
#32 /home/user/vendor/phpunit/phpunit/src/Framework/TestSuite.php(369): PHPUnit\\Framework\\TestSuite->run()
#33 /home/user/vendor/phpunit/phpunit/src/TextUI/TestRunner.php(64): PHPUnit\\Framework\\TestSuite->run()
#34 /home/user/vendor/phpunit/phpunit/src/TextUI/Application.php(211): PHPUnit\\TextUI\\TestRunner->run()
#35 /home/user/vendor/phpunit/phpunit/phpunit(104): PHPUnit\\TextUI\\Application->run()
#36 {main}
"} 
[2026-09-08 10:48:37] testing.INFO: lottery.automation.run {"command":"lottery:settle-draws","activity":"settle","processed":1,"failed":1,"skipped":0,"candidates":2} 
[2026-09-08 10:48:37] testing.INFO: lottery.tick {"steps":5,"failed_steps":[],"duration_ms":0.0,"dry_run":false} 
[2026-09-08 10:48:37] testing.INFO: lottery.automation.run {"command":"lottery:open-draws","activity":"open","processed":1,"failed":0,"skipped":0,"candidates":1} 
[2026-09-08 10:48:37] testing.INFO: lottery.automation.run {"command":"lottery:close-draws","activity":"close","processed":2,"failed":0,"skipped":0,"candidates":2} 
[2026-09-08 10:48:37] testing.INFO: lottery.automation.provisioned {"created":6,"existing":0,"horizon_days":90} 
[2026-09-08 10:48:37] testing.INFO: lottery.automation.run {"command":"lottery:open-draws","activity":"open","processed":1,"failed":0,"skipped":0,"candidates":1} 
[2026-09-08 10:48:37] testing.INFO: lottery.automation.run {"command":"lottery:close-draws","activity":"close","processed":1,"failed":0,"skipped":0,"candidates":1} 
[2026-09-08 10:48:37] testing.INFO: lottery.automation.run {"command":"lottery:mark-results-pending","activity":"mark result-pending","processed":1,"failed":0,"skipped":0,"candidates":1} 
[2026-09-08 10:48:37] testing.INFO: lottery.tick {"steps":5,"failed_steps":[],"duration_ms":21.0,"dry_run":false} 
[2026-09-08 10:48:37] testing.INFO: lottery.automation.provisioned {"created":6,"existing":0,"horizon_days":90} 
[2026-09-08 10:48:37] testing.INFO: lottery.automation.run {"command":"lottery:open-draws","activity":"open","processed":1,"failed":0,"skipped":0,"candidates":1} 
[2026-09-08 10:48:37] testing.INFO: lottery.automation.run {"command":"lottery:close-draws","activity":"close","processed":1,"failed":0,"skipped":0,"candidates":1} 
[2026-09-08 10:48:37] testing.INFO: lottery.automation.run {"command":"lottery:mark-results-pending","activity":"mark result-pending","processed":1,"failed":0,"skipped":0,"candidates":1} 
[2026-09-08 10:48:37] testing.INFO: lottery.tick {"steps":5,"failed_steps":[],"duration_ms":21.0,"dry_run":false} 
[2026-09-08 10:48:37] testing.INFO: lottery.automation.run {"command":"lottery:mark-results-pending","activity":"mark result-pending","processed":1,"failed":0,"skipped":0,"candidates":1} 
[2026-09-08 10:48:37] testing.INFO: lottery.publication.published {"draw_id":1,"draw_number":"DR-TEST-0025","winning_numbers":6,"operator_command":true} 
[2026-09-08 10:48:37] testing.INFO: lottery.automation.run {"command":"lottery:mark-results-pending","activity":"mark result-pending","processed":1,"failed":0,"skipped":0,"candidates":1} 
[2026-09-08 10:48:37] testing.WARNING: lottery.publication.refused {"draw_id":1,"draw_number":"DR-TEST-0026","exception":"[object] (App\\Exceptions\\DrawResultValidationException(code: 0): The official first prize number must be exactly 6 digits. Received \"12\", which is 2. Leading zeroes count as digits and are never stripped. at /home/user/app/Exceptions/DrawResultValidationException.php:119)
[stacktrace]
#0 /home/user/app/Services/Draw/DrawResultValidator.php(205): App\\Exceptions\\DrawResultValidationException::firstPrizeLength()
#1 /home/user/app/Services/Draw/DrawResultValidator.php(131): App\\Services\\Draw\\DrawResultValidator->validateFirstPrize()
#2 /home/user/app/Services/Draw/DrawResultPublicationService.php(105): App\\Services\\Draw\\DrawResultValidator->validate()
#3 /home/user/app/Console/Commands/Lottery/PublishDrawResultCommand.php(104): App\\Services\\Draw\\DrawResultPublicationService->publish()
#4 /home/user/vendor/laravel/framework/src/Illuminate/Container/BoundMethod.php(36): App\\Console\\Commands\\Lottery\\PublishDrawResultCommand->handle()
#5 /home/user/vendor/laravel/framework/src/Illuminate/Container/Util.php(43): Illuminate\\Container\\BoundMethod::{closure:Illuminate\\Container\\BoundMethod::call():35}()
#6 /home/user/vendor/laravel/framework/src/Illuminate/Container/BoundMethod.php(95): Illuminate\\Container\\Util::unwrapIfClosure()
#7 /home/user/vendor/laravel/framework/src/Illuminate/Container/BoundMethod.php(35): Illuminate\\Container\\BoundMethod::callBoundMethod()
#8 /home/user/vendor/laravel/framework/src/Illuminate/Container/Container.php(696): Illuminate\\Container\\BoundMethod::call()
#9 /home/user/vendor/laravel/framework/src/Illuminate/Console/Command.php(213): Illuminate\\Container\\Container->call()
#10 /home/user/vendor/symfony/console/Command/Command.php(341): Illuminate\\Console\\Command->execute()
#11 /home/user/vendor/laravel/framework/src/Illuminate/Console/Command.php(182): Symfony\\Component\\Console\\Command\\Command->run()
#12 /home/user/vendor/symfony/console/Application.php(1094): Illuminate\\Console\\Command->run()
#13 /home/user/vendor/symfony/console/Application.php(356): Symfony\\Component\\Console\\Application->doRunCommand()
#14 /home/user/vendor/symfony/console/Application.php(195): Symfony\\Component\\Console\\Application->doRun()
#15 /home/user/vendor/laravel/framework/src/Illuminate/Console/Application.php(166): Symfony\\Component\\Console\\Application->run()
#16 /home/user/vendor/laravel/framework/src/Illuminate/Foundation/Console/Kernel.php(427): Illuminate\\Console\\Application->call()
#17 /home/user/vendor/laravel/framework/src/Illuminate/Testing/PendingCommand.php(332): Illuminate\\Foundation\\Console\\Kernel->call()
#18 /home/user/vendor/laravel/framework/src/Illuminate/Testing/PendingCommand.php(556): Illuminate\\Testing\\PendingCommand->run()
#19 /home/user/tests/Feature/Console/DrawAutomationTest.php(443): Illuminate\\Testing\\PendingCommand->__destruct()
#20 /home/user/vendor/phpunit/phpunit/src/Framework/TestCase.php(1667): Tests\\Feature\\Console\\DrawAutomationTest->publication_refuses_numbers_the_validator_rejects_and_writes_nothing()
#21 /home/user/vendor/phpunit/phpunit/src/Framework/TestCase.php(519): PHPUnit\\Framework\\TestCase->runTest()
#22 /home/user/vendor/phpunit/phpunit/src/Framework/TestRunner/TestRunner.php(87): PHPUnit\\Framework\\TestCase->runBare()
#23 /home/user/vendor/phpunit/phpunit/src/Framework/TestCase.php(365): PHPUnit\\Framework\\TestRunner->run()
#24 /home/user/vendor/phpunit/phpunit/src/Framework/TestSuite.php(369): PHPUnit\\Framework\\TestCase->run()
#25 /home/user/vendor/phpunit/phpunit/src/Framework/TestSuite.php(369): PHPUnit\\Framework\\TestSuite->run()
#26 /home/user/vendor/phpunit/phpunit/src/Framework/TestSuite.php(369): PHPUnit\\Framework\\TestSuite->run()
#27 /home/user/vendor/phpunit/phpunit/src/TextUI/TestRunner.php(64): PHPUnit\\Framework\\TestSuite->run()
#28 /home/user/vendor/phpunit/phpunit/src/TextUI/Application.php(211): PHPUnit\\TextUI\\TestRunner->run()
#29 /home/user/vendor/phpunit/phpunit/phpunit(104): PHPUnit\\TextUI\\Application->run()
#30 {main}
"} 
[2026-09-08 10:48:37] testing.WARNING: lottery.publication.refused {"draw_id":1,"draw_number":"DR-TEST-0027","exception":"[object] (App\\Exceptions\\DrawLifecycleException(code: 0): Draw 1 is in state open; an official result may only be published from result_pending. at /home/user/app/Exceptions/DrawLifecycleException.php:191)
[stacktrace]
#0 /home/user/app/Services/Draw/DrawLifecycleService.php(385): App\\Exceptions\\DrawLifecycleException::notPublishable()
#1 /home/user/app/Services/Draw/DrawResultPublicationService.php(110): App\\Services\\Draw\\DrawLifecycleService->assertCanPublishResult()
#2 /home/user/vendor/laravel/framework/src/Illuminate/Database/Concerns/ManagesTransactions.php(32): App\\Services\\Draw\\DrawResultPublicationService->{closure:App\\Services\\Draw\\DrawResultPublicationService::publish():107}()
#3 /home/user/vendor/laravel/framework/src/Illuminate/Database/DatabaseManager.php(495): Illuminate\\Database\\Connection->transaction()
#4 /home/user/vendor/laravel/framework/src/Illuminate/Support/Facades/Facade.php(361): Illuminate\\Database\\DatabaseManager->__call()
#5 /home/user/app/Services/Draw/DrawResultPublicationService.php(139): Illuminate\\Support\\Facades\\Facade::__callStatic()
#6 /home/user/app/Console/Commands/Lottery/PublishDrawResultCommand.php(104): App\\Services\\Draw\\DrawResultPublicationService->publish()
#7 /home/user/vendor/laravel/framework/src/Illuminate/Container/BoundMethod.php(36): App\\Console\\Commands\\Lottery\\PublishDrawResultCommand->handle()
#8 /home/user/vendor/laravel/framework/src/Illuminate/Container/Util.php(43): Illuminate\\Container\\BoundMethod::{closure:Illuminate\\Container\\BoundMethod::call():35}()
#9 /home/user/vendor/laravel/framework/src/Illuminate/Container/BoundMethod.php(95): Illuminate\\Container\\Util::unwrapIfClosure()
#10 /home/user/vendor/laravel/framework/src/Illuminate/Container/BoundMethod.php(35): Illuminate\\Container\\BoundMethod::callBoundMethod()
#11 /home/user/vendor/laravel/framework/src/Illuminate/Container/Container.php(696): Illuminate\\Container\\BoundMethod::call()
#12 /home/user/vendor/laravel/framework/src/Illuminate/Console/Command.php(213): Illuminate\\Container\\Container->call()
#13 /home/user/vendor/symfony/console/Command/Command.php(341): Illuminate\\Console\\Command->execute()
#14 /home/user/vendor/laravel/framework/src/Illuminate/Console/Command.php(182): Symfony\\Component\\Console\\Command\\Command->run()
#15 /home/user/vendor/symfony/console/Application.php(1094): Illuminate\\Console\\Command->run()
#16 /home/user/vendor/symfony/console/Application.php(356): Symfony\\Component\\Console\\Application->doRunCommand()
#17 /home/user/vendor/symfony/console/Application.php(195): Symfony\\Component\\Console\\Application->doRun()
#18 /home/user/vendor/laravel/framework/src/Illuminate/Console/Application.php(166): Symfony\\Component\\Console\\Application->run()
#19 /home/user/vendor/laravel/framework/src/Illuminate/Foundation/Console/Kernel.php(427): Illuminate\\Console\\Application->call()
#20 /home/user/vendor/laravel/framework/src/Illuminate/Testing/PendingCommand.php(332): Illuminate\\Foundation\\Console\\Kernel->call()
#21 /home/user/vendor/laravel/framework/src/Illuminate/Testing/PendingCommand.php(556): Illuminate\\Testing\\PendingCommand->run()
#22 /home/user/tests/Feature/Console/DrawAutomationTest.php(459): Illuminate\\Testing\\PendingCommand->__destruct()
#23 /home/user/vendor/phpunit/phpunit/src/Framework/TestCase.php(1667): Tests\\Feature\\Console\\DrawAutomationTest->publication_is_refused_for_a_draw_that_is_not_awaiting_its_result()
#24 /home/user/vendor/phpunit/phpunit/src/Framework/TestCase.php(519): PHPUnit\\Framework\\TestCase->runTest()
#25 /home/user/vendor/phpunit/phpunit/src/Framework/TestRunner/TestRunner.php(87): PHPUnit\\Framework\\TestCase->runBare()
#26 /home/user/vendor/phpunit/phpunit/src/Framework/TestCase.php(365): PHPUnit\\Framework\\TestRunner->run()
#27 /home/user/vendor/phpunit/phpunit/src/Framework/TestSuite.php(369): PHPUnit\\Framework\\TestCase->run()
#28 /home/user/vendor/phpunit/phpunit/src/Framework/TestSuite.php(369): PHPUnit\\Framework\\TestSuite->run()
#29 /home/user/vendor/phpunit/phpunit/src/Framework/TestSuite.php(369): PHPUnit\\Framework\\TestSuite->run()
#30 /home/user/vendor/phpunit/phpunit/src/TextUI/TestRunner.php(64): PHPUnit\\Framework\\TestSuite->run()
#31 /home/user/vendor/phpunit/phpunit/src/TextUI/Application.php(211): PHPUnit\\TextUI\\TestRunner->run()
#32 /home/user/vendor/phpunit/phpunit/phpunit(104): PHPUnit\\TextUI\\Application->run()
#33 {main}
"} 
[2026-09-08 10:48:37] testing.INFO: lottery.automation.run {"command":"lottery:mark-results-pending","activity":"mark result-pending","processed":1,"failed":0,"skipped":0,"candidates":1} 
[2026-09-08 10:49:23] testing.INFO: Payment webhook event already processed (replay cache hit) {"gateway":"bkash","event_id":"evt_bkash_dup_24"} 
[2026-09-08 10:49:25] testing.CRITICAL: DisburseWithdrawalJob: Job permanently failed after max attempts {"withdrawal_id":888888,"attempts":1,"error":"Withdrawal entity 888888 not found"} 
[2026-09-08 10:49:25] testing.INFO: OperationalAlertService: Alert throttled (duplicate within cooldown) {"title":"Critical Ledger Imbalance","fingerprint":"alert:anomaly:304a127cfffc21d342fb8664ff0dc21d"} 
[2026-09-08 10:49:25] testing.INFO: Payment webhook event already processed (replay cache hit) {"gateway":"stripe","event_id":"evt_stripe_concurrency_666"} 
[2026-09-08 10:49:25] testing.INFO: Payment webhook event already processed (replay cache hit) {"gateway":"stripe","event_id":"evt_stripe_concurrency_666"} 
[2026-09-08 10:49:25] testing.INFO: Payment webhook event already processed (replay cache hit) {"gateway":"stripe","event_id":"evt_stripe_concurrency_666"} 
[2026-09-08 10:49:25] testing.INFO: Payment webhook event already processed (replay cache hit) {"gateway":"stripe","event_id":"evt_stripe_concurrency_666"} 
[2026-09-08 10:49:25] testing.WARNING: Payment webhook signature verification failed {"correlation_id":"20bfae09-9a47-4769-b32d-34628bfa00db","gateway":"stripe","ip":"127.0.0.1"} {"correlation_id":"20bfae09-9a47-4769-b32d-34628bfa00db"}
[2026-09-08 10:49:25] testing.WARNING: Payment webhook signature verification failed {"correlation_id":"75ee4c0a-ad0e-4f70-9925-bef90e508761","gateway":"bkash","ip":"127.0.0.1"} {"correlation_id":"75ee4c0a-ad0e-4f70-9925-bef90e508761"}
[2026-09-08 10:49:25] testing.WARNING: Stripe webhook rejected: timestamp drift exceeds tolerance. {"correlation_id":"bda7814f-3fcc-4e8f-9628-3f32c233c05d","event_time":1788838765,"current_time":1788839365,"tolerance":300} {"correlation_id":"bda7814f-3fcc-4e8f-9628-3f32c233c05d"}
[2026-09-08 10:49:25] testing.WARNING: Payment webhook signature verification failed {"correlation_id":"bda7814f-3fcc-4e8f-9628-3f32c233c05d","gateway":"stripe","ip":"127.0.0.1"} {"correlation_id":"bda7814f-3fcc-4e8f-9628-3f32c233c05d"}
[2026-09-08 10:49:26] testing.INFO: Payment webhook event already processed (replay cache hit) {"gateway":"stripe","event_id":"evt_unique_test_replay_999"} 
[2026-09-08 10:49:31] testing.INFO: bet_purchase.api.success {"correlation_id":"63251f13-2aa6-4b4b-82c5-6e050413f83d","outcome":"purchased","bet_id":1,"bet_number":"BT-20260908-D284664B650C","ticket_id":1,"draw_id":1,"currency":"THB","stake":"100.00","client_key":"client_key_valid_test_16_abc","request_id":"f0ed59f31c0bcb4191bb1105d78de188","user_id":1} {"correlation_id":"63251f13-2aa6-4b4b-82c5-6e050413f83d"}
[2026-09-08 10:49:31] testing.INFO: bet_purchase.api.refused {"correlation_id":"34cb4e7f-4060-4331-b33e-6b1aa3907381","outcome":"refused","error_code":"insufficient_balance","http_status":422,"exception":"App\\Exceptions\\BetPurchaseException","client_key":"client_key_insufficient_17","request_id":"9c82f76464b46c34cbc7e1550b90f7db","user_id":1} {"correlation_id":"34cb4e7f-4060-4331-b33e-6b1aa3907381"}
[2026-09-08 10:49:32] testing.INFO: bet_purchase.api.refused {"correlation_id":"8d913926-f53c-4673-b4ac-4b4e29cecfc0","outcome":"refused","error_code":"draw_closed","http_status":422,"exception":"App\\Exceptions\\BetPurchaseValidationException","client_key":"client_key_closed_draw_18","request_id":"f2d3f627e0f01d28e3451845d542072d","user_id":1} {"correlation_id":"8d913926-f53c-4673-b4ac-4b4e29cecfc0"}
[2026-09-08 10:49:32] testing.INFO: bet_purchase.api.refused {"correlation_id":"70e275e5-644f-4a10-b5a1-fafcebae7874","outcome":"refused","error_code":"invalid_digits","http_status":422,"exception":"App\\Exceptions\\BetPurchaseValidationException","client_key":"client_key_invalid_market_19","request_id":"c663a55ba4b220f75dc9e1d33bbae02b","user_id":1} {"correlation_id":"70e275e5-644f-4a10-b5a1-fafcebae7874"}
[2026-09-08 10:49:32] testing.INFO: bet_purchase.api.success {"correlation_id":"1e1e368a-34fc-4b76-a6ad-40bb700b79c4","outcome":"purchased","bet_id":1,"bet_number":"BT-20260908-376D60373E3E","ticket_id":1,"draw_id":1,"currency":"THB","stake":"100.00","client_key":"unique_idempotency_key_test_20_xyz","request_id":"3295f83f327d32d8f9a3c2e3ad6e95fe","user_id":1} {"correlation_id":"1e1e368a-34fc-4b76-a6ad-40bb700b79c4"}
[2026-09-08 10:49:32] testing.INFO: bet_purchase.api.success {"correlation_id":"028ce58e-b1e8-45b2-8a7b-8ecc1589e96d","outcome":"replayed","bet_id":1,"bet_number":"BT-20260908-376D60373E3E","ticket_id":1,"draw_id":1,"currency":"THB","stake":"100.00","client_key":"unique_idempotency_key_test_20_xyz","request_id":"0345cd09f42b0e932ec44ae4e381b7b1","user_id":1} {"correlation_id":"028ce58e-b1e8-45b2-8a7b-8ecc1589e96d"}
[2026-09-08 10:49:39] testing.WARNING: DisburseWithdrawalJob: Transient error during disbursement, queue will retry {"withdrawal_id":1,"attempt":1,"max_tries":3,"exception":"Connection timeout to gateway API."} 
[2026-09-08 10:49:39] testing.ERROR: DisburseWithdrawalJob: Withdrawal not found {"withdrawal_id":999999,"attempt":1} 
[2026-09-08 10:49:40] testing.INFO: DisburseWithdrawalJob: Withdrawal already completed, skipping redundant disbursement {"withdrawal_id":1,"reference_number":"WD-20260908-ABF2AFB87899","status":"completed"} 
[2026-09-08 10:49:40] testing.INFO: DisburseWithdrawalJob: Withdrawal already completed, skipping redundant disbursement {"withdrawal_id":1,"reference_number":"WD-20260908-D9A35DDAFF69","status":"completed"} 
[2026-09-08 10:49:40] testing.INFO: RealPrizeSettlementService: Settled Draw #DRW-20260908-Y7TUQM {"draw_id":1,"winners":1,"total_payout":"9000.00"} 
[2026-09-08 10:49:40] testing.INFO: ProcessPrizeSettlementJob: Draw is already settled, skipping redundant execution {"draw_id":1,"draw_number":"DRW-20260908-Y7TUQM","status":"completed"} 
[2026-09-08 10:49:40] testing.INFO: Payment webhook event already processed (replay cache hit) {"gateway":"bkash","event_id":"evt_job_dup_08"} 
[2026-09-08 10:49:40] testing.CRITICAL: DisburseWithdrawalJob: Job permanently failed after max attempts {"withdrawal_id":1,"attempts":1,"error":"Gateway auth failed for secret token secret_key_123456"} 
[2026-09-08 10:49:40] testing.INFO: DisburseWithdrawalJob: Withdrawal already completed, skipping redundant disbursement {"withdrawal_id":1,"reference_number":"WD-20260908-6FF6B5580DBF","status":"completed"} 
[2026-09-08 10:49:40] testing.WARNING: DisburseWithdrawalJob: Withdrawal in terminal failed/cancelled state, aborting job {"withdrawal_id":1,"reference_number":"WD-20260908-1EF7F04A3166","status":"failed"} 
[2026-09-08 10:49:42] testing.WARNING: bKash webhook rejected: webhook_secret / app_secret is not configured. {"correlation_id":"eb52fffc-27ff-42ff-9285-ab7d4bd333a0"} {"correlation_id":"eb52fffc-27ff-42ff-9285-ab7d4bd333a0"}
[2026-09-08 10:49:42] testing.WARNING: Payment webhook signature verification failed {"correlation_id":"eb52fffc-27ff-42ff-9285-ab7d4bd333a0","gateway":"bkash","ip":"127.0.0.1"} {"correlation_id":"eb52fffc-27ff-42ff-9285-ab7d4bd333a0"}
[2026-09-08 10:49:42] testing.WARNING: bKash webhook rejected: webhook_secret / app_secret is not configured. {"correlation_id":"d60d9670-6136-417a-8f57-b8e14618ffae"} {"correlation_id":"d60d9670-6136-417a-8f57-b8e14618ffae"}
[2026-09-08 10:49:42] testing.WARNING: Payment webhook signature verification failed {"correlation_id":"d60d9670-6136-417a-8f57-b8e14618ffae","gateway":"bkash","ip":"127.0.0.1"} {"correlation_id":"d60d9670-6136-417a-8f57-b8e14618ffae"}
[2026-09-08 10:49:42] testing.WARNING: bKash webhook rejected: webhook_secret / app_secret is not configured. {"correlation_id":"8ffebf72-4eb7-4ff3-924f-bfe42023eeba"} {"correlation_id":"8ffebf72-4eb7-4ff3-924f-bfe42023eeba"}
[2026-09-08 10:49:42] testing.WARNING: Payment webhook signature verification failed {"correlation_id":"8ffebf72-4eb7-4ff3-924f-bfe42023eeba","gateway":"bkash","ip":"127.0.0.1"} {"correlation_id":"8ffebf72-4eb7-4ff3-924f-bfe42023eeba"}
[2026-09-08 10:49:44] testing.ERROR: Property [daily_deposit_limit] does not exist on this collection instance. {"correlation_id":"a24d3561-6d3b-4027-90ed-6a11349ac031","userId":1,"exception":"[object] (Exception(code: 0): Property [daily_deposit_limit] does not exist on this collection instance. at /home/user/vendor/laravel/framework/src/Illuminate/Collections/Traits/EnumeratesValues.php:1042)
[stacktrace]
#0 /home/user/app/Http/Controllers/Api/V1/ResponsibleGamingController.php(48): Illuminate\\Support\\Collection->__get()
#1 /home/user/app/Http/Controllers/Api/V1/ResponsibleGamingController.php(27): App\\Http\\Controllers\\Api\\V1\\ResponsibleGamingController->show()
#2 /home/user/vendor/laravel/framework/src/Illuminate/Routing/ControllerDispatcher.php(47): App\\Http\\Controllers\\Api\\V1\\ResponsibleGamingController->index()
#3 /home/user/vendor/laravel/framework/src/Illuminate/Routing/Route.php(266): Illuminate\\Routing\\ControllerDispatcher->dispatch()
#4 /home/user/vendor/laravel/framework/src/Illuminate/Routing/Route.php(212): Illuminate\\Routing\\Route->runController()
#5 /home/user/vendor/laravel/framework/src/Illuminate/Routing/Router.php(808): Illuminate\\Routing\\Route->run()
#6 /home/user/vendor/laravel/framework/src/Illuminate/Pipeline/Pipeline.php(170): Illuminate\\Routing\\Router->{closure:Illuminate\\Routing\\Router::runRouteWithinStack():807}()
#7 /home/user/app/Http/Middleware/EnsureUserIsActive.php(23): Illuminate\\Pipeline\\Pipeline->{closure:Illuminate\\Pipeline\\Pipeline::prepareDestination():168}()
#8 /home/user/vendor/laravel/framework/src/Illuminate/Pipeline/Pipeline.php(209): App\\Http\\Middleware\\EnsureUserIsActive->handle()
#9 /home/user/vendor/laravel/framework/src/Illuminate/Routing/Middleware/SubstituteBindings.php(51): Illuminate\\Pipeline\\Pipeline->{closure:{closure:Illuminate\\Pipeline\\Pipeline::carry():184}:185}()
#10 /home/user/vendor/laravel/framework/src/Illuminate/Pipeline/Pipeline.php(209): Illuminate\\Routing\\Middleware\\SubstituteBindings->handle()
#11 /home/user/vendor/laravel/framework/src/Illuminate/Routing/Middleware/ThrottleRequests.php(161): Illuminate\\Pipeline\\Pipeline->{closure:{closure:Illuminate\\Pipeline\\Pipeline::carry():184}:185}()
#12 /home/user/vendor/laravel/framework/src/Illuminate/Routing/Middleware/ThrottleRequests.php(127): Illuminate\\Routing\\Middleware\\ThrottleRequests->handleRequest()
#13 /home/user/vendor/laravel/framework/src/Illuminate/Routing/Middleware/ThrottleRequests.php(89): Illuminate\\Routing\\Middleware\\ThrottleRequests->handleRequestUsingNamedLimiter()
#14 /home/user/vendor/laravel/framework/src/Illuminate/Pipeline/Pipeline.php(209): Illuminate\\Routing\\Middleware\\ThrottleRequests->handle()
#15 /home/user/vendor/laravel/framework/src/Illuminate/Auth/Middleware/Authenticate.php(64): Illuminate\\Pipeline\\Pipeline->{closure:{closure:Illuminate\\Pipeline\\Pipeline::carry():184}:185}()
#16 /home/user/vendor/laravel/framework/src/Illuminate/Pipeline/Pipeline.php(209): Illuminate\\Auth\\Middleware\\Authenticate->handle()
#17 /home/user/vendor/laravel/framework/src/Illuminate/Pipeline/Pipeline.php(127): Illuminate\\Pipeline\\Pipeline->{closure:{closure:Illuminate\\Pipeline\\Pipeline::carry():184}:185}()
#18 /home/user/vendor/laravel/framework/src/Illuminate/Routing/Router.php(807): Illuminate\\Pipeline\\Pipeline->then()
#19 /home/user/vendor/laravel/framework/src/Illuminate/Routing/Router.php(786): Illuminate\\Routing\\Router->runRouteWithinStack()
#20 /home/user/vendor/laravel/framework/src/Illuminate/Routing/Router.php(750): Illuminate\\Routing\\Router->runRoute()
#21 /home/user/vendor/laravel/framework/src/Illuminate/Routing/Router.php(739): Illuminate\\Routing\\Router->dispatchToRoute()
#22 /home/user/vendor/laravel/framework/src/Illuminate/Foundation/Http/Kernel.php(201): Illuminate\\Routing\\Router->dispatch()
#23 /home/user/vendor/laravel/framework/src/Illuminate/Pipeline/Pipeline.php(170): Illuminate\\Foundation\\Http\\Kernel->{closure:Illuminate\\Foundation\\Http\\Kernel::dispatchToRouter():198}()
#24 /home/user/vendor/livewire/livewire/src/Features/SupportDisablingBackButtonCache/DisableBackButtonCacheMiddleware.php(19): Illuminate\\Pipeline\\Pipeline->{closure:Illuminate\\Pipeline\\Pipeline::prepareDestination():168}()
#25 /home/user/vendor/laravel/framework/src/Illuminate/Pipeline/Pipeline.php(209): Livewire\\Features\\SupportDisablingBackButtonCache\\DisableBackButtonCacheMiddleware->handle()
#26 /home/user/app/Http/Middleware/SecurityHeaders.php(13): Illuminate\\Pipeline\\Pipeline->{closure:{closure:Illuminate\\Pipeline\\Pipeline::carry():184}:185}()
#27 /home/user/vendor/laravel/framework/src/Illuminate/Pipeline/Pipeline.php(209): App\\Http\\Middleware\\SecurityHeaders->handle()
#28 /home/user/app/Http/Middleware/CorrelationIdMiddleware.php(35): Illuminate\\Pipeline\\Pipeline->{closure:{closure:Illuminate\\Pipeline\\Pipeline::carry():184}:185}()
#29 /home/user/vendor/laravel/framework/src/Illuminate/Pipeline/Pipeline.php(209): App\\Http\\Middleware\\CorrelationIdMiddleware->handle()
#30 /home/user/vendor/laravel/framework/src/Illuminate/Foundation/Http/Middleware/TransformsRequest.php(21): Illuminate\\Pipeline\\Pipeline->{closure:{closure:Illuminate\\Pipeline\\Pipeline::carry():184}:185}()
#31 /home/user/vendor/laravel/framework/src/Illuminate/Foundation/Http/Middleware/ConvertEmptyStringsToNull.php(31): Illuminate\\Foundation\\Http\\Middleware\\TransformsRequest->handle()
#32 /home/user/vendor/laravel/framework/src/Illuminate/Pipeline/Pipeline.php(209): Illuminate\\Foundation\\Http\\Middleware\\ConvertEmptyStringsToNull->handle()
#33 /home/user/vendor/laravel/framework/src/Illuminate/Foundation/Http/Middleware/TransformsRequest.php(21): Illuminate\\Pipeline\\Pipeline->{closure:{closure:Illuminate\\Pipeline\\Pipeline::carry():184}:185}()
#34 /home/user/vendor/laravel/framework/src/Illuminate/Foundation/Http/Middleware/TrimStrings.php(51): Illuminate\\Foundation\\Http\\Middleware\\TransformsRequest->handle()
#35 /home/user/vendor/laravel/framework/src/Illuminate/Pipeline/Pipeline.php(209): Illuminate\\Foundation\\Http\\Middleware\\TrimStrings->handle()
#36 /home/user/vendor/laravel/framework/src/Illuminate/Http/Middleware/ValidatePostSize.php(27): Illuminate\\Pipeline\\Pipeline->{closure:{closure:Illuminate\\Pipeline\\Pipeline::carry():184}:185}()
#37 /home/user/vendor/laravel/framework/src/Illuminate/Pipeline/Pipeline.php(209): Illuminate\\Http\\Middleware\\ValidatePostSize->handle()
#38 /home/user/vendor/laravel/framework/src/Illuminate/Foundation/Http/Middleware/PreventRequestsDuringMaintenance.php(110): Illuminate\\Pipeline\\Pipeline->{closure:{closure:Illuminate\\Pipeline\\Pipeline::carry():184}:185}()
#39 /home/user/vendor/laravel/framework/src/Illuminate/Pipeline/Pipeline.php(209): Illuminate\\Foundation\\Http\\Middleware\\PreventRequestsDuringMaintenance->handle()
#40 /home/user/vendor/laravel/framework/src/Illuminate/Http/Middleware/HandleCors.php(62): Illuminate\\Pipeline\\Pipeline->{closure:{closure:Illuminate\\Pipeline\\Pipeline::carry():184}:185}()
#41 /home/user/vendor/laravel/framework/src/Illuminate/Pipeline/Pipeline.php(209): Illuminate\\Http\\Middleware\\HandleCors->handle()
#42 /home/user/vendor/laravel/framework/src/Illuminate/Http/Middleware/TrustProxies.php(58): Illuminate\\Pipeline\\Pipeline->{closure:{closure:Illuminate\\Pipeline\\Pipeline::carry():184}:185}()
#43 /home/user/vendor/laravel/framework/src/Illuminate/Pipeline/Pipeline.php(209): Illuminate\\Http\\Middleware\\TrustProxies->handle()
#44 /home/user/vendor/laravel/framework/src/Illuminate/Foundation/Http/Middleware/InvokeDeferredCallbacks.php(22): Illuminate\\Pipeline\\Pipeline->{closure:{closure:Illuminate\\Pipeline\\Pipeline::carry():184}:185}()
#45 /home/user/vendor/laravel/framework/src/Illuminate/Pipeline/Pipeline.php(209): Illuminate\\Foundation\\Http\\Middleware\\InvokeDeferredCallbacks->handle()
#46 /home/user/vendor/laravel/framework/src/Illuminate/Pipeline/Pipeline.php(127): Illuminate\\Pipeline\\Pipeline->{closure:{closure:Illuminate\\Pipeline\\Pipeline::carry():184}:185}()
#47 /home/user/vendor/laravel/framework/src/Illuminate/Foundation/Http/Kernel.php(176): Illuminate\\Pipeline\\Pipeline->then()
#48 /home/user/vendor/laravel/framework/src/Illuminate/Foundation/Http/Kernel.php(145): Illuminate\\Foundation\\Http\\Kernel->sendRequestThroughRouter()
#49 /home/user/vendor/laravel/framework/src/Illuminate/Foundation/Testing/Concerns/MakesHttpRequests.php(607): Illuminate\\Foundation\\Http\\Kernel->handle()
#50 /home/user/vendor/laravel/framework/src/Illuminate/Foundation/Testing/Concerns/MakesHttpRequests.php(573): Illuminate\\Foundation\\Testing\\TestCase->call()
#51 /home/user/vendor/laravel/framework/src/Illuminate/Foundation/Testing/Concerns/MakesHttpRequests.php(381): Illuminate\\Foundation\\Testing\\TestCase->json()
#52 /home/user/tests/Feature/Security/ResponsibleGamingTest.php(32): Illuminate\\Foundation\\Testing\\TestCase->getJson()
#53 /home/user/vendor/phpunit/phpunit/src/Framework/TestCase.php(1667): Tests\\Feature\\Security\\ResponsibleGamingTest->test_player_can_fetch_and_set_responsible_gaming_limits()
#54 /home/user/vendor/phpunit/phpunit/src/Framework/TestCase.php(519): PHPUnit\\Framework\\TestCase->runTest()
#55 /home/user/vendor/phpunit/phpunit/src/Framework/TestRunner/TestRunner.php(87): PHPUnit\\Framework\\TestCase->runBare()
#56 /home/user/vendor/phpunit/phpunit/src/Framework/TestCase.php(365): PHPUnit\\Framework\\TestRunner->run()
#57 /home/user/vendor/phpunit/phpunit/src/Framework/TestSuite.php(369): PHPUnit\\Framework\\TestCase->run()
#58 /home/user/vendor/phpunit/phpunit/src/Framework/TestSuite.php(369): PHPUnit\\Framework\\TestSuite->run()
#59 /home/user/vendor/phpunit/phpunit/src/Framework/TestSuite.php(369): PHPUnit\\Framework\\TestSuite->run()
#60 /home/user/vendor/phpunit/phpunit/src/TextUI/TestRunner.php(64): PHPUnit\\Framework\\TestSuite->run()
#61 /home/user/vendor/phpunit/phpunit/src/TextUI/Application.php(211): PHPUnit\\TextUI\\TestRunner->run()
#62 /home/user/vendor/phpunit/phpunit/phpunit(104): PHPUnit\\TextUI\\Application->run()
#63 {main}
"} {"correlation_id":"a24d3561-6d3b-4027-90ed-6a11349ac031"}
[2026-09-08 10:49:44] testing.ERROR: api.unhandled_exception {"correlation_id":"a24d3561-6d3b-4027-90ed-6a11349ac031","exception":"[object] (Exception(code: 0): Property [daily_deposit_limit] does not exist on this collection instance. at /home/user/vendor/laravel/framework/src/Illuminate/Collections/Traits/EnumeratesValues.php:1042)
[stacktrace]
#0 /home/user/app/Http/Controllers/Api/V1/ResponsibleGamingController.php(48): Illuminate\\Support\\Collection->__get()
#1 /home/user/app/Http/Controllers/Api/V1/ResponsibleGamingController.php(27): App\\Http\\Controllers\\Api\\V1\\ResponsibleGamingController->show()
#2 /home/user/vendor/laravel/framework/src/Illuminate/Routing/ControllerDispatcher.php(47): App\\Http\\Controllers\\Api\\V1\\ResponsibleGamingController->index()
#3 /home/user/vendor/laravel/framework/src/Illuminate/Routing/Route.php(266): Illuminate\\Routing\\ControllerDispatcher->dispatch()
#4 /home/user/vendor/laravel/framework/src/Illuminate/Routing/Route.php(212): Illuminate\\Routing\\Route->runController()
#5 /home/user/vendor/laravel/framework/src/Illuminate/Routing/Router.php(808): Illuminate\\Routing\\Route->run()
#6 /home/user/vendor/laravel/framework/src/Illuminate/Pipeline/Pipeline.php(170): Illuminate\\Routing\\Router->{closure:Illuminate\\Routing\\Router::runRouteWithinStack():807}()
#7 /home/user/app/Http/Middleware/EnsureUserIsActive.php(23): Illuminate\\Pipeline\\Pipeline->{closure:Illuminate\\Pipeline\\Pipeline::prepareDestination():168}()
#8 /home/user/vendor/laravel/framework/src/Illuminate/Pipeline/Pipeline.php(209): App\\Http\\Middleware\\EnsureUserIsActive->handle()
#9 /home/user/vendor/laravel/framework/src/Illuminate/Routing/Middleware/SubstituteBindings.php(51): Illuminate\\Pipeline\\Pipeline->{closure:{closure:Illuminate\\Pipeline\\Pipeline::carry():184}:185}()
#10 /home/user/vendor/laravel/framework/src/Illuminate/Pipeline/Pipeline.php(209): Illuminate\\Routing\\Middleware\\SubstituteBindings->handle()
#11 /home/user/vendor/laravel/framework/src/Illuminate/Routing/Middleware/ThrottleRequests.php(161): Illuminate\\Pipeline\\Pipeline->{closure:{closure:Illuminate\\Pipeline\\Pipeline::carry():184}:185}()
#12 /home/user/vendor/laravel/framework/src/Illuminate/Routing/Middleware/ThrottleRequests.php(127): Illuminate\\Routing\\Middleware\\ThrottleRequests->handleRequest()
#13 /home/user/vendor/laravel/framework/src/Illuminate/Routing/Middleware/ThrottleRequests.php(89): Illuminate\\Routing\\Middleware\\ThrottleRequests->handleRequestUsingNamedLimiter()
#14 /home/user/vendor/laravel/framework/src/Illuminate/Pipeline/Pipeline.php(209): Illuminate\\Routing\\Middleware\\ThrottleRequests->handle()
#15 /home/user/vendor/laravel/framework/src/Illuminate/Auth/Middleware/Authenticate.php(64): Illuminate\\Pipeline\\Pipeline->{closure:{closure:Illuminate\\Pipeline\\Pipeline::carry():184}:185}()
#16 /home/user/vendor/laravel/framework/src/Illuminate/Pipeline/Pipeline.php(209): Illuminate\\Auth\\Middleware\\Authenticate->handle()
#17 /home/user/vendor/laravel/framework/src/Illuminate/Pipeline/Pipeline.php(127): Illuminate\\Pipeline\\Pipeline->{closure:{closure:Illuminate\\Pipeline\\Pipeline::carry():184}:185}()
#18 /home/user/vendor/laravel/framework/src/Illuminate/Routing/Router.php(807): Illuminate\\Pipeline\\Pipeline->then()
#19 /home/user/vendor/laravel/framework/src/Illuminate/Routing/Router.php(786): Illuminate\\Routing\\Router->runRouteWithinStack()
#20 /home/user/vendor/laravel/framework/src/Illuminate/Routing/Router.php(750): Illuminate\\Routing\\Router->runRoute()
#21 /home/user/vendor/laravel/framework/src/Illuminate/Routing/Router.php(739): Illuminate\\Routing\\Router->dispatchToRoute()
#22 /home/user/vendor/laravel/framework/src/Illuminate/Foundation/Http/Kernel.php(201): Illuminate\\Routing\\Router->dispatch()
#23 /home/user/vendor/laravel/framework/src/Illuminate/Pipeline/Pipeline.php(170): Illuminate\\Foundation\\Http\\Kernel->{closure:Illuminate\\Foundation\\Http\\Kernel::dispatchToRouter():198}()
#24 /home/user/vendor/livewire/livewire/src/Features/SupportDisablingBackButtonCache/DisableBackButtonCacheMiddleware.php(19): Illuminate\\Pipeline\\Pipeline->{closure:Illuminate\\Pipeline\\Pipeline::prepareDestination():168}()
#25 /home/user/vendor/laravel/framework/src/Illuminate/Pipeline/Pipeline.php(209): Livewire\\Features\\SupportDisablingBackButtonCache\\DisableBackButtonCacheMiddleware->handle()
#26 /home/user/app/Http/Middleware/SecurityHeaders.php(13): Illuminate\\Pipeline\\Pipeline->{closure:{closure:Illuminate\\Pipeline\\Pipeline::carry():184}:185}()
#27 /home/user/vendor/laravel/framework/src/Illuminate/Pipeline/Pipeline.php(209): App\\Http\\Middleware\\SecurityHeaders->handle()
#28 /home/user/app/Http/Middleware/CorrelationIdMiddleware.php(35): Illuminate\\Pipeline\\Pipeline->{closure:{closure:Illuminate\\Pipeline\\Pipeline::carry():184}:185}()
#29 /home/user/vendor/laravel/framework/src/Illuminate/Pipeline/Pipeline.php(209): App\\Http\\Middleware\\CorrelationIdMiddleware->handle()
#30 /home/user/vendor/laravel/framework/src/Illuminate/Foundation/Http/Middleware/TransformsRequest.php(21): Illuminate\\Pipeline\\Pipeline->{closure:{closure:Illuminate\\Pipeline\\Pipeline::carry():184}:185}()
#31 /home/user/vendor/laravel/framework/src/Illuminate/Foundation/Http/Middleware/ConvertEmptyStringsToNull.php(31): Illuminate\\Foundation\\Http\\Middleware\\TransformsRequest->handle()
#32 /home/user/vendor/laravel/framework/src/Illuminate/Pipeline/Pipeline.php(209): Illuminate\\Foundation\\Http\\Middleware\\ConvertEmptyStringsToNull->handle()
#33 /home/user/vendor/laravel/framework/src/Illuminate/Foundation/Http/Middleware/TransformsRequest.php(21): Illuminate\\Pipeline\\Pipeline->{closure:{closure:Illuminate\\Pipeline\\Pipeline::carry():184}:185}()
#34 /home/user/vendor/laravel/framework/src/Illuminate/Foundation/Http/Middleware/TrimStrings.php(51): Illuminate\\Foundation\\Http\\Middleware\\TransformsRequest->handle()
#35 /home/user/vendor/laravel/framework/src/Illuminate/Pipeline/Pipeline.php(209): Illuminate\\Foundation\\Http\\Middleware\\TrimStrings->handle()
#36 /home/user/vendor/laravel/framework/src/Illuminate/Http/Middleware/ValidatePostSize.php(27): Illuminate\\Pipeline\\Pipeline->{closure:{closure:Illuminate\\Pipeline\\Pipeline::carry():184}:185}()
#37 /home/user/vendor/laravel/framework/src/Illuminate/Pipeline/Pipeline.php(209): Illuminate\\Http\\Middleware\\ValidatePostSize->handle()
#38 /home/user/vendor/laravel/framework/src/Illuminate/Foundation/Http/Middleware/PreventRequestsDuringMaintenance.php(110): Illuminate\\Pipeline\\Pipeline->{closure:{closure:Illuminate\\Pipeline\\Pipeline::carry():184}:185}()
#39 /home/user/vendor/laravel/framework/src/Illuminate/Pipeline/Pipeline.php(209): Illuminate\\Foundation\\Http\\Middleware\\PreventRequestsDuringMaintenance->handle()
#40 /home/user/vendor/laravel/framework/src/Illuminate/Http/Middleware/HandleCors.php(62): Illuminate\\Pipeline\\Pipeline->{closure:{closure:Illuminate\\Pipeline\\Pipeline::carry():184}:185}()
#41 /home/user/vendor/laravel/framework/src/Illuminate/Pipeline/Pipeline.php(209): Illuminate\\Http\\Middleware\\HandleCors->handle()
#42 /home/user/vendor/laravel/framework/src/Illuminate/Http/Middleware/TrustProxies.php(58): Illuminate\\Pipeline\\Pipeline->{closure:{closure:Illuminate\\Pipeline\\Pipeline::carry():184}:185}()
#43 /home/user/vendor/laravel/framework/src/Illuminate/Pipeline/Pipeline.php(209): Illuminate\\Http\\Middleware\\TrustProxies->handle()
#44 /home/user/vendor/laravel/framework/src/Illuminate/Foundation/Http/Middleware/InvokeDeferredCallbacks.php(22): Illuminate\\Pipeline\\Pipeline->{closure:{closure:Illuminate\\Pipeline\\Pipeline::carry():184}:185}()
#45 /home/user/vendor/laravel/framework/src/Illuminate/Pipeline/Pipeline.php(209): Illuminate\\Foundation\\Http\\Middleware\\InvokeDeferredCallbacks->handle()
#46 /home/user/vendor/laravel/framework/src/Illuminate/Pipeline/Pipeline.php(127): Illuminate\\Pipeline\\Pipeline->{closure:{closure:Illuminate\\Pipeline\\Pipeline::carry():184}:185}()
#47 /home/user/vendor/laravel/framework/src/Illuminate/Foundation/Http/Kernel.php(176): Illuminate\\Pipeline\\Pipeline->then()
#48 /home/user/vendor/laravel/framework/src/Illuminate/Foundation/Http/Kernel.php(145): Illuminate\\Foundation\\Http\\Kernel->sendRequestThroughRouter()
#49 /home/user/vendor/laravel/framework/src/Illuminate/Foundation/Testing/Concerns/MakesHttpRequests.php(607): Illuminate\\Foundation\\Http\\Kernel->handle()
#50 /home/user/vendor/laravel/framework/src/Illuminate/Foundation/Testing/Concerns/MakesHttpRequests.php(573): Illuminate\\Foundation\\Testing\\TestCase->call()
#51 /home/user/vendor/laravel/framework/src/Illuminate/Foundation/Testing/Concerns/MakesHttpRequests.php(381): Illuminate\\Foundation\\Testing\\TestCase->json()
#52 /home/user/tests/Feature/Security/ResponsibleGamingTest.php(32): Illuminate\\Foundation\\Testing\\TestCase->getJson()
#53 /home/user/vendor/phpunit/phpunit/src/Framework/TestCase.php(1667): Tests\\Feature\\Security\\ResponsibleGamingTest->test_player_can_fetch_and_set_responsible_gaming_limits()
#54 /home/user/vendor/phpunit/phpunit/src/Framework/TestCase.php(519): PHPUnit\\Framework\\TestCase->runTest()
#55 /home/user/vendor/phpunit/phpunit/src/Framework/TestRunner/TestRunner.php(87): PHPUnit\\Framework\\TestCase->runBare()
#56 /home/user/vendor/phpunit/phpunit/src/Framework/TestCase.php(365): PHPUnit\\Framework\\TestRunner->run()
#57 /home/user/vendor/phpunit/phpunit/src/Framework/TestSuite.php(369): PHPUnit\\Framework\\TestCase->run()
#58 /home/user/vendor/phpunit/phpunit/src/Framework/TestSuite.php(369): PHPUnit\\Framework\\TestSuite->run()
#59 /home/user/vendor/phpunit/phpunit/src/Framework/TestSuite.php(369): PHPUnit\\Framework\\TestSuite->run()
#60 /home/user/vendor/phpunit/phpunit/src/TextUI/TestRunner.php(64): PHPUnit\\Framework\\TestSuite->run()
#61 /home/user/vendor/phpunit/phpunit/src/TextUI/Application.php(211): PHPUnit\\TextUI\\TestRunner->run()
#62 /home/user/vendor/phpunit/phpunit/phpunit(104): PHPUnit\\TextUI\\Application->run()
#63 {main}
","path":"api/v1/responsible-gaming","method":"GET","user_id":1} {"correlation_id":"a24d3561-6d3b-4027-90ed-6a11349ac031"}
[2026-09-08 10:50:25] testing.ERROR: High Exposure (High Risk) on number 123 [3d] for draw 1. {"risk_alert_type":"high_exposure","risk_level":"high","audit_log_id":4} 
[2026-09-08 10:50:31] testing.INFO: bet_purchase.api.success {"correlation_id":"062ee2e2-3d95-4e5b-a727-9bf8e493ad50","outcome":"purchased","bet_id":1,"bet_number":"BT-20260908-917257CE6058","ticket_id":1,"draw_id":1,"currency":"THB","stake":"10.00","client_key":"api-3fac7e5042598962807ac50192f07570561b1f92","request_id":"cb4b58ed85b5f104ee7fda7a61b7659a","user_id":1} {"correlation_id":"062ee2e2-3d95-4e5b-a727-9bf8e493ad50"}
[2026-09-08 10:50:31] testing.INFO: bet_purchase.api.success {"correlation_id":"5a6a7b3b-3448-441e-b36c-2fe7f95a538b","outcome":"purchased","bet_id":1,"bet_number":"BT-20260908-147513A689BD","ticket_id":1,"draw_id":1,"currency":"THB","stake":"10.00","client_key":"api-a676f40bd6585d6668cbe33a51f09953c02a7fef","request_id":"325716e5c2891b8e811745754b5af8c9","user_id":1} {"correlation_id":"5a6a7b3b-3448-441e-b36c-2fe7f95a538b"}
[2026-09-08 10:50:31] testing.INFO: bet_purchase.api.success {"correlation_id":"bf75f3da-55c3-4e5c-90a6-5f61100a704f","outcome":"purchased","bet_id":1,"bet_number":"BT-20260908-97E7E4BA1EAE","ticket_id":1,"draw_id":1,"currency":"THB","stake":"10.00","client_key":"api-f7b8f591922e9b515c83f0ca28847379e14e3f93","request_id":"57d5443d62996bddf9525dcb240094c7","user_id":1} {"correlation_id":"bf75f3da-55c3-4e5c-90a6-5f61100a704f"}
[2026-09-08 10:50:31] testing.INFO: bet_purchase.api.success {"correlation_id":"78dd9f92-3655-41c7-a5d9-05fb9419752b","outcome":"purchased","bet_id":1,"bet_number":"BT-20260908-088BEF988C71","ticket_id":1,"draw_id":1,"currency":"THB","stake":"10.00","client_key":"api-e187d76746182cbb563423de65c53cff48e1b26c","request_id":"fecf0579a746a3bd614e3efe47f347b7","user_id":1} {"correlation_id":"78dd9f92-3655-41c7-a5d9-05fb9419752b"}
[2026-09-08 10:50:31] testing.INFO: bet_purchase.api.success {"correlation_id":"24fedb47-1af1-4ddd-b869-4a89b143abe2","outcome":"purchased","bet_id":1,"bet_number":"BT-20260908-69EA5FE98465","ticket_id":1,"draw_id":1,"currency":"THB","stake":"10.00","client_key":"api-bd6c2f1a5ca9ea80b589a486be6f1ed025590bed","request_id":"6b8efcd0f32881e2405ad6fad6150b9c","user_id":1} {"correlation_id":"24fedb47-1af1-4ddd-b869-4a89b143abe2"}
[2026-09-08 10:50:31] testing.INFO: bet_purchase.api.success {"correlation_id":"5d4392aa-bfda-4b31-b7ad-e55c9aa60d48","outcome":"purchased","bet_id":1,"bet_number":"BT-20260908-97F1936AE11B","ticket_id":1,"draw_id":1,"currency":"THB","stake":"10.00","client_key":"api-8e924a7dac69469f40b6a9525e68f510b7972699","request_id":"2530b574f17dc47b7b244c2f448222ec","user_id":1} {"correlation_id":"5d4392aa-bfda-4b31-b7ad-e55c9aa60d48"}
[2026-09-08 10:50:32] testing.INFO: bet_purchase.api.success {"correlation_id":"f8b00220-d37f-4560-a7ef-41b992408a48","outcome":"purchased","bet_id":1,"bet_number":"BT-20260908-A99134BB22F3","ticket_id":1,"draw_id":1,"currency":"THB","stake":"10.00","client_key":"api-63e4863923f9d99f637040c4ecaa95eaf5e39f31","request_id":"5673734e1cea90d3c4c335857dc0575c","user_id":1} {"correlation_id":"f8b00220-d37f-4560-a7ef-41b992408a48"}
[2026-09-08 10:50:32] testing.INFO: bet_purchase.api.success {"correlation_id":"3455b78d-3698-40ba-8f24-538f29137d4b","outcome":"purchased","bet_id":1,"bet_number":"BT-20260908-80484410F964","ticket_id":1,"draw_id":1,"currency":"THB","stake":"10.00","client_key":"api-1d2da6cca6185013559ff92e6eedc11e93618224","request_id":"67edc14c0ec695242649bc739d04352e","user_id":1} {"correlation_id":"3455b78d-3698-40ba-8f24-538f29137d4b"}
[2026-09-08 10:50:32] testing.INFO: bet_purchase.api.success {"correlation_id":"81101203-15b7-47a6-be57-f0d6941835e8","outcome":"purchased","bet_id":1,"bet_number":"BT-20260908-C927833900BC","ticket_id":1,"draw_id":1,"currency":"THB","stake":"10.00","client_key":"api-4fed3970dcc0d31dccddbf69ef55b00f32d2ca78","request_id":"abd2e7d4304706b0d17b1566ade80ca5","user_id":1} {"correlation_id":"81101203-15b7-47a6-be57-f0d6941835e8"}
[2026-09-08 10:50:32] testing.INFO: bet_purchase.api.success {"correlation_id":"ad88b76b-366c-4744-93c0-829491187dd7","outcome":"purchased","bet_id":1,"bet_number":"BT-20260908-2461D12F3E70","ticket_id":1,"draw_id":1,"currency":"THB","stake":"10.00","client_key":"api-3e23e8160039594a33894f6564e1b1348bbd7a00","request_id":"e45b362117091bff55ab1d4f5c99d341","user_id":1} {"correlation_id":"ad88b76b-366c-4744-93c0-829491187dd7"}
[2026-09-08 10:50:32] testing.INFO: bet_purchase.api.success {"correlation_id":"46d37f05-b3ca-4e82-8244-09af75509df7","outcome":"purchased","bet_id":1,"bet_number":"BT-20260908-03E656CB7AA7","ticket_id":1,"draw_id":1,"currency":"THB","stake":"10.00","client_key":"api-2e7d2c03a9507ae265ecf5b5356885a53393a202","request_id":"0eba3f89ebc42234b47c5240c3b7442c","user_id":1} {"correlation_id":"46d37f05-b3ca-4e82-8244-09af75509df7"}
[2026-09-08 10:50:32] testing.INFO: bet_purchase.api.refused {"correlation_id":"6913bf7f-b307-4b86-a4f2-a4b667d44a93","outcome":"refused","error_code":"draw_not_found","http_status":404,"exception":"App\\Exceptions\\BetPurchaseValidationException","client_key":"api-3f79bb7b435b05321651daefd374cdc681dc06fa","request_id":"b20ead7e78bff6020cd36f210f64ecdc","user_id":1} {"correlation_id":"6913bf7f-b307-4b86-a4f2-a4b667d44a93"}
[2026-09-08 10:50:32] testing.INFO: bet_purchase.api.refused {"correlation_id":"3f450d7b-f9cb-480c-bc91-932de93374b6","outcome":"refused","error_code":"draw_closed","http_status":422,"exception":"App\\Exceptions\\BetPurchaseValidationException","client_key":"api-252f10c83610ebca1a059c0bae8255eba2f95be4","request_id":"9a8a956e3108bc57665d036990830398","user_id":1} {"correlation_id":"3f450d7b-f9cb-480c-bc91-932de93374b6"}
[2026-09-08 10:50:32] testing.INFO: bet_purchase.api.success {"correlation_id":"a870c101-0787-48a6-98a3-af08e6874b6c","outcome":"purchased","bet_id":1,"bet_number":"BT-20260908-9AF123D0559C","ticket_id":1,"draw_id":1,"currency":"THB","stake":"10.00","client_key":"api-de7d1b721a1e0632b7cf04edf5032c8ecffa9f9a","request_id":"9497fbd2854ab47a135edfc5f6f14b50","user_id":1} {"correlation_id":"a870c101-0787-48a6-98a3-af08e6874b6c"}
[2026-09-08 10:50:32] testing.INFO: bet_purchase.api.success {"correlation_id":"8d556ad3-55ad-4a95-abc1-7aa74e78289e","outcome":"purchased","bet_id":1,"bet_number":"BT-20260908-2AAF4E355B94","ticket_id":1,"draw_id":1,"currency":"THB","stake":"10.00","client_key":"api-189f40034be7a199f1fa9891668ee3ab6049f82d","request_id":"0bb261d99e12bb9d7e32343cea0a5559","user_id":1} {"correlation_id":"8d556ad3-55ad-4a95-abc1-7aa74e78289e"}
[2026-09-08 10:50:32] testing.INFO: bet_purchase.api.refused {"correlation_id":"fb2ae941-41a0-4f73-8b9b-bc29fa4b4100","outcome":"refused","error_code":"invalid_stake","http_status":422,"exception":"App\\Exceptions\\BetPurchaseValidationException","client_key":"api-acac86c0e609ca906f632b0e2dacccb2b77d22b0","request_id":"20ab63c6e97b4d1c14649cecd07e5f67","user_id":1} {"correlation_id":"fb2ae941-41a0-4f73-8b9b-bc29fa4b4100"}
[2026-09-08 10:50:32] testing.INFO: bet_purchase.api.refused {"correlation_id":"6c0d5ce5-129c-424e-ae3a-fd7cd1e4c120","outcome":"refused","error_code":"insufficient_balance","http_status":422,"exception":"App\\Exceptions\\BetPurchaseException","client_key":"api-1b16b1df538ba12dc3f97edbb85caa7050d46c14","request_id":"2deec69fba510a4e3332af6ae8fba41e","user_id":1} {"correlation_id":"6c0d5ce5-129c-424e-ae3a-fd7cd1e4c120"}
[2026-09-08 10:50:33] testing.INFO: bet_purchase.api.refused {"correlation_id":"b937daa5-2ec8-4f6a-b1fc-e31bf0c05db2","outcome":"refused","error_code":"risk_rejected","http_status":422,"exception":"App\\Exceptions\\BetPurchaseValidationException","client_key":"api-65c74c15a686187bb6bbf9958f494fc6b8006803","request_id":"1acedab5be3c53a1b5540abae38a5805","user_id":1} {"correlation_id":"b937daa5-2ec8-4f6a-b1fc-e31bf0c05db2"}
[2026-09-08 10:50:33] testing.INFO: bet_purchase.api.success {"correlation_id":"fc98220a-c20d-440f-b9a1-cd05d6c3a806","outcome":"purchased","bet_id":1,"bet_number":"BT-20260908-8DBCC2257DAC","ticket_id":1,"draw_id":1,"currency":"THB","stake":"10.00","client_key":"api-148de9c5a7a44d19e56cd9ae1a554bf67847afb0","request_id":"0f471c8db2635cdfda4704b1f54377e3","user_id":1} {"correlation_id":"fc98220a-c20d-440f-b9a1-cd05d6c3a806"}
[2026-09-08 10:50:33] testing.INFO: bet_purchase.api.success {"correlation_id":"cc5dd9b5-04eb-4131-8c3b-0f9d182d3bbe","outcome":"replayed","bet_id":1,"bet_number":"BT-20260908-8DBCC2257DAC","ticket_id":1,"draw_id":1,"currency":"THB","stake":"10.00","client_key":"api-148de9c5a7a44d19e56cd9ae1a554bf67847afb0","request_id":"4af86e399469c8f78300d97c87bea722","user_id":1} {"correlation_id":"cc5dd9b5-04eb-4131-8c3b-0f9d182d3bbe"}
[2026-09-08 10:50:33] testing.INFO: bet_purchase.api.success {"correlation_id":"7dbd7d79-6a3a-4b9d-ac44-9fa887ad42e6","outcome":"purchased","bet_id":1,"bet_number":"BT-20260908-A85AF9486883","ticket_id":1,"draw_id":1,"currency":"THB","stake":"10.00","client_key":"api-8e35c2cd3bf6641bdb0e2050b76932cbb2e6034a","request_id":"6af939919e105245219dd8a30428d97b","user_id":1} {"correlation_id":"7dbd7d79-6a3a-4b9d-ac44-9fa887ad42e6"}
[2026-09-08 10:50:33] testing.INFO: bet_purchase.api.refused {"correlation_id":"d44641df-4e1e-42f5-b79f-9b58330b4763","outcome":"refused","error_code":"idempotency_payload_mismatch","http_status":409,"exception":"App\\Exceptions\\BetPurchaseIdempotencyException","client_key":"api-8e35c2cd3bf6641bdb0e2050b76932cbb2e6034a","request_id":"d3b7eec5ec24e6b3b8553160659074dd","user_id":1} {"correlation_id":"d44641df-4e1e-42f5-b79f-9b58330b4763"}
[2026-09-08 10:50:33] testing.INFO: bet_purchase.api.success {"correlation_id":"83250891-8a8c-4103-8ff4-9352c4db2582","outcome":"purchased","bet_id":1,"bet_number":"BT-20260908-15DAE0E81918","ticket_id":1,"draw_id":1,"currency":"THB","stake":"10.00","client_key":"api-454349e422f05297191ead13e21d3db520e5abef","request_id":"6b380c593a9f2fe1e049daf578515c48","user_id":1} {"correlation_id":"83250891-8a8c-4103-8ff4-9352c4db2582"}
[2026-09-08 10:50:33] testing.INFO: bet_purchase.api.success {"correlation_id":"6bd071d3-7f2b-45c5-8427-7030d43b369b","outcome":"purchased","bet_id":2,"bet_number":"BT-20260908-3F48AD982EE4","ticket_id":2,"draw_id":2,"currency":"THB","stake":"10.00","client_key":"api-454349e422f05297191ead13e21d3db520e5abef","request_id":"93dc1b60facd8349006064f3e6a26ea9","user_id":2} {"correlation_id":"6bd071d3-7f2b-45c5-8427-7030d43b369b"}
[2026-09-08 10:50:33] testing.INFO: bet_purchase.api.success {"correlation_id":"6ec7bd72-8dc5-4e9e-b522-316ce64bef30","outcome":"purchased","bet_id":1,"bet_number":"BT-20260908-CA6A2EDF6DBB","ticket_id":1,"draw_id":1,"currency":"THB","stake":"10.00","client_key":"api-043a718774c572bd8a25adbeb1bfcd5c0256ae11","request_id":"fef3ca0886a95a8412eb9ddedc629e7a","user_id":1} {"correlation_id":"6ec7bd72-8dc5-4e9e-b522-316ce64bef30"}
[2026-09-08 10:50:33] testing.INFO: bet_purchase.api.success {"correlation_id":"4afa449d-1b40-459c-8dc8-8fac97d345fe","outcome":"purchased","bet_id":2,"bet_number":"BT-20260908-32D7FCB95967","ticket_id":2,"draw_id":2,"currency":"THB","stake":"10.00","client_key":"api-043a718774c572bd8a25adbeb1bfcd5c0256ae11","request_id":"59f40f1c864ffc220ca6e28605be9b33","user_id":1} {"correlation_id":"4afa449d-1b40-459c-8dc8-8fac97d345fe"}
[2026-09-08 10:50:33] testing.INFO: bet_purchase.api.success {"correlation_id":"279b14a2-c069-43ca-9067-99536c201bbb","outcome":"purchased","bet_id":1,"bet_number":"BT-20260908-FCF36F2783C2","ticket_id":1,"draw_id":1,"currency":"THB","stake":"10.00","client_key":"api-e3b98a4da31a127d4bde6e43033f66ba274cab0e","request_id":"78b6cec94bcafbe63188eeb2e1b5857d","user_id":1} {"correlation_id":"279b14a2-c069-43ca-9067-99536c201bbb"}
[2026-09-08 10:50:33] testing.INFO: bet_purchase.api.success {"correlation_id":"4b49f650-39bc-42c7-b9bf-1c5ea436747e","outcome":"purchased","bet_id":1,"bet_number":"BT-20260908-2C3CFA21DAF5","ticket_id":1,"draw_id":1,"currency":"THB","stake":"10.00","client_key":"api-2d711642b726b04401627ca9fbac32f5c8530fb1","request_id":"778830cb2070cfd99141ecca39a79635","user_id":1} {"correlation_id":"4b49f650-39bc-42c7-b9bf-1c5ea436747e"}
[2026-09-08 10:50:33] testing.INFO: bet_purchase.api.success {"correlation_id":"7319d8fd-3fac-444a-9a36-6800d04d0d62","outcome":"purchased","bet_id":1,"bet_number":"BT-20260908-958183B57D33","ticket_id":1,"draw_id":1,"currency":"THB","stake":"10.00","client_key":"api-a1fce4363854ff888cff4b8e7875d600c2682390","request_id":"8bb5692766df965be02c7aa9eb857b06","user_id":1} {"correlation_id":"7319d8fd-3fac-444a-9a36-6800d04d0d62"}
[2026-09-08 10:50:33] testing.INFO: bet_purchase.api.success {"correlation_id":"333246fd-0d1d-4fec-97ee-92110331b6fe","outcome":"purchased","bet_id":1,"bet_number":"BT-20260908-39704A73E8A4","ticket_id":1,"draw_id":1,"currency":"THB","stake":"10.00","client_key":"api-fb8e20fc2e4c3f248c60c39bd652f3c1347298bb","request_id":"a0ccd07fcc0897b1e3c458e6476e8992","user_id":1} {"correlation_id":"333246fd-0d1d-4fec-97ee-92110331b6fe"}
[2026-09-08 10:50:33] testing.INFO: bet_purchase.api.success {"correlation_id":"880e3ca6-ff38-4b73-b9fe-d15ae18dd06c","outcome":"purchased","bet_id":1,"bet_number":"BT-20260908-D1BD7130E782","ticket_id":1,"draw_id":1,"currency":"THB","stake":"10.00","client_key":"api-f45de51cdef30991551e41e882dd7b5404799648","request_id":"b1016b00ad5d838f198220c1789c547e","user_id":1} {"correlation_id":"880e3ca6-ff38-4b73-b9fe-d15ae18dd06c"}
[2026-09-08 10:50:33] testing.INFO: bet_purchase.api.success {"correlation_id":"e80c5609-e97f-4dc3-bb40-6950d75b9928","outcome":"purchased","bet_id":1,"bet_number":"BT-20260908-A37FBEEBF51F","ticket_id":1,"draw_id":1,"currency":"THB","stake":"10.00","client_key":"api-b0136a3f0a0fae4b4cbb261ae65b245326d69f8a","request_id":"cef5cf07e8bdc0a205cdd9af937e7db3","user_id":1} {"correlation_id":"e80c5609-e97f-4dc3-bb40-6950d75b9928"}
[2026-09-08 10:50:34] testing.INFO: bet_purchase.api.success {"correlation_id":"90d38f87-3a9f-4607-adb9-6794c21ce517","outcome":"purchased","bet_id":1,"bet_number":"BT-20260908-72DD7EDF54A0","ticket_id":1,"draw_id":1,"currency":"THB","stake":"10.00","client_key":"api-e5a94045f98e84810bb71edd3ba885463406b087","request_id":"188a7782b76e35caa7daa47e9a45e64f","user_id":1} {"correlation_id":"90d38f87-3a9f-4607-adb9-6794c21ce517"}
[2026-09-08 10:50:34] testing.INFO: bet_purchase.api.success {"correlation_id":"14ae90f8-b8b3-4c4b-b8b3-904844c5b7c4","outcome":"purchased","bet_id":1,"bet_number":"BT-20260908-CF9A7AB975EE","ticket_id":1,"draw_id":1,"currency":"THB","stake":"10.00","client_key":"api-b797c8d26a988c97a38d4458172406dc19ab0012","request_id":"b8071962a1891649f07467f503c61b98","user_id":1} {"correlation_id":"14ae90f8-b8b3-4c4b-b8b3-904844c5b7c4"}
[2026-09-08 10:50:34] testing.INFO: bet_purchase.api.success {"correlation_id":"cee2ee46-51f0-4eff-92d7-50649a8c16aa","outcome":"purchased","bet_id":1,"bet_number":"BT-20260908-CD83529801F3","ticket_id":1,"draw_id":1,"currency":"THB","stake":"10.00","client_key":"api-70ba33708cbfb103f1a8e34afef333ba7dc02102","request_id":"1c2a05caf873ad007213f4cdf2343d11","user_id":1} {"correlation_id":"cee2ee46-51f0-4eff-92d7-50649a8c16aa"}
[2026-09-08 10:50:34] testing.INFO: bet_purchase.api.success {"correlation_id":"bb775b5f-abb0-4a9d-b18c-3d2aee03bd36","outcome":"purchased","bet_id":1,"bet_number":"BT-20260908-78F55BC9F0F0","ticket_id":1,"draw_id":1,"currency":"THB","stake":"10.00","client_key":"api-f9a00f43e97e3966bb846e76b6795e11512c3bbf","request_id":"0021d70fcea24464c1b35a0729b3b796","user_id":1} {"correlation_id":"bb775b5f-abb0-4a9d-b18c-3d2aee03bd36"}
[2026-09-08 10:50:34] testing.INFO: bet_purchase.api.success {"correlation_id":"53dec9f1-1e67-4ab2-aa2e-20a118cb6be9","outcome":"purchased","bet_id":1,"bet_number":"BT-20260908-D35C4E828710","ticket_id":1,"draw_id":1,"currency":"THB","stake":"10.00","client_key":"api-503126878d17fcd6bde7df320ff6eb7c278a1c42","request_id":"65450162c5145c86cdf175e9288d449f","user_id":1} {"correlation_id":"53dec9f1-1e67-4ab2-aa2e-20a118cb6be9"}
[2026-09-08 10:50:34] testing.INFO: bet_purchase.api.success {"correlation_id":"28daf41f-eb53-417d-9926-7c8a70273198","outcome":"purchased","bet_id":1,"bet_number":"BT-20260908-6EC2155AB6B8","ticket_id":1,"draw_id":1,"currency":"THB","stake":"10.00","client_key":"api-9aaf680776b98fd17fe63376120525cbcdffc01b","request_id":"2c97d34b9c791fb5a835f80236c4f176","user_id":1} {"correlation_id":"28daf41f-eb53-417d-9926-7c8a70273198"}
[2026-09-08 10:50:34] testing.INFO: bet_purchase.api.success {"correlation_id":"e1107538-febf-423d-8334-4c06f0e276b9","outcome":"purchased","bet_id":1,"bet_number":"BT-20260908-68B3E31DC17A","ticket_id":1,"draw_id":1,"currency":"THB","stake":"10.55","client_key":"api-70a0d5198ebb88f97a2cc83a236a8afcc28c7d9e","request_id":"b56ffb939b39fc94cc9f0c1564e40b11","user_id":1} {"correlation_id":"e1107538-febf-423d-8334-4c06f0e276b9"}
[2026-09-08 10:50:34] testing.INFO: bet_purchase.api.success {"correlation_id":"f369f7d8-d154-40d9-ba47-69e348c26b54","outcome":"purchased","bet_id":1,"bet_number":"BT-20260908-2962C61AE377","ticket_id":1,"draw_id":1,"currency":"THB","stake":"10.00","client_key":"api-32e83e92d45d71f69dcf9d214688f03755421086","request_id":"50efab638b99bf35bff24b834a83f137","user_id":1} {"correlation_id":"f369f7d8-d154-40d9-ba47-69e348c26b54"}
[2026-09-08 10:50:34] testing.INFO: bet_purchase.api.success {"correlation_id":"a166620a-a89e-4288-a3d5-bbe6eb1cde1e","outcome":"purchased","bet_id":1,"bet_number":"BT-20260908-70D64E44CF30","ticket_id":1,"draw_id":1,"currency":"THB","stake":"10.00","client_key":"api-7d29d73105d636d04ca9fffcf979986d373ac874","request_id":"05e38db13598999a765c5cd27a6db08b","user_id":1} {"correlation_id":"a166620a-a89e-4288-a3d5-bbe6eb1cde1e"}
[2026-09-08 10:50:34] testing.INFO: bet_purchase.api.success {"correlation_id":"dd868490-e729-43e3-9287-8d3e9dead24f","outcome":"purchased","bet_id":1,"bet_number":"BT-20260908-D06EAD78DA0B","ticket_id":1,"draw_id":2,"currency":"THB","stake":"10.00","client_key":"api-6fdb16bc02366c008d809798cb3faae1efba55a5","request_id":"be19e3ee3e2e2239810b141f076ccd3a","user_id":2} {"correlation_id":"dd868490-e729-43e3-9287-8d3e9dead24f"}
[2026-09-08 10:50:34] testing.ERROR: SQLSTATE[42S02]: Base table or view not found: 1146 Table "thai_lottery.wallets" doesn't exist (Connection: mysql, SQL: select * from `wallets` where `id` = 1) in /var/www/app/Services/Finance/WalletService.php:118 {"correlation_id":"2c42b008-d9e6-4720-a6fc-f8eefc42e69a","exception":"[object] (RuntimeException(code: 0): SQLSTATE[42S02]: Base table or view not found: 1146 Table \"thai_lottery.wallets\" doesn't exist (Connection: mysql, SQL: select * from `wallets` where `id` = 1) in /var/www/app/Services/Finance/WalletService.php:118 at /home/user/tests/Feature/Api/V1/BetPurchaseApiTest.php:993)
[stacktrace]
#0 /home/user/vendor/laravel/framework/src/Illuminate/Routing/CallableDispatcher.php(40): Tests\\Feature\\Api\\V1\\BetPurchaseApiTest->{closure:Tests\\Feature\\Api\\V1\\BetPurchaseApiTest::am_an_unexpected_failure_never_exposes_a_stack_trace_or_internals():990}()
#1 /home/user/vendor/laravel/framework/src/Illuminate/Routing/Route.php(244): Illuminate\\Routing\\CallableDispatcher->dispatch()
#2 /home/user/vendor/laravel/framework/src/Illuminate/Routing/Route.php(215): Illuminate\\Routing\\Route->runCallable()
#3 /home/user/vendor/laravel/framework/src/Illuminate/Routing/Router.php(808): Illuminate\\Routing\\Route->run()
#4 /home/user/vendor/laravel/framework/src/Illuminate/Pipeline/Pipeline.php(170): Illuminate\\Routing\\Router->{closure:Illuminate\\Routing\\Router::runRouteWithinStack():807}()
#5 /home/user/vendor/laravel/framework/src/Illuminate/Routing/Middleware/SubstituteBindings.php(51): Illuminate\\Pipeline\\Pipeline->{closure:Illuminate\\Pipeline\\Pipeline::prepareDestination():168}()
#6 /home/user/vendor/laravel/framework/src/Illuminate/Pipeline/Pipeline.php(209): Illuminate\\Routing\\Middleware\\SubstituteBindings->handle()
#7 /home/user/vendor/laravel/framework/src/Illuminate/Pipeline/Pipeline.php(127): Illuminate\\Pipeline\\Pipeline->{closure:{closure:Illuminate\\Pipeline\\Pipeline::carry():184}:185}()
#8 /home/user/vendor/laravel/framework/src/Illuminate/Routing/Router.php(807): Illuminate\\Pipeline\\Pipeline->then()
#9 /home/user/vendor/laravel/framework/src/Illuminate/Routing/Router.php(786): Illuminate\\Routing\\Router->runRouteWithinStack()
#10 /home/user/vendor/laravel/framework/src/Illuminate/Routing/Router.php(750): Illuminate\\Routing\\Router->runRoute()
#11 /home/user/vendor/laravel/framework/src/Illuminate/Routing/Router.php(739): Illuminate\\Routing\\Router->dispatchToRoute()
#12 /home/user/vendor/laravel/framework/src/Illuminate/Foundation/Http/Kernel.php(201): Illuminate\\Routing\\Router->dispatch()
#13 /home/user/vendor/laravel/framework/src/Illuminate/Pipeline/Pipeline.php(170): Illuminate\\Foundation\\Http\\Kernel->{closure:Illuminate\\Foundation\\Http\\Kernel::dispatchToRouter():198}()
#14 /home/user/vendor/livewire/livewire/src/Features/SupportDisablingBackButtonCache/DisableBackButtonCacheMiddleware.php(19): Illuminate\\Pipeline\\Pipeline->{closure:Illuminate\\Pipeline\\Pipeline::prepareDestination():168}()
#15 /home/user/vendor/laravel/framework/src/Illuminate/Pipeline/Pipeline.php(209): Livewire\\Features\\SupportDisablingBackButtonCache\\DisableBackButtonCacheMiddleware->handle()
#16 /home/user/app/Http/Middleware/SecurityHeaders.php(13): Illuminate\\Pipeline\\Pipeline->{closure:{closure:Illuminate\\Pipeline\\Pipeline::carry():184}:185}()
#17 /home/user/vendor/laravel/framework/src/Illuminate/Pipeline/Pipeline.php(209): App\\Http\\Middleware\\SecurityHeaders->handle()
#18 /home/user/app/Http/Middleware/CorrelationIdMiddleware.php(35): Illuminate\\Pipeline\\Pipeline->{closure:{closure:Illuminate\\Pipeline\\Pipeline::carry():184}:185}()
#19 /home/user/vendor/laravel/framework/src/Illuminate/Pipeline/Pipeline.php(209): App\\Http\\Middleware\\CorrelationIdMiddleware->handle()
#20 /home/user/vendor/laravel/framework/src/Illuminate/Foundation/Http/Middleware/TransformsRequest.php(21): Illuminate\\Pipeline\\Pipeline->{closure:{closure:Illuminate\\Pipeline\\Pipeline::carry():184}:185}()
#21 /home/user/vendor/laravel/framework/src/Illuminate/Foundation/Http/Middleware/ConvertEmptyStringsToNull.php(31): Illuminate\\Foundation\\Http\\Middleware\\TransformsRequest->handle()
#22 /home/user/vendor/laravel/framework/src/Illuminate/Pipeline/Pipeline.php(209): Illuminate\\Foundation\\Http\\Middleware\\ConvertEmptyStringsToNull->handle()
#23 /home/user/vendor/laravel/framework/src/Illuminate/Foundation/Http/Middleware/TransformsRequest.php(21): Illuminate\\Pipeline\\Pipeline->{closure:{closure:Illuminate\\Pipeline\\Pipeline::carry():184}:185}()
#24 /home/user/vendor/laravel/framework/src/Illuminate/Foundation/Http/Middleware/TrimStrings.php(51): Illuminate\\Foundation\\Http\\Middleware\\TransformsRequest->handle()
#25 /home/user/vendor/laravel/framework/src/Illuminate/Pipeline/Pipeline.php(209): Illuminate\\Foundation\\Http\\Middleware\\TrimStrings->handle()
#26 /home/user/vendor/laravel/framework/src/Illuminate/Http/Middleware/ValidatePostSize.php(27): Illuminate\\Pipeline\\Pipeline->{closure:{closure:Illuminate\\Pipeline\\Pipeline::carry():184}:185}()
#27 /home/user/vendor/laravel/framework/src/Illuminate/Pipeline/Pipeline.php(209): Illuminate\\Http\\Middleware\\ValidatePostSize->handle()
#28 /home/user/vendor/laravel/framework/src/Illuminate/Foundation/Http/Middleware/PreventRequestsDuringMaintenance.php(110): Illuminate\\Pipeline\\Pipeline->{closure:{closure:Illuminate\\Pipeline\\Pipeline::carry():184}:185}()
#29 /home/user/vendor/laravel/framework/src/Illuminate/Pipeline/Pipeline.php(209): Illuminate\\Foundation\\Http\\Middleware\\PreventRequestsDuringMaintenance->handle()
#30 /home/user/vendor/laravel/framework/src/Illuminate/Http/Middleware/HandleCors.php(62): Illuminate\\Pipeline\\Pipeline->{closure:{closure:Illuminate\\Pipeline\\Pipeline::carry():184}:185}()
#31 /home/user/vendor/laravel/framework/src/Illuminate/Pipeline/Pipeline.php(209): Illuminate\\Http\\Middleware\\HandleCors->handle()
#32 /home/user/vendor/laravel/framework/src/Illuminate/Http/Middleware/TrustProxies.php(58): Illuminate\\Pipeline\\Pipeline->{closure:{closure:Illuminate\\Pipeline\\Pipeline::carry():184}:185}()
#33 /home/user/vendor/laravel/framework/src/Illuminate/Pipeline/Pipeline.php(209): Illuminate\\Http\\Middleware\\TrustProxies->handle()
#34 /home/user/vendor/laravel/framework/src/Illuminate/Foundation/Http/Middleware/InvokeDeferredCallbacks.php(22): Illuminate\\Pipeline\\Pipeline->{closure:{closure:Illuminate\\Pipeline\\Pipeline::carry():184}:185}()
#35 /home/user/vendor/laravel/framework/src/Illuminate/Pipeline/Pipeline.php(209): Illuminate\\Foundation\\Http\\Middleware\\InvokeDeferredCallbacks->handle()
#36 /home/user/vendor/laravel/framework/src/Illuminate/Pipeline/Pipeline.php(127): Illuminate\\Pipeline\\Pipeline->{closure:{closure:Illuminate\\Pipeline\\Pipeline::carry():184}:185}()
#37 /home/user/vendor/laravel/framework/src/Illuminate/Foundation/Http/Kernel.php(176): Illuminate\\Pipeline\\Pipeline->then()
#38 /home/user/vendor/laravel/framework/src/Illuminate/Foundation/Http/Kernel.php(145): Illuminate\\Foundation\\Http\\Kernel->sendRequestThroughRouter()
#39 /home/user/vendor/laravel/framework/src/Illuminate/Foundation/Testing/Concerns/MakesHttpRequests.php(607): Illuminate\\Foundation\\Http\\Kernel->handle()
#40 /home/user/vendor/laravel/framework/src/Illuminate/Foundation/Testing/Concerns/MakesHttpRequests.php(573): Illuminate\\Foundation\\Testing\\TestCase->call()
#41 /home/user/vendor/laravel/framework/src/Illuminate/Foundation/Testing/Concerns/MakesHttpRequests.php(381): Illuminate\\Foundation\\Testing\\TestCase->json()
#42 /home/user/tests/Feature/Api/V1/BetPurchaseApiTest.php(1001): Illuminate\\Foundation\\Testing\\TestCase->getJson()
#43 /home/user/vendor/phpunit/phpunit/src/Framework/TestCase.php(1667): Tests\\Feature\\Api\\V1\\BetPurchaseApiTest->am_an_unexpected_failure_never_exposes_a_stack_trace_or_internals()
#44 /home/user/vendor/phpunit/phpunit/src/Framework/TestCase.php(519): PHPUnit\\Framework\\TestCase->runTest()
#45 /home/user/vendor/phpunit/phpunit/src/Framework/TestRunner/TestRunner.php(87): PHPUnit\\Framework\\TestCase->runBare()
#46 /home/user/vendor/phpunit/phpunit/src/Framework/TestCase.php(365): PHPUnit\\Framework\\TestRunner->run()
#47 /home/user/vendor/phpunit/phpunit/src/Framework/TestSuite.php(369): PHPUnit\\Framework\\TestCase->run()
#48 /home/user/vendor/phpunit/phpunit/src/Framework/TestSuite.php(369): PHPUnit\\Framework\\TestSuite->run()
#49 /home/user/vendor/phpunit/phpunit/src/Framework/TestSuite.php(369): PHPUnit\\Framework\\TestSuite->run()
#50 /home/user/vendor/phpunit/phpunit/src/TextUI/TestRunner.php(64): PHPUnit\\Framework\\TestSuite->run()
#51 /home/user/vendor/phpunit/phpunit/src/TextUI/Application.php(211): PHPUnit\\TextUI\\TestRunner->run()
#52 /home/user/vendor/phpunit/phpunit/phpunit(104): PHPUnit\\TextUI\\Application->run()
#53 {main}
"} {"correlation_id":"2c42b008-d9e6-4720-a6fc-f8eefc42e69a"}
[2026-09-08 10:50:34] testing.ERROR: api.unhandled_exception {"correlation_id":"2c42b008-d9e6-4720-a6fc-f8eefc42e69a","exception":"[object] (RuntimeException(code: 0): SQLSTATE[42S02]: Base table or view not found: 1146 Table \"thai_lottery.wallets\" doesn't exist (Connection: mysql, SQL: select * from `wallets` where `id` = 1) in /var/www/app/Services/Finance/WalletService.php:118 at /home/user/tests/Feature/Api/V1/BetPurchaseApiTest.php:993)
[stacktrace]
#0 /home/user/vendor/laravel/framework/src/Illuminate/Routing/CallableDispatcher.php(40): Tests\\Feature\\Api\\V1\\BetPurchaseApiTest->{closure:Tests\\Feature\\Api\\V1\\BetPurchaseApiTest::am_an_unexpected_failure_never_exposes_a_stack_trace_or_internals():990}()
#1 /home/user/vendor/laravel/framework/src/Illuminate/Routing/Route.php(244): Illuminate\\Routing\\CallableDispatcher->dispatch()
#2 /home/user/vendor/laravel/framework/src/Illuminate/Routing/Route.php(215): Illuminate\\Routing\\Route->runCallable()
#3 /home/user/vendor/laravel/framework/src/Illuminate/Routing/Router.php(808): Illuminate\\Routing\\Route->run()
#4 /home/user/vendor/laravel/framework/src/Illuminate/Pipeline/Pipeline.php(170): Illuminate\\Routing\\Router->{closure:Illuminate\\Routing\\Router::runRouteWithinStack():807}()
#5 /home/user/vendor/laravel/framework/src/Illuminate/Routing/Middleware/SubstituteBindings.php(51): Illuminate\\Pipeline\\Pipeline->{closure:Illuminate\\Pipeline\\Pipeline::prepareDestination():168}()
#6 /home/user/vendor/laravel/framework/src/Illuminate/Pipeline/Pipeline.php(209): Illuminate\\Routing\\Middleware\\SubstituteBindings->handle()
#7 /home/user/vendor/laravel/framework/src/Illuminate/Pipeline/Pipeline.php(127): Illuminate\\Pipeline\\Pipeline->{closure:{closure:Illuminate\\Pipeline\\Pipeline::carry():184}:185}()
#8 /home/user/vendor/laravel/framework/src/Illuminate/Routing/Router.php(807): Illuminate\\Pipeline\\Pipeline->then()
#9 /home/user/vendor/laravel/framework/src/Illuminate/Routing/Router.php(786): Illuminate\\Routing\\Router->runRouteWithinStack()
#10 /home/user/vendor/laravel/framework/src/Illuminate/Routing/Router.php(750): Illuminate\\Routing\\Router->runRoute()
#11 /home/user/vendor/laravel/framework/src/Illuminate/Routing/Router.php(739): Illuminate\\Routing\\Router->dispatchToRoute()
#12 /home/user/vendor/laravel/framework/src/Illuminate/Foundation/Http/Kernel.php(201): Illuminate\\Routing\\Router->dispatch()
#13 /home/user/vendor/laravel/framework/src/Illuminate/Pipeline/Pipeline.php(170): Illuminate\\Foundation\\Http\\Kernel->{closure:Illuminate\\Foundation\\Http\\Kernel::dispatchToRouter():198}()
#14 /home/user/vendor/livewire/livewire/src/Features/SupportDisablingBackButtonCache/DisableBackButtonCacheMiddleware.php(19): Illuminate\\Pipeline\\Pipeline->{closure:Illuminate\\Pipeline\\Pipeline::prepareDestination():168}()
#15 /home/user/vendor/laravel/framework/src/Illuminate/Pipeline/Pipeline.php(209): Livewire\\Features\\SupportDisablingBackButtonCache\\DisableBackButtonCacheMiddleware->handle()
#16 /home/user/app/Http/Middleware/SecurityHeaders.php(13): Illuminate\\Pipeline\\Pipeline->{closure:{closure:Illuminate\\Pipeline\\Pipeline::carry():184}:185}()
#17 /home/user/vendor/laravel/framework/src/Illuminate/Pipeline/Pipeline.php(209): App\\Http\\Middleware\\SecurityHeaders->handle()
#18 /home/user/app/Http/Middleware/CorrelationIdMiddleware.php(35): Illuminate\\Pipeline\\Pipeline->{closure:{closure:Illuminate\\Pipeline\\Pipeline::carry():184}:185}()
#19 /home/user/vendor/laravel/framework/src/Illuminate/Pipeline/Pipeline.php(209): App\\Http\\Middleware\\CorrelationIdMiddleware->handle()
#20 /home/user/vendor/laravel/framework/src/Illuminate/Foundation/Http/Middleware/TransformsRequest.php(21): Illuminate\\Pipeline\\Pipeline->{closure:{closure:Illuminate\\Pipeline\\Pipeline::carry():184}:185}()
#21 /home/user/vendor/laravel/framework/src/Illuminate/Foundation/Http/Middleware/ConvertEmptyStringsToNull.php(31): Illuminate\\Foundation\\Http\\Middleware\\TransformsRequest->handle()
#22 /home/user/vendor/laravel/framework/src/Illuminate/Pipeline/Pipeline.php(209): Illuminate\\Foundation\\Http\\Middleware\\ConvertEmptyStringsToNull->handle()
#23 /home/user/vendor/laravel/framework/src/Illuminate/Foundation/Http/Middleware/TransformsRequest.php(21): Illuminate\\Pipeline\\Pipeline->{closure:{closure:Illuminate\\Pipeline\\Pipeline::carry():184}:185}()
#24 /home/user/vendor/laravel/framework/src/Illuminate/Foundation/Http/Middleware/TrimStrings.php(51): Illuminate\\Foundation\\Http\\Middleware\\TransformsRequest->handle()
#25 /home/user/vendor/laravel/framework/src/Illuminate/Pipeline/Pipeline.php(209): Illuminate\\Foundation\\Http\\Middleware\\TrimStrings->handle()
#26 /home/user/vendor/laravel/framework/src/Illuminate/Http/Middleware/ValidatePostSize.php(27): Illuminate\\Pipeline\\Pipeline->{closure:{closure:Illuminate\\Pipeline\\Pipeline::carry():184}:185}()
#27 /home/user/vendor/laravel/framework/src/Illuminate/Pipeline/Pipeline.php(209): Illuminate\\Http\\Middleware\\ValidatePostSize->handle()
#28 /home/user/vendor/laravel/framework/src/Illuminate/Foundation/Http/Middleware/PreventRequestsDuringMaintenance.php(110): Illuminate\\Pipeline\\Pipeline->{closure:{closure:Illuminate\\Pipeline\\Pipeline::carry():184}:185}()
#29 /home/user/vendor/laravel/framework/src/Illuminate/Pipeline/Pipeline.php(209): Illuminate\\Foundation\\Http\\Middleware\\PreventRequestsDuringMaintenance->handle()
#30 /home/user/vendor/laravel/framework/src/Illuminate/Http/Middleware/HandleCors.php(62): Illuminate\\Pipeline\\Pipeline->{closure:{closure:Illuminate\\Pipeline\\Pipeline::carry():184}:185}()
#31 /home/user/vendor/laravel/framework/src/Illuminate/Pipeline/Pipeline.php(209): Illuminate\\Http\\Middleware\\HandleCors->handle()
#32 /home/user/vendor/laravel/framework/src/Illuminate/Http/Middleware/TrustProxies.php(58): Illuminate\\Pipeline\\Pipeline->{closure:{closure:Illuminate\\Pipeline\\Pipeline::carry():184}:185}()
#33 /home/user/vendor/laravel/framework/src/Illuminate/Pipeline/Pipeline.php(209): Illuminate\\Http\\Middleware\\TrustProxies->handle()
#34 /home/user/vendor/laravel/framework/src/Illuminate/Foundation/Http/Middleware/InvokeDeferredCallbacks.php(22): Illuminate\\Pipeline\\Pipeline->{closure:{closure:Illuminate\\Pipeline\\Pipeline::carry():184}:185}()
#35 /home/user/vendor/laravel/framework/src/Illuminate/Pipeline/Pipeline.php(209): Illuminate\\Foundation\\Http\\Middleware\\InvokeDeferredCallbacks->handle()
#36 /home/user/vendor/laravel/framework/src/Illuminate/Pipeline/Pipeline.php(127): Illuminate\\Pipeline\\Pipeline->{closure:{closure:Illuminate\\Pipeline\\Pipeline::carry():184}:185}()
#37 /home/user/vendor/laravel/framework/src/Illuminate/Foundation/Http/Kernel.php(176): Illuminate\\Pipeline\\Pipeline->then()
#38 /home/user/vendor/laravel/framework/src/Illuminate/Foundation/Http/Kernel.php(145): Illuminate\\Foundation\\Http\\Kernel->sendRequestThroughRouter()
#39 /home/user/vendor/laravel/framework/src/Illuminate/Foundation/Testing/Concerns/MakesHttpRequests.php(607): Illuminate\\Foundation\\Http\\Kernel->handle()
#40 /home/user/vendor/laravel/framework/src/Illuminate/Foundation/Testing/Concerns/MakesHttpRequests.php(573): Illuminate\\Foundation\\Testing\\TestCase->call()
#41 /home/user/vendor/laravel/framework/src/Illuminate/Foundation/Testing/Concerns/MakesHttpRequests.php(381): Illuminate\\Foundation\\Testing\\TestCase->json()
#42 /home/user/tests/Feature/Api/V1/BetPurchaseApiTest.php(1001): Illuminate\\Foundation\\Testing\\TestCase->getJson()
#43 /home/user/vendor/phpunit/phpunit/src/Framework/TestCase.php(1667): Tests\\Feature\\Api\\V1\\BetPurchaseApiTest->am_an_unexpected_failure_never_exposes_a_stack_trace_or_internals()
#44 /home/user/vendor/phpunit/phpunit/src/Framework/TestCase.php(519): PHPUnit\\Framework\\TestCase->runTest()
#45 /home/user/vendor/phpunit/phpunit/src/Framework/TestRunner/TestRunner.php(87): PHPUnit\\Framework\\TestCase->runBare()
#46 /home/user/vendor/phpunit/phpunit/src/Framework/TestCase.php(365): PHPUnit\\Framework\\TestRunner->run()
#47 /home/user/vendor/phpunit/phpunit/src/Framework/TestSuite.php(369): PHPUnit\\Framework\\TestCase->run()
#48 /home/user/vendor/phpunit/phpunit/src/Framework/TestSuite.php(369): PHPUnit\\Framework\\TestSuite->run()
#49 /home/user/vendor/phpunit/phpunit/src/Framework/TestSuite.php(369): PHPUnit\\Framework\\TestSuite->run()
#50 /home/user/vendor/phpunit/phpunit/src/TextUI/TestRunner.php(64): PHPUnit\\Framework\\TestSuite->run()
#51 /home/user/vendor/phpunit/phpunit/src/TextUI/Application.php(211): PHPUnit\\TextUI\\TestRunner->run()
#52 /home/user/vendor/phpunit/phpunit/phpunit(104): PHPUnit\\TextUI\\Application->run()
#53 {main}
","path":"api/v1/__phase44_failure_probe","method":"GET","user_id":null} {"correlation_id":"2c42b008-d9e6-4720-a6fc-f8eefc42e69a"}
[2026-09-08 10:50:36] testing.CRITICAL: Limit Exceeded (Critical Risk) on number 123 [3d] for draw 1. {"risk_alert_type":"limit_exceeded","risk_level":"critical","audit_log_id":1} 
[2026-09-08 10:50:36] testing.CRITICAL: Critical Exposure (Critical Risk) on number 123 [3d] for draw 1. {"risk_alert_type":"critical_exposure","risk_level":"critical","audit_log_id":2} 
[2026-09-08 10:50:38] testing.INFO: lottery.automation.provisioned {"created":3,"existing":0,"horizon_days":40} 
[2026-09-08 10:50:38] testing.INFO: lottery.automation.provisioned {"created":8,"existing":0,"horizon_days":120} 
[2026-09-08 10:50:38] testing.INFO: lottery.automation.provisioned {"created":0,"existing":8,"horizon_days":120} 
[2026-09-08 10:50:38] testing.INFO: lottery.automation.provisioned {"created":3,"existing":0,"horizon_days":40} 
[2026-09-08 10:50:38] testing.INFO: lottery.automation.provisioned {"created":0,"existing":3,"horizon_days":40} 
[2026-09-08 10:50:38] testing.INFO: lottery.automation.run {"command":"lottery:open-draws","activity":"open","processed":1,"failed":0,"skipped":0,"candidates":1} 
[2026-09-08 10:50:38] testing.INFO: lottery.automation.run {"command":"lottery:close-draws","activity":"close","processed":1,"failed":0,"skipped":0,"candidates":1} 
[2026-09-08 10:50:38] testing.INFO: lottery.automation.run {"command":"lottery:close-draws","activity":"close","processed":1,"failed":0,"skipped":0,"candidates":1} 
[2026-09-08 10:50:38] testing.INFO: lottery.automation.run {"command":"lottery:close-draws","activity":"close","processed":1,"failed":0,"skipped":0,"candidates":1} 
[2026-09-08 10:50:38] testing.INFO: lottery.automation.run {"command":"lottery:mark-results-pending","activity":"mark result-pending","processed":1,"failed":0,"skipped":0,"candidates":1} 
[2026-09-08 10:50:38] testing.INFO: lottery.automation.run {"command":"lottery:mark-results-pending","activity":"mark result-pending","processed":1,"failed":0,"skipped":0,"candidates":1} 
[2026-09-08 10:50:38] testing.INFO: lottery.automation.run {"command":"lottery:settle-draws","activity":"settle","processed":1,"failed":0,"skipped":0,"candidates":1} 
[2026-09-08 10:50:38] testing.INFO: lottery.automation.run {"command":"lottery:mark-results-pending","activity":"mark result-pending","processed":1,"failed":0,"skipped":0,"candidates":1} 
[2026-09-08 10:50:38] testing.INFO: lottery.automation.run {"command":"lottery:mark-results-pending","activity":"mark result-pending","processed":1,"failed":0,"skipped":0,"candidates":1} 
[2026-09-08 10:50:38] testing.INFO: lottery.automation.run {"command":"lottery:settle-draws","activity":"settle","processed":1,"failed":0,"skipped":0,"candidates":1} 
[2026-09-08 10:50:39] testing.INFO: lottery.automation.run {"command":"lottery:mark-results-pending","activity":"mark result-pending","processed":1,"failed":0,"skipped":0,"candidates":1} 
[2026-09-08 10:50:39] testing.INFO: lottery.automation.run {"command":"lottery:settle-draws","activity":"settle","processed":1,"failed":0,"skipped":0,"candidates":1} 
[2026-09-08 10:50:39] testing.INFO: lottery.automation.run {"command":"lottery:settle-draws","activity":"settle","processed":1,"failed":0,"skipped":0,"candidates":1} 
[2026-09-08 10:50:39] testing.INFO: lottery.automation.run {"command":"lottery:mark-results-pending","activity":"mark result-pending","processed":1,"failed":0,"skipped":0,"candidates":1} 
[2026-09-08 10:50:39] testing.INFO: lottery.automation.run {"command":"lottery:settle-draws","activity":"settle","processed":1,"failed":0,"skipped":0,"candidates":1} 
[2026-09-08 10:50:39] testing.INFO: lottery.automation.run {"command":"lottery:mark-results-pending","activity":"mark result-pending","processed":1,"failed":0,"skipped":0,"candidates":1} 
[2026-09-08 10:50:39] testing.ERROR: lottery.automation.draw_failed {"command":"lottery:settle-draws","activity":"settle","draw_id":1,"draw_number":"DR-TEST-0015","exception":"[object] (App\\Exceptions\\DrawLifecycleException(code: 0): Draw 1 is in state result_published, which implies a published official result, but no draw_results row exists for it. This is refused rather than repaired. at /home/user/app/Exceptions/DrawLifecycleException.php:252)
[stacktrace]
#0 /home/user/app/Services/Draw/DrawSettlementSimulationService.php(200): App\\Exceptions\\DrawLifecycleException::resultMissing()
#1 /home/user/app/Services/Draw/DrawSettlementSimulationService.php(393): App\\Services\\Draw\\DrawSettlementSimulationService->publishedResultFor()
#2 /home/user/app/Services/Draw/DrawSettlementSimulationService.php(156): App\\Services\\Draw\\DrawSettlementSimulationService->performSettlement()
#3 /home/user/vendor/laravel/framework/src/Illuminate/Database/Concerns/ManagesTransactions.php(32): App\\Services\\Draw\\DrawSettlementSimulationService->{closure:App\\Services\\Draw\\DrawSettlementSimulationService::settle():145}()
#4 /home/user/vendor/laravel/framework/src/Illuminate/Database/DatabaseManager.php(495): Illuminate\\Database\\Connection->transaction()
#5 /home/user/vendor/laravel/framework/src/Illuminate/Support/Facades/Facade.php(361): Illuminate\\Database\\DatabaseManager->__call()
#6 /home/user/app/Services/Draw/DrawSettlementSimulationService.php(145): Illuminate\\Support\\Facades\\Facade::__callStatic()
#7 /home/user/app/Console/Commands/Lottery/SettleDrawsCommand.php(90): App\\Services\\Draw\\DrawSettlementSimulationService->settle()
#8 /home/user/app/Console/Commands/Lottery/LotteryAutomationCommand.php(155): App\\Console\\Commands\\Lottery\\SettleDrawsCommand->{closure:App\\Console\\Commands\\Lottery\\SettleDrawsCommand::handle():89}()
#9 /home/user/app/Console/Commands/Lottery/SettleDrawsCommand.php(87): App\\Console\\Commands\\Lottery\\LotteryAutomationCommand->eachDueDraw()
#10 /home/user/vendor/laravel/framework/src/Illuminate/Container/BoundMethod.php(36): App\\Console\\Commands\\Lottery\\SettleDrawsCommand->handle()
#11 /home/user/vendor/laravel/framework/src/Illuminate/Container/Util.php(43): Illuminate\\Container\\BoundMethod::{closure:Illuminate\\Container\\BoundMethod::call():35}()
#12 /home/user/vendor/laravel/framework/src/Illuminate/Container/BoundMethod.php(95): Illuminate\\Container\\Util::unwrapIfClosure()
#13 /home/user/vendor/laravel/framework/src/Illuminate/Container/BoundMethod.php(35): Illuminate\\Container\\BoundMethod::callBoundMethod()
#14 /home/user/vendor/laravel/framework/src/Illuminate/Container/Container.php(696): Illuminate\\Container\\BoundMethod::call()
#15 /home/user/vendor/laravel/framework/src/Illuminate/Console/Command.php(213): Illuminate\\Container\\Container->call()
#16 /home/user/vendor/symfony/console/Command/Command.php(341): Illuminate\\Console\\Command->execute()
#17 /home/user/vendor/laravel/framework/src/Illuminate/Console/Command.php(182): Symfony\\Component\\Console\\Command\\Command->run()
#18 /home/user/vendor/symfony/console/Application.php(1094): Illuminate\\Console\\Command->run()
#19 /home/user/vendor/symfony/console/Application.php(356): Symfony\\Component\\Console\\Application->doRunCommand()
#20 /home/user/vendor/symfony/console/Application.php(195): Symfony\\Component\\Console\\Application->doRun()
#21 /home/user/vendor/laravel/framework/src/Illuminate/Console/Application.php(166): Symfony\\Component\\Console\\Application->run()
#22 /home/user/vendor/laravel/framework/src/Illuminate/Foundation/Console/Kernel.php(427): Illuminate\\Console\\Application->call()
#23 /home/user/vendor/laravel/framework/src/Illuminate/Testing/PendingCommand.php(332): Illuminate\\Foundation\\Console\\Kernel->call()
#24 /home/user/vendor/laravel/framework/src/Illuminate/Testing/PendingCommand.php(556): Illuminate\\Testing\\PendingCommand->run()
#25 /home/user/tests/Feature/Console/DrawAutomationTest.php(334): Illuminate\\Testing\\PendingCommand->__destruct()
#26 /home/user/vendor/phpunit/phpunit/src/Framework/TestCase.php(1667): Tests\\Feature\\Console\\DrawAutomationTest->one_bad_draw_does_not_stop_the_batch_and_the_command_still_reports_failure()
#27 /home/user/vendor/phpunit/phpunit/src/Framework/TestCase.php(519): PHPUnit\\Framework\\TestCase->runTest()
#28 /home/user/vendor/phpunit/phpunit/src/Framework/TestRunner/TestRunner.php(87): PHPUnit\\Framework\\TestCase->runBare()
#29 /home/user/vendor/phpunit/phpunit/src/Framework/TestCase.php(365): PHPUnit\\Framework\\TestRunner->run()
#30 /home/user/vendor/phpunit/phpunit/src/Framework/TestSuite.php(369): PHPUnit\\Framework\\TestCase->run()
#31 /home/user/vendor/phpunit/phpunit/src/Framework/TestSuite.php(369): PHPUnit\\Framework\\TestSuite->run()
#32 /home/user/vendor/phpunit/phpunit/src/Framework/TestSuite.php(369): PHPUnit\\Framework\\TestSuite->run()
#33 /home/user/vendor/phpunit/phpunit/src/TextUI/TestRunner.php(64): PHPUnit\\Framework\\TestSuite->run()
#34 /home/user/vendor/phpunit/phpunit/src/TextUI/Application.php(211): PHPUnit\\TextUI\\TestRunner->run()
#35 /home/user/vendor/phpunit/phpunit/phpunit(104): PHPUnit\\TextUI\\Application->run()
#36 {main}
"} 
[2026-09-08 10:50:39] testing.INFO: lottery.automation.run {"command":"lottery:settle-draws","activity":"settle","processed":1,"failed":1,"skipped":0,"candidates":2} 
[2026-09-08 10:50:39] testing.INFO: lottery.tick {"steps":5,"failed_steps":[],"duration_ms":0.0,"dry_run":false} 
[2026-09-08 10:50:39] testing.INFO: lottery.automation.run {"command":"lottery:open-draws","activity":"open","processed":1,"failed":0,"skipped":0,"candidates":1} 
[2026-09-08 10:50:39] testing.INFO: lottery.automation.run {"command":"lottery:close-draws","activity":"close","processed":2,"failed":0,"skipped":0,"candidates":2} 
[2026-09-08 10:50:39] testing.INFO: lottery.automation.provisioned {"created":6,"existing":0,"horizon_days":90} 
[2026-09-08 10:50:39] testing.INFO: lottery.automation.run {"command":"lottery:open-draws","activity":"open","processed":1,"failed":0,"skipped":0,"candidates":1} 
[2026-09-08 10:50:39] testing.INFO: lottery.automation.run {"command":"lottery:close-draws","activity":"close","processed":1,"failed":0,"skipped":0,"candidates":1} 
[2026-09-08 10:50:39] testing.INFO: lottery.automation.run {"command":"lottery:mark-results-pending","activity":"mark result-pending","processed":1,"failed":0,"skipped":0,"candidates":1} 
[2026-09-08 10:50:39] testing.INFO: lottery.tick {"steps":5,"failed_steps":[],"duration_ms":20.0,"dry_run":false} 
[2026-09-08 10:50:39] testing.INFO: lottery.automation.provisioned {"created":6,"existing":0,"horizon_days":90} 
[2026-09-08 10:50:39] testing.INFO: lottery.automation.run {"command":"lottery:open-draws","activity":"open","processed":1,"failed":0,"skipped":0,"candidates":1} 
[2026-09-08 10:50:39] testing.INFO: lottery.automation.run {"command":"lottery:close-draws","activity":"close","processed":1,"failed":0,"skipped":0,"candidates":1} 
[2026-09-08 10:50:39] testing.INFO: lottery.automation.run {"command":"lottery:mark-results-pending","activity":"mark result-pending","processed":1,"failed":0,"skipped":0,"candidates":1} 
[2026-09-08 10:50:39] testing.INFO: lottery.tick {"steps":5,"failed_steps":[],"duration_ms":20.0,"dry_run":false} 
[2026-09-08 10:50:39] testing.INFO: lottery.automation.run {"command":"lottery:mark-results-pending","activity":"mark result-pending","processed":1,"failed":0,"skipped":0,"candidates":1} 
[2026-09-08 10:50:39] testing.INFO: lottery.publication.published {"draw_id":1,"draw_number":"DR-TEST-0025","winning_numbers":6,"operator_command":true} 
[2026-09-08 10:50:39] testing.INFO: lottery.automation.run {"command":"lottery:mark-results-pending","activity":"mark result-pending","processed":1,"failed":0,"skipped":0,"candidates":1} 
[2026-09-08 10:50:39] testing.WARNING: lottery.publication.refused {"draw_id":1,"draw_number":"DR-TEST-0026","exception":"[object] (App\\Exceptions\\DrawResultValidationException(code: 0): The official first prize number must be exactly 6 digits. Received \"12\", which is 2. Leading zeroes count as digits and are never stripped. at /home/user/app/Exceptions/DrawResultValidationException.php:119)
[stacktrace]
#0 /home/user/app/Services/Draw/DrawResultValidator.php(205): App\\Exceptions\\DrawResultValidationException::firstPrizeLength()
#1 /home/user/app/Services/Draw/DrawResultValidator.php(131): App\\Services\\Draw\\DrawResultValidator->validateFirstPrize()
#2 /home/user/app/Services/Draw/DrawResultPublicationService.php(105): App\\Services\\Draw\\DrawResultValidator->validate()
#3 /home/user/app/Console/Commands/Lottery/PublishDrawResultCommand.php(104): App\\Services\\Draw\\DrawResultPublicationService->publish()
#4 /home/user/vendor/laravel/framework/src/Illuminate/Container/BoundMethod.php(36): App\\Console\\Commands\\Lottery\\PublishDrawResultCommand->handle()
#5 /home/user/vendor/laravel/framework/src/Illuminate/Container/Util.php(43): Illuminate\\Container\\BoundMethod::{closure:Illuminate\\Container\\BoundMethod::call():35}()
#6 /home/user/vendor/laravel/framework/src/Illuminate/Container/BoundMethod.php(95): Illuminate\\Container\\Util::unwrapIfClosure()
#7 /home/user/vendor/laravel/framework/src/Illuminate/Container/BoundMethod.php(35): Illuminate\\Container\\BoundMethod::callBoundMethod()
#8 /home/user/vendor/laravel/framework/src/Illuminate/Container/Container.php(696): Illuminate\\Container\\BoundMethod::call()
#9 /home/user/vendor/laravel/framework/src/Illuminate/Console/Command.php(213): Illuminate\\Container\\Container->call()
#10 /home/user/vendor/symfony/console/Command/Command.php(341): Illuminate\\Console\\Command->execute()
#11 /home/user/vendor/laravel/framework/src/Illuminate/Console/Command.php(182): Symfony\\Component\\Console\\Command\\Command->run()
#12 /home/user/vendor/symfony/console/Application.php(1094): Illuminate\\Console\\Command->run()
#13 /home/user/vendor/symfony/console/Application.php(356): Symfony\\Component\\Console\\Application->doRunCommand()
#14 /home/user/vendor/symfony/console/Application.php(195): Symfony\\Component\\Console\\Application->doRun()
#15 /home/user/vendor/laravel/framework/src/Illuminate/Console/Application.php(166): Symfony\\Component\\Console\\Application->run()
#16 /home/user/vendor/laravel/framework/src/Illuminate/Foundation/Console/Kernel.php(427): Illuminate\\Console\\Application->call()
#17 /home/user/vendor/laravel/framework/src/Illuminate/Testing/PendingCommand.php(332): Illuminate\\Foundation\\Console\\Kernel->call()
#18 /home/user/vendor/laravel/framework/src/Illuminate/Testing/PendingCommand.php(556): Illuminate\\Testing\\PendingCommand->run()
#19 /home/user/tests/Feature/Console/DrawAutomationTest.php(443): Illuminate\\Testing\\PendingCommand->__destruct()
#20 /home/user/vendor/phpunit/phpunit/src/Framework/TestCase.php(1667): Tests\\Feature\\Console\\DrawAutomationTest->publication_refuses_numbers_the_validator_rejects_and_writes_nothing()
#21 /home/user/vendor/phpunit/phpunit/src/Framework/TestCase.php(519): PHPUnit\\Framework\\TestCase->runTest()
#22 /home/user/vendor/phpunit/phpunit/src/Framework/TestRunner/TestRunner.php(87): PHPUnit\\Framework\\TestCase->runBare()
#23 /home/user/vendor/phpunit/phpunit/src/Framework/TestCase.php(365): PHPUnit\\Framework\\TestRunner->run()
#24 /home/user/vendor/phpunit/phpunit/src/Framework/TestSuite.php(369): PHPUnit\\Framework\\TestCase->run()
#25 /home/user/vendor/phpunit/phpunit/src/Framework/TestSuite.php(369): PHPUnit\\Framework\\TestSuite->run()
#26 /home/user/vendor/phpunit/phpunit/src/Framework/TestSuite.php(369): PHPUnit\\Framework\\TestSuite->run()
#27 /home/user/vendor/phpunit/phpunit/src/TextUI/TestRunner.php(64): PHPUnit\\Framework\\TestSuite->run()
#28 /home/user/vendor/phpunit/phpunit/src/TextUI/Application.php(211): PHPUnit\\TextUI\\TestRunner->run()
#29 /home/user/vendor/phpunit/phpunit/phpunit(104): PHPUnit\\TextUI\\Application->run()
#30 {main}
"} 
[2026-09-08 10:50:39] testing.WARNING: lottery.publication.refused {"draw_id":1,"draw_number":"DR-TEST-0027","exception":"[object] (App\\Exceptions\\DrawLifecycleException(code: 0): Draw 1 is in state open; an official result may only be published from result_pending. at /home/user/app/Exceptions/DrawLifecycleException.php:191)
[stacktrace]
#0 /home/user/app/Services/Draw/DrawLifecycleService.php(385): App\\Exceptions\\DrawLifecycleException::notPublishable()
#1 /home/user/app/Services/Draw/DrawResultPublicationService.php(110): App\\Services\\Draw\\DrawLifecycleService->assertCanPublishResult()
#2 /home/user/vendor/laravel/framework/src/Illuminate/Database/Concerns/ManagesTransactions.php(32): App\\Services\\Draw\\DrawResultPublicationService->{closure:App\\Services\\Draw\\DrawResultPublicationService::publish():107}()
#3 /home/user/vendor/laravel/framework/src/Illuminate/Database/DatabaseManager.php(495): Illuminate\\Database\\Connection->transaction()
#4 /home/user/vendor/laravel/framework/src/Illuminate/Support/Facades/Facade.php(361): Illuminate\\Database\\DatabaseManager->__call()
#5 /home/user/app/Services/Draw/DrawResultPublicationService.php(139): Illuminate\\Support\\Facades\\Facade::__callStatic()
#6 /home/user/app/Console/Commands/Lottery/PublishDrawResultCommand.php(104): App\\Services\\Draw\\DrawResultPublicationService->publish()
#7 /home/user/vendor/laravel/framework/src/Illuminate/Container/BoundMethod.php(36): App\\Console\\Commands\\Lottery\\PublishDrawResultCommand->handle()
#8 /home/user/vendor/laravel/framework/src/Illuminate/Container/Util.php(43): Illuminate\\Container\\BoundMethod::{closure:Illuminate\\Container\\BoundMethod::call():35}()
#9 /home/user/vendor/laravel/framework/src/Illuminate/Container/BoundMethod.php(95): Illuminate\\Container\\Util::unwrapIfClosure()
#10 /home/user/vendor/laravel/framework/src/Illuminate/Container/BoundMethod.php(35): Illuminate\\Container\\BoundMethod::callBoundMethod()
#11 /home/user/vendor/laravel/framework/src/Illuminate/Container/Container.php(696): Illuminate\\Container\\BoundMethod::call()
#12 /home/user/vendor/laravel/framework/src/Illuminate/Console/Command.php(213): Illuminate\\Container\\Container->call()
#13 /home/user/vendor/symfony/console/Command/Command.php(341): Illuminate\\Console\\Command->execute()
#14 /home/user/vendor/laravel/framework/src/Illuminate/Console/Command.php(182): Symfony\\Component\\Console\\Command\\Command->run()
#15 /home/user/vendor/symfony/console/Application.php(1094): Illuminate\\Console\\Command->run()
#16 /home/user/vendor/symfony/console/Application.php(356): Symfony\\Component\\Console\\Application->doRunCommand()
#17 /home/user/vendor/symfony/console/Application.php(195): Symfony\\Component\\Console\\Application->doRun()
#18 /home/user/vendor/laravel/framework/src/Illuminate/Console/Application.php(166): Symfony\\Component\\Console\\Application->run()
#19 /home/user/vendor/laravel/framework/src/Illuminate/Foundation/Console/Kernel.php(427): Illuminate\\Console\\Application->call()
#20 /home/user/vendor/laravel/framework/src/Illuminate/Testing/PendingCommand.php(332): Illuminate\\Foundation\\Console\\Kernel->call()
#21 /home/user/vendor/laravel/framework/src/Illuminate/Testing/PendingCommand.php(556): Illuminate\\Testing\\PendingCommand->run()
#22 /home/user/tests/Feature/Console/DrawAutomationTest.php(459): Illuminate\\Testing\\PendingCommand->__destruct()
#23 /home/user/vendor/phpunit/phpunit/src/Framework/TestCase.php(1667): Tests\\Feature\\Console\\DrawAutomationTest->publication_is_refused_for_a_draw_that_is_not_awaiting_its_result()
#24 /home/user/vendor/phpunit/phpunit/src/Framework/TestCase.php(519): PHPUnit\\Framework\\TestCase->runTest()
#25 /home/user/vendor/phpunit/phpunit/src/Framework/TestRunner/TestRunner.php(87): PHPUnit\\Framework\\TestCase->runBare()
#26 /home/user/vendor/phpunit/phpunit/src/Framework/TestCase.php(365): PHPUnit\\Framework\\TestRunner->run()
#27 /home/user/vendor/phpunit/phpunit/src/Framework/TestSuite.php(369): PHPUnit\\Framework\\TestCase->run()
#28 /home/user/vendor/phpunit/phpunit/src/Framework/TestSuite.php(369): PHPUnit\\Framework\\TestSuite->run()
#29 /home/user/vendor/phpunit/phpunit/src/Framework/TestSuite.php(369): PHPUnit\\Framework\\TestSuite->run()
#30 /home/user/vendor/phpunit/phpunit/src/TextUI/TestRunner.php(64): PHPUnit\\Framework\\TestSuite->run()
#31 /home/user/vendor/phpunit/phpunit/src/TextUI/Application.php(211): PHPUnit\\TextUI\\TestRunner->run()
#32 /home/user/vendor/phpunit/phpunit/phpunit(104): PHPUnit\\TextUI\\Application->run()
#33 {main}
"} 
[2026-09-08 10:50:39] testing.INFO: lottery.automation.run {"command":"lottery:mark-results-pending","activity":"mark result-pending","processed":1,"failed":0,"skipped":0,"candidates":1} 
[2026-09-08 10:51:24] testing.INFO: Payment webhook event already processed (replay cache hit) {"gateway":"bkash","event_id":"evt_bkash_dup_24"} 
[2026-09-08 10:51:26] testing.CRITICAL: DisburseWithdrawalJob: Job permanently failed after max attempts {"withdrawal_id":888888,"attempts":1,"error":"Withdrawal entity 888888 not found"} 
[2026-09-08 10:51:26] testing.INFO: OperationalAlertService: Alert throttled (duplicate within cooldown) {"title":"Critical Ledger Imbalance","fingerprint":"alert:anomaly:304a127cfffc21d342fb8664ff0dc21d"} 
[2026-09-08 10:51:26] testing.INFO: Payment webhook event already processed (replay cache hit) {"gateway":"stripe","event_id":"evt_stripe_concurrency_666"} 
[2026-09-08 10:51:26] testing.INFO: Payment webhook event already processed (replay cache hit) {"gateway":"stripe","event_id":"evt_stripe_concurrency_666"} 
[2026-09-08 10:51:26] testing.INFO: Payment webhook event already processed (replay cache hit) {"gateway":"stripe","event_id":"evt_stripe_concurrency_666"} 
[2026-09-08 10:51:26] testing.INFO: Payment webhook event already processed (replay cache hit) {"gateway":"stripe","event_id":"evt_stripe_concurrency_666"} 
[2026-09-08 10:51:26] testing.WARNING: Payment webhook signature verification failed {"correlation_id":"d7eef3f6-854c-49f9-be7b-0245909475f9","gateway":"stripe","ip":"127.0.0.1"} {"correlation_id":"d7eef3f6-854c-49f9-be7b-0245909475f9"}
[2026-09-08 10:51:26] testing.WARNING: Payment webhook signature verification failed {"correlation_id":"2216ec95-0804-47be-bc83-7d9ec8867112","gateway":"bkash","ip":"127.0.0.1"} {"correlation_id":"2216ec95-0804-47be-bc83-7d9ec8867112"}
[2026-09-08 10:51:26] testing.WARNING: Stripe webhook rejected: timestamp drift exceeds tolerance. {"correlation_id":"472c77ba-e02c-40c6-9131-5e8b135ff4ab","event_time":1788838886,"current_time":1788839486,"tolerance":300} {"correlation_id":"472c77ba-e02c-40c6-9131-5e8b135ff4ab"}
[2026-09-08 10:51:26] testing.WARNING: Payment webhook signature verification failed {"correlation_id":"472c77ba-e02c-40c6-9131-5e8b135ff4ab","gateway":"stripe","ip":"127.0.0.1"} {"correlation_id":"472c77ba-e02c-40c6-9131-5e8b135ff4ab"}
[2026-09-08 10:51:27] testing.INFO: Payment webhook event already processed (replay cache hit) {"gateway":"stripe","event_id":"evt_unique_test_replay_999"} 
[2026-09-08 10:51:32] testing.INFO: bet_purchase.api.success {"correlation_id":"f90369f7-c00b-4d2f-9e9b-554c8d07716d","outcome":"purchased","bet_id":1,"bet_number":"BT-20260908-C206DF7B6919","ticket_id":1,"draw_id":1,"currency":"THB","stake":"100.00","client_key":"client_key_valid_test_16_abc","request_id":"fab34fa68ac190e3e32e410070d2511f","user_id":1} {"correlation_id":"f90369f7-c00b-4d2f-9e9b-554c8d07716d"}
[2026-09-08 10:51:32] testing.INFO: bet_purchase.api.refused {"correlation_id":"5e0014f4-a3b2-4daf-9064-71001c511429","outcome":"refused","error_code":"insufficient_balance","http_status":422,"exception":"App\\Exceptions\\BetPurchaseException","client_key":"client_key_insufficient_17","request_id":"6548691e796abe06902473a4fdbf7f9a","user_id":1} {"correlation_id":"5e0014f4-a3b2-4daf-9064-71001c511429"}
[2026-09-08 10:51:33] testing.INFO: bet_purchase.api.refused {"correlation_id":"9974ef65-f43e-4ced-b703-fcd6b5e40bf6","outcome":"refused","error_code":"draw_closed","http_status":422,"exception":"App\\Exceptions\\BetPurchaseValidationException","client_key":"client_key_closed_draw_18","request_id":"34ae802a09d4a83a9ca9f3d7f8e19d96","user_id":1} {"correlation_id":"9974ef65-f43e-4ced-b703-fcd6b5e40bf6"}
[2026-09-08 10:51:33] testing.INFO: bet_purchase.api.refused {"correlation_id":"03a3c21d-ea19-4161-aeac-0b52ea9472c4","outcome":"refused","error_code":"invalid_digits","http_status":422,"exception":"App\\Exceptions\\BetPurchaseValidationException","client_key":"client_key_invalid_market_19","request_id":"81305948da1ca7c4d4e7dfc19c93b179","user_id":1} {"correlation_id":"03a3c21d-ea19-4161-aeac-0b52ea9472c4"}
[2026-09-08 10:51:33] testing.INFO: bet_purchase.api.success {"correlation_id":"63c08d9b-ba07-4578-bbb9-de2a39aaae58","outcome":"purchased","bet_id":1,"bet_number":"BT-20260908-89D1E963E21A","ticket_id":1,"draw_id":1,"currency":"THB","stake":"100.00","client_key":"unique_idempotency_key_test_20_xyz","request_id":"b259a00a362352f533ae8ba7beeba726","user_id":1} {"correlation_id":"63c08d9b-ba07-4578-bbb9-de2a39aaae58"}
[2026-09-08 10:51:33] testing.INFO: bet_purchase.api.success {"correlation_id":"e7cd07f8-d76e-434e-8a0f-805e6ace25cb","outcome":"replayed","bet_id":1,"bet_number":"BT-20260908-89D1E963E21A","ticket_id":1,"draw_id":1,"currency":"THB","stake":"100.00","client_key":"unique_idempotency_key_test_20_xyz","request_id":"1669afcee810b787b3995ebabacb938c","user_id":1} {"correlation_id":"e7cd07f8-d76e-434e-8a0f-805e6ace25cb"}
[2026-09-08 10:51:40] testing.WARNING: DisburseWithdrawalJob: Transient error during disbursement, queue will retry {"withdrawal_id":1,"attempt":1,"max_tries":3,"exception":"Connection timeout to gateway API."} 
[2026-09-08 10:51:40] testing.ERROR: DisburseWithdrawalJob: Withdrawal not found {"withdrawal_id":999999,"attempt":1} 
[2026-09-08 10:51:40] testing.INFO: DisburseWithdrawalJob: Withdrawal already completed, skipping redundant disbursement {"withdrawal_id":1,"reference_number":"WD-20260908-0BD790B25F45","status":"completed"} 
[2026-09-08 10:51:41] testing.INFO: DisburseWithdrawalJob: Withdrawal already completed, skipping redundant disbursement {"withdrawal_id":1,"reference_number":"WD-20260908-02C9071A5505","status":"completed"} 
[2026-09-08 10:51:41] testing.INFO: RealPrizeSettlementService: Settled Draw #DRW-20260908-PMNL7I {"draw_id":1,"winners":1,"total_payout":"9000.00"} 
[2026-09-08 10:51:41] testing.INFO: ProcessPrizeSettlementJob: Draw is already settled, skipping redundant execution {"draw_id":1,"draw_number":"DRW-20260908-PMNL7I","status":"completed"} 
[2026-09-08 10:51:41] testing.INFO: Payment webhook event already processed (replay cache hit) {"gateway":"bkash","event_id":"evt_job_dup_08"} 
[2026-09-08 10:51:41] testing.CRITICAL: DisburseWithdrawalJob: Job permanently failed after max attempts {"withdrawal_id":1,"attempts":1,"error":"Gateway auth failed for secret token secret_key_123456"} 
[2026-09-08 10:51:41] testing.INFO: DisburseWithdrawalJob: Withdrawal already completed, skipping redundant disbursement {"withdrawal_id":1,"reference_number":"WD-20260908-93D80A54C774","status":"completed"} 
[2026-09-08 10:51:41] testing.WARNING: DisburseWithdrawalJob: Withdrawal in terminal failed/cancelled state, aborting job {"withdrawal_id":1,"reference_number":"WD-20260908-A2DC82D6D404","status":"failed"} 
[2026-09-08 10:51:43] testing.WARNING: bKash webhook rejected: webhook_secret / app_secret is not configured. {"correlation_id":"aab4ccc4-c8d1-45b5-8ad4-7ff6b83cf5df"} {"correlation_id":"aab4ccc4-c8d1-45b5-8ad4-7ff6b83cf5df"}
[2026-09-08 10:51:43] testing.WARNING: Payment webhook signature verification failed {"correlation_id":"aab4ccc4-c8d1-45b5-8ad4-7ff6b83cf5df","gateway":"bkash","ip":"127.0.0.1"} {"correlation_id":"aab4ccc4-c8d1-45b5-8ad4-7ff6b83cf5df"}
[2026-09-08 10:51:43] testing.WARNING: bKash webhook rejected: webhook_secret / app_secret is not configured. {"correlation_id":"e85c768a-ce89-4959-9b6f-9cb92a19ebfc"} {"correlation_id":"e85c768a-ce89-4959-9b6f-9cb92a19ebfc"}
[2026-09-08 10:51:43] testing.WARNING: Payment webhook signature verification failed {"correlation_id":"e85c768a-ce89-4959-9b6f-9cb92a19ebfc","gateway":"bkash","ip":"127.0.0.1"} {"correlation_id":"e85c768a-ce89-4959-9b6f-9cb92a19ebfc"}
[2026-09-08 10:51:43] testing.WARNING: bKash webhook rejected: webhook_secret / app_secret is not configured. {"correlation_id":"a0398ef7-b642-4313-ad42-b5af70e68136"} {"correlation_id":"a0398ef7-b642-4313-ad42-b5af70e68136"}
[2026-09-08 10:51:43] testing.WARNING: Payment webhook signature verification failed {"correlation_id":"a0398ef7-b642-4313-ad42-b5af70e68136","gateway":"bkash","ip":"127.0.0.1"} {"correlation_id":"a0398ef7-b642-4313-ad42-b5af70e68136"}
[2026-09-08 10:52:42] testing.INFO: bet_purchase.api.success {"correlation_id":"a0717f31-713c-412b-8816-5d35b6f733eb","outcome":"purchased","bet_id":1,"bet_number":"BT-20260908-CBCC0031B8D3","ticket_id":1,"draw_id":1,"currency":"THB","stake":"100.00","client_key":"client_key_valid_test_16_abc","request_id":"143bd9a2424e5bc4b62b218cc3688d97","user_id":1} {"correlation_id":"a0717f31-713c-412b-8816-5d35b6f733eb"}
[2026-09-08 10:52:42] testing.INFO: bet_purchase.api.refused {"correlation_id":"32bf70c5-3370-4e92-86c4-d0706ec2c415","outcome":"refused","error_code":"insufficient_balance","http_status":422,"exception":"App\\Exceptions\\BetPurchaseException","client_key":"client_key_insufficient_17","request_id":"7c5a74fb00c835499a3f01773cde3223","user_id":1} {"correlation_id":"32bf70c5-3370-4e92-86c4-d0706ec2c415"}
[2026-09-08 10:52:42] testing.INFO: bet_purchase.api.refused {"correlation_id":"4200176b-7a5e-4b7d-8acb-49a3b34b3c32","outcome":"refused","error_code":"draw_closed","http_status":422,"exception":"App\\Exceptions\\BetPurchaseValidationException","client_key":"client_key_closed_draw_18","request_id":"555a85a370f4430e8f4dbf5fa27aa544","user_id":1} {"correlation_id":"4200176b-7a5e-4b7d-8acb-49a3b34b3c32"}
[2026-09-08 10:52:43] testing.INFO: bet_purchase.api.refused {"correlation_id":"e02d4ff1-1673-4eea-b6dc-d8d50afd7945","outcome":"refused","error_code":"invalid_digits","http_status":422,"exception":"App\\Exceptions\\BetPurchaseValidationException","client_key":"client_key_invalid_market_19","request_id":"3a79c1aea533b169e7fe645b78341c79","user_id":1} {"correlation_id":"e02d4ff1-1673-4eea-b6dc-d8d50afd7945"}
[2026-09-08 10:52:43] testing.INFO: bet_purchase.api.success {"correlation_id":"b5a522b6-7289-4df1-a30b-fdb29465c382","outcome":"purchased","bet_id":1,"bet_number":"BT-20260908-A3D99D21433F","ticket_id":1,"draw_id":1,"currency":"THB","stake":"100.00","client_key":"unique_idempotency_key_test_20_xyz","request_id":"27438bba61645390e1dbd9724ec4f78e","user_id":1} {"correlation_id":"b5a522b6-7289-4df1-a30b-fdb29465c382"}
[2026-09-08 10:52:43] testing.INFO: bet_purchase.api.success {"correlation_id":"2999b79b-fa1e-4aa6-9674-1c6824847f04","outcome":"replayed","bet_id":1,"bet_number":"BT-20260908-A3D99D21433F","ticket_id":1,"draw_id":1,"currency":"THB","stake":"100.00","client_key":"unique_idempotency_key_test_20_xyz","request_id":"17ce9247e7234985427d0601e9d7fbff","user_id":1} {"correlation_id":"2999b79b-fa1e-4aa6-9674-1c6824847f04"}
[2026-09-08 10:52:55] testing.ERROR: High Exposure (High Risk) on number 123 [3d] for draw 1. {"risk_alert_type":"high_exposure","risk_level":"high","audit_log_id":4} 
[2026-09-08 10:53:02] testing.INFO: bet_purchase.api.success {"correlation_id":"c344f294-e1a0-4e18-a4e3-b93aaec1c4a4","outcome":"purchased","bet_id":1,"bet_number":"BT-20260908-A1CAB1B70350","ticket_id":1,"draw_id":1,"currency":"THB","stake":"10.00","client_key":"api-3fac7e5042598962807ac50192f07570561b1f92","request_id":"f2fafbb1f37fdfce287346aab63b7bf7","user_id":1} {"correlation_id":"c344f294-e1a0-4e18-a4e3-b93aaec1c4a4"}
[2026-09-08 10:53:02] testing.INFO: bet_purchase.api.success {"correlation_id":"99d87f0f-d8f3-40dc-9ef3-0a870beed45d","outcome":"purchased","bet_id":1,"bet_number":"BT-20260908-F6BFF67BAF28","ticket_id":1,"draw_id":1,"currency":"THB","stake":"10.00","client_key":"api-a676f40bd6585d6668cbe33a51f09953c02a7fef","request_id":"d00e4cb46217c49dde5690ee6a9ae58d","user_id":1} {"correlation_id":"99d87f0f-d8f3-40dc-9ef3-0a870beed45d"}
[2026-09-08 10:53:02] testing.INFO: bet_purchase.api.success {"correlation_id":"dc8a29bb-c060-4bdb-bb28-1cbc7dafe46b","outcome":"purchased","bet_id":1,"bet_number":"BT-20260908-DB9C60525861","ticket_id":1,"draw_id":1,"currency":"THB","stake":"10.00","client_key":"api-f7b8f591922e9b515c83f0ca28847379e14e3f93","request_id":"65ccd1c43f568a7ccb0f9fbc4584ca17","user_id":1} {"correlation_id":"dc8a29bb-c060-4bdb-bb28-1cbc7dafe46b"}
[2026-09-08 10:53:02] testing.INFO: bet_purchase.api.success {"correlation_id":"8489c2d8-90d0-4978-af68-dce0ffe58bbb","outcome":"purchased","bet_id":1,"bet_number":"BT-20260908-A8BB489745F2","ticket_id":1,"draw_id":1,"currency":"THB","stake":"10.00","client_key":"api-e187d76746182cbb563423de65c53cff48e1b26c","request_id":"38808bf0b607aa50922a98d693334bf4","user_id":1} {"correlation_id":"8489c2d8-90d0-4978-af68-dce0ffe58bbb"}
[2026-09-08 10:53:02] testing.INFO: bet_purchase.api.success {"correlation_id":"6b2c912f-3fdc-41b9-8fc1-44fb0018c8ba","outcome":"purchased","bet_id":1,"bet_number":"BT-20260908-B3C101B15762","ticket_id":1,"draw_id":1,"currency":"THB","stake":"10.00","client_key":"api-bd6c2f1a5ca9ea80b589a486be6f1ed025590bed","request_id":"f5b65852bfb1ae3e3bfeab2d196ace13","user_id":1} {"correlation_id":"6b2c912f-3fdc-41b9-8fc1-44fb0018c8ba"}
[2026-09-08 10:53:02] testing.INFO: bet_purchase.api.success {"correlation_id":"12c5d8ed-d9ad-4017-8b1d-074e3b5114f7","outcome":"purchased","bet_id":1,"bet_number":"BT-20260908-D693413CF6B3","ticket_id":1,"draw_id":1,"currency":"THB","stake":"10.00","client_key":"api-8e924a7dac69469f40b6a9525e68f510b7972699","request_id":"a8fc9873780ce42744c4ddabb2b12476","user_id":1} {"correlation_id":"12c5d8ed-d9ad-4017-8b1d-074e3b5114f7"}
[2026-09-08 10:53:02] testing.INFO: bet_purchase.api.success {"correlation_id":"08b1617b-2c16-471a-a9ac-83fcd8b28caa","outcome":"purchased","bet_id":1,"bet_number":"BT-20260908-8820FCA145DD","ticket_id":1,"draw_id":1,"currency":"THB","stake":"10.00","client_key":"api-63e4863923f9d99f637040c4ecaa95eaf5e39f31","request_id":"d1b0de0da566523bd2c12ffff1f9680d","user_id":1} {"correlation_id":"08b1617b-2c16-471a-a9ac-83fcd8b28caa"}
[2026-09-08 10:53:02] testing.INFO: bet_purchase.api.success {"correlation_id":"319fec04-a805-44f3-b061-6c324d84c5c8","outcome":"purchased","bet_id":1,"bet_number":"BT-20260908-63B689373DDB","ticket_id":1,"draw_id":1,"currency":"THB","stake":"10.00","client_key":"api-1d2da6cca6185013559ff92e6eedc11e93618224","request_id":"7ea352015698509a0f3c95bc49c77e19","user_id":1} {"correlation_id":"319fec04-a805-44f3-b061-6c324d84c5c8"}
[2026-09-08 10:53:02] testing.INFO: bet_purchase.api.success {"correlation_id":"8e823d6c-9c69-4d04-9ebf-d0f2310edc72","outcome":"purchased","bet_id":1,"bet_number":"BT-20260908-FCBA0AD4F32E","ticket_id":1,"draw_id":1,"currency":"THB","stake":"10.00","client_key":"api-4fed3970dcc0d31dccddbf69ef55b00f32d2ca78","request_id":"d4e49015af2a88e9d449f1f8d4af5e59","user_id":1} {"correlation_id":"8e823d6c-9c69-4d04-9ebf-d0f2310edc72"}
[2026-09-08 10:53:02] testing.INFO: bet_purchase.api.success {"correlation_id":"6dd81c97-5018-4a2f-9f4f-fb195941fab6","outcome":"purchased","bet_id":1,"bet_number":"BT-20260908-762B0DE3C456","ticket_id":1,"draw_id":1,"currency":"THB","stake":"10.00","client_key":"api-3e23e8160039594a33894f6564e1b1348bbd7a00","request_id":"1b6997c75d6d9c4d348146be777c0a52","user_id":1} {"correlation_id":"6dd81c97-5018-4a2f-9f4f-fb195941fab6"}
[2026-09-08 10:53:03] testing.INFO: bet_purchase.api.success {"correlation_id":"38f0e5b1-8a22-4cd0-91c7-48a7f46ac949","outcome":"purchased","bet_id":1,"bet_number":"BT-20260908-43E5AC7F53BE","ticket_id":1,"draw_id":1,"currency":"THB","stake":"10.00","client_key":"api-2e7d2c03a9507ae265ecf5b5356885a53393a202","request_id":"ec22e25f6f36af479e174a2b5b06b45e","user_id":1} {"correlation_id":"38f0e5b1-8a22-4cd0-91c7-48a7f46ac949"}
[2026-09-08 10:53:03] testing.INFO: bet_purchase.api.refused {"correlation_id":"90aaeb1a-b183-4b42-8def-9bf1afda4862","outcome":"refused","error_code":"draw_not_found","http_status":404,"exception":"App\\Exceptions\\BetPurchaseValidationException","client_key":"api-3f79bb7b435b05321651daefd374cdc681dc06fa","request_id":"d93d6459a8de00cc891002811c30cd8d","user_id":1} {"correlation_id":"90aaeb1a-b183-4b42-8def-9bf1afda4862"}
[2026-09-08 10:53:03] testing.INFO: bet_purchase.api.refused {"correlation_id":"dd2702f1-8986-4f7d-966d-7538473c0bff","outcome":"refused","error_code":"draw_closed","http_status":422,"exception":"App\\Exceptions\\BetPurchaseValidationException","client_key":"api-252f10c83610ebca1a059c0bae8255eba2f95be4","request_id":"7561a2a746cb7d09ccbb132b6c060e94","user_id":1} {"correlation_id":"dd2702f1-8986-4f7d-966d-7538473c0bff"}
[2026-09-08 10:53:03] testing.INFO: bet_purchase.api.success {"correlation_id":"bf0a5455-5942-4a4e-8665-3c765434d2d2","outcome":"purchased","bet_id":1,"bet_number":"BT-20260908-25CB92E04503","ticket_id":1,"draw_id":1,"currency":"THB","stake":"10.00","client_key":"api-de7d1b721a1e0632b7cf04edf5032c8ecffa9f9a","request_id":"b7ab7bf1eac220f6a174cb9f601c9951","user_id":1} {"correlation_id":"bf0a5455-5942-4a4e-8665-3c765434d2d2"}
[2026-09-08 10:53:03] testing.INFO: bet_purchase.api.success {"correlation_id":"41ac3086-cfda-4e77-b2a8-6540ec58dd21","outcome":"purchased","bet_id":1,"bet_number":"BT-20260908-FEB109B279C4","ticket_id":1,"draw_id":1,"currency":"THB","stake":"10.00","client_key":"api-189f40034be7a199f1fa9891668ee3ab6049f82d","request_id":"a94fa5fc869c2e082241c15bef611a85","user_id":1} {"correlation_id":"41ac3086-cfda-4e77-b2a8-6540ec58dd21"}
[2026-09-08 10:53:03] testing.INFO: bet_purchase.api.refused {"correlation_id":"07815631-be4a-4b6d-8a8a-c1fb2abbdde0","outcome":"refused","error_code":"invalid_stake","http_status":422,"exception":"App\\Exceptions\\BetPurchaseValidationException","client_key":"api-acac86c0e609ca906f632b0e2dacccb2b77d22b0","request_id":"4b057fa69e69c37617c00b48b14f33cb","user_id":1} {"correlation_id":"07815631-be4a-4b6d-8a8a-c1fb2abbdde0"}
[2026-09-08 10:53:03] testing.INFO: bet_purchase.api.refused {"correlation_id":"c59e0c55-6cdc-49c6-8cdc-4066562ffa16","outcome":"refused","error_code":"insufficient_balance","http_status":422,"exception":"App\\Exceptions\\BetPurchaseException","client_key":"api-1b16b1df538ba12dc3f97edbb85caa7050d46c14","request_id":"7fa9580d362dd9d8aed57c99d914b19d","user_id":1} {"correlation_id":"c59e0c55-6cdc-49c6-8cdc-4066562ffa16"}
[2026-09-08 10:53:03] testing.INFO: bet_purchase.api.refused {"correlation_id":"0a5f07d0-7c75-48bb-98b1-edce25009091","outcome":"refused","error_code":"risk_rejected","http_status":422,"exception":"App\\Exceptions\\BetPurchaseValidationException","client_key":"api-65c74c15a686187bb6bbf9958f494fc6b8006803","request_id":"fc299e46dc9dbb4f6996e4e7558892a2","user_id":1} {"correlation_id":"0a5f07d0-7c75-48bb-98b1-edce25009091"}
[2026-09-08 10:53:03] testing.INFO: bet_purchase.api.success {"correlation_id":"aede5a90-30a7-47b3-95a9-e5ead32c84af","outcome":"purchased","bet_id":1,"bet_number":"BT-20260908-7E7A033B65C3","ticket_id":1,"draw_id":1,"currency":"THB","stake":"10.00","client_key":"api-148de9c5a7a44d19e56cd9ae1a554bf67847afb0","request_id":"445357a03871f258f66d9e6d55ab7616","user_id":1} {"correlation_id":"aede5a90-30a7-47b3-95a9-e5ead32c84af"}
[2026-09-08 10:53:03] testing.INFO: bet_purchase.api.success {"correlation_id":"8d7fc909-f1aa-4597-8fe9-717c91e33c63","outcome":"replayed","bet_id":1,"bet_number":"BT-20260908-7E7A033B65C3","ticket_id":1,"draw_id":1,"currency":"THB","stake":"10.00","client_key":"api-148de9c5a7a44d19e56cd9ae1a554bf67847afb0","request_id":"c6334a50c16f57f184cb8b18670d88ef","user_id":1} {"correlation_id":"8d7fc909-f1aa-4597-8fe9-717c91e33c63"}
[2026-09-08 10:53:03] testing.INFO: bet_purchase.api.success {"correlation_id":"a109f9da-3c82-4715-bfdc-61a64ed966fa","outcome":"purchased","bet_id":1,"bet_number":"BT-20260908-77DFECC7C454","ticket_id":1,"draw_id":1,"currency":"THB","stake":"10.00","client_key":"api-8e35c2cd3bf6641bdb0e2050b76932cbb2e6034a","request_id":"02748d897268e25855036aee29e78528","user_id":1} {"correlation_id":"a109f9da-3c82-4715-bfdc-61a64ed966fa"}
[2026-09-08 10:53:03] testing.INFO: bet_purchase.api.refused {"correlation_id":"da16d48d-d633-43d9-937d-220eba780cae","outcome":"refused","error_code":"idempotency_payload_mismatch","http_status":409,"exception":"App\\Exceptions\\BetPurchaseIdempotencyException","client_key":"api-8e35c2cd3bf6641bdb0e2050b76932cbb2e6034a","request_id":"f2bbcae6a6ab03317a363da74498f544","user_id":1} {"correlation_id":"da16d48d-d633-43d9-937d-220eba780cae"}
[2026-09-08 10:53:03] testing.INFO: bet_purchase.api.success {"correlation_id":"dc311686-628b-4426-8c08-cf04887737f9","outcome":"purchased","bet_id":1,"bet_number":"BT-20260908-2A63C8C32215","ticket_id":1,"draw_id":1,"currency":"THB","stake":"10.00","client_key":"api-454349e422f05297191ead13e21d3db520e5abef","request_id":"faaa18a846deda70b9fef2d356e0af4e","user_id":1} {"correlation_id":"dc311686-628b-4426-8c08-cf04887737f9"}
[2026-09-08 10:53:04] testing.INFO: bet_purchase.api.success {"correlation_id":"02ae2b0b-a784-42a5-af38-156e07536763","outcome":"purchased","bet_id":2,"bet_number":"BT-20260908-1DCACB2F417C","ticket_id":2,"draw_id":2,"currency":"THB","stake":"10.00","client_key":"api-454349e422f05297191ead13e21d3db520e5abef","request_id":"41893f493d90f5df416a7beceb9ed0fd","user_id":2} {"correlation_id":"02ae2b0b-a784-42a5-af38-156e07536763"}
[2026-09-08 10:53:04] testing.INFO: bet_purchase.api.success {"correlation_id":"e95a14ee-9424-40da-9449-e1a7640a40b2","outcome":"purchased","bet_id":1,"bet_number":"BT-20260908-9ABB46478CAD","ticket_id":1,"draw_id":1,"currency":"THB","stake":"10.00","client_key":"api-043a718774c572bd8a25adbeb1bfcd5c0256ae11","request_id":"e811cf13ec44ee4703b12d5dad6d4f7d","user_id":1} {"correlation_id":"e95a14ee-9424-40da-9449-e1a7640a40b2"}
[2026-09-08 10:53:04] testing.INFO: bet_purchase.api.success {"correlation_id":"949a348e-955b-49cc-993c-69e60752374e","outcome":"purchased","bet_id":2,"bet_number":"BT-20260908-0314F6B6081B","ticket_id":2,"draw_id":2,"currency":"THB","stake":"10.00","client_key":"api-043a718774c572bd8a25adbeb1bfcd5c0256ae11","request_id":"4b4a4c6bce69d59d02eb9556b9281dee","user_id":1} {"correlation_id":"949a348e-955b-49cc-993c-69e60752374e"}
[2026-09-08 10:53:04] testing.INFO: bet_purchase.api.success {"correlation_id":"1317a7cd-e4cd-460b-a991-17b9b01151c0","outcome":"purchased","bet_id":1,"bet_number":"BT-20260908-B9707B605F82","ticket_id":1,"draw_id":1,"currency":"THB","stake":"10.00","client_key":"api-e3b98a4da31a127d4bde6e43033f66ba274cab0e","request_id":"67b0e566b30d2b9e31f98773e4b4e955","user_id":1} {"correlation_id":"1317a7cd-e4cd-460b-a991-17b9b01151c0"}
[2026-09-08 10:53:04] testing.INFO: bet_purchase.api.success {"correlation_id":"bf392699-7509-45dd-abcf-91672b63300a","outcome":"purchased","bet_id":1,"bet_number":"BT-20260908-7576498B1A0B","ticket_id":1,"draw_id":1,"currency":"THB","stake":"10.00","client_key":"api-2d711642b726b04401627ca9fbac32f5c8530fb1","request_id":"d5451fda7c816752086d5882840638b9","user_id":1} {"correlation_id":"bf392699-7509-45dd-abcf-91672b63300a"}
[2026-09-08 10:53:04] testing.INFO: bet_purchase.api.success {"correlation_id":"6b7693b5-fe32-47fb-857d-c3ee60f7e9f2","outcome":"purchased","bet_id":1,"bet_number":"BT-20260908-F9EC14F1CDE6","ticket_id":1,"draw_id":1,"currency":"THB","stake":"10.00","client_key":"api-a1fce4363854ff888cff4b8e7875d600c2682390","request_id":"a20d6969b2a5e79e351cfbf8bafaf91f","user_id":1} {"correlation_id":"6b7693b5-fe32-47fb-857d-c3ee60f7e9f2"}
[2026-09-08 10:53:04] testing.INFO: bet_purchase.api.success {"correlation_id":"45fa07f4-8b24-495a-aa42-8b0abc035b41","outcome":"purchased","bet_id":1,"bet_number":"BT-20260908-A4D75CE1AF00","ticket_id":1,"draw_id":1,"currency":"THB","stake":"10.00","client_key":"api-fb8e20fc2e4c3f248c60c39bd652f3c1347298bb","request_id":"33985ae2bc7c413288ad750727fb7d8b","user_id":1} {"correlation_id":"45fa07f4-8b24-495a-aa42-8b0abc035b41"}
[2026-09-08 10:53:04] testing.INFO: bet_purchase.api.success {"correlation_id":"68c3511e-f2ba-4334-a2dc-6f8933b5df30","outcome":"purchased","bet_id":1,"bet_number":"BT-20260908-05E8ED37A01C","ticket_id":1,"draw_id":1,"currency":"THB","stake":"10.00","client_key":"api-f45de51cdef30991551e41e882dd7b5404799648","request_id":"c4103cab227f37651fc036c3a90eed61","user_id":1} {"correlation_id":"68c3511e-f2ba-4334-a2dc-6f8933b5df30"}
[2026-09-08 10:53:04] testing.INFO: bet_purchase.api.success {"correlation_id":"84bbde5f-3833-4e1c-951a-a4a37e664b8b","outcome":"purchased","bet_id":1,"bet_number":"BT-20260908-BD1236789757","ticket_id":1,"draw_id":1,"currency":"THB","stake":"10.00","client_key":"api-b0136a3f0a0fae4b4cbb261ae65b245326d69f8a","request_id":"fdd74e3b1868dd300f086b94c2cf55f2","user_id":1} {"correlation_id":"84bbde5f-3833-4e1c-951a-a4a37e664b8b"}
[2026-09-08 10:53:04] testing.INFO: bet_purchase.api.success {"correlation_id":"d602ba34-46c1-4ded-8383-c24c88d84ac9","outcome":"purchased","bet_id":1,"bet_number":"BT-20260908-0CD5B6884259","ticket_id":1,"draw_id":1,"currency":"THB","stake":"10.00","client_key":"api-e5a94045f98e84810bb71edd3ba885463406b087","request_id":"c1a4fd2ce838572da60ffcf05b1a35c5","user_id":1} {"correlation_id":"d602ba34-46c1-4ded-8383-c24c88d84ac9"}
[2026-09-08 10:53:04] testing.INFO: bet_purchase.api.success {"correlation_id":"7f674bd4-84a3-4dc9-959f-c07ea99c281b","outcome":"purchased","bet_id":1,"bet_number":"BT-20260908-298F091715A7","ticket_id":1,"draw_id":1,"currency":"THB","stake":"10.00","client_key":"api-b797c8d26a988c97a38d4458172406dc19ab0012","request_id":"b4a8278b2453e04f71efd178b9f20871","user_id":1} {"correlation_id":"7f674bd4-84a3-4dc9-959f-c07ea99c281b"}
[2026-09-08 10:53:05] testing.INFO: bet_purchase.api.success {"correlation_id":"6416a44b-cd5a-41cd-9753-7c61a32f70ae","outcome":"purchased","bet_id":1,"bet_number":"BT-20260908-D62FCDDE474F","ticket_id":1,"draw_id":1,"currency":"THB","stake":"10.00","client_key":"api-70ba33708cbfb103f1a8e34afef333ba7dc02102","request_id":"771061bb297454716697acc45ecb0987","user_id":1} {"correlation_id":"6416a44b-cd5a-41cd-9753-7c61a32f70ae"}
[2026-09-08 10:53:05] testing.INFO: bet_purchase.api.success {"correlation_id":"cc5c31aa-e774-4043-9886-3a97dbacb99b","outcome":"purchased","bet_id":1,"bet_number":"BT-20260908-A1B8C19B5D37","ticket_id":1,"draw_id":1,"currency":"THB","stake":"10.00","client_key":"api-f9a00f43e97e3966bb846e76b6795e11512c3bbf","request_id":"6973fcb66430793102be65073dec01d2","user_id":1} {"correlation_id":"cc5c31aa-e774-4043-9886-3a97dbacb99b"}
[2026-09-08 10:53:05] testing.INFO: bet_purchase.api.success {"correlation_id":"fed2bf09-c68a-4b8d-b0d4-0d7c5aa553f9","outcome":"purchased","bet_id":1,"bet_number":"BT-20260908-DCB422CFD8B5","ticket_id":1,"draw_id":1,"currency":"THB","stake":"10.00","client_key":"api-503126878d17fcd6bde7df320ff6eb7c278a1c42","request_id":"42fbe551159bb8af9f5e91399634f112","user_id":1} {"correlation_id":"fed2bf09-c68a-4b8d-b0d4-0d7c5aa553f9"}
[2026-09-08 10:53:05] testing.INFO: bet_purchase.api.success {"correlation_id":"899428b9-089c-4d21-82df-6256a7f5f15e","outcome":"purchased","bet_id":1,"bet_number":"BT-20260908-A5B545686BF3","ticket_id":1,"draw_id":1,"currency":"THB","stake":"10.00","client_key":"api-9aaf680776b98fd17fe63376120525cbcdffc01b","request_id":"765ee38d5a0fe338356f42dacaab00f4","user_id":1} {"correlation_id":"899428b9-089c-4d21-82df-6256a7f5f15e"}
[2026-09-08 10:53:05] testing.INFO: bet_purchase.api.success {"correlation_id":"5f9f5467-72cc-4f0e-9169-f77df2a46a77","outcome":"purchased","bet_id":1,"bet_number":"BT-20260908-A6F673C240AD","ticket_id":1,"draw_id":1,"currency":"THB","stake":"10.55","client_key":"api-70a0d5198ebb88f97a2cc83a236a8afcc28c7d9e","request_id":"6412eec932090a9d9ad224120eb6bb0d","user_id":1} {"correlation_id":"5f9f5467-72cc-4f0e-9169-f77df2a46a77"}
[2026-09-08 10:53:05] testing.INFO: bet_purchase.api.success {"correlation_id":"6b37855a-e7c0-454e-9a45-3543e56b8fc0","outcome":"purchased","bet_id":1,"bet_number":"BT-20260908-D695108C1934","ticket_id":1,"draw_id":1,"currency":"THB","stake":"10.00","client_key":"api-32e83e92d45d71f69dcf9d214688f03755421086","request_id":"b42b7773eb14a7f3f4ff059765b5e932","user_id":1} {"correlation_id":"6b37855a-e7c0-454e-9a45-3543e56b8fc0"}
[2026-09-08 10:53:05] testing.INFO: bet_purchase.api.success {"correlation_id":"4c66ffe5-3cd3-48e4-bdb3-2675c9b17dcf","outcome":"purchased","bet_id":1,"bet_number":"BT-20260908-13A82A5DA56A","ticket_id":1,"draw_id":1,"currency":"THB","stake":"10.00","client_key":"api-7d29d73105d636d04ca9fffcf979986d373ac874","request_id":"caa6c44a6cca632af36fe48bb5bfa0c2","user_id":1} {"correlation_id":"4c66ffe5-3cd3-48e4-bdb3-2675c9b17dcf"}
[2026-09-08 10:53:05] testing.INFO: bet_purchase.api.success {"correlation_id":"1af5c92a-c4fb-47d1-9560-538a552459cf","outcome":"purchased","bet_id":1,"bet_number":"BT-20260908-A964B9C1C53C","ticket_id":1,"draw_id":2,"currency":"THB","stake":"10.00","client_key":"api-6fdb16bc02366c008d809798cb3faae1efba55a5","request_id":"407b831ec8d92c46485ff6f901f999c0","user_id":2} {"correlation_id":"1af5c92a-c4fb-47d1-9560-538a552459cf"}
[2026-09-08 10:53:05] testing.ERROR: SQLSTATE[42S02]: Base table or view not found: 1146 Table "thai_lottery.wallets" doesn't exist (Connection: mysql, SQL: select * from `wallets` where `id` = 1) in /var/www/app/Services/Finance/WalletService.php:118 {"correlation_id":"5e905e88-602a-49c3-af73-1f08955c0fbd","exception":"[object] (RuntimeException(code: 0): SQLSTATE[42S02]: Base table or view not found: 1146 Table \"thai_lottery.wallets\" doesn't exist (Connection: mysql, SQL: select * from `wallets` where `id` = 1) in /var/www/app/Services/Finance/WalletService.php:118 at /home/user/tests/Feature/Api/V1/BetPurchaseApiTest.php:993)
[stacktrace]
#0 /home/user/vendor/laravel/framework/src/Illuminate/Routing/CallableDispatcher.php(40): Tests\\Feature\\Api\\V1\\BetPurchaseApiTest->{closure:Tests\\Feature\\Api\\V1\\BetPurchaseApiTest::am_an_unexpected_failure_never_exposes_a_stack_trace_or_internals():990}()
#1 /home/user/vendor/laravel/framework/src/Illuminate/Routing/Route.php(244): Illuminate\\Routing\\CallableDispatcher->dispatch()
#2 /home/user/vendor/laravel/framework/src/Illuminate/Routing/Route.php(215): Illuminate\\Routing\\Route->runCallable()
#3 /home/user/vendor/laravel/framework/src/Illuminate/Routing/Router.php(808): Illuminate\\Routing\\Route->run()
#4 /home/user/vendor/laravel/framework/src/Illuminate/Pipeline/Pipeline.php(170): Illuminate\\Routing\\Router->{closure:Illuminate\\Routing\\Router::runRouteWithinStack():807}()
#5 /home/user/vendor/laravel/framework/src/Illuminate/Routing/Middleware/SubstituteBindings.php(51): Illuminate\\Pipeline\\Pipeline->{closure:Illuminate\\Pipeline\\Pipeline::prepareDestination():168}()
#6 /home/user/vendor/laravel/framework/src/Illuminate/Pipeline/Pipeline.php(209): Illuminate\\Routing\\Middleware\\SubstituteBindings->handle()
#7 /home/user/vendor/laravel/framework/src/Illuminate/Pipeline/Pipeline.php(127): Illuminate\\Pipeline\\Pipeline->{closure:{closure:Illuminate\\Pipeline\\Pipeline::carry():184}:185}()
#8 /home/user/vendor/laravel/framework/src/Illuminate/Routing/Router.php(807): Illuminate\\Pipeline\\Pipeline->then()
#9 /home/user/vendor/laravel/framework/src/Illuminate/Routing/Router.php(786): Illuminate\\Routing\\Router->runRouteWithinStack()
#10 /home/user/vendor/laravel/framework/src/Illuminate/Routing/Router.php(750): Illuminate\\Routing\\Router->runRoute()
#11 /home/user/vendor/laravel/framework/src/Illuminate/Routing/Router.php(739): Illuminate\\Routing\\Router->dispatchToRoute()
#12 /home/user/vendor/laravel/framework/src/Illuminate/Foundation/Http/Kernel.php(201): Illuminate\\Routing\\Router->dispatch()
#13 /home/user/vendor/laravel/framework/src/Illuminate/Pipeline/Pipeline.php(170): Illuminate\\Foundation\\Http\\Kernel->{closure:Illuminate\\Foundation\\Http\\Kernel::dispatchToRouter():198}()
#14 /home/user/vendor/livewire/livewire/src/Features/SupportDisablingBackButtonCache/DisableBackButtonCacheMiddleware.php(19): Illuminate\\Pipeline\\Pipeline->{closure:Illuminate\\Pipeline\\Pipeline::prepareDestination():168}()
#15 /home/user/vendor/laravel/framework/src/Illuminate/Pipeline/Pipeline.php(209): Livewire\\Features\\SupportDisablingBackButtonCache\\DisableBackButtonCacheMiddleware->handle()
#16 /home/user/app/Http/Middleware/SecurityHeaders.php(13): Illuminate\\Pipeline\\Pipeline->{closure:{closure:Illuminate\\Pipeline\\Pipeline::carry():184}:185}()
#17 /home/user/vendor/laravel/framework/src/Illuminate/Pipeline/Pipeline.php(209): App\\Http\\Middleware\\SecurityHeaders->handle()
#18 /home/user/app/Http/Middleware/CorrelationIdMiddleware.php(35): Illuminate\\Pipeline\\Pipeline->{closure:{closure:Illuminate\\Pipeline\\Pipeline::carry():184}:185}()
#19 /home/user/vendor/laravel/framework/src/Illuminate/Pipeline/Pipeline.php(209): App\\Http\\Middleware\\CorrelationIdMiddleware->handle()
#20 /home/user/vendor/laravel/framework/src/Illuminate/Foundation/Http/Middleware/TransformsRequest.php(21): Illuminate\\Pipeline\\Pipeline->{closure:{closure:Illuminate\\Pipeline\\Pipeline::carry():184}:185}()
#21 /home/user/vendor/laravel/framework/src/Illuminate/Foundation/Http/Middleware/ConvertEmptyStringsToNull.php(31): Illuminate\\Foundation\\Http\\Middleware\\TransformsRequest->handle()
#22 /home/user/vendor/laravel/framework/src/Illuminate/Pipeline/Pipeline.php(209): Illuminate\\Foundation\\Http\\Middleware\\ConvertEmptyStringsToNull->handle()
#23 /home/user/vendor/laravel/framework/src/Illuminate/Foundation/Http/Middleware/TransformsRequest.php(21): Illuminate\\Pipeline\\Pipeline->{closure:{closure:Illuminate\\Pipeline\\Pipeline::carry():184}:185}()
#24 /home/user/vendor/laravel/framework/src/Illuminate/Foundation/Http/Middleware/TrimStrings.php(51): Illuminate\\Foundation\\Http\\Middleware\\TransformsRequest->handle()
#25 /home/user/vendor/laravel/framework/src/Illuminate/Pipeline/Pipeline.php(209): Illuminate\\Foundation\\Http\\Middleware\\TrimStrings->handle()
#26 /home/user/vendor/laravel/framework/src/Illuminate/Http/Middleware/ValidatePostSize.php(27): Illuminate\\Pipeline\\Pipeline->{closure:{closure:Illuminate\\Pipeline\\Pipeline::carry():184}:185}()
#27 /home/user/vendor/laravel/framework/src/Illuminate/Pipeline/Pipeline.php(209): Illuminate\\Http\\Middleware\\ValidatePostSize->handle()
#28 /home/user/vendor/laravel/framework/src/Illuminate/Foundation/Http/Middleware/PreventRequestsDuringMaintenance.php(110): Illuminate\\Pipeline\\Pipeline->{closure:{closure:Illuminate\\Pipeline\\Pipeline::carry():184}:185}()
#29 /home/user/vendor/laravel/framework/src/Illuminate/Pipeline/Pipeline.php(209): Illuminate\\Foundation\\Http\\Middleware\\PreventRequestsDuringMaintenance->handle()
#30 /home/user/vendor/laravel/framework/src/Illuminate/Http/Middleware/HandleCors.php(62): Illuminate\\Pipeline\\Pipeline->{closure:{closure:Illuminate\\Pipeline\\Pipeline::carry():184}:185}()
#31 /home/user/vendor/laravel/framework/src/Illuminate/Pipeline/Pipeline.php(209): Illuminate\\Http\\Middleware\\HandleCors->handle()
#32 /home/user/vendor/laravel/framework/src/Illuminate/Http/Middleware/TrustProxies.php(58): Illuminate\\Pipeline\\Pipeline->{closure:{closure:Illuminate\\Pipeline\\Pipeline::carry():184}:185}()
#33 /home/user/vendor/laravel/framework/src/Illuminate/Pipeline/Pipeline.php(209): Illuminate\\Http\\Middleware\\TrustProxies->handle()
#34 /home/user/vendor/laravel/framework/src/Illuminate/Foundation/Http/Middleware/InvokeDeferredCallbacks.php(22): Illuminate\\Pipeline\\Pipeline->{closure:{closure:Illuminate\\Pipeline\\Pipeline::carry():184}:185}()
#35 /home/user/vendor/laravel/framework/src/Illuminate/Pipeline/Pipeline.php(209): Illuminate\\Foundation\\Http\\Middleware\\InvokeDeferredCallbacks->handle()
#36 /home/user/vendor/laravel/framework/src/Illuminate/Pipeline/Pipeline.php(127): Illuminate\\Pipeline\\Pipeline->{closure:{closure:Illuminate\\Pipeline\\Pipeline::carry():184}:185}()
#37 /home/user/vendor/laravel/framework/src/Illuminate/Foundation/Http/Kernel.php(176): Illuminate\\Pipeline\\Pipeline->then()
#38 /home/user/vendor/laravel/framework/src/Illuminate/Foundation/Http/Kernel.php(145): Illuminate\\Foundation\\Http\\Kernel->sendRequestThroughRouter()
#39 /home/user/vendor/laravel/framework/src/Illuminate/Foundation/Testing/Concerns/MakesHttpRequests.php(607): Illuminate\\Foundation\\Http\\Kernel->handle()
#40 /home/user/vendor/laravel/framework/src/Illuminate/Foundation/Testing/Concerns/MakesHttpRequests.php(573): Illuminate\\Foundation\\Testing\\TestCase->call()
#41 /home/user/vendor/laravel/framework/src/Illuminate/Foundation/Testing/Concerns/MakesHttpRequests.php(381): Illuminate\\Foundation\\Testing\\TestCase->json()
#42 /home/user/tests/Feature/Api/V1/BetPurchaseApiTest.php(1001): Illuminate\\Foundation\\Testing\\TestCase->getJson()
#43 /home/user/vendor/phpunit/phpunit/src/Framework/TestCase.php(1667): Tests\\Feature\\Api\\V1\\BetPurchaseApiTest->am_an_unexpected_failure_never_exposes_a_stack_trace_or_internals()
#44 /home/user/vendor/phpunit/phpunit/src/Framework/TestCase.php(519): PHPUnit\\Framework\\TestCase->runTest()
#45 /home/user/vendor/phpunit/phpunit/src/Framework/TestRunner/TestRunner.php(87): PHPUnit\\Framework\\TestCase->runBare()
#46 /home/user/vendor/phpunit/phpunit/src/Framework/TestCase.php(365): PHPUnit\\Framework\\TestRunner->run()
#47 /home/user/vendor/phpunit/phpunit/src/Framework/TestSuite.php(369): PHPUnit\\Framework\\TestCase->run()
#48 /home/user/vendor/phpunit/phpunit/src/Framework/TestSuite.php(369): PHPUnit\\Framework\\TestSuite->run()
#49 /home/user/vendor/phpunit/phpunit/src/Framework/TestSuite.php(369): PHPUnit\\Framework\\TestSuite->run()
#50 /home/user/vendor/phpunit/phpunit/src/TextUI/TestRunner.php(64): PHPUnit\\Framework\\TestSuite->run()
#51 /home/user/vendor/phpunit/phpunit/src/TextUI/Application.php(211): PHPUnit\\TextUI\\TestRunner->run()
#52 /home/user/vendor/phpunit/phpunit/phpunit(104): PHPUnit\\TextUI\\Application->run()
#53 {main}
"} {"correlation_id":"5e905e88-602a-49c3-af73-1f08955c0fbd"}
[2026-09-08 10:53:05] testing.ERROR: api.unhandled_exception {"correlation_id":"5e905e88-602a-49c3-af73-1f08955c0fbd","exception":"[object] (RuntimeException(code: 0): SQLSTATE[42S02]: Base table or view not found: 1146 Table \"thai_lottery.wallets\" doesn't exist (Connection: mysql, SQL: select * from `wallets` where `id` = 1) in /var/www/app/Services/Finance/WalletService.php:118 at /home/user/tests/Feature/Api/V1/BetPurchaseApiTest.php:993)
[stacktrace]
#0 /home/user/vendor/laravel/framework/src/Illuminate/Routing/CallableDispatcher.php(40): Tests\\Feature\\Api\\V1\\BetPurchaseApiTest->{closure:Tests\\Feature\\Api\\V1\\BetPurchaseApiTest::am_an_unexpected_failure_never_exposes_a_stack_trace_or_internals():990}()
#1 /home/user/vendor/laravel/framework/src/Illuminate/Routing/Route.php(244): Illuminate\\Routing\\CallableDispatcher->dispatch()
#2 /home/user/vendor/laravel/framework/src/Illuminate/Routing/Route.php(215): Illuminate\\Routing\\Route->runCallable()
#3 /home/user/vendor/laravel/framework/src/Illuminate/Routing/Router.php(808): Illuminate\\Routing\\Route->run()
#4 /home/user/vendor/laravel/framework/src/Illuminate/Pipeline/Pipeline.php(170): Illuminate\\Routing\\Router->{closure:Illuminate\\Routing\\Router::runRouteWithinStack():807}()
#5 /home/user/vendor/laravel/framework/src/Illuminate/Routing/Middleware/SubstituteBindings.php(51): Illuminate\\Pipeline\\Pipeline->{closure:Illuminate\\Pipeline\\Pipeline::prepareDestination():168}()
#6 /home/user/vendor/laravel/framework/src/Illuminate/Pipeline/Pipeline.php(209): Illuminate\\Routing\\Middleware\\SubstituteBindings->handle()
#7 /home/user/vendor/laravel/framework/src/Illuminate/Pipeline/Pipeline.php(127): Illuminate\\Pipeline\\Pipeline->{closure:{closure:Illuminate\\Pipeline\\Pipeline::carry():184}:185}()
#8 /home/user/vendor/laravel/framework/src/Illuminate/Routing/Router.php(807): Illuminate\\Pipeline\\Pipeline->then()
#9 /home/user/vendor/laravel/framework/src/Illuminate/Routing/Router.php(786): Illuminate\\Routing\\Router->runRouteWithinStack()
#10 /home/user/vendor/laravel/framework/src/Illuminate/Routing/Router.php(750): Illuminate\\Routing\\Router->runRoute()
#11 /home/user/vendor/laravel/framework/src/Illuminate/Routing/Router.php(739): Illuminate\\Routing\\Router->dispatchToRoute()
#12 /home/user/vendor/laravel/framework/src/Illuminate/Foundation/Http/Kernel.php(201): Illuminate\\Routing\\Router->dispatch()
#13 /home/user/vendor/laravel/framework/src/Illuminate/Pipeline/Pipeline.php(170): Illuminate\\Foundation\\Http\\Kernel->{closure:Illuminate\\Foundation\\Http\\Kernel::dispatchToRouter():198}()
#14 /home/user/vendor/livewire/livewire/src/Features/SupportDisablingBackButtonCache/DisableBackButtonCacheMiddleware.php(19): Illuminate\\Pipeline\\Pipeline->{closure:Illuminate\\Pipeline\\Pipeline::prepareDestination():168}()
#15 /home/user/vendor/laravel/framework/src/Illuminate/Pipeline/Pipeline.php(209): Livewire\\Features\\SupportDisablingBackButtonCache\\DisableBackButtonCacheMiddleware->handle()
#16 /home/user/app/Http/Middleware/SecurityHeaders.php(13): Illuminate\\Pipeline\\Pipeline->{closure:{closure:Illuminate\\Pipeline\\Pipeline::carry():184}:185}()
#17 /home/user/vendor/laravel/framework/src/Illuminate/Pipeline/Pipeline.php(209): App\\Http\\Middleware\\SecurityHeaders->handle()
#18 /home/user/app/Http/Middleware/CorrelationIdMiddleware.php(35): Illuminate\\Pipeline\\Pipeline->{closure:{closure:Illuminate\\Pipeline\\Pipeline::carry():184}:185}()
#19 /home/user/vendor/laravel/framework/src/Illuminate/Pipeline/Pipeline.php(209): App\\Http\\Middleware\\CorrelationIdMiddleware->handle()
#20 /home/user/vendor/laravel/framework/src/Illuminate/Foundation/Http/Middleware/TransformsRequest.php(21): Illuminate\\Pipeline\\Pipeline->{closure:{closure:Illuminate\\Pipeline\\Pipeline::carry():184}:185}()
#21 /home/user/vendor/laravel/framework/src/Illuminate/Foundation/Http/Middleware/ConvertEmptyStringsToNull.php(31): Illuminate\\Foundation\\Http\\Middleware\\TransformsRequest->handle()
#22 /home/user/vendor/laravel/framework/src/Illuminate/Pipeline/Pipeline.php(209): Illuminate\\Foundation\\Http\\Middleware\\ConvertEmptyStringsToNull->handle()
#23 /home/user/vendor/laravel/framework/src/Illuminate/Foundation/Http/Middleware/TransformsRequest.php(21): Illuminate\\Pipeline\\Pipeline->{closure:{closure:Illuminate\\Pipeline\\Pipeline::carry():184}:185}()
#24 /home/user/vendor/laravel/framework/src/Illuminate/Foundation/Http/Middleware/TrimStrings.php(51): Illuminate\\Foundation\\Http\\Middleware\\TransformsRequest->handle()
#25 /home/user/vendor/laravel/framework/src/Illuminate/Pipeline/Pipeline.php(209): Illuminate\\Foundation\\Http\\Middleware\\TrimStrings->handle()
#26 /home/user/vendor/laravel/framework/src/Illuminate/Http/Middleware/ValidatePostSize.php(27): Illuminate\\Pipeline\\Pipeline->{closure:{closure:Illuminate\\Pipeline\\Pipeline::carry():184}:185}()
#27 /home/user/vendor/laravel/framework/src/Illuminate/Pipeline/Pipeline.php(209): Illuminate\\Http\\Middleware\\ValidatePostSize->handle()
#28 /home/user/vendor/laravel/framework/src/Illuminate/Foundation/Http/Middleware/PreventRequestsDuringMaintenance.php(110): Illuminate\\Pipeline\\Pipeline->{closure:{closure:Illuminate\\Pipeline\\Pipeline::carry():184}:185}()
#29 /home/user/vendor/laravel/framework/src/Illuminate/Pipeline/Pipeline.php(209): Illuminate\\Foundation\\Http\\Middleware\\PreventRequestsDuringMaintenance->handle()
#30 /home/user/vendor/laravel/framework/src/Illuminate/Http/Middleware/HandleCors.php(62): Illuminate\\Pipeline\\Pipeline->{closure:{closure:Illuminate\\Pipeline\\Pipeline::carry():184}:185}()
#31 /home/user/vendor/laravel/framework/src/Illuminate/Pipeline/Pipeline.php(209): Illuminate\\Http\\Middleware\\HandleCors->handle()
#32 /home/user/vendor/laravel/framework/src/Illuminate/Http/Middleware/TrustProxies.php(58): Illuminate\\Pipeline\\Pipeline->{closure:{closure:Illuminate\\Pipeline\\Pipeline::carry():184}:185}()
#33 /home/user/vendor/laravel/framework/src/Illuminate/Pipeline/Pipeline.php(209): Illuminate\\Http\\Middleware\\TrustProxies->handle()
#34 /home/user/vendor/laravel/framework/src/Illuminate/Foundation/Http/Middleware/InvokeDeferredCallbacks.php(22): Illuminate\\Pipeline\\Pipeline->{closure:{closure:Illuminate\\Pipeline\\Pipeline::carry():184}:185}()
#35 /home/user/vendor/laravel/framework/src/Illuminate/Pipeline/Pipeline.php(209): Illuminate\\Foundation\\Http\\Middleware\\InvokeDeferredCallbacks->handle()
#36 /home/user/vendor/laravel/framework/src/Illuminate/Pipeline/Pipeline.php(127): Illuminate\\Pipeline\\Pipeline->{closure:{closure:Illuminate\\Pipeline\\Pipeline::carry():184}:185}()
#37 /home/user/vendor/laravel/framework/src/Illuminate/Foundation/Http/Kernel.php(176): Illuminate\\Pipeline\\Pipeline->then()
#38 /home/user/vendor/laravel/framework/src/Illuminate/Foundation/Http/Kernel.php(145): Illuminate\\Foundation\\Http\\Kernel->sendRequestThroughRouter()
#39 /home/user/vendor/laravel/framework/src/Illuminate/Foundation/Testing/Concerns/MakesHttpRequests.php(607): Illuminate\\Foundation\\Http\\Kernel->handle()
#40 /home/user/vendor/laravel/framework/src/Illuminate/Foundation/Testing/Concerns/MakesHttpRequests.php(573): Illuminate\\Foundation\\Testing\\TestCase->call()
#41 /home/user/vendor/laravel/framework/src/Illuminate/Foundation/Testing/Concerns/MakesHttpRequests.php(381): Illuminate\\Foundation\\Testing\\TestCase->json()
#42 /home/user/tests/Feature/Api/V1/BetPurchaseApiTest.php(1001): Illuminate\\Foundation\\Testing\\TestCase->getJson()
#43 /home/user/vendor/phpunit/phpunit/src/Framework/TestCase.php(1667): Tests\\Feature\\Api\\V1\\BetPurchaseApiTest->am_an_unexpected_failure_never_exposes_a_stack_trace_or_internals()
#44 /home/user/vendor/phpunit/phpunit/src/Framework/TestCase.php(519): PHPUnit\\Framework\\TestCase->runTest()
#45 /home/user/vendor/phpunit/phpunit/src/Framework/TestRunner/TestRunner.php(87): PHPUnit\\Framework\\TestCase->runBare()
#46 /home/user/vendor/phpunit/phpunit/src/Framework/TestCase.php(365): PHPUnit\\Framework\\TestRunner->run()
#47 /home/user/vendor/phpunit/phpunit/src/Framework/TestSuite.php(369): PHPUnit\\Framework\\TestCase->run()
#48 /home/user/vendor/phpunit/phpunit/src/Framework/TestSuite.php(369): PHPUnit\\Framework\\TestSuite->run()
#49 /home/user/vendor/phpunit/phpunit/src/Framework/TestSuite.php(369): PHPUnit\\Framework\\TestSuite->run()
#50 /home/user/vendor/phpunit/phpunit/src/TextUI/TestRunner.php(64): PHPUnit\\Framework\\TestSuite->run()
#51 /home/user/vendor/phpunit/phpunit/src/TextUI/Application.php(211): PHPUnit\\TextUI\\TestRunner->run()
#52 /home/user/vendor/phpunit/phpunit/phpunit(104): PHPUnit\\TextUI\\Application->run()
#53 {main}
","path":"api/v1/__phase44_failure_probe","method":"GET","user_id":null} {"correlation_id":"5e905e88-602a-49c3-af73-1f08955c0fbd"}
[2026-09-08 10:53:07] testing.CRITICAL: Limit Exceeded (Critical Risk) on number 123 [3d] for draw 1. {"risk_alert_type":"limit_exceeded","risk_level":"critical","audit_log_id":1} 
[2026-09-08 10:53:07] testing.CRITICAL: Critical Exposure (Critical Risk) on number 123 [3d] for draw 1. {"risk_alert_type":"critical_exposure","risk_level":"critical","audit_log_id":2} 
[2026-09-08 10:53:09] testing.INFO: lottery.automation.provisioned {"created":3,"existing":0,"horizon_days":40} 
[2026-09-08 10:53:09] testing.INFO: lottery.automation.provisioned {"created":8,"existing":0,"horizon_days":120} 
[2026-09-08 10:53:09] testing.INFO: lottery.automation.provisioned {"created":0,"existing":8,"horizon_days":120} 
[2026-09-08 10:53:09] testing.INFO: lottery.automation.provisioned {"created":3,"existing":0,"horizon_days":40} 
[2026-09-08 10:53:09] testing.INFO: lottery.automation.provisioned {"created":0,"existing":3,"horizon_days":40} 
[2026-09-08 10:53:09] testing.INFO: lottery.automation.run {"command":"lottery:open-draws","activity":"open","processed":1,"failed":0,"skipped":0,"candidates":1} 
[2026-09-08 10:53:09] testing.INFO: lottery.automation.run {"command":"lottery:close-draws","activity":"close","processed":1,"failed":0,"skipped":0,"candidates":1} 
[2026-09-08 10:53:09] testing.INFO: lottery.automation.run {"command":"lottery:close-draws","activity":"close","processed":1,"failed":0,"skipped":0,"candidates":1} 
[2026-09-08 10:53:09] testing.INFO: lottery.automation.run {"command":"lottery:close-draws","activity":"close","processed":1,"failed":0,"skipped":0,"candidates":1} 
[2026-09-08 10:53:09] testing.INFO: lottery.automation.run {"command":"lottery:mark-results-pending","activity":"mark result-pending","processed":1,"failed":0,"skipped":0,"candidates":1} 
[2026-09-08 10:53:09] testing.INFO: lottery.automation.run {"command":"lottery:mark-results-pending","activity":"mark result-pending","processed":1,"failed":0,"skipped":0,"candidates":1} 
[2026-09-08 10:53:09] testing.INFO: lottery.automation.run {"command":"lottery:settle-draws","activity":"settle","processed":1,"failed":0,"skipped":0,"candidates":1} 
[2026-09-08 10:53:09] testing.INFO: lottery.automation.run {"command":"lottery:mark-results-pending","activity":"mark result-pending","processed":1,"failed":0,"skipped":0,"candidates":1} 
[2026-09-08 10:53:09] testing.INFO: lottery.automation.run {"command":"lottery:mark-results-pending","activity":"mark result-pending","processed":1,"failed":0,"skipped":0,"candidates":1} 
[2026-09-08 10:53:09] testing.INFO: lottery.automation.run {"command":"lottery:settle-draws","activity":"settle","processed":1,"failed":0,"skipped":0,"candidates":1} 
[2026-09-08 10:53:09] testing.INFO: lottery.automation.run {"command":"lottery:mark-results-pending","activity":"mark result-pending","processed":1,"failed":0,"skipped":0,"candidates":1} 
[2026-09-08 10:53:09] testing.INFO: lottery.automation.run {"command":"lottery:settle-draws","activity":"settle","processed":1,"failed":0,"skipped":0,"candidates":1} 
[2026-09-08 10:53:09] testing.INFO: lottery.automation.run {"command":"lottery:settle-draws","activity":"settle","processed":1,"failed":0,"skipped":0,"candidates":1} 
[2026-09-08 10:53:09] testing.INFO: lottery.automation.run {"command":"lottery:mark-results-pending","activity":"mark result-pending","processed":1,"failed":0,"skipped":0,"candidates":1} 
[2026-09-08 10:53:09] testing.INFO: lottery.automation.run {"command":"lottery:settle-draws","activity":"settle","processed":1,"failed":0,"skipped":0,"candidates":1} 
[2026-09-08 10:53:09] testing.INFO: lottery.automation.run {"command":"lottery:mark-results-pending","activity":"mark result-pending","processed":1,"failed":0,"skipped":0,"candidates":1} 
[2026-09-08 10:53:09] testing.ERROR: lottery.automation.draw_failed {"command":"lottery:settle-draws","activity":"settle","draw_id":1,"draw_number":"DR-TEST-0015","exception":"[object] (App\\Exceptions\\DrawLifecycleException(code: 0): Draw 1 is in state result_published, which implies a published official result, but no draw_results row exists for it. This is refused rather than repaired. at /home/user/app/Exceptions/DrawLifecycleException.php:252)
[stacktrace]
#0 /home/user/app/Services/Draw/DrawSettlementSimulationService.php(200): App\\Exceptions\\DrawLifecycleException::resultMissing()
#1 /home/user/app/Services/Draw/DrawSettlementSimulationService.php(393): App\\Services\\Draw\\DrawSettlementSimulationService->publishedResultFor()
#2 /home/user/app/Services/Draw/DrawSettlementSimulationService.php(156): App\\Services\\Draw\\DrawSettlementSimulationService->performSettlement()
#3 /home/user/vendor/laravel/framework/src/Illuminate/Database/Concerns/ManagesTransactions.php(32): App\\Services\\Draw\\DrawSettlementSimulationService->{closure:App\\Services\\Draw\\DrawSettlementSimulationService::settle():145}()
#4 /home/user/vendor/laravel/framework/src/Illuminate/Database/DatabaseManager.php(495): Illuminate\\Database\\Connection->transaction()
#5 /home/user/vendor/laravel/framework/src/Illuminate/Support/Facades/Facade.php(361): Illuminate\\Database\\DatabaseManager->__call()
#6 /home/user/app/Services/Draw/DrawSettlementSimulationService.php(145): Illuminate\\Support\\Facades\\Facade::__callStatic()
#7 /home/user/app/Console/Commands/Lottery/SettleDrawsCommand.php(90): App\\Services\\Draw\\DrawSettlementSimulationService->settle()
#8 /home/user/app/Console/Commands/Lottery/LotteryAutomationCommand.php(155): App\\Console\\Commands\\Lottery\\SettleDrawsCommand->{closure:App\\Console\\Commands\\Lottery\\SettleDrawsCommand::handle():89}()
#9 /home/user/app/Console/Commands/Lottery/SettleDrawsCommand.php(87): App\\Console\\Commands\\Lottery\\LotteryAutomationCommand->eachDueDraw()
#10 /home/user/vendor/laravel/framework/src/Illuminate/Container/BoundMethod.php(36): App\\Console\\Commands\\Lottery\\SettleDrawsCommand->handle()
#11 /home/user/vendor/laravel/framework/src/Illuminate/Container/Util.php(43): Illuminate\\Container\\BoundMethod::{closure:Illuminate\\Container\\BoundMethod::call():35}()
#12 /home/user/vendor/laravel/framework/src/Illuminate/Container/BoundMethod.php(95): Illuminate\\Container\\Util::unwrapIfClosure()
#13 /home/user/vendor/laravel/framework/src/Illuminate/Container/BoundMethod.php(35): Illuminate\\Container\\BoundMethod::callBoundMethod()
#14 /home/user/vendor/laravel/framework/src/Illuminate/Container/Container.php(696): Illuminate\\Container\\BoundMethod::call()
#15 /home/user/vendor/laravel/framework/src/Illuminate/Console/Command.php(213): Illuminate\\Container\\Container->call()
#16 /home/user/vendor/symfony/console/Command/Command.php(341): Illuminate\\Console\\Command->execute()
#17 /home/user/vendor/laravel/framework/src/Illuminate/Console/Command.php(182): Symfony\\Component\\Console\\Command\\Command->run()
#18 /home/user/vendor/symfony/console/Application.php(1094): Illuminate\\Console\\Command->run()
#19 /home/user/vendor/symfony/console/Application.php(356): Symfony\\Component\\Console\\Application->doRunCommand()
#20 /home/user/vendor/symfony/console/Application.php(195): Symfony\\Component\\Console\\Application->doRun()
#21 /home/user/vendor/laravel/framework/src/Illuminate/Console/Application.php(166): Symfony\\Component\\Console\\Application->run()
#22 /home/user/vendor/laravel/framework/src/Illuminate/Foundation/Console/Kernel.php(427): Illuminate\\Console\\Application->call()
#23 /home/user/vendor/laravel/framework/src/Illuminate/Testing/PendingCommand.php(332): Illuminate\\Foundation\\Console\\Kernel->call()
#24 /home/user/vendor/laravel/framework/src/Illuminate/Testing/PendingCommand.php(556): Illuminate\\Testing\\PendingCommand->run()
#25 /home/user/tests/Feature/Console/DrawAutomationTest.php(334): Illuminate\\Testing\\PendingCommand->__destruct()
#26 /home/user/vendor/phpunit/phpunit/src/Framework/TestCase.php(1667): Tests\\Feature\\Console\\DrawAutomationTest->one_bad_draw_does_not_stop_the_batch_and_the_command_still_reports_failure()
#27 /home/user/vendor/phpunit/phpunit/src/Framework/TestCase.php(519): PHPUnit\\Framework\\TestCase->runTest()
#28 /home/user/vendor/phpunit/phpunit/src/Framework/TestRunner/TestRunner.php(87): PHPUnit\\Framework\\TestCase->runBare()
#29 /home/user/vendor/phpunit/phpunit/src/Framework/TestCase.php(365): PHPUnit\\Framework\\TestRunner->run()
#30 /home/user/vendor/phpunit/phpunit/src/Framework/TestSuite.php(369): PHPUnit\\Framework\\TestCase->run()
#31 /home/user/vendor/phpunit/phpunit/src/Framework/TestSuite.php(369): PHPUnit\\Framework\\TestSuite->run()
#32 /home/user/vendor/phpunit/phpunit/src/Framework/TestSuite.php(369): PHPUnit\\Framework\\TestSuite->run()
#33 /home/user/vendor/phpunit/phpunit/src/TextUI/TestRunner.php(64): PHPUnit\\Framework\\TestSuite->run()
#34 /home/user/vendor/phpunit/phpunit/src/TextUI/Application.php(211): PHPUnit\\TextUI\\TestRunner->run()
#35 /home/user/vendor/phpunit/phpunit/phpunit(104): PHPUnit\\TextUI\\Application->run()
#36 {main}
"} 
[2026-09-08 10:53:09] testing.INFO: lottery.automation.run {"command":"lottery:settle-draws","activity":"settle","processed":1,"failed":1,"skipped":0,"candidates":2} 
[2026-09-08 10:53:09] testing.INFO: lottery.tick {"steps":5,"failed_steps":[],"duration_ms":1.0,"dry_run":false} 
[2026-09-08 10:53:09] testing.INFO: lottery.automation.run {"command":"lottery:open-draws","activity":"open","processed":1,"failed":0,"skipped":0,"candidates":1} 
[2026-09-08 10:53:09] testing.INFO: lottery.automation.run {"command":"lottery:close-draws","activity":"close","processed":2,"failed":0,"skipped":0,"candidates":2} 
[2026-09-08 10:53:09] testing.INFO: lottery.automation.provisioned {"created":6,"existing":0,"horizon_days":90} 
[2026-09-08 10:53:09] testing.INFO: lottery.automation.run {"command":"lottery:open-draws","activity":"open","processed":1,"failed":0,"skipped":0,"candidates":1} 
[2026-09-08 10:53:09] testing.INFO: lottery.automation.run {"command":"lottery:close-draws","activity":"close","processed":1,"failed":0,"skipped":0,"candidates":1} 
[2026-09-08 10:53:09] testing.INFO: lottery.automation.run {"command":"lottery:mark-results-pending","activity":"mark result-pending","processed":1,"failed":0,"skipped":0,"candidates":1} 
[2026-09-08 10:53:09] testing.INFO: lottery.tick {"steps":5,"failed_steps":[],"duration_ms":19.0,"dry_run":false} 
[2026-09-08 10:53:09] testing.INFO: lottery.automation.provisioned {"created":6,"existing":0,"horizon_days":90} 
[2026-09-08 10:53:09] testing.INFO: lottery.automation.run {"command":"lottery:open-draws","activity":"open","processed":1,"failed":0,"skipped":0,"candidates":1} 
[2026-09-08 10:53:09] testing.INFO: lottery.automation.run {"command":"lottery:close-draws","activity":"close","processed":1,"failed":0,"skipped":0,"candidates":1} 
[2026-09-08 10:53:09] testing.INFO: lottery.automation.run {"command":"lottery:mark-results-pending","activity":"mark result-pending","processed":1,"failed":0,"skipped":0,"candidates":1} 
[2026-09-08 10:53:09] testing.INFO: lottery.tick {"steps":5,"failed_steps":[],"duration_ms":19.0,"dry_run":false} 
[2026-09-08 10:53:09] testing.INFO: lottery.automation.run {"command":"lottery:mark-results-pending","activity":"mark result-pending","processed":1,"failed":0,"skipped":0,"candidates":1} 
[2026-09-08 10:53:09] testing.INFO: lottery.publication.published {"draw_id":1,"draw_number":"DR-TEST-0025","winning_numbers":6,"operator_command":true} 
[2026-09-08 10:53:09] testing.INFO: lottery.automation.run {"command":"lottery:mark-results-pending","activity":"mark result-pending","processed":1,"failed":0,"skipped":0,"candidates":1} 
[2026-09-08 10:53:09] testing.WARNING: lottery.publication.refused {"draw_id":1,"draw_number":"DR-TEST-0026","exception":"[object] (App\\Exceptions\\DrawResultValidationException(code: 0): The official first prize number must be exactly 6 digits. Received \"12\", which is 2. Leading zeroes count as digits and are never stripped. at /home/user/app/Exceptions/DrawResultValidationException.php:119)
[stacktrace]
#0 /home/user/app/Services/Draw/DrawResultValidator.php(205): App\\Exceptions\\DrawResultValidationException::firstPrizeLength()
#1 /home/user/app/Services/Draw/DrawResultValidator.php(131): App\\Services\\Draw\\DrawResultValidator->validateFirstPrize()
#2 /home/user/app/Services/Draw/DrawResultPublicationService.php(105): App\\Services\\Draw\\DrawResultValidator->validate()
#3 /home/user/app/Console/Commands/Lottery/PublishDrawResultCommand.php(104): App\\Services\\Draw\\DrawResultPublicationService->publish()
#4 /home/user/vendor/laravel/framework/src/Illuminate/Container/BoundMethod.php(36): App\\Console\\Commands\\Lottery\\PublishDrawResultCommand->handle()
#5 /home/user/vendor/laravel/framework/src/Illuminate/Container/Util.php(43): Illuminate\\Container\\BoundMethod::{closure:Illuminate\\Container\\BoundMethod::call():35}()
#6 /home/user/vendor/laravel/framework/src/Illuminate/Container/BoundMethod.php(95): Illuminate\\Container\\Util::unwrapIfClosure()
#7 /home/user/vendor/laravel/framework/src/Illuminate/Container/BoundMethod.php(35): Illuminate\\Container\\BoundMethod::callBoundMethod()
#8 /home/user/vendor/laravel/framework/src/Illuminate/Container/Container.php(696): Illuminate\\Container\\BoundMethod::call()
#9 /home/user/vendor/laravel/framework/src/Illuminate/Console/Command.php(213): Illuminate\\Container\\Container->call()
#10 /home/user/vendor/symfony/console/Command/Command.php(341): Illuminate\\Console\\Command->execute()
#11 /home/user/vendor/laravel/framework/src/Illuminate/Console/Command.php(182): Symfony\\Component\\Console\\Command\\Command->run()
#12 /home/user/vendor/symfony/console/Application.php(1094): Illuminate\\Console\\Command->run()
#13 /home/user/vendor/symfony/console/Application.php(356): Symfony\\Component\\Console\\Application->doRunCommand()
#14 /home/user/vendor/symfony/console/Application.php(195): Symfony\\Component\\Console\\Application->doRun()
#15 /home/user/vendor/laravel/framework/src/Illuminate/Console/Application.php(166): Symfony\\Component\\Console\\Application->run()
#16 /home/user/vendor/laravel/framework/src/Illuminate/Foundation/Console/Kernel.php(427): Illuminate\\Console\\Application->call()
#17 /home/user/vendor/laravel/framework/src/Illuminate/Testing/PendingCommand.php(332): Illuminate\\Foundation\\Console\\Kernel->call()
#18 /home/user/vendor/laravel/framework/src/Illuminate/Testing/PendingCommand.php(556): Illuminate\\Testing\\PendingCommand->run()
#19 /home/user/tests/Feature/Console/DrawAutomationTest.php(443): Illuminate\\Testing\\PendingCommand->__destruct()
#20 /home/user/vendor/phpunit/phpunit/src/Framework/TestCase.php(1667): Tests\\Feature\\Console\\DrawAutomationTest->publication_refuses_numbers_the_validator_rejects_and_writes_nothing()
#21 /home/user/vendor/phpunit/phpunit/src/Framework/TestCase.php(519): PHPUnit\\Framework\\TestCase->runTest()
#22 /home/user/vendor/phpunit/phpunit/src/Framework/TestRunner/TestRunner.php(87): PHPUnit\\Framework\\TestCase->runBare()
#23 /home/user/vendor/phpunit/phpunit/src/Framework/TestCase.php(365): PHPUnit\\Framework\\TestRunner->run()
#24 /home/user/vendor/phpunit/phpunit/src/Framework/TestSuite.php(369): PHPUnit\\Framework\\TestCase->run()
#25 /home/user/vendor/phpunit/phpunit/src/Framework/TestSuite.php(369): PHPUnit\\Framework\\TestSuite->run()
#26 /home/user/vendor/phpunit/phpunit/src/Framework/TestSuite.php(369): PHPUnit\\Framework\\TestSuite->run()
#27 /home/user/vendor/phpunit/phpunit/src/TextUI/TestRunner.php(64): PHPUnit\\Framework\\TestSuite->run()
#28 /home/user/vendor/phpunit/phpunit/src/TextUI/Application.php(211): PHPUnit\\TextUI\\TestRunner->run()
#29 /home/user/vendor/phpunit/phpunit/phpunit(104): PHPUnit\\TextUI\\Application->run()
#30 {main}
"} 
[2026-09-08 10:53:09] testing.WARNING: lottery.publication.refused {"draw_id":1,"draw_number":"DR-TEST-0027","exception":"[object] (App\\Exceptions\\DrawLifecycleException(code: 0): Draw 1 is in state open; an official result may only be published from result_pending. at /home/user/app/Exceptions/DrawLifecycleException.php:191)
[stacktrace]
#0 /home/user/app/Services/Draw/DrawLifecycleService.php(385): App\\Exceptions\\DrawLifecycleException::notPublishable()
#1 /home/user/app/Services/Draw/DrawResultPublicationService.php(110): App\\Services\\Draw\\DrawLifecycleService->assertCanPublishResult()
#2 /home/user/vendor/laravel/framework/src/Illuminate/Database/Concerns/ManagesTransactions.php(32): App\\Services\\Draw\\DrawResultPublicationService->{closure:App\\Services\\Draw\\DrawResultPublicationService::publish():107}()
#3 /home/user/vendor/laravel/framework/src/Illuminate/Database/DatabaseManager.php(495): Illuminate\\Database\\Connection->transaction()
#4 /home/user/vendor/laravel/framework/src/Illuminate/Support/Facades/Facade.php(361): Illuminate\\Database\\DatabaseManager->__call()
#5 /home/user/app/Services/Draw/DrawResultPublicationService.php(139): Illuminate\\Support\\Facades\\Facade::__callStatic()
#6 /home/user/app/Console/Commands/Lottery/PublishDrawResultCommand.php(104): App\\Services\\Draw\\DrawResultPublicationService->publish()
#7 /home/user/vendor/laravel/framework/src/Illuminate/Container/BoundMethod.php(36): App\\Console\\Commands\\Lottery\\PublishDrawResultCommand->handle()
#8 /home/user/vendor/laravel/framework/src/Illuminate/Container/Util.php(43): Illuminate\\Container\\BoundMethod::{closure:Illuminate\\Container\\BoundMethod::call():35}()
#9 /home/user/vendor/laravel/framework/src/Illuminate/Container/BoundMethod.php(95): Illuminate\\Container\\Util::unwrapIfClosure()
#10 /home/user/vendor/laravel/framework/src/Illuminate/Container/BoundMethod.php(35): Illuminate\\Container\\BoundMethod::callBoundMethod()
#11 /home/user/vendor/laravel/framework/src/Illuminate/Container/Container.php(696): Illuminate\\Container\\BoundMethod::call()
#12 /home/user/vendor/laravel/framework/src/Illuminate/Console/Command.php(213): Illuminate\\Container\\Container->call()
#13 /home/user/vendor/symfony/console/Command/Command.php(341): Illuminate\\Console\\Command->execute()
#14 /home/user/vendor/laravel/framework/src/Illuminate/Console/Command.php(182): Symfony\\Component\\Console\\Command\\Command->run()
#15 /home/user/vendor/symfony/console/Application.php(1094): Illuminate\\Console\\Command->run()
#16 /home/user/vendor/symfony/console/Application.php(356): Symfony\\Component\\Console\\Application->doRunCommand()
#17 /home/user/vendor/symfony/console/Application.php(195): Symfony\\Component\\Console\\Application->doRun()
#18 /home/user/vendor/laravel/framework/src/Illuminate/Console/Application.php(166): Symfony\\Component\\Console\\Application->run()
#19 /home/user/vendor/laravel/framework/src/Illuminate/Foundation/Console/Kernel.php(427): Illuminate\\Console\\Application->call()
#20 /home/user/vendor/laravel/framework/src/Illuminate/Testing/PendingCommand.php(332): Illuminate\\Foundation\\Console\\Kernel->call()
#21 /home/user/vendor/laravel/framework/src/Illuminate/Testing/PendingCommand.php(556): Illuminate\\Testing\\PendingCommand->run()
#22 /home/user/tests/Feature/Console/DrawAutomationTest.php(459): Illuminate\\Testing\\PendingCommand->__destruct()
#23 /home/user/vendor/phpunit/phpunit/src/Framework/TestCase.php(1667): Tests\\Feature\\Console\\DrawAutomationTest->publication_is_refused_for_a_draw_that_is_not_awaiting_its_result()
#24 /home/user/vendor/phpunit/phpunit/src/Framework/TestCase.php(519): PHPUnit\\Framework\\TestCase->runTest()
#25 /home/user/vendor/phpunit/phpunit/src/Framework/TestRunner/TestRunner.php(87): PHPUnit\\Framework\\TestCase->runBare()
#26 /home/user/vendor/phpunit/phpunit/src/Framework/TestCase.php(365): PHPUnit\\Framework\\TestRunner->run()
#27 /home/user/vendor/phpunit/phpunit/src/Framework/TestSuite.php(369): PHPUnit\\Framework\\TestCase->run()
#28 /home/user/vendor/phpunit/phpunit/src/Framework/TestSuite.php(369): PHPUnit\\Framework\\TestSuite->run()
#29 /home/user/vendor/phpunit/phpunit/src/Framework/TestSuite.php(369): PHPUnit\\Framework\\TestSuite->run()
#30 /home/user/vendor/phpunit/phpunit/src/TextUI/TestRunner.php(64): PHPUnit\\Framework\\TestSuite->run()
#31 /home/user/vendor/phpunit/phpunit/src/TextUI/Application.php(211): PHPUnit\\TextUI\\TestRunner->run()
#32 /home/user/vendor/phpunit/phpunit/phpunit(104): PHPUnit\\TextUI\\Application->run()
#33 {main}
"} 
[2026-09-08 10:53:09] testing.INFO: lottery.automation.run {"command":"lottery:mark-results-pending","activity":"mark result-pending","processed":1,"failed":0,"skipped":0,"candidates":1} 
[2026-09-08 10:53:53] testing.INFO: Payment webhook event already processed (replay cache hit) {"gateway":"bkash","event_id":"evt_bkash_dup_24"} 
[2026-09-08 10:53:54] testing.CRITICAL: DisburseWithdrawalJob: Job permanently failed after max attempts {"withdrawal_id":888888,"attempts":1,"error":"Withdrawal entity 888888 not found"} 
[2026-09-08 10:53:55] testing.INFO: OperationalAlertService: Alert throttled (duplicate within cooldown) {"title":"Critical Ledger Imbalance","fingerprint":"alert:anomaly:304a127cfffc21d342fb8664ff0dc21d"} 
[2026-09-08 10:53:55] testing.INFO: Payment webhook event already processed (replay cache hit) {"gateway":"stripe","event_id":"evt_stripe_concurrency_666"} 
[2026-09-08 10:53:55] testing.INFO: Payment webhook event already processed (replay cache hit) {"gateway":"stripe","event_id":"evt_stripe_concurrency_666"} 
[2026-09-08 10:53:55] testing.INFO: Payment webhook event already processed (replay cache hit) {"gateway":"stripe","event_id":"evt_stripe_concurrency_666"} 
[2026-09-08 10:53:55] testing.INFO: Payment webhook event already processed (replay cache hit) {"gateway":"stripe","event_id":"evt_stripe_concurrency_666"} 
[2026-09-08 10:53:55] testing.WARNING: Payment webhook signature verification failed {"correlation_id":"33872d57-cadf-4793-a9ac-277af5ba0e76","gateway":"stripe","ip":"127.0.0.1"} {"correlation_id":"33872d57-cadf-4793-a9ac-277af5ba0e76"}
[2026-09-08 10:53:55] testing.WARNING: Payment webhook signature verification failed {"correlation_id":"0e5a63c1-b86d-4367-99a4-f7fc36d711be","gateway":"bkash","ip":"127.0.0.1"} {"correlation_id":"0e5a63c1-b86d-4367-99a4-f7fc36d711be"}
[2026-09-08 10:53:55] testing.WARNING: Stripe webhook rejected: timestamp drift exceeds tolerance. {"correlation_id":"b8853c9a-de69-471c-bb44-1bc3087b8e00","event_time":1788839035,"current_time":1788839635,"tolerance":300} {"correlation_id":"b8853c9a-de69-471c-bb44-1bc3087b8e00"}
[2026-09-08 10:53:55] testing.WARNING: Payment webhook signature verification failed {"correlation_id":"b8853c9a-de69-471c-bb44-1bc3087b8e00","gateway":"stripe","ip":"127.0.0.1"} {"correlation_id":"b8853c9a-de69-471c-bb44-1bc3087b8e00"}
[2026-09-08 10:53:56] testing.INFO: Payment webhook event already processed (replay cache hit) {"gateway":"stripe","event_id":"evt_unique_test_replay_999"} 
[2026-09-08 10:54:01] testing.INFO: bet_purchase.api.success {"correlation_id":"f46c1d4f-4e4f-41c0-9bdb-1d2248fe5a1b","outcome":"purchased","bet_id":1,"bet_number":"BT-20260908-9C4257598551","ticket_id":1,"draw_id":1,"currency":"THB","stake":"100.00","client_key":"client_key_valid_test_16_abc","request_id":"aa8b41f767e3f2c53a0aa55ff1555ddf","user_id":1} {"correlation_id":"f46c1d4f-4e4f-41c0-9bdb-1d2248fe5a1b"}
[2026-09-08 10:54:01] testing.INFO: bet_purchase.api.refused {"correlation_id":"63e48fe0-1f8c-4d5e-b8b9-aa5aef738ac7","outcome":"refused","error_code":"insufficient_balance","http_status":422,"exception":"App\\Exceptions\\BetPurchaseException","client_key":"client_key_insufficient_17","request_id":"6b72aff0513c978bb22a6827ee2a4ebd","user_id":1} {"correlation_id":"63e48fe0-1f8c-4d5e-b8b9-aa5aef738ac7"}
[2026-09-08 10:54:01] testing.INFO: bet_purchase.api.refused {"correlation_id":"cdf01199-8738-451e-a6ef-081c0abeb2a3","outcome":"refused","error_code":"draw_closed","http_status":422,"exception":"App\\Exceptions\\BetPurchaseValidationException","client_key":"client_key_closed_draw_18","request_id":"c945983fc42647ccad0d22b1c9fb7ff7","user_id":1} {"correlation_id":"cdf01199-8738-451e-a6ef-081c0abeb2a3"}
[2026-09-08 10:54:02] testing.INFO: bet_purchase.api.refused {"correlation_id":"1d59e66a-d0ce-43d1-82b0-39357dfbad83","outcome":"refused","error_code":"invalid_digits","http_status":422,"exception":"App\\Exceptions\\BetPurchaseValidationException","client_key":"client_key_invalid_market_19","request_id":"2b567123eecc18c954c9caab82fed6ed","user_id":1} {"correlation_id":"1d59e66a-d0ce-43d1-82b0-39357dfbad83"}
[2026-09-08 10:54:02] testing.INFO: bet_purchase.api.success {"correlation_id":"0f9d61e7-c9b6-4567-8bdc-de909f3b44a5","outcome":"purchased","bet_id":1,"bet_number":"BT-20260908-3E762D5B0125","ticket_id":1,"draw_id":1,"currency":"THB","stake":"100.00","client_key":"unique_idempotency_key_test_20_xyz","request_id":"77fd252b1dcf2cc203a163776df9d2e8","user_id":1} {"correlation_id":"0f9d61e7-c9b6-4567-8bdc-de909f3b44a5"}
[2026-09-08 10:54:02] testing.INFO: bet_purchase.api.success {"correlation_id":"ef0f5a87-b537-4b93-9d2b-792cc30c07e2","outcome":"replayed","bet_id":1,"bet_number":"BT-20260908-3E762D5B0125","ticket_id":1,"draw_id":1,"currency":"THB","stake":"100.00","client_key":"unique_idempotency_key_test_20_xyz","request_id":"3e28199859e5e78b3fccdd514723348f","user_id":1} {"correlation_id":"ef0f5a87-b537-4b93-9d2b-792cc30c07e2"}
[2026-09-08 10:54:09] testing.WARNING: DisburseWithdrawalJob: Transient error during disbursement, queue will retry {"withdrawal_id":1,"attempt":1,"max_tries":3,"exception":"Connection timeout to gateway API."} 
[2026-09-08 10:54:09] testing.ERROR: DisburseWithdrawalJob: Withdrawal not found {"withdrawal_id":999999,"attempt":1} 
[2026-09-08 10:54:09] testing.INFO: DisburseWithdrawalJob: Withdrawal already completed, skipping redundant disbursement {"withdrawal_id":1,"reference_number":"WD-20260908-E2F703F0FADD","status":"completed"} 
[2026-09-08 10:54:09] testing.INFO: DisburseWithdrawalJob: Withdrawal already completed, skipping redundant disbursement {"withdrawal_id":1,"reference_number":"WD-20260908-F084BC467B23","status":"completed"} 
[2026-09-08 10:54:09] testing.INFO: RealPrizeSettlementService: Settled Draw #DRW-20260908-E7VYQR {"draw_id":1,"winners":1,"total_payout":"9000.00"} 
[2026-09-08 10:54:09] testing.INFO: ProcessPrizeSettlementJob: Draw is already settled, skipping redundant execution {"draw_id":1,"draw_number":"DRW-20260908-E7VYQR","status":"completed"} 
[2026-09-08 10:54:10] testing.INFO: Payment webhook event already processed (replay cache hit) {"gateway":"bkash","event_id":"evt_job_dup_08"} 
[2026-09-08 10:54:10] testing.CRITICAL: DisburseWithdrawalJob: Job permanently failed after max attempts {"withdrawal_id":1,"attempts":1,"error":"Gateway auth failed for secret token secret_key_123456"} 
[2026-09-08 10:54:10] testing.INFO: DisburseWithdrawalJob: Withdrawal already completed, skipping redundant disbursement {"withdrawal_id":1,"reference_number":"WD-20260908-DA3AAB65433C","status":"completed"} 
[2026-09-08 10:54:10] testing.WARNING: DisburseWithdrawalJob: Withdrawal in terminal failed/cancelled state, aborting job {"withdrawal_id":1,"reference_number":"WD-20260908-DA16D8091A9D","status":"failed"} 
[2026-09-08 10:54:12] testing.WARNING: bKash webhook rejected: webhook_secret / app_secret is not configured. {"correlation_id":"890bf4c1-12fa-41ca-8418-66c5d0a79207"} {"correlation_id":"890bf4c1-12fa-41ca-8418-66c5d0a79207"}
[2026-09-08 10:54:12] testing.WARNING: Payment webhook signature verification failed {"correlation_id":"890bf4c1-12fa-41ca-8418-66c5d0a79207","gateway":"bkash","ip":"127.0.0.1"} {"correlation_id":"890bf4c1-12fa-41ca-8418-66c5d0a79207"}
[2026-09-08 10:54:12] testing.WARNING: bKash webhook rejected: webhook_secret / app_secret is not configured. {"correlation_id":"0c5213ea-6794-4e24-a402-1b9d8e2a7298"} {"correlation_id":"0c5213ea-6794-4e24-a402-1b9d8e2a7298"}
[2026-09-08 10:54:12] testing.WARNING: Payment webhook signature verification failed {"correlation_id":"0c5213ea-6794-4e24-a402-1b9d8e2a7298","gateway":"bkash","ip":"127.0.0.1"} {"correlation_id":"0c5213ea-6794-4e24-a402-1b9d8e2a7298"}
[2026-09-08 10:54:12] testing.WARNING: bKash webhook rejected: webhook_secret / app_secret is not configured. {"correlation_id":"15217e86-913b-4c39-bcd4-07c5b1101898"} {"correlation_id":"15217e86-913b-4c39-bcd4-07c5b1101898"}
[2026-09-08 10:54:12] testing.WARNING: Payment webhook signature verification failed {"correlation_id":"15217e86-913b-4c39-bcd4-07c5b1101898","gateway":"bkash","ip":"127.0.0.1"} {"correlation_id":"15217e86-913b-4c39-bcd4-07c5b1101898"}
