[2026-09-03 14:34:20] testing.INFO: bet_purchase.api.success {"outcome":"purchased","bet_id":1,"bet_number":"BT-20260903-BAA8AB636479","ticket_id":1,"draw_id":1,"currency":"THB","stake":"10.00","client_key":"api-3fac7e5042598962807ac50192f07570561b1f92","request_id":"cc981fe6e65f99cf075da7ccfe6a4c5f","user_id":1} 
[2026-09-03 14:34:20] testing.INFO: bet_purchase.api.success {"outcome":"purchased","bet_id":1,"bet_number":"BT-20260903-82738268A894","ticket_id":1,"draw_id":1,"currency":"THB","stake":"10.00","client_key":"api-a676f40bd6585d6668cbe33a51f09953c02a7fef","request_id":"4fd5f55fd9957912f412dcda2a7f9d7d","user_id":1} 
[2026-09-03 14:34:20] testing.INFO: bet_purchase.api.success {"outcome":"purchased","bet_id":1,"bet_number":"BT-20260903-449E33E30834","ticket_id":1,"draw_id":1,"currency":"THB","stake":"10.00","client_key":"api-f7b8f591922e9b515c83f0ca28847379e14e3f93","request_id":"009a7664529ec8ef62993bdceb1db921","user_id":1} 
[2026-09-03 14:34:20] testing.INFO: bet_purchase.api.success {"outcome":"purchased","bet_id":1,"bet_number":"BT-20260903-EF55A99F2BB5","ticket_id":1,"draw_id":1,"currency":"THB","stake":"10.00","client_key":"api-e187d76746182cbb563423de65c53cff48e1b26c","request_id":"13babe3e0de177c5a8b1846303224fd6","user_id":1} 
[2026-09-03 14:34:21] testing.INFO: bet_purchase.api.success {"outcome":"purchased","bet_id":1,"bet_number":"BT-20260903-A72ED2DB58A5","ticket_id":1,"draw_id":1,"currency":"THB","stake":"10.00","client_key":"api-bd6c2f1a5ca9ea80b589a486be6f1ed025590bed","request_id":"42d3e66cc5fbe82cae81721d9f1b9673","user_id":1} 
[2026-09-03 14:34:21] testing.INFO: bet_purchase.api.success {"outcome":"purchased","bet_id":1,"bet_number":"BT-20260903-B380E0B40DAA","ticket_id":1,"draw_id":1,"currency":"THB","stake":"10.00","client_key":"api-8e924a7dac69469f40b6a9525e68f510b7972699","request_id":"136962cec3fd834f5dba25149e48d649","user_id":1} 
[2026-09-03 14:34:21] testing.INFO: bet_purchase.api.success {"outcome":"purchased","bet_id":1,"bet_number":"BT-20260903-AF8FFA769A36","ticket_id":1,"draw_id":1,"currency":"THB","stake":"10.00","client_key":"api-63e4863923f9d99f637040c4ecaa95eaf5e39f31","request_id":"7a5cd31ddcfa2d5f2e3905875d34f7a5","user_id":1} 
[2026-09-03 14:34:21] testing.INFO: bet_purchase.api.success {"outcome":"purchased","bet_id":1,"bet_number":"BT-20260903-CC6668C76FE7","ticket_id":1,"draw_id":1,"currency":"THB","stake":"10.00","client_key":"api-1d2da6cca6185013559ff92e6eedc11e93618224","request_id":"02171e7a17806ee81d79ce1428198502","user_id":1} 
[2026-09-03 14:34:21] testing.INFO: bet_purchase.api.success {"outcome":"purchased","bet_id":1,"bet_number":"BT-20260903-357BABDBEBBD","ticket_id":1,"draw_id":1,"currency":"THB","stake":"10.00","client_key":"api-4fed3970dcc0d31dccddbf69ef55b00f32d2ca78","request_id":"49449eb0cb3cd9038284d7ef7823f85b","user_id":1} 
[2026-09-03 14:34:21] testing.INFO: bet_purchase.api.success {"outcome":"purchased","bet_id":1,"bet_number":"BT-20260903-9BD57C260BE0","ticket_id":1,"draw_id":1,"currency":"THB","stake":"10.00","client_key":"api-3e23e8160039594a33894f6564e1b1348bbd7a00","request_id":"98d01c801153091455cf673ea3cc3462","user_id":1} 
[2026-09-03 14:34:21] testing.INFO: bet_purchase.api.success {"outcome":"purchased","bet_id":1,"bet_number":"BT-20260903-8F13216A934D","ticket_id":1,"draw_id":1,"currency":"THB","stake":"10.00","client_key":"api-2e7d2c03a9507ae265ecf5b5356885a53393a202","request_id":"36fe1e5ea8a3f4c8cb8bf57a2fe6e562","user_id":1} 
[2026-09-03 14:34:21] testing.INFO: bet_purchase.api.refused {"outcome":"refused","error_code":"draw_not_found","http_status":404,"exception":"App\\Exceptions\\BetPurchaseValidationException","client_key":"api-3f79bb7b435b05321651daefd374cdc681dc06fa","request_id":"1d4748d2e2f277f7746d2740da9d12f5","user_id":1} 
[2026-09-03 14:34:21] testing.INFO: bet_purchase.api.refused {"outcome":"refused","error_code":"draw_closed","http_status":422,"exception":"App\\Exceptions\\BetPurchaseValidationException","client_key":"api-252f10c83610ebca1a059c0bae8255eba2f95be4","request_id":"996eb550da073b768097b4edb87295e6","user_id":1} 
[2026-09-03 14:34:21] testing.INFO: bet_purchase.api.success {"outcome":"purchased","bet_id":1,"bet_number":"BT-20260903-BB00CF384798","ticket_id":1,"draw_id":1,"currency":"THB","stake":"10.00","client_key":"api-de7d1b721a1e0632b7cf04edf5032c8ecffa9f9a","request_id":"4b661162d19436678dfc58466466e1ab","user_id":1} 
[2026-09-03 14:34:21] testing.INFO: bet_purchase.api.success {"outcome":"purchased","bet_id":1,"bet_number":"BT-20260903-8940B2D4D85E","ticket_id":1,"draw_id":1,"currency":"THB","stake":"10.00","client_key":"api-189f40034be7a199f1fa9891668ee3ab6049f82d","request_id":"8ebe27dd0b6909afb2bad7cb4bced1ab","user_id":1} 
[2026-09-03 14:34:22] testing.INFO: bet_purchase.api.refused {"outcome":"refused","error_code":"invalid_stake","http_status":422,"exception":"App\\Exceptions\\BetPurchaseValidationException","client_key":"api-acac86c0e609ca906f632b0e2dacccb2b77d22b0","request_id":"9c6fe602d578356ce81699050000954d","user_id":1} 
[2026-09-03 14:34:22] testing.INFO: bet_purchase.api.refused {"outcome":"refused","error_code":"insufficient_balance","http_status":422,"exception":"App\\Exceptions\\BetPurchaseException","client_key":"api-1b16b1df538ba12dc3f97edbb85caa7050d46c14","request_id":"e201b6b404af08155954343de6e761cb","user_id":1} 
[2026-09-03 14:34:22] testing.INFO: bet_purchase.api.refused {"outcome":"refused","error_code":"risk_rejected","http_status":422,"exception":"App\\Exceptions\\BetPurchaseValidationException","client_key":"api-65c74c15a686187bb6bbf9958f494fc6b8006803","request_id":"0983c892c3b4c9f0c9ea8b373a30bd83","user_id":1} 
[2026-09-03 14:34:22] testing.INFO: bet_purchase.api.success {"outcome":"purchased","bet_id":1,"bet_number":"BT-20260903-1D30D2D9EF19","ticket_id":1,"draw_id":1,"currency":"THB","stake":"10.00","client_key":"api-148de9c5a7a44d19e56cd9ae1a554bf67847afb0","request_id":"4763c46f4d2bd825cf65845d00180395","user_id":1} 
[2026-09-03 14:34:22] testing.INFO: bet_purchase.api.success {"outcome":"replayed","bet_id":1,"bet_number":"BT-20260903-1D30D2D9EF19","ticket_id":1,"draw_id":1,"currency":"THB","stake":"10.00","client_key":"api-148de9c5a7a44d19e56cd9ae1a554bf67847afb0","request_id":"6df0fda83e0d9cd0b1d37b5eb1df01a1","user_id":1} 
[2026-09-03 14:34:22] testing.INFO: bet_purchase.api.success {"outcome":"purchased","bet_id":1,"bet_number":"BT-20260903-820AA3E4329B","ticket_id":1,"draw_id":1,"currency":"THB","stake":"10.00","client_key":"api-8e35c2cd3bf6641bdb0e2050b76932cbb2e6034a","request_id":"02e0a662e8306383e88c0cf4c32add89","user_id":1} 
[2026-09-03 14:34:22] testing.INFO: bet_purchase.api.refused {"outcome":"refused","error_code":"idempotency_payload_mismatch","http_status":409,"exception":"App\\Exceptions\\BetPurchaseIdempotencyException","client_key":"api-8e35c2cd3bf6641bdb0e2050b76932cbb2e6034a","request_id":"53fb440ea763e9ba536a9b235c6bbb56","user_id":1} 
[2026-09-03 14:34:22] testing.INFO: bet_purchase.api.success {"outcome":"purchased","bet_id":1,"bet_number":"BT-20260903-CC95535D0DF5","ticket_id":1,"draw_id":1,"currency":"THB","stake":"10.00","client_key":"api-454349e422f05297191ead13e21d3db520e5abef","request_id":"a4c7b3d7a1b6894baa21143431798874","user_id":1} 
[2026-09-03 14:34:22] testing.INFO: bet_purchase.api.success {"outcome":"purchased","bet_id":2,"bet_number":"BT-20260903-01E508AD195B","ticket_id":2,"draw_id":2,"currency":"THB","stake":"10.00","client_key":"api-454349e422f05297191ead13e21d3db520e5abef","request_id":"4e91388dbd772011618df969217ba62e","user_id":2} 
[2026-09-03 14:34:22] testing.INFO: bet_purchase.api.success {"outcome":"purchased","bet_id":1,"bet_number":"BT-20260903-61FC1C7E4F72","ticket_id":1,"draw_id":1,"currency":"THB","stake":"10.00","client_key":"api-043a718774c572bd8a25adbeb1bfcd5c0256ae11","request_id":"408fc7f7e3333d3bff734ca4409093e2","user_id":1} 
[2026-09-03 14:34:22] testing.INFO: bet_purchase.api.success {"outcome":"purchased","bet_id":2,"bet_number":"BT-20260903-FD57CC09ED5D","ticket_id":2,"draw_id":2,"currency":"THB","stake":"10.00","client_key":"api-043a718774c572bd8a25adbeb1bfcd5c0256ae11","request_id":"e36d65628632022534e2d23795944b3b","user_id":1} 
[2026-09-03 14:34:22] testing.INFO: bet_purchase.api.success {"outcome":"purchased","bet_id":1,"bet_number":"BT-20260903-7A2A683AC9D8","ticket_id":1,"draw_id":1,"currency":"THB","stake":"10.00","client_key":"api-e3b98a4da31a127d4bde6e43033f66ba274cab0e","request_id":"7079ca4740c1888b12645238cbba2228","user_id":1} 
[2026-09-03 14:34:22] testing.INFO: bet_purchase.api.success {"outcome":"purchased","bet_id":1,"bet_number":"BT-20260903-DD139D8138C6","ticket_id":1,"draw_id":1,"currency":"THB","stake":"10.00","client_key":"api-2d711642b726b04401627ca9fbac32f5c8530fb1","request_id":"80d5615723d33ecf673e76a57598e32a","user_id":1} 
[2026-09-03 14:34:22] testing.INFO: bet_purchase.api.success {"outcome":"purchased","bet_id":1,"bet_number":"BT-20260903-513055EDEF32","ticket_id":1,"draw_id":1,"currency":"THB","stake":"10.00","client_key":"api-a1fce4363854ff888cff4b8e7875d600c2682390","request_id":"c9a20fdef0f5204057fa765ec5038fbe","user_id":1} 
[2026-09-03 14:34:23] testing.INFO: bet_purchase.api.success {"outcome":"purchased","bet_id":1,"bet_number":"BT-20260903-B61B08A0F228","ticket_id":1,"draw_id":1,"currency":"THB","stake":"10.00","client_key":"api-fb8e20fc2e4c3f248c60c39bd652f3c1347298bb","request_id":"c4c45f26c5c399cf1fab186b62e5987d","user_id":1} 
[2026-09-03 14:34:23] testing.INFO: bet_purchase.api.success {"outcome":"purchased","bet_id":1,"bet_number":"BT-20260903-68AF24BB2F54","ticket_id":1,"draw_id":1,"currency":"THB","stake":"10.00","client_key":"api-f45de51cdef30991551e41e882dd7b5404799648","request_id":"64dc4e059b87b5cc32ef88db5c38ee03","user_id":1} 
[2026-09-03 14:34:23] testing.INFO: bet_purchase.api.success {"outcome":"purchased","bet_id":1,"bet_number":"BT-20260903-87781F6AAE45","ticket_id":1,"draw_id":1,"currency":"THB","stake":"10.00","client_key":"api-b0136a3f0a0fae4b4cbb261ae65b245326d69f8a","request_id":"f18808ffcd6cd0321b84cf52f7a9906e","user_id":1} 
[2026-09-03 14:34:23] testing.INFO: bet_purchase.api.success {"outcome":"purchased","bet_id":1,"bet_number":"BT-20260903-314B151971DA","ticket_id":1,"draw_id":1,"currency":"THB","stake":"10.00","client_key":"api-e5a94045f98e84810bb71edd3ba885463406b087","request_id":"b5ef0aac4961cf79a99557a332a340ba","user_id":1} 
[2026-09-03 14:34:23] testing.INFO: bet_purchase.api.success {"outcome":"purchased","bet_id":1,"bet_number":"BT-20260903-B0B913DFDB2F","ticket_id":1,"draw_id":1,"currency":"THB","stake":"10.00","client_key":"api-b797c8d26a988c97a38d4458172406dc19ab0012","request_id":"bfc90c805f51361b63bed16b8cfddf32","user_id":1} 
[2026-09-03 14:34:23] testing.INFO: bet_purchase.api.success {"outcome":"purchased","bet_id":1,"bet_number":"BT-20260903-F92363B82C51","ticket_id":1,"draw_id":1,"currency":"THB","stake":"10.00","client_key":"api-70ba33708cbfb103f1a8e34afef333ba7dc02102","request_id":"6aed52052eb79b6ede3285ff1a9316d0","user_id":1} 
[2026-09-03 14:34:23] testing.INFO: bet_purchase.api.success {"outcome":"purchased","bet_id":1,"bet_number":"BT-20260903-25CC4627B512","ticket_id":1,"draw_id":1,"currency":"THB","stake":"10.00","client_key":"api-f9a00f43e97e3966bb846e76b6795e11512c3bbf","request_id":"95ff8a494bd6ece59fd6693156db3671","user_id":1} 
[2026-09-03 14:34:23] testing.INFO: bet_purchase.api.success {"outcome":"purchased","bet_id":1,"bet_number":"BT-20260903-E9754D8C7CC7","ticket_id":1,"draw_id":1,"currency":"THB","stake":"10.00","client_key":"api-503126878d17fcd6bde7df320ff6eb7c278a1c42","request_id":"97639c8a050c7ede9c4c6fffd416ac41","user_id":1} 
[2026-09-03 14:34:23] testing.INFO: bet_purchase.api.success {"outcome":"purchased","bet_id":1,"bet_number":"BT-20260903-795B8A18A801","ticket_id":1,"draw_id":1,"currency":"THB","stake":"10.00","client_key":"api-9aaf680776b98fd17fe63376120525cbcdffc01b","request_id":"6a475f23d660ca265968538184e04025","user_id":1} 
[2026-09-03 14:34:23] testing.INFO: bet_purchase.api.success {"outcome":"purchased","bet_id":1,"bet_number":"BT-20260903-9745081DE8B7","ticket_id":1,"draw_id":1,"currency":"THB","stake":"10.55","client_key":"api-70a0d5198ebb88f97a2cc83a236a8afcc28c7d9e","request_id":"e90f3bba96372170d439f1e267c04781","user_id":1} 
[2026-09-03 14:34:23] testing.INFO: bet_purchase.api.success {"outcome":"purchased","bet_id":1,"bet_number":"BT-20260903-2142379C6E4F","ticket_id":1,"draw_id":1,"currency":"THB","stake":"10.00","client_key":"api-32e83e92d45d71f69dcf9d214688f03755421086","request_id":"e180975438c5a6f6fb6e3b12068eeda6","user_id":1} 
[2026-09-03 14:34:23] testing.INFO: bet_purchase.api.success {"outcome":"purchased","bet_id":1,"bet_number":"BT-20260903-512ABB3D23B9","ticket_id":1,"draw_id":1,"currency":"THB","stake":"10.00","client_key":"api-7d29d73105d636d04ca9fffcf979986d373ac874","request_id":"978f38266537fd5b68b880246460f4c7","user_id":1} 
[2026-09-03 14:34:24] testing.INFO: bet_purchase.api.success {"outcome":"purchased","bet_id":1,"bet_number":"BT-20260903-FBA98EDC1065","ticket_id":1,"draw_id":2,"currency":"THB","stake":"10.00","client_key":"api-6fdb16bc02366c008d809798cb3faae1efba55a5","request_id":"e220da0e8643cbd7cff9a31c963b757a","user_id":2} 
[2026-09-03 14:34:24] testing.ERROR: SQLSTATE[42S02]: Base table or view not found: 1146 Table "thai_lottery.wallets" doesn't exist (Connection: mysql, SQL: select * from `wallets` where `id` = 1) in /var/www/app/Services/Finance/WalletService.php:118 {"exception":"[object] (RuntimeException(code: 0): SQLSTATE[42S02]: Base table or view not found: 1146 Table \"thai_lottery.wallets\" doesn't exist (Connection: mysql, SQL: select * from `wallets` where `id` = 1) in /var/www/app/Services/Finance/WalletService.php:118 at /home/user/tests/Feature/Api/V1/BetPurchaseApiTest.php:993)
[stacktrace]
#0 /home/user/vendor/laravel/framework/src/Illuminate/Routing/CallableDispatcher.php(40): Tests\\Feature\\Api\\V1\\BetPurchaseApiTest->{closure:Tests\\Feature\\Api\\V1\\BetPurchaseApiTest::am_an_unexpected_failure_never_exposes_a_stack_trace_or_internals():990}()
#1 /home/user/vendor/laravel/framework/src/Illuminate/Routing/Route.php(244): Illuminate\\Routing\\CallableDispatcher->dispatch()
#2 /home/user/vendor/laravel/framework/src/Illuminate/Routing/Route.php(215): Illuminate\\Routing\\Route->runCallable()
#3 /home/user/vendor/laravel/framework/src/Illuminate/Routing/Router.php(808): Illuminate\\Routing\\Route->run()
#4 /home/user/vendor/laravel/framework/src/Illuminate/Pipeline/Pipeline.php(170): Illuminate\\Routing\\Router->{closure:Illuminate\\Routing\\Router::runRouteWithinStack():807}()
#5 /home/user/vendor/laravel/framework/src/Illuminate/Routing/Middleware/SubstituteBindings.php(51): Illuminate\\Pipeline\\Pipeline->{closure:Illuminate\\Pipeline\\Pipeline::prepareDestination():168}()
#6 /home/user/vendor/laravel/framework/src/Illuminate/Pipeline/Pipeline.php(209): Illuminate\\Routing\\Middleware\\SubstituteBindings->handle()
#7 /home/user/vendor/laravel/framework/src/Illuminate/Pipeline/Pipeline.php(127): Illuminate\\Pipeline\\Pipeline->{closure:{closure:Illuminate\\Pipeline\\Pipeline::carry():184}:185}()
#8 /home/user/vendor/laravel/framework/src/Illuminate/Routing/Router.php(807): Illuminate\\Pipeline\\Pipeline->then()
#9 /home/user/vendor/laravel/framework/src/Illuminate/Routing/Router.php(786): Illuminate\\Routing\\Router->runRouteWithinStack()
#10 /home/user/vendor/laravel/framework/src/Illuminate/Routing/Router.php(750): Illuminate\\Routing\\Router->runRoute()
#11 /home/user/vendor/laravel/framework/src/Illuminate/Routing/Router.php(739): Illuminate\\Routing\\Router->dispatchToRoute()
#12 /home/user/vendor/laravel/framework/src/Illuminate/Foundation/Http/Kernel.php(201): Illuminate\\Routing\\Router->dispatch()
#13 /home/user/vendor/laravel/framework/src/Illuminate/Pipeline/Pipeline.php(170): Illuminate\\Foundation\\Http\\Kernel->{closure:Illuminate\\Foundation\\Http\\Kernel::dispatchToRouter():198}()
#14 /home/user/vendor/livewire/livewire/src/Features/SupportDisablingBackButtonCache/DisableBackButtonCacheMiddleware.php(19): Illuminate\\Pipeline\\Pipeline->{closure:Illuminate\\Pipeline\\Pipeline::prepareDestination():168}()
#15 /home/user/vendor/laravel/framework/src/Illuminate/Pipeline/Pipeline.php(209): Livewire\\Features\\SupportDisablingBackButtonCache\\DisableBackButtonCacheMiddleware->handle()
#16 /home/user/app/Http/Middleware/SecurityHeaders.php(13): Illuminate\\Pipeline\\Pipeline->{closure:{closure:Illuminate\\Pipeline\\Pipeline::carry():184}:185}()
#17 /home/user/vendor/laravel/framework/src/Illuminate/Pipeline/Pipeline.php(209): App\\Http\\Middleware\\SecurityHeaders->handle()
#18 /home/user/vendor/laravel/framework/src/Illuminate/Foundation/Http/Middleware/TransformsRequest.php(21): Illuminate\\Pipeline\\Pipeline->{closure:{closure:Illuminate\\Pipeline\\Pipeline::carry():184}:185}()
#19 /home/user/vendor/laravel/framework/src/Illuminate/Foundation/Http/Middleware/ConvertEmptyStringsToNull.php(31): Illuminate\\Foundation\\Http\\Middleware\\TransformsRequest->handle()
#20 /home/user/vendor/laravel/framework/src/Illuminate/Pipeline/Pipeline.php(209): Illuminate\\Foundation\\Http\\Middleware\\ConvertEmptyStringsToNull->handle()
#21 /home/user/vendor/laravel/framework/src/Illuminate/Foundation/Http/Middleware/TransformsRequest.php(21): Illuminate\\Pipeline\\Pipeline->{closure:{closure:Illuminate\\Pipeline\\Pipeline::carry():184}:185}()
#22 /home/user/vendor/laravel/framework/src/Illuminate/Foundation/Http/Middleware/TrimStrings.php(51): Illuminate\\Foundation\\Http\\Middleware\\TransformsRequest->handle()
#23 /home/user/vendor/laravel/framework/src/Illuminate/Pipeline/Pipeline.php(209): Illuminate\\Foundation\\Http\\Middleware\\TrimStrings->handle()
#24 /home/user/vendor/laravel/framework/src/Illuminate/Http/Middleware/ValidatePostSize.php(27): Illuminate\\Pipeline\\Pipeline->{closure:{closure:Illuminate\\Pipeline\\Pipeline::carry():184}:185}()
#25 /home/user/vendor/laravel/framework/src/Illuminate/Pipeline/Pipeline.php(209): Illuminate\\Http\\Middleware\\ValidatePostSize->handle()
#26 /home/user/vendor/laravel/framework/src/Illuminate/Foundation/Http/Middleware/PreventRequestsDuringMaintenance.php(110): Illuminate\\Pipeline\\Pipeline->{closure:{closure:Illuminate\\Pipeline\\Pipeline::carry():184}:185}()
#27 /home/user/vendor/laravel/framework/src/Illuminate/Pipeline/Pipeline.php(209): Illuminate\\Foundation\\Http\\Middleware\\PreventRequestsDuringMaintenance->handle()
#28 /home/user/vendor/laravel/framework/src/Illuminate/Http/Middleware/HandleCors.php(62): Illuminate\\Pipeline\\Pipeline->{closure:{closure:Illuminate\\Pipeline\\Pipeline::carry():184}:185}()
#29 /home/user/vendor/laravel/framework/src/Illuminate/Pipeline/Pipeline.php(209): Illuminate\\Http\\Middleware\\HandleCors->handle()
#30 /home/user/vendor/laravel/framework/src/Illuminate/Http/Middleware/TrustProxies.php(58): Illuminate\\Pipeline\\Pipeline->{closure:{closure:Illuminate\\Pipeline\\Pipeline::carry():184}:185}()
#31 /home/user/vendor/laravel/framework/src/Illuminate/Pipeline/Pipeline.php(209): Illuminate\\Http\\Middleware\\TrustProxies->handle()
#32 /home/user/vendor/laravel/framework/src/Illuminate/Foundation/Http/Middleware/InvokeDeferredCallbacks.php(22): Illuminate\\Pipeline\\Pipeline->{closure:{closure:Illuminate\\Pipeline\\Pipeline::carry():184}:185}()
#33 /home/user/vendor/laravel/framework/src/Illuminate/Pipeline/Pipeline.php(209): Illuminate\\Foundation\\Http\\Middleware\\InvokeDeferredCallbacks->handle()
#34 /home/user/vendor/laravel/framework/src/Illuminate/Pipeline/Pipeline.php(127): Illuminate\\Pipeline\\Pipeline->{closure:{closure:Illuminate\\Pipeline\\Pipeline::carry():184}:185}()
#35 /home/user/vendor/laravel/framework/src/Illuminate/Foundation/Http/Kernel.php(176): Illuminate\\Pipeline\\Pipeline->then()
#36 /home/user/vendor/laravel/framework/src/Illuminate/Foundation/Http/Kernel.php(145): Illuminate\\Foundation\\Http\\Kernel->sendRequestThroughRouter()
#37 /home/user/vendor/laravel/framework/src/Illuminate/Foundation/Testing/Concerns/MakesHttpRequests.php(607): Illuminate\\Foundation\\Http\\Kernel->handle()
#38 /home/user/vendor/laravel/framework/src/Illuminate/Foundation/Testing/Concerns/MakesHttpRequests.php(573): Illuminate\\Foundation\\Testing\\TestCase->call()
#39 /home/user/vendor/laravel/framework/src/Illuminate/Foundation/Testing/Concerns/MakesHttpRequests.php(381): Illuminate\\Foundation\\Testing\\TestCase->json()
#40 /home/user/tests/Feature/Api/V1/BetPurchaseApiTest.php(1001): Illuminate\\Foundation\\Testing\\TestCase->getJson()
#41 /home/user/vendor/phpunit/phpunit/src/Framework/TestCase.php(1667): Tests\\Feature\\Api\\V1\\BetPurchaseApiTest->am_an_unexpected_failure_never_exposes_a_stack_trace_or_internals()
#42 /home/user/vendor/phpunit/phpunit/src/Framework/TestCase.php(519): PHPUnit\\Framework\\TestCase->runTest()
#43 /home/user/vendor/phpunit/phpunit/src/Framework/TestRunner/TestRunner.php(87): PHPUnit\\Framework\\TestCase->runBare()
#44 /home/user/vendor/phpunit/phpunit/src/Framework/TestCase.php(365): PHPUnit\\Framework\\TestRunner->run()
#45 /home/user/vendor/phpunit/phpunit/src/Framework/TestSuite.php(369): PHPUnit\\Framework\\TestCase->run()
#46 /home/user/vendor/phpunit/phpunit/src/Framework/TestSuite.php(369): PHPUnit\\Framework\\TestSuite->run()
#47 /home/user/vendor/phpunit/phpunit/src/Framework/TestSuite.php(369): PHPUnit\\Framework\\TestSuite->run()
#48 /home/user/vendor/phpunit/phpunit/src/TextUI/TestRunner.php(64): PHPUnit\\Framework\\TestSuite->run()
#49 /home/user/vendor/phpunit/phpunit/src/TextUI/Application.php(211): PHPUnit\\TextUI\\TestRunner->run()
#50 /home/user/vendor/phpunit/phpunit/phpunit(104): PHPUnit\\TextUI\\Application->run()
#51 /home/user/vendor/bin/phpunit(122): include('...')
#52 {main}
"} 
[2026-09-03 14:34:24] testing.ERROR: api.unhandled_exception {"exception":"[object] (RuntimeException(code: 0): SQLSTATE[42S02]: Base table or view not found: 1146 Table \"thai_lottery.wallets\" doesn't exist (Connection: mysql, SQL: select * from `wallets` where `id` = 1) in /var/www/app/Services/Finance/WalletService.php:118 at /home/user/tests/Feature/Api/V1/BetPurchaseApiTest.php:993)
[stacktrace]
#0 /home/user/vendor/laravel/framework/src/Illuminate/Routing/CallableDispatcher.php(40): Tests\\Feature\\Api\\V1\\BetPurchaseApiTest->{closure:Tests\\Feature\\Api\\V1\\BetPurchaseApiTest::am_an_unexpected_failure_never_exposes_a_stack_trace_or_internals():990}()
#1 /home/user/vendor/laravel/framework/src/Illuminate/Routing/Route.php(244): Illuminate\\Routing\\CallableDispatcher->dispatch()
#2 /home/user/vendor/laravel/framework/src/Illuminate/Routing/Route.php(215): Illuminate\\Routing\\Route->runCallable()
#3 /home/user/vendor/laravel/framework/src/Illuminate/Routing/Router.php(808): Illuminate\\Routing\\Route->run()
#4 /home/user/vendor/laravel/framework/src/Illuminate/Pipeline/Pipeline.php(170): Illuminate\\Routing\\Router->{closure:Illuminate\\Routing\\Router::runRouteWithinStack():807}()
#5 /home/user/vendor/laravel/framework/src/Illuminate/Routing/Middleware/SubstituteBindings.php(51): Illuminate\\Pipeline\\Pipeline->{closure:Illuminate\\Pipeline\\Pipeline::prepareDestination():168}()
#6 /home/user/vendor/laravel/framework/src/Illuminate/Pipeline/Pipeline.php(209): Illuminate\\Routing\\Middleware\\SubstituteBindings->handle()
#7 /home/user/vendor/laravel/framework/src/Illuminate/Pipeline/Pipeline.php(127): Illuminate\\Pipeline\\Pipeline->{closure:{closure:Illuminate\\Pipeline\\Pipeline::carry():184}:185}()
#8 /home/user/vendor/laravel/framework/src/Illuminate/Routing/Router.php(807): Illuminate\\Pipeline\\Pipeline->then()
#9 /home/user/vendor/laravel/framework/src/Illuminate/Routing/Router.php(786): Illuminate\\Routing\\Router->runRouteWithinStack()
#10 /home/user/vendor/laravel/framework/src/Illuminate/Routing/Router.php(750): Illuminate\\Routing\\Router->runRoute()
#11 /home/user/vendor/laravel/framework/src/Illuminate/Routing/Router.php(739): Illuminate\\Routing\\Router->dispatchToRoute()
#12 /home/user/vendor/laravel/framework/src/Illuminate/Foundation/Http/Kernel.php(201): Illuminate\\Routing\\Router->dispatch()
#13 /home/user/vendor/laravel/framework/src/Illuminate/Pipeline/Pipeline.php(170): Illuminate\\Foundation\\Http\\Kernel->{closure:Illuminate\\Foundation\\Http\\Kernel::dispatchToRouter():198}()
#14 /home/user/vendor/livewire/livewire/src/Features/SupportDisablingBackButtonCache/DisableBackButtonCacheMiddleware.php(19): Illuminate\\Pipeline\\Pipeline->{closure:Illuminate\\Pipeline\\Pipeline::prepareDestination():168}()
#15 /home/user/vendor/laravel/framework/src/Illuminate/Pipeline/Pipeline.php(209): Livewire\\Features\\SupportDisablingBackButtonCache\\DisableBackButtonCacheMiddleware->handle()
#16 /home/user/app/Http/Middleware/SecurityHeaders.php(13): Illuminate\\Pipeline\\Pipeline->{closure:{closure:Illuminate\\Pipeline\\Pipeline::carry():184}:185}()
#17 /home/user/vendor/laravel/framework/src/Illuminate/Pipeline/Pipeline.php(209): App\\Http\\Middleware\\SecurityHeaders->handle()
#18 /home/user/vendor/laravel/framework/src/Illuminate/Foundation/Http/Middleware/TransformsRequest.php(21): Illuminate\\Pipeline\\Pipeline->{closure:{closure:Illuminate\\Pipeline\\Pipeline::carry():184}:185}()
#19 /home/user/vendor/laravel/framework/src/Illuminate/Foundation/Http/Middleware/ConvertEmptyStringsToNull.php(31): Illuminate\\Foundation\\Http\\Middleware\\TransformsRequest->handle()
#20 /home/user/vendor/laravel/framework/src/Illuminate/Pipeline/Pipeline.php(209): Illuminate\\Foundation\\Http\\Middleware\\ConvertEmptyStringsToNull->handle()
#21 /home/user/vendor/laravel/framework/src/Illuminate/Foundation/Http/Middleware/TransformsRequest.php(21): Illuminate\\Pipeline\\Pipeline->{closure:{closure:Illuminate\\Pipeline\\Pipeline::carry():184}:185}()
#22 /home/user/vendor/laravel/framework/src/Illuminate/Foundation/Http/Middleware/TrimStrings.php(51): Illuminate\\Foundation\\Http\\Middleware\\TransformsRequest->handle()
#23 /home/user/vendor/laravel/framework/src/Illuminate/Pipeline/Pipeline.php(209): Illuminate\\Foundation\\Http\\Middleware\\TrimStrings->handle()
#24 /home/user/vendor/laravel/framework/src/Illuminate/Http/Middleware/ValidatePostSize.php(27): Illuminate\\Pipeline\\Pipeline->{closure:{closure:Illuminate\\Pipeline\\Pipeline::carry():184}:185}()
#25 /home/user/vendor/laravel/framework/src/Illuminate/Pipeline/Pipeline.php(209): Illuminate\\Http\\Middleware\\ValidatePostSize->handle()
#26 /home/user/vendor/laravel/framework/src/Illuminate/Foundation/Http/Middleware/PreventRequestsDuringMaintenance.php(110): Illuminate\\Pipeline\\Pipeline->{closure:{closure:Illuminate\\Pipeline\\Pipeline::carry():184}:185}()
#27 /home/user/vendor/laravel/framework/src/Illuminate/Pipeline/Pipeline.php(209): Illuminate\\Foundation\\Http\\Middleware\\PreventRequestsDuringMaintenance->handle()
#28 /home/user/vendor/laravel/framework/src/Illuminate/Http/Middleware/HandleCors.php(62): Illuminate\\Pipeline\\Pipeline->{closure:{closure:Illuminate\\Pipeline\\Pipeline::carry():184}:185}()
#29 /home/user/vendor/laravel/framework/src/Illuminate/Pipeline/Pipeline.php(209): Illuminate\\Http\\Middleware\\HandleCors->handle()
#30 /home/user/vendor/laravel/framework/src/Illuminate/Http/Middleware/TrustProxies.php(58): Illuminate\\Pipeline\\Pipeline->{closure:{closure:Illuminate\\Pipeline\\Pipeline::carry():184}:185}()
#31 /home/user/vendor/laravel/framework/src/Illuminate/Pipeline/Pipeline.php(209): Illuminate\\Http\\Middleware\\TrustProxies->handle()
#32 /home/user/vendor/laravel/framework/src/Illuminate/Foundation/Http/Middleware/InvokeDeferredCallbacks.php(22): Illuminate\\Pipeline\\Pipeline->{closure:{closure:Illuminate\\Pipeline\\Pipeline::carry():184}:185}()
#33 /home/user/vendor/laravel/framework/src/Illuminate/Pipeline/Pipeline.php(209): Illuminate\\Foundation\\Http\\Middleware\\InvokeDeferredCallbacks->handle()
#34 /home/user/vendor/laravel/framework/src/Illuminate/Pipeline/Pipeline.php(127): Illuminate\\Pipeline\\Pipeline->{closure:{closure:Illuminate\\Pipeline\\Pipeline::carry():184}:185}()
#35 /home/user/vendor/laravel/framework/src/Illuminate/Foundation/Http/Kernel.php(176): Illuminate\\Pipeline\\Pipeline->then()
#36 /home/user/vendor/laravel/framework/src/Illuminate/Foundation/Http/Kernel.php(145): Illuminate\\Foundation\\Http\\Kernel->sendRequestThroughRouter()
#37 /home/user/vendor/laravel/framework/src/Illuminate/Foundation/Testing/Concerns/MakesHttpRequests.php(607): Illuminate\\Foundation\\Http\\Kernel->handle()
#38 /home/user/vendor/laravel/framework/src/Illuminate/Foundation/Testing/Concerns/MakesHttpRequests.php(573): Illuminate\\Foundation\\Testing\\TestCase->call()
#39 /home/user/vendor/laravel/framework/src/Illuminate/Foundation/Testing/Concerns/MakesHttpRequests.php(381): Illuminate\\Foundation\\Testing\\TestCase->json()
#40 /home/user/tests/Feature/Api/V1/BetPurchaseApiTest.php(1001): Illuminate\\Foundation\\Testing\\TestCase->getJson()
#41 /home/user/vendor/phpunit/phpunit/src/Framework/TestCase.php(1667): Tests\\Feature\\Api\\V1\\BetPurchaseApiTest->am_an_unexpected_failure_never_exposes_a_stack_trace_or_internals()
#42 /home/user/vendor/phpunit/phpunit/src/Framework/TestCase.php(519): PHPUnit\\Framework\\TestCase->runTest()
#43 /home/user/vendor/phpunit/phpunit/src/Framework/TestRunner/TestRunner.php(87): PHPUnit\\Framework\\TestCase->runBare()
#44 /home/user/vendor/phpunit/phpunit/src/Framework/TestCase.php(365): PHPUnit\\Framework\\TestRunner->run()
#45 /home/user/vendor/phpunit/phpunit/src/Framework/TestSuite.php(369): PHPUnit\\Framework\\TestCase->run()
#46 /home/user/vendor/phpunit/phpunit/src/Framework/TestSuite.php(369): PHPUnit\\Framework\\TestSuite->run()
#47 /home/user/vendor/phpunit/phpunit/src/Framework/TestSuite.php(369): PHPUnit\\Framework\\TestSuite->run()
#48 /home/user/vendor/phpunit/phpunit/src/TextUI/TestRunner.php(64): PHPUnit\\Framework\\TestSuite->run()
#49 /home/user/vendor/phpunit/phpunit/src/TextUI/Application.php(211): PHPUnit\\TextUI\\TestRunner->run()
#50 /home/user/vendor/phpunit/phpunit/phpunit(104): PHPUnit\\TextUI\\Application->run()
#51 /home/user/vendor/bin/phpunit(122): include('...')
#52 {main}
","path":"api/v1/__phase44_failure_probe","method":"GET","user_id":null} 
[2026-09-03 14:34:25] testing.CRITICAL: Limit Exceeded (Critical Risk) on number 123 [3d] for draw 1. {"risk_alert_type":"limit_exceeded","risk_level":"critical","audit_log_id":1} 
[2026-09-03 14:34:25] testing.CRITICAL: Critical Exposure (Critical Risk) on number 123 [3d] for draw 1. {"risk_alert_type":"critical_exposure","risk_level":"critical","audit_log_id":2} 
[2026-09-03 14:34:27] testing.INFO: lottery.automation.provisioned {"created":2,"existing":0,"horizon_days":40} 
[2026-09-03 14:34:27] testing.INFO: lottery.automation.provisioned {"created":7,"existing":0,"horizon_days":120} 
[2026-09-03 14:34:27] testing.INFO: lottery.automation.provisioned {"created":0,"existing":7,"horizon_days":120} 
[2026-09-03 14:34:27] testing.INFO: lottery.automation.provisioned {"created":2,"existing":0,"horizon_days":40} 
[2026-09-03 14:34:27] testing.INFO: lottery.automation.provisioned {"created":0,"existing":2,"horizon_days":40} 
[2026-09-03 14:34:27] testing.INFO: lottery.automation.run {"command":"lottery:open-draws","activity":"open","processed":1,"failed":0,"skipped":0,"candidates":1} 
[2026-09-03 14:34:27] testing.INFO: lottery.automation.run {"command":"lottery:close-draws","activity":"close","processed":1,"failed":0,"skipped":0,"candidates":1} 
[2026-09-03 14:34:27] testing.INFO: lottery.automation.run {"command":"lottery:close-draws","activity":"close","processed":1,"failed":0,"skipped":0,"candidates":1} 
[2026-09-03 14:34:27] testing.INFO: lottery.automation.run {"command":"lottery:close-draws","activity":"close","processed":1,"failed":0,"skipped":0,"candidates":1} 
[2026-09-03 14:34:27] testing.INFO: lottery.automation.run {"command":"lottery:mark-results-pending","activity":"mark result-pending","processed":1,"failed":0,"skipped":0,"candidates":1} 
[2026-09-03 14:34:27] testing.INFO: lottery.automation.run {"command":"lottery:mark-results-pending","activity":"mark result-pending","processed":1,"failed":0,"skipped":0,"candidates":1} 
[2026-09-03 14:34:27] testing.INFO: lottery.automation.run {"command":"lottery:settle-draws","activity":"settle","processed":1,"failed":0,"skipped":0,"candidates":1} 
[2026-09-03 14:34:27] testing.INFO: lottery.automation.run {"command":"lottery:mark-results-pending","activity":"mark result-pending","processed":1,"failed":0,"skipped":0,"candidates":1} 
[2026-09-03 14:34:27] testing.INFO: lottery.automation.run {"command":"lottery:mark-results-pending","activity":"mark result-pending","processed":1,"failed":0,"skipped":0,"candidates":1} 
[2026-09-03 14:34:27] testing.INFO: lottery.automation.run {"command":"lottery:settle-draws","activity":"settle","processed":1,"failed":0,"skipped":0,"candidates":1} 
[2026-09-03 14:34:27] testing.INFO: lottery.automation.run {"command":"lottery:mark-results-pending","activity":"mark result-pending","processed":1,"failed":0,"skipped":0,"candidates":1} 
[2026-09-03 14:34:27] testing.INFO: lottery.automation.run {"command":"lottery:settle-draws","activity":"settle","processed":1,"failed":0,"skipped":0,"candidates":1} 
[2026-09-03 14:34:27] testing.INFO: lottery.automation.run {"command":"lottery:settle-draws","activity":"settle","processed":1,"failed":0,"skipped":0,"candidates":1} 
[2026-09-03 14:34:27] testing.INFO: lottery.automation.run {"command":"lottery:mark-results-pending","activity":"mark result-pending","processed":1,"failed":0,"skipped":0,"candidates":1} 
[2026-09-03 14:34:27] testing.INFO: lottery.automation.run {"command":"lottery:settle-draws","activity":"settle","processed":1,"failed":0,"skipped":0,"candidates":1} 
[2026-09-03 14:34:27] testing.INFO: lottery.automation.run {"command":"lottery:mark-results-pending","activity":"mark result-pending","processed":1,"failed":0,"skipped":0,"candidates":1} 
[2026-09-03 14:34:27] testing.ERROR: lottery.automation.draw_failed {"command":"lottery:settle-draws","activity":"settle","draw_id":1,"draw_number":"DR-TEST-0015","exception":"[object] (App\\Exceptions\\DrawLifecycleException(code: 0): Draw 1 is in state result_published, which implies a published official result, but no draw_results row exists for it. This is refused rather than repaired. at /home/user/app/Exceptions/DrawLifecycleException.php:252)
[stacktrace]
#0 /home/user/app/Services/Draw/DrawSettlementSimulationService.php(200): App\\Exceptions\\DrawLifecycleException::resultMissing()
#1 /home/user/app/Services/Draw/DrawSettlementSimulationService.php(393): App\\Services\\Draw\\DrawSettlementSimulationService->publishedResultFor()
#2 /home/user/app/Services/Draw/DrawSettlementSimulationService.php(156): App\\Services\\Draw\\DrawSettlementSimulationService->performSettlement()
#3 /home/user/vendor/laravel/framework/src/Illuminate/Database/Concerns/ManagesTransactions.php(32): App\\Services\\Draw\\DrawSettlementSimulationService->{closure:App\\Services\\Draw\\DrawSettlementSimulationService::settle():145}()
#4 /home/user/vendor/laravel/framework/src/Illuminate/Database/DatabaseManager.php(495): Illuminate\\Database\\Connection->transaction()
#5 /home/user/vendor/laravel/framework/src/Illuminate/Support/Facades/Facade.php(361): Illuminate\\Database\\DatabaseManager->__call()
#6 /home/user/app/Services/Draw/DrawSettlementSimulationService.php(145): Illuminate\\Support\\Facades\\Facade::__callStatic()
#7 /home/user/app/Console/Commands/Lottery/SettleDrawsCommand.php(90): App\\Services\\Draw\\DrawSettlementSimulationService->settle()
#8 /home/user/app/Console/Commands/Lottery/LotteryAutomationCommand.php(155): App\\Console\\Commands\\Lottery\\SettleDrawsCommand->{closure:App\\Console\\Commands\\Lottery\\SettleDrawsCommand::handle():89}()
#9 /home/user/app/Console/Commands/Lottery/SettleDrawsCommand.php(87): App\\Console\\Commands\\Lottery\\LotteryAutomationCommand->eachDueDraw()
#10 /home/user/vendor/laravel/framework/src/Illuminate/Container/BoundMethod.php(36): App\\Console\\Commands\\Lottery\\SettleDrawsCommand->handle()
#11 /home/user/vendor/laravel/framework/src/Illuminate/Container/Util.php(43): Illuminate\\Container\\BoundMethod::{closure:Illuminate\\Container\\BoundMethod::call():35}()
#12 /home/user/vendor/laravel/framework/src/Illuminate/Container/BoundMethod.php(95): Illuminate\\Container\\Util::unwrapIfClosure()
#13 /home/user/vendor/laravel/framework/src/Illuminate/Container/BoundMethod.php(35): Illuminate\\Container\\BoundMethod::callBoundMethod()
#14 /home/user/vendor/laravel/framework/src/Illuminate/Container/Container.php(696): Illuminate\\Container\\BoundMethod::call()
#15 /home/user/vendor/laravel/framework/src/Illuminate/Console/Command.php(213): Illuminate\\Container\\Container->call()
#16 /home/user/vendor/symfony/console/Command/Command.php(341): Illuminate\\Console\\Command->execute()
#17 /home/user/vendor/laravel/framework/src/Illuminate/Console/Command.php(182): Symfony\\Component\\Console\\Command\\Command->run()
#18 /home/user/vendor/symfony/console/Application.php(1094): Illuminate\\Console\\Command->run()
#19 /home/user/vendor/symfony/console/Application.php(356): Symfony\\Component\\Console\\Application->doRunCommand()
#20 /home/user/vendor/symfony/console/Application.php(195): Symfony\\Component\\Console\\Application->doRun()
#21 /home/user/vendor/laravel/framework/src/Illuminate/Console/Application.php(166): Symfony\\Component\\Console\\Application->run()
#22 /home/user/vendor/laravel/framework/src/Illuminate/Foundation/Console/Kernel.php(427): Illuminate\\Console\\Application->call()
#23 /home/user/vendor/laravel/framework/src/Illuminate/Testing/PendingCommand.php(332): Illuminate\\Foundation\\Console\\Kernel->call()
#24 /home/user/vendor/laravel/framework/src/Illuminate/Testing/PendingCommand.php(556): Illuminate\\Testing\\PendingCommand->run()
#25 /home/user/tests/Feature/Console/DrawAutomationTest.php(334): Illuminate\\Testing\\PendingCommand->__destruct()
#26 /home/user/vendor/phpunit/phpunit/src/Framework/TestCase.php(1667): Tests\\Feature\\Console\\DrawAutomationTest->one_bad_draw_does_not_stop_the_batch_and_the_command_still_reports_failure()
#27 /home/user/vendor/phpunit/phpunit/src/Framework/TestCase.php(519): PHPUnit\\Framework\\TestCase->runTest()
#28 /home/user/vendor/phpunit/phpunit/src/Framework/TestRunner/TestRunner.php(87): PHPUnit\\Framework\\TestCase->runBare()
#29 /home/user/vendor/phpunit/phpunit/src/Framework/TestCase.php(365): PHPUnit\\Framework\\TestRunner->run()
#30 /home/user/vendor/phpunit/phpunit/src/Framework/TestSuite.php(369): PHPUnit\\Framework\\TestCase->run()
#31 /home/user/vendor/phpunit/phpunit/src/Framework/TestSuite.php(369): PHPUnit\\Framework\\TestSuite->run()
#32 /home/user/vendor/phpunit/phpunit/src/Framework/TestSuite.php(369): PHPUnit\\Framework\\TestSuite->run()
#33 /home/user/vendor/phpunit/phpunit/src/TextUI/TestRunner.php(64): PHPUnit\\Framework\\TestSuite->run()
#34 /home/user/vendor/phpunit/phpunit/src/TextUI/Application.php(211): PHPUnit\\TextUI\\TestRunner->run()
#35 /home/user/vendor/phpunit/phpunit/phpunit(104): PHPUnit\\TextUI\\Application->run()
#36 /home/user/vendor/bin/phpunit(122): include('...')
#37 {main}
"} 
[2026-09-03 14:34:27] testing.INFO: lottery.automation.run {"command":"lottery:settle-draws","activity":"settle","processed":1,"failed":1,"skipped":0,"candidates":2} 
[2026-09-03 14:34:27] testing.INFO: lottery.tick {"steps":5,"failed_steps":[],"duration_ms":1.0,"dry_run":false} 
[2026-09-03 14:34:27] testing.INFO: lottery.automation.run {"command":"lottery:open-draws","activity":"open","processed":1,"failed":0,"skipped":0,"candidates":1} 
[2026-09-03 14:34:27] testing.INFO: lottery.automation.run {"command":"lottery:close-draws","activity":"close","processed":2,"failed":0,"skipped":0,"candidates":2} 
[2026-09-03 14:34:27] testing.INFO: lottery.automation.provisioned {"created":6,"existing":0,"horizon_days":90} 
[2026-09-03 14:34:27] testing.INFO: lottery.automation.run {"command":"lottery:open-draws","activity":"open","processed":1,"failed":0,"skipped":0,"candidates":1} 
[2026-09-03 14:34:27] testing.INFO: lottery.automation.run {"command":"lottery:close-draws","activity":"close","processed":1,"failed":0,"skipped":0,"candidates":1} 
[2026-09-03 14:34:27] testing.INFO: lottery.automation.run {"command":"lottery:mark-results-pending","activity":"mark result-pending","processed":1,"failed":0,"skipped":0,"candidates":1} 
[2026-09-03 14:34:27] testing.INFO: lottery.tick {"steps":5,"failed_steps":[],"duration_ms":20.0,"dry_run":false} 
[2026-09-03 14:34:27] testing.INFO: lottery.automation.provisioned {"created":6,"existing":0,"horizon_days":90} 
[2026-09-03 14:34:27] testing.INFO: lottery.automation.run {"command":"lottery:open-draws","activity":"open","processed":1,"failed":0,"skipped":0,"candidates":1} 
[2026-09-03 14:34:27] testing.INFO: lottery.automation.run {"command":"lottery:close-draws","activity":"close","processed":1,"failed":0,"skipped":0,"candidates":1} 
[2026-09-03 14:34:27] testing.INFO: lottery.automation.run {"command":"lottery:mark-results-pending","activity":"mark result-pending","processed":1,"failed":0,"skipped":0,"candidates":1} 
[2026-09-03 14:34:27] testing.INFO: lottery.tick {"steps":5,"failed_steps":[],"duration_ms":22.0,"dry_run":false} 
[2026-09-03 14:34:28] testing.INFO: lottery.automation.run {"command":"lottery:mark-results-pending","activity":"mark result-pending","processed":1,"failed":0,"skipped":0,"candidates":1} 
[2026-09-03 14:34:28] testing.INFO: lottery.publication.published {"draw_id":1,"draw_number":"DR-TEST-0025","winning_numbers":6,"operator_command":true} 
[2026-09-03 14:34:28] testing.INFO: lottery.automation.run {"command":"lottery:mark-results-pending","activity":"mark result-pending","processed":1,"failed":0,"skipped":0,"candidates":1} 
[2026-09-03 14:34:28] testing.WARNING: lottery.publication.refused {"draw_id":1,"draw_number":"DR-TEST-0026","exception":"[object] (App\\Exceptions\\DrawResultValidationException(code: 0): The official first prize number must be exactly 6 digits. Received \"12\", which is 2. Leading zeroes count as digits and are never stripped. at /home/user/app/Exceptions/DrawResultValidationException.php:119)
[stacktrace]
#0 /home/user/app/Services/Draw/DrawResultValidator.php(205): App\\Exceptions\\DrawResultValidationException::firstPrizeLength()
#1 /home/user/app/Services/Draw/DrawResultValidator.php(131): App\\Services\\Draw\\DrawResultValidator->validateFirstPrize()
#2 /home/user/app/Services/Draw/DrawResultPublicationService.php(105): App\\Services\\Draw\\DrawResultValidator->validate()
#3 /home/user/app/Console/Commands/Lottery/PublishDrawResultCommand.php(104): App\\Services\\Draw\\DrawResultPublicationService->publish()
#4 /home/user/vendor/laravel/framework/src/Illuminate/Container/BoundMethod.php(36): App\\Console\\Commands\\Lottery\\PublishDrawResultCommand->handle()
#5 /home/user/vendor/laravel/framework/src/Illuminate/Container/Util.php(43): Illuminate\\Container\\BoundMethod::{closure:Illuminate\\Container\\BoundMethod::call():35}()
#6 /home/user/vendor/laravel/framework/src/Illuminate/Container/BoundMethod.php(95): Illuminate\\Container\\Util::unwrapIfClosure()
#7 /home/user/vendor/laravel/framework/src/Illuminate/Container/BoundMethod.php(35): Illuminate\\Container\\BoundMethod::callBoundMethod()
#8 /home/user/vendor/laravel/framework/src/Illuminate/Container/Container.php(696): Illuminate\\Container\\BoundMethod::call()
#9 /home/user/vendor/laravel/framework/src/Illuminate/Console/Command.php(213): Illuminate\\Container\\Container->call()
#10 /home/user/vendor/symfony/console/Command/Command.php(341): Illuminate\\Console\\Command->execute()
#11 /home/user/vendor/laravel/framework/src/Illuminate/Console/Command.php(182): Symfony\\Component\\Console\\Command\\Command->run()
#12 /home/user/vendor/symfony/console/Application.php(1094): Illuminate\\Console\\Command->run()
#13 /home/user/vendor/symfony/console/Application.php(356): Symfony\\Component\\Console\\Application->doRunCommand()
#14 /home/user/vendor/symfony/console/Application.php(195): Symfony\\Component\\Console\\Application->doRun()
#15 /home/user/vendor/laravel/framework/src/Illuminate/Console/Application.php(166): Symfony\\Component\\Console\\Application->run()
#16 /home/user/vendor/laravel/framework/src/Illuminate/Foundation/Console/Kernel.php(427): Illuminate\\Console\\Application->call()
#17 /home/user/vendor/laravel/framework/src/Illuminate/Testing/PendingCommand.php(332): Illuminate\\Foundation\\Console\\Kernel->call()
#18 /home/user/vendor/laravel/framework/src/Illuminate/Testing/PendingCommand.php(556): Illuminate\\Testing\\PendingCommand->run()
#19 /home/user/tests/Feature/Console/DrawAutomationTest.php(443): Illuminate\\Testing\\PendingCommand->__destruct()
#20 /home/user/vendor/phpunit/phpunit/src/Framework/TestCase.php(1667): Tests\\Feature\\Console\\DrawAutomationTest->publication_refuses_numbers_the_validator_rejects_and_writes_nothing()
#21 /home/user/vendor/phpunit/phpunit/src/Framework/TestCase.php(519): PHPUnit\\Framework\\TestCase->runTest()
#22 /home/user/vendor/phpunit/phpunit/src/Framework/TestRunner/TestRunner.php(87): PHPUnit\\Framework\\TestCase->runBare()
#23 /home/user/vendor/phpunit/phpunit/src/Framework/TestCase.php(365): PHPUnit\\Framework\\TestRunner->run()
#24 /home/user/vendor/phpunit/phpunit/src/Framework/TestSuite.php(369): PHPUnit\\Framework\\TestCase->run()
#25 /home/user/vendor/phpunit/phpunit/src/Framework/TestSuite.php(369): PHPUnit\\Framework\\TestSuite->run()
#26 /home/user/vendor/phpunit/phpunit/src/Framework/TestSuite.php(369): PHPUnit\\Framework\\TestSuite->run()
#27 /home/user/vendor/phpunit/phpunit/src/TextUI/TestRunner.php(64): PHPUnit\\Framework\\TestSuite->run()
#28 /home/user/vendor/phpunit/phpunit/src/TextUI/Application.php(211): PHPUnit\\TextUI\\TestRunner->run()
#29 /home/user/vendor/phpunit/phpunit/phpunit(104): PHPUnit\\TextUI\\Application->run()
#30 /home/user/vendor/bin/phpunit(122): include('...')
#31 {main}
"} 
[2026-09-03 14:34:28] testing.WARNING: lottery.publication.refused {"draw_id":1,"draw_number":"DR-TEST-0027","exception":"[object] (App\\Exceptions\\DrawLifecycleException(code: 0): Draw 1 is in state open; an official result may only be published from result_pending. at /home/user/app/Exceptions/DrawLifecycleException.php:191)
[stacktrace]
#0 /home/user/app/Services/Draw/DrawLifecycleService.php(385): App\\Exceptions\\DrawLifecycleException::notPublishable()
#1 /home/user/app/Services/Draw/DrawResultPublicationService.php(110): App\\Services\\Draw\\DrawLifecycleService->assertCanPublishResult()
#2 /home/user/vendor/laravel/framework/src/Illuminate/Database/Concerns/ManagesTransactions.php(32): App\\Services\\Draw\\DrawResultPublicationService->{closure:App\\Services\\Draw\\DrawResultPublicationService::publish():107}()
#3 /home/user/vendor/laravel/framework/src/Illuminate/Database/DatabaseManager.php(495): Illuminate\\Database\\Connection->transaction()
#4 /home/user/vendor/laravel/framework/src/Illuminate/Support/Facades/Facade.php(361): Illuminate\\Database\\DatabaseManager->__call()
#5 /home/user/app/Services/Draw/DrawResultPublicationService.php(139): Illuminate\\Support\\Facades\\Facade::__callStatic()
#6 /home/user/app/Console/Commands/Lottery/PublishDrawResultCommand.php(104): App\\Services\\Draw\\DrawResultPublicationService->publish()
#7 /home/user/vendor/laravel/framework/src/Illuminate/Container/BoundMethod.php(36): App\\Console\\Commands\\Lottery\\PublishDrawResultCommand->handle()
#8 /home/user/vendor/laravel/framework/src/Illuminate/Container/Util.php(43): Illuminate\\Container\\BoundMethod::{closure:Illuminate\\Container\\BoundMethod::call():35}()
#9 /home/user/vendor/laravel/framework/src/Illuminate/Container/BoundMethod.php(95): Illuminate\\Container\\Util::unwrapIfClosure()
#10 /home/user/vendor/laravel/framework/src/Illuminate/Container/BoundMethod.php(35): Illuminate\\Container\\BoundMethod::callBoundMethod()
#11 /home/user/vendor/laravel/framework/src/Illuminate/Container/Container.php(696): Illuminate\\Container\\BoundMethod::call()
#12 /home/user/vendor/laravel/framework/src/Illuminate/Console/Command.php(213): Illuminate\\Container\\Container->call()
#13 /home/user/vendor/symfony/console/Command/Command.php(341): Illuminate\\Console\\Command->execute()
#14 /home/user/vendor/laravel/framework/src/Illuminate/Console/Command.php(182): Symfony\\Component\\Console\\Command\\Command->run()
#15 /home/user/vendor/symfony/console/Application.php(1094): Illuminate\\Console\\Command->run()
#16 /home/user/vendor/symfony/console/Application.php(356): Symfony\\Component\\Console\\Application->doRunCommand()
#17 /home/user/vendor/symfony/console/Application.php(195): Symfony\\Component\\Console\\Application->doRun()
#18 /home/user/vendor/laravel/framework/src/Illuminate/Console/Application.php(166): Symfony\\Component\\Console\\Application->run()
#19 /home/user/vendor/laravel/framework/src/Illuminate/Foundation/Console/Kernel.php(427): Illuminate\\Console\\Application->call()
#20 /home/user/vendor/laravel/framework/src/Illuminate/Testing/PendingCommand.php(332): Illuminate\\Foundation\\Console\\Kernel->call()
#21 /home/user/vendor/laravel/framework/src/Illuminate/Testing/PendingCommand.php(556): Illuminate\\Testing\\PendingCommand->run()
#22 /home/user/tests/Feature/Console/DrawAutomationTest.php(459): Illuminate\\Testing\\PendingCommand->__destruct()
#23 /home/user/vendor/phpunit/phpunit/src/Framework/TestCase.php(1667): Tests\\Feature\\Console\\DrawAutomationTest->publication_is_refused_for_a_draw_that_is_not_awaiting_its_result()
#24 /home/user/vendor/phpunit/phpunit/src/Framework/TestCase.php(519): PHPUnit\\Framework\\TestCase->runTest()
#25 /home/user/vendor/phpunit/phpunit/src/Framework/TestRunner/TestRunner.php(87): PHPUnit\\Framework\\TestCase->runBare()
#26 /home/user/vendor/phpunit/phpunit/src/Framework/TestCase.php(365): PHPUnit\\Framework\\TestRunner->run()
#27 /home/user/vendor/phpunit/phpunit/src/Framework/TestSuite.php(369): PHPUnit\\Framework\\TestCase->run()
#28 /home/user/vendor/phpunit/phpunit/src/Framework/TestSuite.php(369): PHPUnit\\Framework\\TestSuite->run()
#29 /home/user/vendor/phpunit/phpunit/src/Framework/TestSuite.php(369): PHPUnit\\Framework\\TestSuite->run()
#30 /home/user/vendor/phpunit/phpunit/src/TextUI/TestRunner.php(64): PHPUnit\\Framework\\TestSuite->run()
#31 /home/user/vendor/phpunit/phpunit/src/TextUI/Application.php(211): PHPUnit\\TextUI\\TestRunner->run()
#32 /home/user/vendor/phpunit/phpunit/phpunit(104): PHPUnit\\TextUI\\Application->run()
#33 /home/user/vendor/bin/phpunit(122): include('...')
#34 {main}
"} 
[2026-09-03 14:34:28] testing.INFO: lottery.automation.run {"command":"lottery:mark-results-pending","activity":"mark result-pending","processed":1,"failed":0,"skipped":0,"candidates":1} 
[2026-09-03 14:35:23] testing.INFO: bet_purchase.api.success {"outcome":"purchased","bet_id":1,"bet_number":"BT-20260903-092122B150FE","ticket_id":1,"draw_id":1,"currency":"THB","stake":"10.00","client_key":"api-3fac7e5042598962807ac50192f07570561b1f92","request_id":"426d34232a2667faef2b47ff19a06d3b","user_id":1} 
[2026-09-03 14:35:23] testing.INFO: bet_purchase.api.success {"outcome":"purchased","bet_id":1,"bet_number":"BT-20260903-89D72A8CF701","ticket_id":1,"draw_id":1,"currency":"THB","stake":"10.00","client_key":"api-a676f40bd6585d6668cbe33a51f09953c02a7fef","request_id":"9ab109302523ef0d147e70bba8e7b7f7","user_id":1} 
[2026-09-03 14:35:23] testing.INFO: bet_purchase.api.success {"outcome":"purchased","bet_id":1,"bet_number":"BT-20260903-A638702931E4","ticket_id":1,"draw_id":1,"currency":"THB","stake":"10.00","client_key":"api-f7b8f591922e9b515c83f0ca28847379e14e3f93","request_id":"1e3d9b725ec5b55561b898294ab05886","user_id":1} 
[2026-09-03 14:35:23] testing.INFO: bet_purchase.api.success {"outcome":"purchased","bet_id":1,"bet_number":"BT-20260903-B78ED68D0268","ticket_id":1,"draw_id":1,"currency":"THB","stake":"10.00","client_key":"api-e187d76746182cbb563423de65c53cff48e1b26c","request_id":"6e1c9daf8ac96bb7a82ffaafaf8de992","user_id":1} 
[2026-09-03 14:35:23] testing.INFO: bet_purchase.api.success {"outcome":"purchased","bet_id":1,"bet_number":"BT-20260903-8CFBC4E5DABD","ticket_id":1,"draw_id":1,"currency":"THB","stake":"10.00","client_key":"api-bd6c2f1a5ca9ea80b589a486be6f1ed025590bed","request_id":"78a8036bf2eaf7eab1f0057868ba15c8","user_id":1} 
[2026-09-03 14:35:24] testing.INFO: bet_purchase.api.success {"outcome":"purchased","bet_id":1,"bet_number":"BT-20260903-5F57B4616D0B","ticket_id":1,"draw_id":1,"currency":"THB","stake":"10.00","client_key":"api-8e924a7dac69469f40b6a9525e68f510b7972699","request_id":"3811754da4914905ae6a03de555a41e3","user_id":1} 
[2026-09-03 14:35:24] testing.INFO: bet_purchase.api.success {"outcome":"purchased","bet_id":1,"bet_number":"BT-20260903-0C81DD5F0D71","ticket_id":1,"draw_id":1,"currency":"THB","stake":"10.00","client_key":"api-63e4863923f9d99f637040c4ecaa95eaf5e39f31","request_id":"e074cd7a6a505f72b41da78fcf913434","user_id":1} 
[2026-09-03 14:35:24] testing.INFO: bet_purchase.api.success {"outcome":"purchased","bet_id":1,"bet_number":"BT-20260903-EA7D4C1A22D7","ticket_id":1,"draw_id":1,"currency":"THB","stake":"10.00","client_key":"api-1d2da6cca6185013559ff92e6eedc11e93618224","request_id":"d4902e6fa3d382428c76191be88da749","user_id":1} 
[2026-09-03 14:35:24] testing.INFO: bet_purchase.api.success {"outcome":"purchased","bet_id":1,"bet_number":"BT-20260903-6DD2E1C851C4","ticket_id":1,"draw_id":1,"currency":"THB","stake":"10.00","client_key":"api-4fed3970dcc0d31dccddbf69ef55b00f32d2ca78","request_id":"273aadd404a39df6b1a493f74b984f88","user_id":1} 
[2026-09-03 14:35:24] testing.INFO: bet_purchase.api.success {"outcome":"purchased","bet_id":1,"bet_number":"BT-20260903-EA58E081D768","ticket_id":1,"draw_id":1,"currency":"THB","stake":"10.00","client_key":"api-3e23e8160039594a33894f6564e1b1348bbd7a00","request_id":"a9d84a5931ed0cd1a0e5006199966ef7","user_id":1} 
[2026-09-03 14:35:24] testing.INFO: bet_purchase.api.success {"outcome":"purchased","bet_id":1,"bet_number":"BT-20260903-B31CD53BCE27","ticket_id":1,"draw_id":1,"currency":"THB","stake":"10.00","client_key":"api-2e7d2c03a9507ae265ecf5b5356885a53393a202","request_id":"5f23fa376dda192bf815ede5b29d8d11","user_id":1} 
[2026-09-03 14:35:24] testing.INFO: bet_purchase.api.refused {"outcome":"refused","error_code":"draw_not_found","http_status":404,"exception":"App\\Exceptions\\BetPurchaseValidationException","client_key":"api-3f79bb7b435b05321651daefd374cdc681dc06fa","request_id":"866eb4c4410aee32a1cafd02af9de329","user_id":1} 
[2026-09-03 14:35:24] testing.INFO: bet_purchase.api.refused {"outcome":"refused","error_code":"draw_closed","http_status":422,"exception":"App\\Exceptions\\BetPurchaseValidationException","client_key":"api-252f10c83610ebca1a059c0bae8255eba2f95be4","request_id":"d9d300bec685aefe924a11a78ea40786","user_id":1} 
[2026-09-03 14:35:24] testing.INFO: bet_purchase.api.success {"outcome":"purchased","bet_id":1,"bet_number":"BT-20260903-2B559006CA31","ticket_id":1,"draw_id":1,"currency":"THB","stake":"10.00","client_key":"api-de7d1b721a1e0632b7cf04edf5032c8ecffa9f9a","request_id":"bdf49bf0a36aeb4b46579521094b968c","user_id":1} 
[2026-09-03 14:35:24] testing.INFO: bet_purchase.api.success {"outcome":"purchased","bet_id":1,"bet_number":"BT-20260903-AAF3A55E8BF9","ticket_id":1,"draw_id":1,"currency":"THB","stake":"10.00","client_key":"api-189f40034be7a199f1fa9891668ee3ab6049f82d","request_id":"c2569d0a99a1497be20074f7fc24b4d7","user_id":1} 
[2026-09-03 14:35:24] testing.INFO: bet_purchase.api.refused {"outcome":"refused","error_code":"invalid_stake","http_status":422,"exception":"App\\Exceptions\\BetPurchaseValidationException","client_key":"api-acac86c0e609ca906f632b0e2dacccb2b77d22b0","request_id":"e09c1c554ba387525fd5125cdaf04211","user_id":1} 
[2026-09-03 14:35:24] testing.INFO: bet_purchase.api.refused {"outcome":"refused","error_code":"insufficient_balance","http_status":422,"exception":"App\\Exceptions\\BetPurchaseException","client_key":"api-1b16b1df538ba12dc3f97edbb85caa7050d46c14","request_id":"17dcdceae7e7205067ed5cc06b25af79","user_id":1} 
[2026-09-03 14:35:25] testing.INFO: bet_purchase.api.refused {"outcome":"refused","error_code":"risk_rejected","http_status":422,"exception":"App\\Exceptions\\BetPurchaseValidationException","client_key":"api-65c74c15a686187bb6bbf9958f494fc6b8006803","request_id":"afcc65c6bcccde1df738d004cea67119","user_id":1} 
[2026-09-03 14:35:25] testing.INFO: bet_purchase.api.success {"outcome":"purchased","bet_id":1,"bet_number":"BT-20260903-BCE5084D7A39","ticket_id":1,"draw_id":1,"currency":"THB","stake":"10.00","client_key":"api-148de9c5a7a44d19e56cd9ae1a554bf67847afb0","request_id":"22dab3fea4a396de87812816a98f30c0","user_id":1} 
[2026-09-03 14:35:25] testing.INFO: bet_purchase.api.success {"outcome":"replayed","bet_id":1,"bet_number":"BT-20260903-BCE5084D7A39","ticket_id":1,"draw_id":1,"currency":"THB","stake":"10.00","client_key":"api-148de9c5a7a44d19e56cd9ae1a554bf67847afb0","request_id":"08a693bea10286b4c919bb9f787efafc","user_id":1} 
[2026-09-03 14:35:25] testing.INFO: bet_purchase.api.success {"outcome":"purchased","bet_id":1,"bet_number":"BT-20260903-939F69D741DF","ticket_id":1,"draw_id":1,"currency":"THB","stake":"10.00","client_key":"api-8e35c2cd3bf6641bdb0e2050b76932cbb2e6034a","request_id":"95d80376aaed74ade95dd60864ee5655","user_id":1} 
[2026-09-03 14:35:25] testing.INFO: bet_purchase.api.refused {"outcome":"refused","error_code":"idempotency_payload_mismatch","http_status":409,"exception":"App\\Exceptions\\BetPurchaseIdempotencyException","client_key":"api-8e35c2cd3bf6641bdb0e2050b76932cbb2e6034a","request_id":"cb4af5cb2f712b59c705bebffaf88a09","user_id":1} 
[2026-09-03 14:35:25] testing.INFO: bet_purchase.api.success {"outcome":"purchased","bet_id":1,"bet_number":"BT-20260903-6D4D6D37BF1E","ticket_id":1,"draw_id":1,"currency":"THB","stake":"10.00","client_key":"api-454349e422f05297191ead13e21d3db520e5abef","request_id":"dbac63545a031ae716b57fe3c88d1213","user_id":1} 
[2026-09-03 14:35:25] testing.INFO: bet_purchase.api.success {"outcome":"purchased","bet_id":2,"bet_number":"BT-20260903-72A9E465EED1","ticket_id":2,"draw_id":2,"currency":"THB","stake":"10.00","client_key":"api-454349e422f05297191ead13e21d3db520e5abef","request_id":"150b0e8961b0d95a1a5ee4b9290e691c","user_id":2} 
[2026-09-03 14:35:25] testing.INFO: bet_purchase.api.success {"outcome":"purchased","bet_id":1,"bet_number":"BT-20260903-FD57D638EBF8","ticket_id":1,"draw_id":1,"currency":"THB","stake":"10.00","client_key":"api-043a718774c572bd8a25adbeb1bfcd5c0256ae11","request_id":"376202864ae9e179be296307678fcb04","user_id":1} 
[2026-09-03 14:35:25] testing.INFO: bet_purchase.api.success {"outcome":"purchased","bet_id":2,"bet_number":"BT-20260903-A9B34B0C802F","ticket_id":2,"draw_id":2,"currency":"THB","stake":"10.00","client_key":"api-043a718774c572bd8a25adbeb1bfcd5c0256ae11","request_id":"32483828066c9a30bdaf712db778f76e","user_id":1} 
[2026-09-03 14:35:25] testing.INFO: bet_purchase.api.success {"outcome":"purchased","bet_id":1,"bet_number":"BT-20260903-78EDDC71F84A","ticket_id":1,"draw_id":1,"currency":"THB","stake":"10.00","client_key":"api-e3b98a4da31a127d4bde6e43033f66ba274cab0e","request_id":"72b8ff38d7b15ab43a8ed6247e81f11b","user_id":1} 
[2026-09-03 14:35:25] testing.INFO: bet_purchase.api.success {"outcome":"purchased","bet_id":1,"bet_number":"BT-20260903-7E737F7975F5","ticket_id":1,"draw_id":1,"currency":"THB","stake":"10.00","client_key":"api-2d711642b726b04401627ca9fbac32f5c8530fb1","request_id":"9276bb629947f6fab8dbe9129201157a","user_id":1} 
[2026-09-03 14:35:25] testing.INFO: bet_purchase.api.success {"outcome":"purchased","bet_id":1,"bet_number":"BT-20260903-0D13D02A2670","ticket_id":1,"draw_id":1,"currency":"THB","stake":"10.00","client_key":"api-a1fce4363854ff888cff4b8e7875d600c2682390","request_id":"0eea9c702cfd2d01242e69cef525cd58","user_id":1} 
[2026-09-03 14:35:25] testing.INFO: bet_purchase.api.success {"outcome":"purchased","bet_id":1,"bet_number":"BT-20260903-F9D9963FB086","ticket_id":1,"draw_id":1,"currency":"THB","stake":"10.00","client_key":"api-fb8e20fc2e4c3f248c60c39bd652f3c1347298bb","request_id":"3ed2d64f6a0dacd8ff18723455275d2a","user_id":1} 
[2026-09-03 14:35:25] testing.INFO: bet_purchase.api.success {"outcome":"purchased","bet_id":1,"bet_number":"BT-20260903-B3A4077BFDF9","ticket_id":1,"draw_id":1,"currency":"THB","stake":"10.00","client_key":"api-f45de51cdef30991551e41e882dd7b5404799648","request_id":"88b7c6fcce072e6e2bcd90a259aee367","user_id":1} 
[2026-09-03 14:35:25] testing.INFO: bet_purchase.api.success {"outcome":"purchased","bet_id":1,"bet_number":"BT-20260903-08DA3ED4E13D","ticket_id":1,"draw_id":1,"currency":"THB","stake":"10.00","client_key":"api-b0136a3f0a0fae4b4cbb261ae65b245326d69f8a","request_id":"e598926c16e450d17f5343b9f908dec3","user_id":1} 
[2026-09-03 14:35:26] testing.INFO: bet_purchase.api.success {"outcome":"purchased","bet_id":1,"bet_number":"BT-20260903-D1656A9C1D6A","ticket_id":1,"draw_id":1,"currency":"THB","stake":"10.00","client_key":"api-e5a94045f98e84810bb71edd3ba885463406b087","request_id":"74dec8dc85bb572718e1402d364a99e8","user_id":1} 
[2026-09-03 14:35:26] testing.INFO: bet_purchase.api.success {"outcome":"purchased","bet_id":1,"bet_number":"BT-20260903-D9B7BB0A9037","ticket_id":1,"draw_id":1,"currency":"THB","stake":"10.00","client_key":"api-b797c8d26a988c97a38d4458172406dc19ab0012","request_id":"1a1ad15ad83b068422dcaf73f220d6a6","user_id":1} 
[2026-09-03 14:35:26] testing.INFO: bet_purchase.api.success {"outcome":"purchased","bet_id":1,"bet_number":"BT-20260903-D0E32CA17E15","ticket_id":1,"draw_id":1,"currency":"THB","stake":"10.00","client_key":"api-70ba33708cbfb103f1a8e34afef333ba7dc02102","request_id":"f68919ae513b22a8b6ed502a93a5d631","user_id":1} 
[2026-09-03 14:35:26] testing.INFO: bet_purchase.api.success {"outcome":"purchased","bet_id":1,"bet_number":"BT-20260903-35C013DB6615","ticket_id":1,"draw_id":1,"currency":"THB","stake":"10.00","client_key":"api-f9a00f43e97e3966bb846e76b6795e11512c3bbf","request_id":"238dd558ac980683e574a2ecffd82566","user_id":1} 
[2026-09-03 14:35:26] testing.INFO: bet_purchase.api.success {"outcome":"purchased","bet_id":1,"bet_number":"BT-20260903-F3FFC93DB7A4","ticket_id":1,"draw_id":1,"currency":"THB","stake":"10.00","client_key":"api-503126878d17fcd6bde7df320ff6eb7c278a1c42","request_id":"b6d538d0a94ca8d2517b81431fed51a1","user_id":1} 
[2026-09-03 14:35:26] testing.INFO: bet_purchase.api.success {"outcome":"purchased","bet_id":1,"bet_number":"BT-20260903-2992AD908ACA","ticket_id":1,"draw_id":1,"currency":"THB","stake":"10.00","client_key":"api-9aaf680776b98fd17fe63376120525cbcdffc01b","request_id":"40f462f4e2eef60086637a5844c7229c","user_id":1} 
[2026-09-03 14:35:26] testing.INFO: bet_purchase.api.success {"outcome":"purchased","bet_id":1,"bet_number":"BT-20260903-72AFC795FB04","ticket_id":1,"draw_id":1,"currency":"THB","stake":"10.55","client_key":"api-70a0d5198ebb88f97a2cc83a236a8afcc28c7d9e","request_id":"647feef7cacf6e79bbbe5fe8e5f2983a","user_id":1} 
[2026-09-03 14:35:26] testing.INFO: bet_purchase.api.success {"outcome":"purchased","bet_id":1,"bet_number":"BT-20260903-2EC1C3CE2A37","ticket_id":1,"draw_id":1,"currency":"THB","stake":"10.00","client_key":"api-32e83e92d45d71f69dcf9d214688f03755421086","request_id":"bb98e00eebbc3c85767e0a0f9e881827","user_id":1} 
[2026-09-03 14:35:26] testing.INFO: bet_purchase.api.success {"outcome":"purchased","bet_id":1,"bet_number":"BT-20260903-DF65B6685C21","ticket_id":1,"draw_id":1,"currency":"THB","stake":"10.00","client_key":"api-7d29d73105d636d04ca9fffcf979986d373ac874","request_id":"1df14c61f721684c83610c7a3b58ebf7","user_id":1} 
[2026-09-03 14:35:26] testing.INFO: bet_purchase.api.success {"outcome":"purchased","bet_id":1,"bet_number":"BT-20260903-B01781B8E1F4","ticket_id":1,"draw_id":2,"currency":"THB","stake":"10.00","client_key":"api-6fdb16bc02366c008d809798cb3faae1efba55a5","request_id":"e5dca02321545328e348e236f61f32a1","user_id":2} 
[2026-09-03 14:35:26] testing.ERROR: SQLSTATE[42S02]: Base table or view not found: 1146 Table "thai_lottery.wallets" doesn't exist (Connection: mysql, SQL: select * from `wallets` where `id` = 1) in /var/www/app/Services/Finance/WalletService.php:118 {"exception":"[object] (RuntimeException(code: 0): SQLSTATE[42S02]: Base table or view not found: 1146 Table \"thai_lottery.wallets\" doesn't exist (Connection: mysql, SQL: select * from `wallets` where `id` = 1) in /var/www/app/Services/Finance/WalletService.php:118 at /home/user/tests/Feature/Api/V1/BetPurchaseApiTest.php:993)
[stacktrace]
#0 /home/user/vendor/laravel/framework/src/Illuminate/Routing/CallableDispatcher.php(40): Tests\\Feature\\Api\\V1\\BetPurchaseApiTest->{closure:Tests\\Feature\\Api\\V1\\BetPurchaseApiTest::am_an_unexpected_failure_never_exposes_a_stack_trace_or_internals():990}()
#1 /home/user/vendor/laravel/framework/src/Illuminate/Routing/Route.php(244): Illuminate\\Routing\\CallableDispatcher->dispatch()
#2 /home/user/vendor/laravel/framework/src/Illuminate/Routing/Route.php(215): Illuminate\\Routing\\Route->runCallable()
#3 /home/user/vendor/laravel/framework/src/Illuminate/Routing/Router.php(808): Illuminate\\Routing\\Route->run()
#4 /home/user/vendor/laravel/framework/src/Illuminate/Pipeline/Pipeline.php(170): Illuminate\\Routing\\Router->{closure:Illuminate\\Routing\\Router::runRouteWithinStack():807}()
#5 /home/user/vendor/laravel/framework/src/Illuminate/Routing/Middleware/SubstituteBindings.php(51): Illuminate\\Pipeline\\Pipeline->{closure:Illuminate\\Pipeline\\Pipeline::prepareDestination():168}()
#6 /home/user/vendor/laravel/framework/src/Illuminate/Pipeline/Pipeline.php(209): Illuminate\\Routing\\Middleware\\SubstituteBindings->handle()
#7 /home/user/vendor/laravel/framework/src/Illuminate/Pipeline/Pipeline.php(127): Illuminate\\Pipeline\\Pipeline->{closure:{closure:Illuminate\\Pipeline\\Pipeline::carry():184}:185}()
#8 /home/user/vendor/laravel/framework/src/Illuminate/Routing/Router.php(807): Illuminate\\Pipeline\\Pipeline->then()
#9 /home/user/vendor/laravel/framework/src/Illuminate/Routing/Router.php(786): Illuminate\\Routing\\Router->runRouteWithinStack()
#10 /home/user/vendor/laravel/framework/src/Illuminate/Routing/Router.php(750): Illuminate\\Routing\\Router->runRoute()
#11 /home/user/vendor/laravel/framework/src/Illuminate/Routing/Router.php(739): Illuminate\\Routing\\Router->dispatchToRoute()
#12 /home/user/vendor/laravel/framework/src/Illuminate/Foundation/Http/Kernel.php(201): Illuminate\\Routing\\Router->dispatch()
#13 /home/user/vendor/laravel/framework/src/Illuminate/Pipeline/Pipeline.php(170): Illuminate\\Foundation\\Http\\Kernel->{closure:Illuminate\\Foundation\\Http\\Kernel::dispatchToRouter():198}()
#14 /home/user/vendor/livewire/livewire/src/Features/SupportDisablingBackButtonCache/DisableBackButtonCacheMiddleware.php(19): Illuminate\\Pipeline\\Pipeline->{closure:Illuminate\\Pipeline\\Pipeline::prepareDestination():168}()
#15 /home/user/vendor/laravel/framework/src/Illuminate/Pipeline/Pipeline.php(209): Livewire\\Features\\SupportDisablingBackButtonCache\\DisableBackButtonCacheMiddleware->handle()
#16 /home/user/app/Http/Middleware/SecurityHeaders.php(13): Illuminate\\Pipeline\\Pipeline->{closure:{closure:Illuminate\\Pipeline\\Pipeline::carry():184}:185}()
#17 /home/user/vendor/laravel/framework/src/Illuminate/Pipeline/Pipeline.php(209): App\\Http\\Middleware\\SecurityHeaders->handle()
#18 /home/user/vendor/laravel/framework/src/Illuminate/Foundation/Http/Middleware/TransformsRequest.php(21): Illuminate\\Pipeline\\Pipeline->{closure:{closure:Illuminate\\Pipeline\\Pipeline::carry():184}:185}()
#19 /home/user/vendor/laravel/framework/src/Illuminate/Foundation/Http/Middleware/ConvertEmptyStringsToNull.php(31): Illuminate\\Foundation\\Http\\Middleware\\TransformsRequest->handle()
#20 /home/user/vendor/laravel/framework/src/Illuminate/Pipeline/Pipeline.php(209): Illuminate\\Foundation\\Http\\Middleware\\ConvertEmptyStringsToNull->handle()
#21 /home/user/vendor/laravel/framework/src/Illuminate/Foundation/Http/Middleware/TransformsRequest.php(21): Illuminate\\Pipeline\\Pipeline->{closure:{closure:Illuminate\\Pipeline\\Pipeline::carry():184}:185}()
#22 /home/user/vendor/laravel/framework/src/Illuminate/Foundation/Http/Middleware/TrimStrings.php(51): Illuminate\\Foundation\\Http\\Middleware\\TransformsRequest->handle()
#23 /home/user/vendor/laravel/framework/src/Illuminate/Pipeline/Pipeline.php(209): Illuminate\\Foundation\\Http\\Middleware\\TrimStrings->handle()
#24 /home/user/vendor/laravel/framework/src/Illuminate/Http/Middleware/ValidatePostSize.php(27): Illuminate\\Pipeline\\Pipeline->{closure:{closure:Illuminate\\Pipeline\\Pipeline::carry():184}:185}()
#25 /home/user/vendor/laravel/framework/src/Illuminate/Pipeline/Pipeline.php(209): Illuminate\\Http\\Middleware\\ValidatePostSize->handle()
#26 /home/user/vendor/laravel/framework/src/Illuminate/Foundation/Http/Middleware/PreventRequestsDuringMaintenance.php(110): Illuminate\\Pipeline\\Pipeline->{closure:{closure:Illuminate\\Pipeline\\Pipeline::carry():184}:185}()
#27 /home/user/vendor/laravel/framework/src/Illuminate/Pipeline/Pipeline.php(209): Illuminate\\Foundation\\Http\\Middleware\\PreventRequestsDuringMaintenance->handle()
#28 /home/user/vendor/laravel/framework/src/Illuminate/Http/Middleware/HandleCors.php(62): Illuminate\\Pipeline\\Pipeline->{closure:{closure:Illuminate\\Pipeline\\Pipeline::carry():184}:185}()
#29 /home/user/vendor/laravel/framework/src/Illuminate/Pipeline/Pipeline.php(209): Illuminate\\Http\\Middleware\\HandleCors->handle()
#30 /home/user/vendor/laravel/framework/src/Illuminate/Http/Middleware/TrustProxies.php(58): Illuminate\\Pipeline\\Pipeline->{closure:{closure:Illuminate\\Pipeline\\Pipeline::carry():184}:185}()
#31 /home/user/vendor/laravel/framework/src/Illuminate/Pipeline/Pipeline.php(209): Illuminate\\Http\\Middleware\\TrustProxies->handle()
#32 /home/user/vendor/laravel/framework/src/Illuminate/Foundation/Http/Middleware/InvokeDeferredCallbacks.php(22): Illuminate\\Pipeline\\Pipeline->{closure:{closure:Illuminate\\Pipeline\\Pipeline::carry():184}:185}()
#33 /home/user/vendor/laravel/framework/src/Illuminate/Pipeline/Pipeline.php(209): Illuminate\\Foundation\\Http\\Middleware\\InvokeDeferredCallbacks->handle()
#34 /home/user/vendor/laravel/framework/src/Illuminate/Pipeline/Pipeline.php(127): Illuminate\\Pipeline\\Pipeline->{closure:{closure:Illuminate\\Pipeline\\Pipeline::carry():184}:185}()
#35 /home/user/vendor/laravel/framework/src/Illuminate/Foundation/Http/Kernel.php(176): Illuminate\\Pipeline\\Pipeline->then()
#36 /home/user/vendor/laravel/framework/src/Illuminate/Foundation/Http/Kernel.php(145): Illuminate\\Foundation\\Http\\Kernel->sendRequestThroughRouter()
#37 /home/user/vendor/laravel/framework/src/Illuminate/Foundation/Testing/Concerns/MakesHttpRequests.php(607): Illuminate\\Foundation\\Http\\Kernel->handle()
#38 /home/user/vendor/laravel/framework/src/Illuminate/Foundation/Testing/Concerns/MakesHttpRequests.php(573): Illuminate\\Foundation\\Testing\\TestCase->call()
#39 /home/user/vendor/laravel/framework/src/Illuminate/Foundation/Testing/Concerns/MakesHttpRequests.php(381): Illuminate\\Foundation\\Testing\\TestCase->json()
#40 /home/user/tests/Feature/Api/V1/BetPurchaseApiTest.php(1001): Illuminate\\Foundation\\Testing\\TestCase->getJson()
#41 /home/user/vendor/phpunit/phpunit/src/Framework/TestCase.php(1667): Tests\\Feature\\Api\\V1\\BetPurchaseApiTest->am_an_unexpected_failure_never_exposes_a_stack_trace_or_internals()
#42 /home/user/vendor/phpunit/phpunit/src/Framework/TestCase.php(519): PHPUnit\\Framework\\TestCase->runTest()
#43 /home/user/vendor/phpunit/phpunit/src/Framework/TestRunner/TestRunner.php(87): PHPUnit\\Framework\\TestCase->runBare()
#44 /home/user/vendor/phpunit/phpunit/src/Framework/TestCase.php(365): PHPUnit\\Framework\\TestRunner->run()
#45 /home/user/vendor/phpunit/phpunit/src/Framework/TestSuite.php(369): PHPUnit\\Framework\\TestCase->run()
#46 /home/user/vendor/phpunit/phpunit/src/Framework/TestSuite.php(369): PHPUnit\\Framework\\TestSuite->run()
#47 /home/user/vendor/phpunit/phpunit/src/Framework/TestSuite.php(369): PHPUnit\\Framework\\TestSuite->run()
#48 /home/user/vendor/phpunit/phpunit/src/TextUI/TestRunner.php(64): PHPUnit\\Framework\\TestSuite->run()
#49 /home/user/vendor/phpunit/phpunit/src/TextUI/Application.php(211): PHPUnit\\TextUI\\TestRunner->run()
#50 /home/user/vendor/phpunit/phpunit/phpunit(104): PHPUnit\\TextUI\\Application->run()
#51 /home/user/vendor/bin/phpunit(122): include('...')
#52 {main}
"} 
[2026-09-03 14:35:26] testing.ERROR: api.unhandled_exception {"exception":"[object] (RuntimeException(code: 0): SQLSTATE[42S02]: Base table or view not found: 1146 Table \"thai_lottery.wallets\" doesn't exist (Connection: mysql, SQL: select * from `wallets` where `id` = 1) in /var/www/app/Services/Finance/WalletService.php:118 at /home/user/tests/Feature/Api/V1/BetPurchaseApiTest.php:993)
[stacktrace]
#0 /home/user/vendor/laravel/framework/src/Illuminate/Routing/CallableDispatcher.php(40): Tests\\Feature\\Api\\V1\\BetPurchaseApiTest->{closure:Tests\\Feature\\Api\\V1\\BetPurchaseApiTest::am_an_unexpected_failure_never_exposes_a_stack_trace_or_internals():990}()
#1 /home/user/vendor/laravel/framework/src/Illuminate/Routing/Route.php(244): Illuminate\\Routing\\CallableDispatcher->dispatch()
#2 /home/user/vendor/laravel/framework/src/Illuminate/Routing/Route.php(215): Illuminate\\Routing\\Route->runCallable()
#3 /home/user/vendor/laravel/framework/src/Illuminate/Routing/Router.php(808): Illuminate\\Routing\\Route->run()
#4 /home/user/vendor/laravel/framework/src/Illuminate/Pipeline/Pipeline.php(170): Illuminate\\Routing\\Router->{closure:Illuminate\\Routing\\Router::runRouteWithinStack():807}()
#5 /home/user/vendor/laravel/framework/src/Illuminate/Routing/Middleware/SubstituteBindings.php(51): Illuminate\\Pipeline\\Pipeline->{closure:Illuminate\\Pipeline\\Pipeline::prepareDestination():168}()
#6 /home/user/vendor/laravel/framework/src/Illuminate/Pipeline/Pipeline.php(209): Illuminate\\Routing\\Middleware\\SubstituteBindings->handle()
#7 /home/user/vendor/laravel/framework/src/Illuminate/Pipeline/Pipeline.php(127): Illuminate\\Pipeline\\Pipeline->{closure:{closure:Illuminate\\Pipeline\\Pipeline::carry():184}:185}()
#8 /home/user/vendor/laravel/framework/src/Illuminate/Routing/Router.php(807): Illuminate\\Pipeline\\Pipeline->then()
#9 /home/user/vendor/laravel/framework/src/Illuminate/Routing/Router.php(786): Illuminate\\Routing\\Router->runRouteWithinStack()
#10 /home/user/vendor/laravel/framework/src/Illuminate/Routing/Router.php(750): Illuminate\\Routing\\Router->runRoute()
#11 /home/user/vendor/laravel/framework/src/Illuminate/Routing/Router.php(739): Illuminate\\Routing\\Router->dispatchToRoute()
#12 /home/user/vendor/laravel/framework/src/Illuminate/Foundation/Http/Kernel.php(201): Illuminate\\Routing\\Router->dispatch()
#13 /home/user/vendor/laravel/framework/src/Illuminate/Pipeline/Pipeline.php(170): Illuminate\\Foundation\\Http\\Kernel->{closure:Illuminate\\Foundation\\Http\\Kernel::dispatchToRouter():198}()
#14 /home/user/vendor/livewire/livewire/src/Features/SupportDisablingBackButtonCache/DisableBackButtonCacheMiddleware.php(19): Illuminate\\Pipeline\\Pipeline->{closure:Illuminate\\Pipeline\\Pipeline::prepareDestination():168}()
#15 /home/user/vendor/laravel/framework/src/Illuminate/Pipeline/Pipeline.php(209): Livewire\\Features\\SupportDisablingBackButtonCache\\DisableBackButtonCacheMiddleware->handle()
#16 /home/user/app/Http/Middleware/SecurityHeaders.php(13): Illuminate\\Pipeline\\Pipeline->{closure:{closure:Illuminate\\Pipeline\\Pipeline::carry():184}:185}()
#17 /home/user/vendor/laravel/framework/src/Illuminate/Pipeline/Pipeline.php(209): App\\Http\\Middleware\\SecurityHeaders->handle()
#18 /home/user/vendor/laravel/framework/src/Illuminate/Foundation/Http/Middleware/TransformsRequest.php(21): Illuminate\\Pipeline\\Pipeline->{closure:{closure:Illuminate\\Pipeline\\Pipeline::carry():184}:185}()
#19 /home/user/vendor/laravel/framework/src/Illuminate/Foundation/Http/Middleware/ConvertEmptyStringsToNull.php(31): Illuminate\\Foundation\\Http\\Middleware\\TransformsRequest->handle()
#20 /home/user/vendor/laravel/framework/src/Illuminate/Pipeline/Pipeline.php(209): Illuminate\\Foundation\\Http\\Middleware\\ConvertEmptyStringsToNull->handle()
#21 /home/user/vendor/laravel/framework/src/Illuminate/Foundation/Http/Middleware/TransformsRequest.php(21): Illuminate\\Pipeline\\Pipeline->{closure:{closure:Illuminate\\Pipeline\\Pipeline::carry():184}:185}()
#22 /home/user/vendor/laravel/framework/src/Illuminate/Foundation/Http/Middleware/TrimStrings.php(51): Illuminate\\Foundation\\Http\\Middleware\\TransformsRequest->handle()
#23 /home/user/vendor/laravel/framework/src/Illuminate/Pipeline/Pipeline.php(209): Illuminate\\Foundation\\Http\\Middleware\\TrimStrings->handle()
#24 /home/user/vendor/laravel/framework/src/Illuminate/Http/Middleware/ValidatePostSize.php(27): Illuminate\\Pipeline\\Pipeline->{closure:{closure:Illuminate\\Pipeline\\Pipeline::carry():184}:185}()
#25 /home/user/vendor/laravel/framework/src/Illuminate/Pipeline/Pipeline.php(209): Illuminate\\Http\\Middleware\\ValidatePostSize->handle()
#26 /home/user/vendor/laravel/framework/src/Illuminate/Foundation/Http/Middleware/PreventRequestsDuringMaintenance.php(110): Illuminate\\Pipeline\\Pipeline->{closure:{closure:Illuminate\\Pipeline\\Pipeline::carry():184}:185}()
#27 /home/user/vendor/laravel/framework/src/Illuminate/Pipeline/Pipeline.php(209): Illuminate\\Foundation\\Http\\Middleware\\PreventRequestsDuringMaintenance->handle()
#28 /home/user/vendor/laravel/framework/src/Illuminate/Http/Middleware/HandleCors.php(62): Illuminate\\Pipeline\\Pipeline->{closure:{closure:Illuminate\\Pipeline\\Pipeline::carry():184}:185}()
#29 /home/user/vendor/laravel/framework/src/Illuminate/Pipeline/Pipeline.php(209): Illuminate\\Http\\Middleware\\HandleCors->handle()
#30 /home/user/vendor/laravel/framework/src/Illuminate/Http/Middleware/TrustProxies.php(58): Illuminate\\Pipeline\\Pipeline->{closure:{closure:Illuminate\\Pipeline\\Pipeline::carry():184}:185}()
#31 /home/user/vendor/laravel/framework/src/Illuminate/Pipeline/Pipeline.php(209): Illuminate\\Http\\Middleware\\TrustProxies->handle()
#32 /home/user/vendor/laravel/framework/src/Illuminate/Foundation/Http/Middleware/InvokeDeferredCallbacks.php(22): Illuminate\\Pipeline\\Pipeline->{closure:{closure:Illuminate\\Pipeline\\Pipeline::carry():184}:185}()
#33 /home/user/vendor/laravel/framework/src/Illuminate/Pipeline/Pipeline.php(209): Illuminate\\Foundation\\Http\\Middleware\\InvokeDeferredCallbacks->handle()
#34 /home/user/vendor/laravel/framework/src/Illuminate/Pipeline/Pipeline.php(127): Illuminate\\Pipeline\\Pipeline->{closure:{closure:Illuminate\\Pipeline\\Pipeline::carry():184}:185}()
#35 /home/user/vendor/laravel/framework/src/Illuminate/Foundation/Http/Kernel.php(176): Illuminate\\Pipeline\\Pipeline->then()
#36 /home/user/vendor/laravel/framework/src/Illuminate/Foundation/Http/Kernel.php(145): Illuminate\\Foundation\\Http\\Kernel->sendRequestThroughRouter()
#37 /home/user/vendor/laravel/framework/src/Illuminate/Foundation/Testing/Concerns/MakesHttpRequests.php(607): Illuminate\\Foundation\\Http\\Kernel->handle()
#38 /home/user/vendor/laravel/framework/src/Illuminate/Foundation/Testing/Concerns/MakesHttpRequests.php(573): Illuminate\\Foundation\\Testing\\TestCase->call()
#39 /home/user/vendor/laravel/framework/src/Illuminate/Foundation/Testing/Concerns/MakesHttpRequests.php(381): Illuminate\\Foundation\\Testing\\TestCase->json()
#40 /home/user/tests/Feature/Api/V1/BetPurchaseApiTest.php(1001): Illuminate\\Foundation\\Testing\\TestCase->getJson()
#41 /home/user/vendor/phpunit/phpunit/src/Framework/TestCase.php(1667): Tests\\Feature\\Api\\V1\\BetPurchaseApiTest->am_an_unexpected_failure_never_exposes_a_stack_trace_or_internals()
#42 /home/user/vendor/phpunit/phpunit/src/Framework/TestCase.php(519): PHPUnit\\Framework\\TestCase->runTest()
#43 /home/user/vendor/phpunit/phpunit/src/Framework/TestRunner/TestRunner.php(87): PHPUnit\\Framework\\TestCase->runBare()
#44 /home/user/vendor/phpunit/phpunit/src/Framework/TestCase.php(365): PHPUnit\\Framework\\TestRunner->run()
#45 /home/user/vendor/phpunit/phpunit/src/Framework/TestSuite.php(369): PHPUnit\\Framework\\TestCase->run()
#46 /home/user/vendor/phpunit/phpunit/src/Framework/TestSuite.php(369): PHPUnit\\Framework\\TestSuite->run()
#47 /home/user/vendor/phpunit/phpunit/src/Framework/TestSuite.php(369): PHPUnit\\Framework\\TestSuite->run()
#48 /home/user/vendor/phpunit/phpunit/src/TextUI/TestRunner.php(64): PHPUnit\\Framework\\TestSuite->run()
#49 /home/user/vendor/phpunit/phpunit/src/TextUI/Application.php(211): PHPUnit\\TextUI\\TestRunner->run()
#50 /home/user/vendor/phpunit/phpunit/phpunit(104): PHPUnit\\TextUI\\Application->run()
#51 /home/user/vendor/bin/phpunit(122): include('...')
#52 {main}
","path":"api/v1/__phase44_failure_probe","method":"GET","user_id":null} 
[2026-09-03 14:35:28] testing.CRITICAL: Limit Exceeded (Critical Risk) on number 123 [3d] for draw 1. {"risk_alert_type":"limit_exceeded","risk_level":"critical","audit_log_id":1} 
[2026-09-03 14:35:28] testing.CRITICAL: Critical Exposure (Critical Risk) on number 123 [3d] for draw 1. {"risk_alert_type":"critical_exposure","risk_level":"critical","audit_log_id":2} 
[2026-09-03 14:35:30] testing.INFO: lottery.automation.provisioned {"created":2,"existing":0,"horizon_days":40} 
[2026-09-03 14:35:30] testing.INFO: lottery.automation.provisioned {"created":7,"existing":0,"horizon_days":120} 
[2026-09-03 14:35:30] testing.INFO: lottery.automation.provisioned {"created":0,"existing":7,"horizon_days":120} 
[2026-09-03 14:35:30] testing.INFO: lottery.automation.provisioned {"created":2,"existing":0,"horizon_days":40} 
[2026-09-03 14:35:30] testing.INFO: lottery.automation.provisioned {"created":0,"existing":2,"horizon_days":40} 
[2026-09-03 14:35:30] testing.INFO: lottery.automation.run {"command":"lottery:open-draws","activity":"open","processed":1,"failed":0,"skipped":0,"candidates":1} 
[2026-09-03 14:35:30] testing.INFO: lottery.automation.run {"command":"lottery:close-draws","activity":"close","processed":1,"failed":0,"skipped":0,"candidates":1} 
[2026-09-03 14:35:30] testing.INFO: lottery.automation.run {"command":"lottery:close-draws","activity":"close","processed":1,"failed":0,"skipped":0,"candidates":1} 
[2026-09-03 14:35:30] testing.INFO: lottery.automation.run {"command":"lottery:close-draws","activity":"close","processed":1,"failed":0,"skipped":0,"candidates":1} 
[2026-09-03 14:35:30] testing.INFO: lottery.automation.run {"command":"lottery:mark-results-pending","activity":"mark result-pending","processed":1,"failed":0,"skipped":0,"candidates":1} 
[2026-09-03 14:35:30] testing.INFO: lottery.automation.run {"command":"lottery:mark-results-pending","activity":"mark result-pending","processed":1,"failed":0,"skipped":0,"candidates":1} 
[2026-09-03 14:35:30] testing.INFO: lottery.automation.run {"command":"lottery:settle-draws","activity":"settle","processed":1,"failed":0,"skipped":0,"candidates":1} 
[2026-09-03 14:35:30] testing.INFO: lottery.automation.run {"command":"lottery:mark-results-pending","activity":"mark result-pending","processed":1,"failed":0,"skipped":0,"candidates":1} 
[2026-09-03 14:35:30] testing.INFO: lottery.automation.run {"command":"lottery:mark-results-pending","activity":"mark result-pending","processed":1,"failed":0,"skipped":0,"candidates":1} 
[2026-09-03 14:35:30] testing.INFO: lottery.automation.run {"command":"lottery:settle-draws","activity":"settle","processed":1,"failed":0,"skipped":0,"candidates":1} 
[2026-09-03 14:35:30] testing.INFO: lottery.automation.run {"command":"lottery:mark-results-pending","activity":"mark result-pending","processed":1,"failed":0,"skipped":0,"candidates":1} 
[2026-09-03 14:35:30] testing.INFO: lottery.automation.run {"command":"lottery:settle-draws","activity":"settle","processed":1,"failed":0,"skipped":0,"candidates":1} 
[2026-09-03 14:35:30] testing.INFO: lottery.automation.run {"command":"lottery:settle-draws","activity":"settle","processed":1,"failed":0,"skipped":0,"candidates":1} 
[2026-09-03 14:35:30] testing.INFO: lottery.automation.run {"command":"lottery:mark-results-pending","activity":"mark result-pending","processed":1,"failed":0,"skipped":0,"candidates":1} 
[2026-09-03 14:35:30] testing.INFO: lottery.automation.run {"command":"lottery:settle-draws","activity":"settle","processed":1,"failed":0,"skipped":0,"candidates":1} 
[2026-09-03 14:35:31] testing.INFO: lottery.automation.run {"command":"lottery:mark-results-pending","activity":"mark result-pending","processed":1,"failed":0,"skipped":0,"candidates":1} 
[2026-09-03 14:35:31] testing.ERROR: lottery.automation.draw_failed {"command":"lottery:settle-draws","activity":"settle","draw_id":1,"draw_number":"DR-TEST-0015","exception":"[object] (App\\Exceptions\\DrawLifecycleException(code: 0): Draw 1 is in state result_published, which implies a published official result, but no draw_results row exists for it. This is refused rather than repaired. at /home/user/app/Exceptions/DrawLifecycleException.php:252)
[stacktrace]
#0 /home/user/app/Services/Draw/DrawSettlementSimulationService.php(200): App\\Exceptions\\DrawLifecycleException::resultMissing()
#1 /home/user/app/Services/Draw/DrawSettlementSimulationService.php(393): App\\Services\\Draw\\DrawSettlementSimulationService->publishedResultFor()
#2 /home/user/app/Services/Draw/DrawSettlementSimulationService.php(156): App\\Services\\Draw\\DrawSettlementSimulationService->performSettlement()
#3 /home/user/vendor/laravel/framework/src/Illuminate/Database/Concerns/ManagesTransactions.php(32): App\\Services\\Draw\\DrawSettlementSimulationService->{closure:App\\Services\\Draw\\DrawSettlementSimulationService::settle():145}()
#4 /home/user/vendor/laravel/framework/src/Illuminate/Database/DatabaseManager.php(495): Illuminate\\Database\\Connection->transaction()
#5 /home/user/vendor/laravel/framework/src/Illuminate/Support/Facades/Facade.php(361): Illuminate\\Database\\DatabaseManager->__call()
#6 /home/user/app/Services/Draw/DrawSettlementSimulationService.php(145): Illuminate\\Support\\Facades\\Facade::__callStatic()
#7 /home/user/app/Console/Commands/Lottery/SettleDrawsCommand.php(90): App\\Services\\Draw\\DrawSettlementSimulationService->settle()
#8 /home/user/app/Console/Commands/Lottery/LotteryAutomationCommand.php(155): App\\Console\\Commands\\Lottery\\SettleDrawsCommand->{closure:App\\Console\\Commands\\Lottery\\SettleDrawsCommand::handle():89}()
#9 /home/user/app/Console/Commands/Lottery/SettleDrawsCommand.php(87): App\\Console\\Commands\\Lottery\\LotteryAutomationCommand->eachDueDraw()
#10 /home/user/vendor/laravel/framework/src/Illuminate/Container/BoundMethod.php(36): App\\Console\\Commands\\Lottery\\SettleDrawsCommand->handle()
#11 /home/user/vendor/laravel/framework/src/Illuminate/Container/Util.php(43): Illuminate\\Container\\BoundMethod::{closure:Illuminate\\Container\\BoundMethod::call():35}()
#12 /home/user/vendor/laravel/framework/src/Illuminate/Container/BoundMethod.php(95): Illuminate\\Container\\Util::unwrapIfClosure()
#13 /home/user/vendor/laravel/framework/src/Illuminate/Container/BoundMethod.php(35): Illuminate\\Container\\BoundMethod::callBoundMethod()
#14 /home/user/vendor/laravel/framework/src/Illuminate/Container/Container.php(696): Illuminate\\Container\\BoundMethod::call()
#15 /home/user/vendor/laravel/framework/src/Illuminate/Console/Command.php(213): Illuminate\\Container\\Container->call()
#16 /home/user/vendor/symfony/console/Command/Command.php(341): Illuminate\\Console\\Command->execute()
#17 /home/user/vendor/laravel/framework/src/Illuminate/Console/Command.php(182): Symfony\\Component\\Console\\Command\\Command->run()
#18 /home/user/vendor/symfony/console/Application.php(1094): Illuminate\\Console\\Command->run()
#19 /home/user/vendor/symfony/console/Application.php(356): Symfony\\Component\\Console\\Application->doRunCommand()
#20 /home/user/vendor/symfony/console/Application.php(195): Symfony\\Component\\Console\\Application->doRun()
#21 /home/user/vendor/laravel/framework/src/Illuminate/Console/Application.php(166): Symfony\\Component\\Console\\Application->run()
#22 /home/user/vendor/laravel/framework/src/Illuminate/Foundation/Console/Kernel.php(427): Illuminate\\Console\\Application->call()
#23 /home/user/vendor/laravel/framework/src/Illuminate/Testing/PendingCommand.php(332): Illuminate\\Foundation\\Console\\Kernel->call()
#24 /home/user/vendor/laravel/framework/src/Illuminate/Testing/PendingCommand.php(556): Illuminate\\Testing\\PendingCommand->run()
#25 /home/user/tests/Feature/Console/DrawAutomationTest.php(334): Illuminate\\Testing\\PendingCommand->__destruct()
#26 /home/user/vendor/phpunit/phpunit/src/Framework/TestCase.php(1667): Tests\\Feature\\Console\\DrawAutomationTest->one_bad_draw_does_not_stop_the_batch_and_the_command_still_reports_failure()
#27 /home/user/vendor/phpunit/phpunit/src/Framework/TestCase.php(519): PHPUnit\\Framework\\TestCase->runTest()
#28 /home/user/vendor/phpunit/phpunit/src/Framework/TestRunner/TestRunner.php(87): PHPUnit\\Framework\\TestCase->runBare()
#29 /home/user/vendor/phpunit/phpunit/src/Framework/TestCase.php(365): PHPUnit\\Framework\\TestRunner->run()
#30 /home/user/vendor/phpunit/phpunit/src/Framework/TestSuite.php(369): PHPUnit\\Framework\\TestCase->run()
#31 /home/user/vendor/phpunit/phpunit/src/Framework/TestSuite.php(369): PHPUnit\\Framework\\TestSuite->run()
#32 /home/user/vendor/phpunit/phpunit/src/Framework/TestSuite.php(369): PHPUnit\\Framework\\TestSuite->run()
#33 /home/user/vendor/phpunit/phpunit/src/TextUI/TestRunner.php(64): PHPUnit\\Framework\\TestSuite->run()
#34 /home/user/vendor/phpunit/phpunit/src/TextUI/Application.php(211): PHPUnit\\TextUI\\TestRunner->run()
#35 /home/user/vendor/phpunit/phpunit/phpunit(104): PHPUnit\\TextUI\\Application->run()
#36 /home/user/vendor/bin/phpunit(122): include('...')
#37 {main}
"} 
[2026-09-03 14:35:31] testing.INFO: lottery.automation.run {"command":"lottery:settle-draws","activity":"settle","processed":1,"failed":1,"skipped":0,"candidates":2} 
[2026-09-03 14:35:31] testing.INFO: lottery.tick {"steps":5,"failed_steps":[],"duration_ms":0.0,"dry_run":false} 
[2026-09-03 14:35:31] testing.INFO: lottery.automation.run {"command":"lottery:open-draws","activity":"open","processed":1,"failed":0,"skipped":0,"candidates":1} 
[2026-09-03 14:35:31] testing.INFO: lottery.automation.run {"command":"lottery:close-draws","activity":"close","processed":2,"failed":0,"skipped":0,"candidates":2} 
[2026-09-03 14:35:31] testing.INFO: lottery.automation.provisioned {"created":6,"existing":0,"horizon_days":90} 
[2026-09-03 14:35:31] testing.INFO: lottery.automation.run {"command":"lottery:open-draws","activity":"open","processed":1,"failed":0,"skipped":0,"candidates":1} 
[2026-09-03 14:35:31] testing.INFO: lottery.automation.run {"command":"lottery:close-draws","activity":"close","processed":1,"failed":0,"skipped":0,"candidates":1} 
[2026-09-03 14:35:31] testing.INFO: lottery.automation.run {"command":"lottery:mark-results-pending","activity":"mark result-pending","processed":1,"failed":0,"skipped":0,"candidates":1} 
[2026-09-03 14:35:31] testing.INFO: lottery.tick {"steps":5,"failed_steps":[],"duration_ms":20.0,"dry_run":false} 
[2026-09-03 14:35:31] testing.INFO: lottery.automation.provisioned {"created":6,"existing":0,"horizon_days":90} 
[2026-09-03 14:35:31] testing.INFO: lottery.automation.run {"command":"lottery:open-draws","activity":"open","processed":1,"failed":0,"skipped":0,"candidates":1} 
[2026-09-03 14:35:31] testing.INFO: lottery.automation.run {"command":"lottery:close-draws","activity":"close","processed":1,"failed":0,"skipped":0,"candidates":1} 
[2026-09-03 14:35:31] testing.INFO: lottery.automation.run {"command":"lottery:mark-results-pending","activity":"mark result-pending","processed":1,"failed":0,"skipped":0,"candidates":1} 
[2026-09-03 14:35:31] testing.INFO: lottery.tick {"steps":5,"failed_steps":[],"duration_ms":19.0,"dry_run":false} 
[2026-09-03 14:35:31] testing.INFO: lottery.automation.run {"command":"lottery:mark-results-pending","activity":"mark result-pending","processed":1,"failed":0,"skipped":0,"candidates":1} 
[2026-09-03 14:35:31] testing.INFO: lottery.publication.published {"draw_id":1,"draw_number":"DR-TEST-0025","winning_numbers":6,"operator_command":true} 
[2026-09-03 14:35:31] testing.INFO: lottery.automation.run {"command":"lottery:mark-results-pending","activity":"mark result-pending","processed":1,"failed":0,"skipped":0,"candidates":1} 
[2026-09-03 14:35:31] testing.WARNING: lottery.publication.refused {"draw_id":1,"draw_number":"DR-TEST-0026","exception":"[object] (App\\Exceptions\\DrawResultValidationException(code: 0): The official first prize number must be exactly 6 digits. Received \"12\", which is 2. Leading zeroes count as digits and are never stripped. at /home/user/app/Exceptions/DrawResultValidationException.php:119)
[stacktrace]
#0 /home/user/app/Services/Draw/DrawResultValidator.php(205): App\\Exceptions\\DrawResultValidationException::firstPrizeLength()
#1 /home/user/app/Services/Draw/DrawResultValidator.php(131): App\\Services\\Draw\\DrawResultValidator->validateFirstPrize()
#2 /home/user/app/Services/Draw/DrawResultPublicationService.php(105): App\\Services\\Draw\\DrawResultValidator->validate()
#3 /home/user/app/Console/Commands/Lottery/PublishDrawResultCommand.php(104): App\\Services\\Draw\\DrawResultPublicationService->publish()
#4 /home/user/vendor/laravel/framework/src/Illuminate/Container/BoundMethod.php(36): App\\Console\\Commands\\Lottery\\PublishDrawResultCommand->handle()
#5 /home/user/vendor/laravel/framework/src/Illuminate/Container/Util.php(43): Illuminate\\Container\\BoundMethod::{closure:Illuminate\\Container\\BoundMethod::call():35}()
#6 /home/user/vendor/laravel/framework/src/Illuminate/Container/BoundMethod.php(95): Illuminate\\Container\\Util::unwrapIfClosure()
#7 /home/user/vendor/laravel/framework/src/Illuminate/Container/BoundMethod.php(35): Illuminate\\Container\\BoundMethod::callBoundMethod()
#8 /home/user/vendor/laravel/framework/src/Illuminate/Container/Container.php(696): Illuminate\\Container\\BoundMethod::call()
#9 /home/user/vendor/laravel/framework/src/Illuminate/Console/Command.php(213): Illuminate\\Container\\Container->call()
#10 /home/user/vendor/symfony/console/Command/Command.php(341): Illuminate\\Console\\Command->execute()
#11 /home/user/vendor/laravel/framework/src/Illuminate/Console/Command.php(182): Symfony\\Component\\Console\\Command\\Command->run()
#12 /home/user/vendor/symfony/console/Application.php(1094): Illuminate\\Console\\Command->run()
#13 /home/user/vendor/symfony/console/Application.php(356): Symfony\\Component\\Console\\Application->doRunCommand()
#14 /home/user/vendor/symfony/console/Application.php(195): Symfony\\Component\\Console\\Application->doRun()
#15 /home/user/vendor/laravel/framework/src/Illuminate/Console/Application.php(166): Symfony\\Component\\Console\\Application->run()
#16 /home/user/vendor/laravel/framework/src/Illuminate/Foundation/Console/Kernel.php(427): Illuminate\\Console\\Application->call()
#17 /home/user/vendor/laravel/framework/src/Illuminate/Testing/PendingCommand.php(332): Illuminate\\Foundation\\Console\\Kernel->call()
#18 /home/user/vendor/laravel/framework/src/Illuminate/Testing/PendingCommand.php(556): Illuminate\\Testing\\PendingCommand->run()
#19 /home/user/tests/Feature/Console/DrawAutomationTest.php(443): Illuminate\\Testing\\PendingCommand->__destruct()
#20 /home/user/vendor/phpunit/phpunit/src/Framework/TestCase.php(1667): Tests\\Feature\\Console\\DrawAutomationTest->publication_refuses_numbers_the_validator_rejects_and_writes_nothing()
#21 /home/user/vendor/phpunit/phpunit/src/Framework/TestCase.php(519): PHPUnit\\Framework\\TestCase->runTest()
#22 /home/user/vendor/phpunit/phpunit/src/Framework/TestRunner/TestRunner.php(87): PHPUnit\\Framework\\TestCase->runBare()
#23 /home/user/vendor/phpunit/phpunit/src/Framework/TestCase.php(365): PHPUnit\\Framework\\TestRunner->run()
#24 /home/user/vendor/phpunit/phpunit/src/Framework/TestSuite.php(369): PHPUnit\\Framework\\TestCase->run()
#25 /home/user/vendor/phpunit/phpunit/src/Framework/TestSuite.php(369): PHPUnit\\Framework\\TestSuite->run()
#26 /home/user/vendor/phpunit/phpunit/src/Framework/TestSuite.php(369): PHPUnit\\Framework\\TestSuite->run()
#27 /home/user/vendor/phpunit/phpunit/src/TextUI/TestRunner.php(64): PHPUnit\\Framework\\TestSuite->run()
#28 /home/user/vendor/phpunit/phpunit/src/TextUI/Application.php(211): PHPUnit\\TextUI\\TestRunner->run()
#29 /home/user/vendor/phpunit/phpunit/phpunit(104): PHPUnit\\TextUI\\Application->run()
#30 /home/user/vendor/bin/phpunit(122): include('...')
#31 {main}
"} 
[2026-09-03 14:35:31] testing.WARNING: lottery.publication.refused {"draw_id":1,"draw_number":"DR-TEST-0027","exception":"[object] (App\\Exceptions\\DrawLifecycleException(code: 0): Draw 1 is in state open; an official result may only be published from result_pending. at /home/user/app/Exceptions/DrawLifecycleException.php:191)
[stacktrace]
#0 /home/user/app/Services/Draw/DrawLifecycleService.php(385): App\\Exceptions\\DrawLifecycleException::notPublishable()
#1 /home/user/app/Services/Draw/DrawResultPublicationService.php(110): App\\Services\\Draw\\DrawLifecycleService->assertCanPublishResult()
#2 /home/user/vendor/laravel/framework/src/Illuminate/Database/Concerns/ManagesTransactions.php(32): App\\Services\\Draw\\DrawResultPublicationService->{closure:App\\Services\\Draw\\DrawResultPublicationService::publish():107}()
#3 /home/user/vendor/laravel/framework/src/Illuminate/Database/DatabaseManager.php(495): Illuminate\\Database\\Connection->transaction()
#4 /home/user/vendor/laravel/framework/src/Illuminate/Support/Facades/Facade.php(361): Illuminate\\Database\\DatabaseManager->__call()
#5 /home/user/app/Services/Draw/DrawResultPublicationService.php(139): Illuminate\\Support\\Facades\\Facade::__callStatic()
#6 /home/user/app/Console/Commands/Lottery/PublishDrawResultCommand.php(104): App\\Services\\Draw\\DrawResultPublicationService->publish()
#7 /home/user/vendor/laravel/framework/src/Illuminate/Container/BoundMethod.php(36): App\\Console\\Commands\\Lottery\\PublishDrawResultCommand->handle()
#8 /home/user/vendor/laravel/framework/src/Illuminate/Container/Util.php(43): Illuminate\\Container\\BoundMethod::{closure:Illuminate\\Container\\BoundMethod::call():35}()
#9 /home/user/vendor/laravel/framework/src/Illuminate/Container/BoundMethod.php(95): Illuminate\\Container\\Util::unwrapIfClosure()
#10 /home/user/vendor/laravel/framework/src/Illuminate/Container/BoundMethod.php(35): Illuminate\\Container\\BoundMethod::callBoundMethod()
#11 /home/user/vendor/laravel/framework/src/Illuminate/Container/Container.php(696): Illuminate\\Container\\BoundMethod::call()
#12 /home/user/vendor/laravel/framework/src/Illuminate/Console/Command.php(213): Illuminate\\Container\\Container->call()
#13 /home/user/vendor/symfony/console/Command/Command.php(341): Illuminate\\Console\\Command->execute()
#14 /home/user/vendor/laravel/framework/src/Illuminate/Console/Command.php(182): Symfony\\Component\\Console\\Command\\Command->run()
#15 /home/user/vendor/symfony/console/Application.php(1094): Illuminate\\Console\\Command->run()
#16 /home/user/vendor/symfony/console/Application.php(356): Symfony\\Component\\Console\\Application->doRunCommand()
#17 /home/user/vendor/symfony/console/Application.php(195): Symfony\\Component\\Console\\Application->doRun()
#18 /home/user/vendor/laravel/framework/src/Illuminate/Console/Application.php(166): Symfony\\Component\\Console\\Application->run()
#19 /home/user/vendor/laravel/framework/src/Illuminate/Foundation/Console/Kernel.php(427): Illuminate\\Console\\Application->call()
#20 /home/user/vendor/laravel/framework/src/Illuminate/Testing/PendingCommand.php(332): Illuminate\\Foundation\\Console\\Kernel->call()
#21 /home/user/vendor/laravel/framework/src/Illuminate/Testing/PendingCommand.php(556): Illuminate\\Testing\\PendingCommand->run()
#22 /home/user/tests/Feature/Console/DrawAutomationTest.php(459): Illuminate\\Testing\\PendingCommand->__destruct()
#23 /home/user/vendor/phpunit/phpunit/src/Framework/TestCase.php(1667): Tests\\Feature\\Console\\DrawAutomationTest->publication_is_refused_for_a_draw_that_is_not_awaiting_its_result()
#24 /home/user/vendor/phpunit/phpunit/src/Framework/TestCase.php(519): PHPUnit\\Framework\\TestCase->runTest()
#25 /home/user/vendor/phpunit/phpunit/src/Framework/TestRunner/TestRunner.php(87): PHPUnit\\Framework\\TestCase->runBare()
#26 /home/user/vendor/phpunit/phpunit/src/Framework/TestCase.php(365): PHPUnit\\Framework\\TestRunner->run()
#27 /home/user/vendor/phpunit/phpunit/src/Framework/TestSuite.php(369): PHPUnit\\Framework\\TestCase->run()
#28 /home/user/vendor/phpunit/phpunit/src/Framework/TestSuite.php(369): PHPUnit\\Framework\\TestSuite->run()
#29 /home/user/vendor/phpunit/phpunit/src/Framework/TestSuite.php(369): PHPUnit\\Framework\\TestSuite->run()
#30 /home/user/vendor/phpunit/phpunit/src/TextUI/TestRunner.php(64): PHPUnit\\Framework\\TestSuite->run()
#31 /home/user/vendor/phpunit/phpunit/src/TextUI/Application.php(211): PHPUnit\\TextUI\\TestRunner->run()
#32 /home/user/vendor/phpunit/phpunit/phpunit(104): PHPUnit\\TextUI\\Application->run()
#33 /home/user/vendor/bin/phpunit(122): include('...')
#34 {main}
"} 
[2026-09-03 14:35:31] testing.INFO: lottery.automation.run {"command":"lottery:mark-results-pending","activity":"mark result-pending","processed":1,"failed":0,"skipped":0,"candidates":1} 
[2026-09-03 20:59:43] local.ERROR: Please provide a valid cache path. {"exception":"[object] (InvalidArgumentException(code: 0): Please provide a valid cache path. at /home/user/vendor/laravel/framework/src/Illuminate/View/Compilers/Compiler.php:67)
[stacktrace]
#0 /home/user/vendor/laravel/framework/src/Illuminate/View/ViewServiceProvider.php(97): Illuminate\\View\\Compilers\\Compiler->__construct()
#1 /home/user/vendor/laravel/framework/src/Illuminate/Container/Container.php(952): Illuminate\\View\\ViewServiceProvider->{closure:Illuminate\\View\\ViewServiceProvider::registerBladeCompiler():96}()
#2 /home/user/vendor/laravel/framework/src/Illuminate/Container/Container.php(832): Illuminate\\Container\\Container->build()
#3 /home/user/vendor/laravel/framework/src/Illuminate/Foundation/Application.php(1078): Illuminate\\Container\\Container->resolve()
#4 /home/user/vendor/laravel/framework/src/Illuminate/Container/Container.php(763): Illuminate\\Foundation\\Application->resolve()
#5 /home/user/vendor/laravel/framework/src/Illuminate/Foundation/Application.php(1058): Illuminate\\Container\\Container->make()
#6 /home/user/vendor/laravel/framework/src/Illuminate/Container/Container.php(1580): Illuminate\\Foundation\\Application->make()
#7 /home/user/vendor/laravel/framework/src/Illuminate/Support/Facades/Facade.php(239): Illuminate\\Container\\Container->offsetGet()
#8 /home/user/vendor/laravel/framework/src/Illuminate/Support/Facades/Facade.php(210): Illuminate\\Support\\Facades\\Facade::resolveFacadeInstance()
#9 /home/user/vendor/laravel/framework/src/Illuminate/Support/Facades/Facade.php(355): Illuminate\\Support\\Facades\\Facade::getFacadeRoot()
#10 /home/user/vendor/blade-ui-kit/blade-icons/src/BladeIconsServiceProvider.php(122): Illuminate\\Support\\Facades\\Facade::__callStatic()
#11 /home/user/vendor/blade-ui-kit/blade-icons/src/BladeIconsServiceProvider.php(27): BladeUI\\Icons\\BladeIconsServiceProvider->bootDirectives()
#12 /home/user/vendor/laravel/framework/src/Illuminate/Container/BoundMethod.php(36): BladeUI\\Icons\\BladeIconsServiceProvider->boot()
#13 /home/user/vendor/laravel/framework/src/Illuminate/Container/Util.php(43): Illuminate\\Container\\BoundMethod::{closure:Illuminate\\Container\\BoundMethod::call():35}()
#14 /home/user/vendor/laravel/framework/src/Illuminate/Container/BoundMethod.php(95): Illuminate\\Container\\Util::unwrapIfClosure()
#15 /home/user/vendor/laravel/framework/src/Illuminate/Container/BoundMethod.php(35): Illuminate\\Container\\BoundMethod::callBoundMethod()
#16 /home/user/vendor/laravel/framework/src/Illuminate/Container/Container.php(696): Illuminate\\Container\\BoundMethod::call()
#17 /home/user/vendor/laravel/framework/src/Illuminate/Foundation/Application.php(1151): Illuminate\\Container\\Container->call()
#18 /home/user/vendor/laravel/framework/src/Illuminate/Foundation/Application.php(1132): Illuminate\\Foundation\\Application->bootProvider()
#19 [internal function]: Illuminate\\Foundation\\Application->{closure:Illuminate\\Foundation\\Application::boot():1131}()
#20 /home/user/vendor/laravel/framework/src/Illuminate/Foundation/Application.php(1131): array_walk()
#21 /home/user/vendor/laravel/framework/src/Illuminate/Foundation/Bootstrap/BootProviders.php(17): Illuminate\\Foundation\\Application->boot()
#22 /home/user/vendor/laravel/framework/src/Illuminate/Foundation/Application.php(342): Illuminate\\Foundation\\Bootstrap\\BootProviders->bootstrap()
#23 /home/user/vendor/laravel/framework/src/Illuminate/Foundation/Console/Kernel.php(474): Illuminate\\Foundation\\Application->bootstrapWith()
#24 /home/user/vendor/laravel/framework/src/Illuminate/Foundation/Console/Kernel.php(196): Illuminate\\Foundation\\Console\\Kernel->bootstrap()
#25 /home/user/vendor/laravel/framework/src/Illuminate/Foundation/Application.php(1235): Illuminate\\Foundation\\Console\\Kernel->handle()
#26 /home/user/artisan(15): Illuminate\\Foundation\\Application->handleCommand()
#27 {main}
"} 
[2026-09-03 21:02:21] testing.INFO: bet_purchase.api.success {"outcome":"purchased","bet_id":1,"bet_number":"BT-20260903-A73A22BEED35","ticket_id":1,"draw_id":1,"currency":"THB","stake":"10.00","client_key":"api-3fac7e5042598962807ac50192f07570561b1f92","request_id":"834922cf56677a8fbb721abfb2218aa8","user_id":1} 
[2026-09-03 21:02:22] testing.INFO: bet_purchase.api.success {"outcome":"purchased","bet_id":1,"bet_number":"BT-20260903-3CD828E067AF","ticket_id":1,"draw_id":1,"currency":"THB","stake":"10.00","client_key":"api-a676f40bd6585d6668cbe33a51f09953c02a7fef","request_id":"6fd0d6025ea2bcef553634b6af3b91cc","user_id":1} 
[2026-09-03 21:02:22] testing.INFO: bet_purchase.api.success {"outcome":"purchased","bet_id":1,"bet_number":"BT-20260903-CC9DFBE8F843","ticket_id":1,"draw_id":1,"currency":"THB","stake":"10.00","client_key":"api-f7b8f591922e9b515c83f0ca28847379e14e3f93","request_id":"dc1145e68aac2cc294626f0636117079","user_id":1} 
[2026-09-03 21:02:22] testing.INFO: bet_purchase.api.success {"outcome":"purchased","bet_id":1,"bet_number":"BT-20260903-74A3B8310CE2","ticket_id":1,"draw_id":1,"currency":"THB","stake":"10.00","client_key":"api-e187d76746182cbb563423de65c53cff48e1b26c","request_id":"72e020fefc4480fc7eb28fcc349c850c","user_id":1} 
[2026-09-03 21:02:22] testing.INFO: bet_purchase.api.success {"outcome":"purchased","bet_id":1,"bet_number":"BT-20260903-276FFA02BA9A","ticket_id":1,"draw_id":1,"currency":"THB","stake":"10.00","client_key":"api-bd6c2f1a5ca9ea80b589a486be6f1ed025590bed","request_id":"de45c0f6380614d9e057a653ee744d21","user_id":1} 
[2026-09-03 21:02:22] testing.INFO: bet_purchase.api.success {"outcome":"purchased","bet_id":1,"bet_number":"BT-20260903-670E8A400AA1","ticket_id":1,"draw_id":1,"currency":"THB","stake":"10.00","client_key":"api-8e924a7dac69469f40b6a9525e68f510b7972699","request_id":"0fdcdf4be3120a02780aaf6431fe7bce","user_id":1} 
[2026-09-03 21:02:22] testing.INFO: bet_purchase.api.success {"outcome":"purchased","bet_id":1,"bet_number":"BT-20260903-129F14A3EC7E","ticket_id":1,"draw_id":1,"currency":"THB","stake":"10.00","client_key":"api-63e4863923f9d99f637040c4ecaa95eaf5e39f31","request_id":"c7d0031354c5d3787d539cc20de6dd09","user_id":1} 
[2026-09-03 21:02:22] testing.INFO: bet_purchase.api.success {"outcome":"purchased","bet_id":1,"bet_number":"BT-20260903-B7B6B8637DED","ticket_id":1,"draw_id":1,"currency":"THB","stake":"10.00","client_key":"api-1d2da6cca6185013559ff92e6eedc11e93618224","request_id":"cbca1f4152552a370fefc9c89b2d8296","user_id":1} 
[2026-09-03 21:02:22] testing.INFO: bet_purchase.api.success {"outcome":"purchased","bet_id":1,"bet_number":"BT-20260903-A3423F50859D","ticket_id":1,"draw_id":1,"currency":"THB","stake":"10.00","client_key":"api-4fed3970dcc0d31dccddbf69ef55b00f32d2ca78","request_id":"fd32db17e57bd6812ab3166a40187df1","user_id":1} 
[2026-09-03 21:02:22] testing.INFO: bet_purchase.api.success {"outcome":"purchased","bet_id":1,"bet_number":"BT-20260903-EF7A2B9EC827","ticket_id":1,"draw_id":1,"currency":"THB","stake":"10.00","client_key":"api-3e23e8160039594a33894f6564e1b1348bbd7a00","request_id":"e3520a238fe506762c00c4922b82b40c","user_id":1} 
[2026-09-03 21:02:22] testing.INFO: bet_purchase.api.success {"outcome":"purchased","bet_id":1,"bet_number":"BT-20260903-3AABCB816A1F","ticket_id":1,"draw_id":1,"currency":"THB","stake":"10.00","client_key":"api-2e7d2c03a9507ae265ecf5b5356885a53393a202","request_id":"35436aa12239c6a50475bda3c7a48f52","user_id":1} 
[2026-09-03 21:02:22] testing.INFO: bet_purchase.api.refused {"outcome":"refused","error_code":"draw_not_found","http_status":404,"exception":"App\\Exceptions\\BetPurchaseValidationException","client_key":"api-3f79bb7b435b05321651daefd374cdc681dc06fa","request_id":"ea1c0f26e8f2959b2db1ecb9b65418b4","user_id":1} 
[2026-09-03 21:02:22] testing.INFO: bet_purchase.api.refused {"outcome":"refused","error_code":"draw_closed","http_status":422,"exception":"App\\Exceptions\\BetPurchaseValidationException","client_key":"api-252f10c83610ebca1a059c0bae8255eba2f95be4","request_id":"7f3ef257c253ed249106acbb7e81c8e8","user_id":1} 
[2026-09-03 21:02:22] testing.INFO: bet_purchase.api.success {"outcome":"purchased","bet_id":1,"bet_number":"BT-20260903-BAB6EAA4FE37","ticket_id":1,"draw_id":1,"currency":"THB","stake":"10.00","client_key":"api-de7d1b721a1e0632b7cf04edf5032c8ecffa9f9a","request_id":"6b1e1d67cca004839be4f37a45abf81e","user_id":1} 
[2026-09-03 21:02:23] testing.INFO: bet_purchase.api.success {"outcome":"purchased","bet_id":1,"bet_number":"BT-20260903-A32A208F3C5B","ticket_id":1,"draw_id":1,"currency":"THB","stake":"10.00","client_key":"api-189f40034be7a199f1fa9891668ee3ab6049f82d","request_id":"1dcbc87afb9295cebfc263d97d22bde2","user_id":1} 
[2026-09-03 21:02:23] testing.INFO: bet_purchase.api.refused {"outcome":"refused","error_code":"invalid_stake","http_status":422,"exception":"App\\Exceptions\\BetPurchaseValidationException","client_key":"api-acac86c0e609ca906f632b0e2dacccb2b77d22b0","request_id":"cab32ad1ac1b9a934af3cdcdf516afb9","user_id":1} 
[2026-09-03 21:02:23] testing.INFO: bet_purchase.api.refused {"outcome":"refused","error_code":"insufficient_balance","http_status":422,"exception":"App\\Exceptions\\BetPurchaseException","client_key":"api-1b16b1df538ba12dc3f97edbb85caa7050d46c14","request_id":"39e1d0d011025bc3f716fba5e331e247","user_id":1} 
[2026-09-03 21:02:23] testing.INFO: bet_purchase.api.refused {"outcome":"refused","error_code":"risk_rejected","http_status":422,"exception":"App\\Exceptions\\BetPurchaseValidationException","client_key":"api-65c74c15a686187bb6bbf9958f494fc6b8006803","request_id":"67914f4291be72ad91e5f77c127b0759","user_id":1} 
[2026-09-03 21:02:23] testing.INFO: bet_purchase.api.success {"outcome":"purchased","bet_id":1,"bet_number":"BT-20260903-8F216744660B","ticket_id":1,"draw_id":1,"currency":"THB","stake":"10.00","client_key":"api-148de9c5a7a44d19e56cd9ae1a554bf67847afb0","request_id":"6e9fd573ff3ba0cf31adf290ae0e04f3","user_id":1} 
[2026-09-03 21:02:23] testing.INFO: bet_purchase.api.success {"outcome":"replayed","bet_id":1,"bet_number":"BT-20260903-8F216744660B","ticket_id":1,"draw_id":1,"currency":"THB","stake":"10.00","client_key":"api-148de9c5a7a44d19e56cd9ae1a554bf67847afb0","request_id":"cadadf9c48de83494bf29e41bf25a13b","user_id":1} 
[2026-09-03 21:02:23] testing.INFO: bet_purchase.api.success {"outcome":"purchased","bet_id":1,"bet_number":"BT-20260903-6A315607F7A0","ticket_id":1,"draw_id":1,"currency":"THB","stake":"10.00","client_key":"api-8e35c2cd3bf6641bdb0e2050b76932cbb2e6034a","request_id":"095e197ea6757fa8c4e8ad0f09fb6cb0","user_id":1} 
[2026-09-03 21:02:23] testing.INFO: bet_purchase.api.refused {"outcome":"refused","error_code":"idempotency_payload_mismatch","http_status":409,"exception":"App\\Exceptions\\BetPurchaseIdempotencyException","client_key":"api-8e35c2cd3bf6641bdb0e2050b76932cbb2e6034a","request_id":"0336ef0f08e503f2980ef641c767a070","user_id":1} 
[2026-09-03 21:02:23] testing.INFO: bet_purchase.api.success {"outcome":"purchased","bet_id":1,"bet_number":"BT-20260903-61316AE6844C","ticket_id":1,"draw_id":1,"currency":"THB","stake":"10.00","client_key":"api-454349e422f05297191ead13e21d3db520e5abef","request_id":"8e75c30b473d43f50004845e1aa5e8fb","user_id":1} 
[2026-09-03 21:02:23] testing.INFO: bet_purchase.api.success {"outcome":"purchased","bet_id":2,"bet_number":"BT-20260903-12F0308765BE","ticket_id":2,"draw_id":2,"currency":"THB","stake":"10.00","client_key":"api-454349e422f05297191ead13e21d3db520e5abef","request_id":"40b27d4bb8fd3552d4f826b653d3f1b9","user_id":2} 
[2026-09-03 21:02:23] testing.INFO: bet_purchase.api.success {"outcome":"purchased","bet_id":1,"bet_number":"BT-20260903-725C7300AC7C","ticket_id":1,"draw_id":1,"currency":"THB","stake":"10.00","client_key":"api-043a718774c572bd8a25adbeb1bfcd5c0256ae11","request_id":"b86652c00594608d465bcef98c02575a","user_id":1} 
[2026-09-03 21:02:23] testing.INFO: bet_purchase.api.success {"outcome":"purchased","bet_id":2,"bet_number":"BT-20260903-3492E9FD1F78","ticket_id":2,"draw_id":2,"currency":"THB","stake":"10.00","client_key":"api-043a718774c572bd8a25adbeb1bfcd5c0256ae11","request_id":"273400fc5f66b52a4a920eeb57226011","user_id":1} 
[2026-09-03 21:02:23] testing.INFO: bet_purchase.api.success {"outcome":"purchased","bet_id":1,"bet_number":"BT-20260903-C6D3D7DCDE1E","ticket_id":1,"draw_id":1,"currency":"THB","stake":"10.00","client_key":"api-e3b98a4da31a127d4bde6e43033f66ba274cab0e","request_id":"75b2491c801e0525d79adf6c90b9d7ef","user_id":1} 
[2026-09-03 21:02:23] testing.INFO: bet_purchase.api.success {"outcome":"purchased","bet_id":1,"bet_number":"BT-20260903-778F4B4E5C57","ticket_id":1,"draw_id":1,"currency":"THB","stake":"10.00","client_key":"api-2d711642b726b04401627ca9fbac32f5c8530fb1","request_id":"9c35a4062f76e342b9ae90325c396a8b","user_id":1} 
[2026-09-03 21:02:23] testing.INFO: bet_purchase.api.success {"outcome":"purchased","bet_id":1,"bet_number":"BT-20260903-BBF112BFA3DD","ticket_id":1,"draw_id":1,"currency":"THB","stake":"10.00","client_key":"api-a1fce4363854ff888cff4b8e7875d600c2682390","request_id":"a904b16edb866c5bbd4fde4d109e59eb","user_id":1} 
[2026-09-03 21:02:23] testing.INFO: bet_purchase.api.success {"outcome":"purchased","bet_id":1,"bet_number":"BT-20260903-F66CD629076F","ticket_id":1,"draw_id":1,"currency":"THB","stake":"10.00","client_key":"api-fb8e20fc2e4c3f248c60c39bd652f3c1347298bb","request_id":"1b02856f811380c91ea35ceffe170307","user_id":1} 
[2026-09-03 21:02:23] testing.INFO: bet_purchase.api.success {"outcome":"purchased","bet_id":1,"bet_number":"BT-20260903-30DC95B67F24","ticket_id":1,"draw_id":1,"currency":"THB","stake":"10.00","client_key":"api-f45de51cdef30991551e41e882dd7b5404799648","request_id":"5bc1f90f91c0f2f506a801ab4f5053c8","user_id":1} 
[2026-09-03 21:02:24] testing.INFO: bet_purchase.api.success {"outcome":"purchased","bet_id":1,"bet_number":"BT-20260903-7FB4A5E22DED","ticket_id":1,"draw_id":1,"currency":"THB","stake":"10.00","client_key":"api-b0136a3f0a0fae4b4cbb261ae65b245326d69f8a","request_id":"89efb72d65c3e8bc134940610d570e1b","user_id":1} 
[2026-09-03 21:02:24] testing.INFO: bet_purchase.api.success {"outcome":"purchased","bet_id":1,"bet_number":"BT-20260903-EFC68515C96D","ticket_id":1,"draw_id":1,"currency":"THB","stake":"10.00","client_key":"api-e5a94045f98e84810bb71edd3ba885463406b087","request_id":"0fda08b1bad70db7bdc4e2b7d074fe7f","user_id":1} 
[2026-09-03 21:02:24] testing.INFO: bet_purchase.api.success {"outcome":"purchased","bet_id":1,"bet_number":"BT-20260903-F51A4748D781","ticket_id":1,"draw_id":1,"currency":"THB","stake":"10.00","client_key":"api-b797c8d26a988c97a38d4458172406dc19ab0012","request_id":"da9776d7ae22cf0f0c99fcc15d01d88e","user_id":1} 
[2026-09-03 21:02:24] testing.INFO: bet_purchase.api.success {"outcome":"purchased","bet_id":1,"bet_number":"BT-20260903-14DC6A722282","ticket_id":1,"draw_id":1,"currency":"THB","stake":"10.00","client_key":"api-70ba33708cbfb103f1a8e34afef333ba7dc02102","request_id":"5d059be8c9b1a32ad48aa4be75b68bab","user_id":1} 
[2026-09-03 21:02:24] testing.INFO: bet_purchase.api.success {"outcome":"purchased","bet_id":1,"bet_number":"BT-20260903-20E604901AB4","ticket_id":1,"draw_id":1,"currency":"THB","stake":"10.00","client_key":"api-f9a00f43e97e3966bb846e76b6795e11512c3bbf","request_id":"6cc0d122fd3a5658488de02bec9eb2e1","user_id":1} 
[2026-09-03 21:02:24] testing.INFO: bet_purchase.api.success {"outcome":"purchased","bet_id":1,"bet_number":"BT-20260903-2B8F2012873E","ticket_id":1,"draw_id":1,"currency":"THB","stake":"10.00","client_key":"api-503126878d17fcd6bde7df320ff6eb7c278a1c42","request_id":"3a24fd718c3e40035ca4947521bfd5ce","user_id":1} 
[2026-09-03 21:02:24] testing.INFO: bet_purchase.api.success {"outcome":"purchased","bet_id":1,"bet_number":"BT-20260903-0E8D668DF5D1","ticket_id":1,"draw_id":1,"currency":"THB","stake":"10.00","client_key":"api-9aaf680776b98fd17fe63376120525cbcdffc01b","request_id":"ed06e032e1eb58f3a4020e6a034fd2fe","user_id":1} 
[2026-09-03 21:02:24] testing.INFO: bet_purchase.api.success {"outcome":"purchased","bet_id":1,"bet_number":"BT-20260903-88DC2A9FCE3D","ticket_id":1,"draw_id":1,"currency":"THB","stake":"10.55","client_key":"api-70a0d5198ebb88f97a2cc83a236a8afcc28c7d9e","request_id":"2d254788dbfef5ab23974f7e26640271","user_id":1} 
[2026-09-03 21:02:24] testing.INFO: bet_purchase.api.success {"outcome":"purchased","bet_id":1,"bet_number":"BT-20260903-5BC9CE1106CC","ticket_id":1,"draw_id":1,"currency":"THB","stake":"10.00","client_key":"api-32e83e92d45d71f69dcf9d214688f03755421086","request_id":"72ac0e63a7ff010e2fa0d0ff49dc9278","user_id":1} 
[2026-09-03 21:02:24] testing.INFO: bet_purchase.api.success {"outcome":"purchased","bet_id":1,"bet_number":"BT-20260903-F192FA775CC8","ticket_id":1,"draw_id":1,"currency":"THB","stake":"10.00","client_key":"api-7d29d73105d636d04ca9fffcf979986d373ac874","request_id":"dd422e20eaab84f8198a3a82521276ac","user_id":1} 
[2026-09-03 21:02:24] testing.INFO: bet_purchase.api.success {"outcome":"purchased","bet_id":1,"bet_number":"BT-20260903-FD2580322E32","ticket_id":1,"draw_id":2,"currency":"THB","stake":"10.00","client_key":"api-6fdb16bc02366c008d809798cb3faae1efba55a5","request_id":"7d75814ade9767a3c67c28b0cf12dc50","user_id":2} 
[2026-09-03 21:02:24] testing.ERROR: SQLSTATE[42S02]: Base table or view not found: 1146 Table "thai_lottery.wallets" doesn't exist (Connection: mysql, SQL: select * from `wallets` where `id` = 1) in /var/www/app/Services/Finance/WalletService.php:118 {"exception":"[object] (RuntimeException(code: 0): SQLSTATE[42S02]: Base table or view not found: 1146 Table \"thai_lottery.wallets\" doesn't exist (Connection: mysql, SQL: select * from `wallets` where `id` = 1) in /var/www/app/Services/Finance/WalletService.php:118 at /home/user/tests/Feature/Api/V1/BetPurchaseApiTest.php:993)
[stacktrace]
#0 /home/user/vendor/laravel/framework/src/Illuminate/Routing/CallableDispatcher.php(40): Tests\\Feature\\Api\\V1\\BetPurchaseApiTest->{closure:Tests\\Feature\\Api\\V1\\BetPurchaseApiTest::am_an_unexpected_failure_never_exposes_a_stack_trace_or_internals():990}()
#1 /home/user/vendor/laravel/framework/src/Illuminate/Routing/Route.php(244): Illuminate\\Routing\\CallableDispatcher->dispatch()
#2 /home/user/vendor/laravel/framework/src/Illuminate/Routing/Route.php(215): Illuminate\\Routing\\Route->runCallable()
#3 /home/user/vendor/laravel/framework/src/Illuminate/Routing/Router.php(808): Illuminate\\Routing\\Route->run()
#4 /home/user/vendor/laravel/framework/src/Illuminate/Pipeline/Pipeline.php(170): Illuminate\\Routing\\Router->{closure:Illuminate\\Routing\\Router::runRouteWithinStack():807}()
#5 /home/user/vendor/laravel/framework/src/Illuminate/Routing/Middleware/SubstituteBindings.php(51): Illuminate\\Pipeline\\Pipeline->{closure:Illuminate\\Pipeline\\Pipeline::prepareDestination():168}()
#6 /home/user/vendor/laravel/framework/src/Illuminate/Pipeline/Pipeline.php(209): Illuminate\\Routing\\Middleware\\SubstituteBindings->handle()
#7 /home/user/vendor/laravel/framework/src/Illuminate/Pipeline/Pipeline.php(127): Illuminate\\Pipeline\\Pipeline->{closure:{closure:Illuminate\\Pipeline\\Pipeline::carry():184}:185}()
#8 /home/user/vendor/laravel/framework/src/Illuminate/Routing/Router.php(807): Illuminate\\Pipeline\\Pipeline->then()
#9 /home/user/vendor/laravel/framework/src/Illuminate/Routing/Router.php(786): Illuminate\\Routing\\Router->runRouteWithinStack()
#10 /home/user/vendor/laravel/framework/src/Illuminate/Routing/Router.php(750): Illuminate\\Routing\\Router->runRoute()
#11 /home/user/vendor/laravel/framework/src/Illuminate/Routing/Router.php(739): Illuminate\\Routing\\Router->dispatchToRoute()
#12 /home/user/vendor/laravel/framework/src/Illuminate/Foundation/Http/Kernel.php(201): Illuminate\\Routing\\Router->dispatch()
#13 /home/user/vendor/laravel/framework/src/Illuminate/Pipeline/Pipeline.php(170): Illuminate\\Foundation\\Http\\Kernel->{closure:Illuminate\\Foundation\\Http\\Kernel::dispatchToRouter():198}()
#14 /home/user/vendor/livewire/livewire/src/Features/SupportDisablingBackButtonCache/DisableBackButtonCacheMiddleware.php(19): Illuminate\\Pipeline\\Pipeline->{closure:Illuminate\\Pipeline\\Pipeline::prepareDestination():168}()
#15 /home/user/vendor/laravel/framework/src/Illuminate/Pipeline/Pipeline.php(209): Livewire\\Features\\SupportDisablingBackButtonCache\\DisableBackButtonCacheMiddleware->handle()
#16 /home/user/app/Http/Middleware/SecurityHeaders.php(13): Illuminate\\Pipeline\\Pipeline->{closure:{closure:Illuminate\\Pipeline\\Pipeline::carry():184}:185}()
#17 /home/user/vendor/laravel/framework/src/Illuminate/Pipeline/Pipeline.php(209): App\\Http\\Middleware\\SecurityHeaders->handle()
#18 /home/user/vendor/laravel/framework/src/Illuminate/Foundation/Http/Middleware/TransformsRequest.php(21): Illuminate\\Pipeline\\Pipeline->{closure:{closure:Illuminate\\Pipeline\\Pipeline::carry():184}:185}()
#19 /home/user/vendor/laravel/framework/src/Illuminate/Foundation/Http/Middleware/ConvertEmptyStringsToNull.php(31): Illuminate\\Foundation\\Http\\Middleware\\TransformsRequest->handle()
#20 /home/user/vendor/laravel/framework/src/Illuminate/Pipeline/Pipeline.php(209): Illuminate\\Foundation\\Http\\Middleware\\ConvertEmptyStringsToNull->handle()
#21 /home/user/vendor/laravel/framework/src/Illuminate/Foundation/Http/Middleware/TransformsRequest.php(21): Illuminate\\Pipeline\\Pipeline->{closure:{closure:Illuminate\\Pipeline\\Pipeline::carry():184}:185}()
#22 /home/user/vendor/laravel/framework/src/Illuminate/Foundation/Http/Middleware/TrimStrings.php(51): Illuminate\\Foundation\\Http\\Middleware\\TransformsRequest->handle()
#23 /home/user/vendor/laravel/framework/src/Illuminate/Pipeline/Pipeline.php(209): Illuminate\\Foundation\\Http\\Middleware\\TrimStrings->handle()
#24 /home/user/vendor/laravel/framework/src/Illuminate/Http/Middleware/ValidatePostSize.php(27): Illuminate\\Pipeline\\Pipeline->{closure:{closure:Illuminate\\Pipeline\\Pipeline::carry():184}:185}()
#25 /home/user/vendor/laravel/framework/src/Illuminate/Pipeline/Pipeline.php(209): Illuminate\\Http\\Middleware\\ValidatePostSize->handle()
#26 /home/user/vendor/laravel/framework/src/Illuminate/Foundation/Http/Middleware/PreventRequestsDuringMaintenance.php(110): Illuminate\\Pipeline\\Pipeline->{closure:{closure:Illuminate\\Pipeline\\Pipeline::carry():184}:185}()
#27 /home/user/vendor/laravel/framework/src/Illuminate/Pipeline/Pipeline.php(209): Illuminate\\Foundation\\Http\\Middleware\\PreventRequestsDuringMaintenance->handle()
#28 /home/user/vendor/laravel/framework/src/Illuminate/Http/Middleware/HandleCors.php(62): Illuminate\\Pipeline\\Pipeline->{closure:{closure:Illuminate\\Pipeline\\Pipeline::carry():184}:185}()
#29 /home/user/vendor/laravel/framework/src/Illuminate/Pipeline/Pipeline.php(209): Illuminate\\Http\\Middleware\\HandleCors->handle()
#30 /home/user/vendor/laravel/framework/src/Illuminate/Http/Middleware/TrustProxies.php(58): Illuminate\\Pipeline\\Pipeline->{closure:{closure:Illuminate\\Pipeline\\Pipeline::carry():184}:185}()
#31 /home/user/vendor/laravel/framework/src/Illuminate/Pipeline/Pipeline.php(209): Illuminate\\Http\\Middleware\\TrustProxies->handle()
#32 /home/user/vendor/laravel/framework/src/Illuminate/Foundation/Http/Middleware/InvokeDeferredCallbacks.php(22): Illuminate\\Pipeline\\Pipeline->{closure:{closure:Illuminate\\Pipeline\\Pipeline::carry():184}:185}()
#33 /home/user/vendor/laravel/framework/src/Illuminate/Pipeline/Pipeline.php(209): Illuminate\\Foundation\\Http\\Middleware\\InvokeDeferredCallbacks->handle()
#34 /home/user/vendor/laravel/framework/src/Illuminate/Pipeline/Pipeline.php(127): Illuminate\\Pipeline\\Pipeline->{closure:{closure:Illuminate\\Pipeline\\Pipeline::carry():184}:185}()
#35 /home/user/vendor/laravel/framework/src/Illuminate/Foundation/Http/Kernel.php(176): Illuminate\\Pipeline\\Pipeline->then()
#36 /home/user/vendor/laravel/framework/src/Illuminate/Foundation/Http/Kernel.php(145): Illuminate\\Foundation\\Http\\Kernel->sendRequestThroughRouter()
#37 /home/user/vendor/laravel/framework/src/Illuminate/Foundation/Testing/Concerns/MakesHttpRequests.php(607): Illuminate\\Foundation\\Http\\Kernel->handle()
#38 /home/user/vendor/laravel/framework/src/Illuminate/Foundation/Testing/Concerns/MakesHttpRequests.php(573): Illuminate\\Foundation\\Testing\\TestCase->call()
#39 /home/user/vendor/laravel/framework/src/Illuminate/Foundation/Testing/Concerns/MakesHttpRequests.php(381): Illuminate\\Foundation\\Testing\\TestCase->json()
#40 /home/user/tests/Feature/Api/V1/BetPurchaseApiTest.php(1001): Illuminate\\Foundation\\Testing\\TestCase->getJson()
#41 /home/user/vendor/phpunit/phpunit/src/Framework/TestCase.php(1667): Tests\\Feature\\Api\\V1\\BetPurchaseApiTest->am_an_unexpected_failure_never_exposes_a_stack_trace_or_internals()
#42 /home/user/vendor/phpunit/phpunit/src/Framework/TestCase.php(519): PHPUnit\\Framework\\TestCase->runTest()
#43 /home/user/vendor/phpunit/phpunit/src/Framework/TestRunner/TestRunner.php(87): PHPUnit\\Framework\\TestCase->runBare()
#44 /home/user/vendor/phpunit/phpunit/src/Framework/TestCase.php(365): PHPUnit\\Framework\\TestRunner->run()
#45 /home/user/vendor/phpunit/phpunit/src/Framework/TestSuite.php(369): PHPUnit\\Framework\\TestCase->run()
#46 /home/user/vendor/phpunit/phpunit/src/Framework/TestSuite.php(369): PHPUnit\\Framework\\TestSuite->run()
#47 /home/user/vendor/phpunit/phpunit/src/Framework/TestSuite.php(369): PHPUnit\\Framework\\TestSuite->run()
#48 /home/user/vendor/phpunit/phpunit/src/TextUI/TestRunner.php(64): PHPUnit\\Framework\\TestSuite->run()
#49 /home/user/vendor/phpunit/phpunit/src/TextUI/Application.php(211): PHPUnit\\TextUI\\TestRunner->run()
#50 /home/user/vendor/phpunit/phpunit/phpunit(104): PHPUnit\\TextUI\\Application->run()
#51 /home/user/vendor/bin/phpunit(122): include('...')
#52 {main}
"} 
[2026-09-03 21:02:24] testing.ERROR: api.unhandled_exception {"exception":"[object] (RuntimeException(code: 0): SQLSTATE[42S02]: Base table or view not found: 1146 Table \"thai_lottery.wallets\" doesn't exist (Connection: mysql, SQL: select * from `wallets` where `id` = 1) in /var/www/app/Services/Finance/WalletService.php:118 at /home/user/tests/Feature/Api/V1/BetPurchaseApiTest.php:993)
[stacktrace]
#0 /home/user/vendor/laravel/framework/src/Illuminate/Routing/CallableDispatcher.php(40): Tests\\Feature\\Api\\V1\\BetPurchaseApiTest->{closure:Tests\\Feature\\Api\\V1\\BetPurchaseApiTest::am_an_unexpected_failure_never_exposes_a_stack_trace_or_internals():990}()
#1 /home/user/vendor/laravel/framework/src/Illuminate/Routing/Route.php(244): Illuminate\\Routing\\CallableDispatcher->dispatch()
#2 /home/user/vendor/laravel/framework/src/Illuminate/Routing/Route.php(215): Illuminate\\Routing\\Route->runCallable()
#3 /home/user/vendor/laravel/framework/src/Illuminate/Routing/Router.php(808): Illuminate\\Routing\\Route->run()
#4 /home/user/vendor/laravel/framework/src/Illuminate/Pipeline/Pipeline.php(170): Illuminate\\Routing\\Router->{closure:Illuminate\\Routing\\Router::runRouteWithinStack():807}()
#5 /home/user/vendor/laravel/framework/src/Illuminate/Routing/Middleware/SubstituteBindings.php(51): Illuminate\\Pipeline\\Pipeline->{closure:Illuminate\\Pipeline\\Pipeline::prepareDestination():168}()
#6 /home/user/vendor/laravel/framework/src/Illuminate/Pipeline/Pipeline.php(209): Illuminate\\Routing\\Middleware\\SubstituteBindings->handle()
#7 /home/user/vendor/laravel/framework/src/Illuminate/Pipeline/Pipeline.php(127): Illuminate\\Pipeline\\Pipeline->{closure:{closure:Illuminate\\Pipeline\\Pipeline::carry():184}:185}()
#8 /home/user/vendor/laravel/framework/src/Illuminate/Routing/Router.php(807): Illuminate\\Pipeline\\Pipeline->then()
#9 /home/user/vendor/laravel/framework/src/Illuminate/Routing/Router.php(786): Illuminate\\Routing\\Router->runRouteWithinStack()
#10 /home/user/vendor/laravel/framework/src/Illuminate/Routing/Router.php(750): Illuminate\\Routing\\Router->runRoute()
#11 /home/user/vendor/laravel/framework/src/Illuminate/Routing/Router.php(739): Illuminate\\Routing\\Router->dispatchToRoute()
#12 /home/user/vendor/laravel/framework/src/Illuminate/Foundation/Http/Kernel.php(201): Illuminate\\Routing\\Router->dispatch()
#13 /home/user/vendor/laravel/framework/src/Illuminate/Pipeline/Pipeline.php(170): Illuminate\\Foundation\\Http\\Kernel->{closure:Illuminate\\Foundation\\Http\\Kernel::dispatchToRouter():198}()
#14 /home/user/vendor/livewire/livewire/src/Features/SupportDisablingBackButtonCache/DisableBackButtonCacheMiddleware.php(19): Illuminate\\Pipeline\\Pipeline->{closure:Illuminate\\Pipeline\\Pipeline::prepareDestination():168}()
#15 /home/user/vendor/laravel/framework/src/Illuminate/Pipeline/Pipeline.php(209): Livewire\\Features\\SupportDisablingBackButtonCache\\DisableBackButtonCacheMiddleware->handle()
#16 /home/user/app/Http/Middleware/SecurityHeaders.php(13): Illuminate\\Pipeline\\Pipeline->{closure:{closure:Illuminate\\Pipeline\\Pipeline::carry():184}:185}()
#17 /home/user/vendor/laravel/framework/src/Illuminate/Pipeline/Pipeline.php(209): App\\Http\\Middleware\\SecurityHeaders->handle()
#18 /home/user/vendor/laravel/framework/src/Illuminate/Foundation/Http/Middleware/TransformsRequest.php(21): Illuminate\\Pipeline\\Pipeline->{closure:{closure:Illuminate\\Pipeline\\Pipeline::carry():184}:185}()
#19 /home/user/vendor/laravel/framework/src/Illuminate/Foundation/Http/Middleware/ConvertEmptyStringsToNull.php(31): Illuminate\\Foundation\\Http\\Middleware\\TransformsRequest->handle()
#20 /home/user/vendor/laravel/framework/src/Illuminate/Pipeline/Pipeline.php(209): Illuminate\\Foundation\\Http\\Middleware\\ConvertEmptyStringsToNull->handle()
#21 /home/user/vendor/laravel/framework/src/Illuminate/Foundation/Http/Middleware/TransformsRequest.php(21): Illuminate\\Pipeline\\Pipeline->{closure:{closure:Illuminate\\Pipeline\\Pipeline::carry():184}:185}()
#22 /home/user/vendor/laravel/framework/src/Illuminate/Foundation/Http/Middleware/TrimStrings.php(51): Illuminate\\Foundation\\Http\\Middleware\\TransformsRequest->handle()
#23 /home/user/vendor/laravel/framework/src/Illuminate/Pipeline/Pipeline.php(209): Illuminate\\Foundation\\Http\\Middleware\\TrimStrings->handle()
#24 /home/user/vendor/laravel/framework/src/Illuminate/Http/Middleware/ValidatePostSize.php(27): Illuminate\\Pipeline\\Pipeline->{closure:{closure:Illuminate\\Pipeline\\Pipeline::carry():184}:185}()
#25 /home/user/vendor/laravel/framework/src/Illuminate/Pipeline/Pipeline.php(209): Illuminate\\Http\\Middleware\\ValidatePostSize->handle()
#26 /home/user/vendor/laravel/framework/src/Illuminate/Foundation/Http/Middleware/PreventRequestsDuringMaintenance.php(110): Illuminate\\Pipeline\\Pipeline->{closure:{closure:Illuminate\\Pipeline\\Pipeline::carry():184}:185}()
#27 /home/user/vendor/laravel/framework/src/Illuminate/Pipeline/Pipeline.php(209): Illuminate\\Foundation\\Http\\Middleware\\PreventRequestsDuringMaintenance->handle()
#28 /home/user/vendor/laravel/framework/src/Illuminate/Http/Middleware/HandleCors.php(62): Illuminate\\Pipeline\\Pipeline->{closure:{closure:Illuminate\\Pipeline\\Pipeline::carry():184}:185}()
#29 /home/user/vendor/laravel/framework/src/Illuminate/Pipeline/Pipeline.php(209): Illuminate\\Http\\Middleware\\HandleCors->handle()
#30 /home/user/vendor/laravel/framework/src/Illuminate/Http/Middleware/TrustProxies.php(58): Illuminate\\Pipeline\\Pipeline->{closure:{closure:Illuminate\\Pipeline\\Pipeline::carry():184}:185}()
#31 /home/user/vendor/laravel/framework/src/Illuminate/Pipeline/Pipeline.php(209): Illuminate\\Http\\Middleware\\TrustProxies->handle()
#32 /home/user/vendor/laravel/framework/src/Illuminate/Foundation/Http/Middleware/InvokeDeferredCallbacks.php(22): Illuminate\\Pipeline\\Pipeline->{closure:{closure:Illuminate\\Pipeline\\Pipeline::carry():184}:185}()
#33 /home/user/vendor/laravel/framework/src/Illuminate/Pipeline/Pipeline.php(209): Illuminate\\Foundation\\Http\\Middleware\\InvokeDeferredCallbacks->handle()
#34 /home/user/vendor/laravel/framework/src/Illuminate/Pipeline/Pipeline.php(127): Illuminate\\Pipeline\\Pipeline->{closure:{closure:Illuminate\\Pipeline\\Pipeline::carry():184}:185}()
#35 /home/user/vendor/laravel/framework/src/Illuminate/Foundation/Http/Kernel.php(176): Illuminate\\Pipeline\\Pipeline->then()
#36 /home/user/vendor/laravel/framework/src/Illuminate/Foundation/Http/Kernel.php(145): Illuminate\\Foundation\\Http\\Kernel->sendRequestThroughRouter()
#37 /home/user/vendor/laravel/framework/src/Illuminate/Foundation/Testing/Concerns/MakesHttpRequests.php(607): Illuminate\\Foundation\\Http\\Kernel->handle()
#38 /home/user/vendor/laravel/framework/src/Illuminate/Foundation/Testing/Concerns/MakesHttpRequests.php(573): Illuminate\\Foundation\\Testing\\TestCase->call()
#39 /home/user/vendor/laravel/framework/src/Illuminate/Foundation/Testing/Concerns/MakesHttpRequests.php(381): Illuminate\\Foundation\\Testing\\TestCase->json()
#40 /home/user/tests/Feature/Api/V1/BetPurchaseApiTest.php(1001): Illuminate\\Foundation\\Testing\\TestCase->getJson()
#41 /home/user/vendor/phpunit/phpunit/src/Framework/TestCase.php(1667): Tests\\Feature\\Api\\V1\\BetPurchaseApiTest->am_an_unexpected_failure_never_exposes_a_stack_trace_or_internals()
#42 /home/user/vendor/phpunit/phpunit/src/Framework/TestCase.php(519): PHPUnit\\Framework\\TestCase->runTest()
#43 /home/user/vendor/phpunit/phpunit/src/Framework/TestRunner/TestRunner.php(87): PHPUnit\\Framework\\TestCase->runBare()
#44 /home/user/vendor/phpunit/phpunit/src/Framework/TestCase.php(365): PHPUnit\\Framework\\TestRunner->run()
#45 /home/user/vendor/phpunit/phpunit/src/Framework/TestSuite.php(369): PHPUnit\\Framework\\TestCase->run()
#46 /home/user/vendor/phpunit/phpunit/src/Framework/TestSuite.php(369): PHPUnit\\Framework\\TestSuite->run()
#47 /home/user/vendor/phpunit/phpunit/src/Framework/TestSuite.php(369): PHPUnit\\Framework\\TestSuite->run()
#48 /home/user/vendor/phpunit/phpunit/src/TextUI/TestRunner.php(64): PHPUnit\\Framework\\TestSuite->run()
#49 /home/user/vendor/phpunit/phpunit/src/TextUI/Application.php(211): PHPUnit\\TextUI\\TestRunner->run()
#50 /home/user/vendor/phpunit/phpunit/phpunit(104): PHPUnit\\TextUI\\Application->run()
#51 /home/user/vendor/bin/phpunit(122): include('...')
#52 {main}
","path":"api/v1/__phase44_failure_probe","method":"GET","user_id":null} 
[2026-09-03 21:02:26] testing.CRITICAL: Limit Exceeded (Critical Risk) on number 123 [3d] for draw 1. {"risk_alert_type":"limit_exceeded","risk_level":"critical","audit_log_id":1} 
[2026-09-03 21:02:26] testing.CRITICAL: Critical Exposure (Critical Risk) on number 123 [3d] for draw 1. {"risk_alert_type":"critical_exposure","risk_level":"critical","audit_log_id":2} 
[2026-09-03 21:02:27] testing.INFO: lottery.automation.provisioned {"created":2,"existing":0,"horizon_days":40} 
[2026-09-03 21:02:28] testing.INFO: lottery.automation.provisioned {"created":8,"existing":0,"horizon_days":120} 
[2026-09-03 21:02:28] testing.INFO: lottery.automation.provisioned {"created":0,"existing":8,"horizon_days":120} 
[2026-09-03 21:02:28] testing.INFO: lottery.automation.provisioned {"created":2,"existing":0,"horizon_days":40} 
[2026-09-03 21:02:28] testing.INFO: lottery.automation.provisioned {"created":0,"existing":2,"horizon_days":40} 
[2026-09-03 21:02:28] testing.INFO: lottery.automation.run {"command":"lottery:open-draws","activity":"open","processed":1,"failed":0,"skipped":0,"candidates":1} 
[2026-09-03 21:02:28] testing.INFO: lottery.automation.run {"command":"lottery:close-draws","activity":"close","processed":1,"failed":0,"skipped":0,"candidates":1} 
[2026-09-03 21:02:28] testing.INFO: lottery.automation.run {"command":"lottery:close-draws","activity":"close","processed":1,"failed":0,"skipped":0,"candidates":1} 
[2026-09-03 21:02:28] testing.INFO: lottery.automation.run {"command":"lottery:close-draws","activity":"close","processed":1,"failed":0,"skipped":0,"candidates":1} 
[2026-09-03 21:02:28] testing.INFO: lottery.automation.run {"command":"lottery:mark-results-pending","activity":"mark result-pending","processed":1,"failed":0,"skipped":0,"candidates":1} 
[2026-09-03 21:02:28] testing.INFO: lottery.automation.run {"command":"lottery:mark-results-pending","activity":"mark result-pending","processed":1,"failed":0,"skipped":0,"candidates":1} 
[2026-09-03 21:02:28] testing.INFO: lottery.automation.run {"command":"lottery:settle-draws","activity":"settle","processed":1,"failed":0,"skipped":0,"candidates":1} 
[2026-09-03 21:02:28] testing.INFO: lottery.automation.run {"command":"lottery:mark-results-pending","activity":"mark result-pending","processed":1,"failed":0,"skipped":0,"candidates":1} 
[2026-09-03 21:02:28] testing.INFO: lottery.automation.run {"command":"lottery:mark-results-pending","activity":"mark result-pending","processed":1,"failed":0,"skipped":0,"candidates":1} 
[2026-09-03 21:02:28] testing.INFO: lottery.automation.run {"command":"lottery:settle-draws","activity":"settle","processed":1,"failed":0,"skipped":0,"candidates":1} 
[2026-09-03 21:02:28] testing.INFO: lottery.automation.run {"command":"lottery:mark-results-pending","activity":"mark result-pending","processed":1,"failed":0,"skipped":0,"candidates":1} 
[2026-09-03 21:02:28] testing.INFO: lottery.automation.run {"command":"lottery:settle-draws","activity":"settle","processed":1,"failed":0,"skipped":0,"candidates":1} 
[2026-09-03 21:02:28] testing.INFO: lottery.automation.run {"command":"lottery:settle-draws","activity":"settle","processed":1,"failed":0,"skipped":0,"candidates":1} 
[2026-09-03 21:02:28] testing.INFO: lottery.automation.run {"command":"lottery:mark-results-pending","activity":"mark result-pending","processed":1,"failed":0,"skipped":0,"candidates":1} 
[2026-09-03 21:02:28] testing.INFO: lottery.automation.run {"command":"lottery:settle-draws","activity":"settle","processed":1,"failed":0,"skipped":0,"candidates":1} 
[2026-09-03 21:02:28] testing.INFO: lottery.automation.run {"command":"lottery:mark-results-pending","activity":"mark result-pending","processed":1,"failed":0,"skipped":0,"candidates":1} 
[2026-09-03 21:02:28] testing.ERROR: lottery.automation.draw_failed {"command":"lottery:settle-draws","activity":"settle","draw_id":1,"draw_number":"DR-TEST-0015","exception":"[object] (App\\Exceptions\\DrawLifecycleException(code: 0): Draw 1 is in state result_published, which implies a published official result, but no draw_results row exists for it. This is refused rather than repaired. at /home/user/app/Exceptions/DrawLifecycleException.php:252)
[stacktrace]
#0 /home/user/app/Services/Draw/DrawSettlementService.php(452): App\\Exceptions\\DrawLifecycleException::resultMissing()
#1 /home/user/app/Services/Draw/DrawSettlementService.php(112): App\\Services\\Draw\\DrawSettlementService->publishedResultFor()
#2 /home/user/app/Services/Draw/DrawSettlementService.php(98): App\\Services\\Draw\\DrawSettlementService->performMonetarySettlement()
#3 /home/user/vendor/laravel/framework/src/Illuminate/Database/Concerns/ManagesTransactions.php(32): App\\Services\\Draw\\DrawSettlementService->{closure:App\\Services\\Draw\\DrawSettlementService::settle():88}()
#4 /home/user/vendor/laravel/framework/src/Illuminate/Database/DatabaseManager.php(495): Illuminate\\Database\\Connection->transaction()
#5 /home/user/vendor/laravel/framework/src/Illuminate/Support/Facades/Facade.php(361): Illuminate\\Database\\DatabaseManager->__call()
#6 /home/user/app/Services/Draw/DrawSettlementService.php(88): Illuminate\\Support\\Facades\\Facade::__callStatic()
#7 /home/user/app/Console/Commands/Lottery/SettleDrawsCommand.php(70): App\\Services\\Draw\\DrawSettlementService->settle()
#8 /home/user/app/Console/Commands/Lottery/LotteryAutomationCommand.php(155): App\\Console\\Commands\\Lottery\\SettleDrawsCommand->{closure:App\\Console\\Commands\\Lottery\\SettleDrawsCommand::handle():69}()
#9 /home/user/app/Console/Commands/Lottery/SettleDrawsCommand.php(67): App\\Console\\Commands\\Lottery\\LotteryAutomationCommand->eachDueDraw()
#10 /home/user/vendor/laravel/framework/src/Illuminate/Container/BoundMethod.php(36): App\\Console\\Commands\\Lottery\\SettleDrawsCommand->handle()
#11 /home/user/vendor/laravel/framework/src/Illuminate/Container/Util.php(43): Illuminate\\Container\\BoundMethod::{closure:Illuminate\\Container\\BoundMethod::call():35}()
#12 /home/user/vendor/laravel/framework/src/Illuminate/Container/BoundMethod.php(95): Illuminate\\Container\\Util::unwrapIfClosure()
#13 /home/user/vendor/laravel/framework/src/Illuminate/Container/BoundMethod.php(35): Illuminate\\Container\\BoundMethod::callBoundMethod()
#14 /home/user/vendor/laravel/framework/src/Illuminate/Container/Container.php(696): Illuminate\\Container\\BoundMethod::call()
#15 /home/user/vendor/laravel/framework/src/Illuminate/Console/Command.php(213): Illuminate\\Container\\Container->call()
#16 /home/user/vendor/symfony/console/Command/Command.php(341): Illuminate\\Console\\Command->execute()
#17 /home/user/vendor/laravel/framework/src/Illuminate/Console/Command.php(182): Symfony\\Component\\Console\\Command\\Command->run()
#18 /home/user/vendor/symfony/console/Application.php(1094): Illuminate\\Console\\Command->run()
#19 /home/user/vendor/symfony/console/Application.php(356): Symfony\\Component\\Console\\Application->doRunCommand()
#20 /home/user/vendor/symfony/console/Application.php(195): Symfony\\Component\\Console\\Application->doRun()
#21 /home/user/vendor/laravel/framework/src/Illuminate/Console/Application.php(166): Symfony\\Component\\Console\\Application->run()
#22 /home/user/vendor/laravel/framework/src/Illuminate/Foundation/Console/Kernel.php(427): Illuminate\\Console\\Application->call()
#23 /home/user/vendor/laravel/framework/src/Illuminate/Testing/PendingCommand.php(332): Illuminate\\Foundation\\Console\\Kernel->call()
#24 /home/user/vendor/laravel/framework/src/Illuminate/Testing/PendingCommand.php(556): Illuminate\\Testing\\PendingCommand->run()
#25 /home/user/tests/Feature/Console/DrawAutomationTest.php(334): Illuminate\\Testing\\PendingCommand->__destruct()
#26 /home/user/vendor/phpunit/phpunit/src/Framework/TestCase.php(1667): Tests\\Feature\\Console\\DrawAutomationTest->one_bad_draw_does_not_stop_the_batch_and_the_command_still_reports_failure()
#27 /home/user/vendor/phpunit/phpunit/src/Framework/TestCase.php(519): PHPUnit\\Framework\\TestCase->runTest()
#28 /home/user/vendor/phpunit/phpunit/src/Framework/TestRunner/TestRunner.php(87): PHPUnit\\Framework\\TestCase->runBare()
#29 /home/user/vendor/phpunit/phpunit/src/Framework/TestCase.php(365): PHPUnit\\Framework\\TestRunner->run()
#30 /home/user/vendor/phpunit/phpunit/src/Framework/TestSuite.php(369): PHPUnit\\Framework\\TestCase->run()
#31 /home/user/vendor/phpunit/phpunit/src/Framework/TestSuite.php(369): PHPUnit\\Framework\\TestSuite->run()
#32 /home/user/vendor/phpunit/phpunit/src/Framework/TestSuite.php(369): PHPUnit\\Framework\\TestSuite->run()
#33 /home/user/vendor/phpunit/phpunit/src/TextUI/TestRunner.php(64): PHPUnit\\Framework\\TestSuite->run()
#34 /home/user/vendor/phpunit/phpunit/src/TextUI/Application.php(211): PHPUnit\\TextUI\\TestRunner->run()
#35 /home/user/vendor/phpunit/phpunit/phpunit(104): PHPUnit\\TextUI\\Application->run()
#36 /home/user/vendor/bin/phpunit(122): include('...')
#37 {main}
"} 
[2026-09-03 21:02:28] testing.INFO: lottery.automation.run {"command":"lottery:settle-draws","activity":"settle","processed":1,"failed":1,"skipped":0,"candidates":2} 
[2026-09-03 21:02:28] testing.INFO: lottery.tick {"steps":5,"failed_steps":[],"duration_ms":0.0,"dry_run":false} 
[2026-09-03 21:02:28] testing.INFO: lottery.automation.run {"command":"lottery:open-draws","activity":"open","processed":1,"failed":0,"skipped":0,"candidates":1} 
[2026-09-03 21:02:28] testing.INFO: lottery.automation.run {"command":"lottery:close-draws","activity":"close","processed":2,"failed":0,"skipped":0,"candidates":2} 
[2026-09-03 21:02:28] testing.INFO: lottery.automation.provisioned {"created":6,"existing":0,"horizon_days":90} 
[2026-09-03 21:02:28] testing.INFO: lottery.automation.run {"command":"lottery:open-draws","activity":"open","processed":1,"failed":0,"skipped":0,"candidates":1} 
[2026-09-03 21:02:28] testing.INFO: lottery.automation.run {"command":"lottery:close-draws","activity":"close","processed":1,"failed":0,"skipped":0,"candidates":1} 
[2026-09-03 21:02:28] testing.INFO: lottery.automation.run {"command":"lottery:mark-results-pending","activity":"mark result-pending","processed":1,"failed":0,"skipped":0,"candidates":1} 
[2026-09-03 21:02:28] testing.INFO: lottery.tick {"steps":5,"failed_steps":[],"duration_ms":18.0,"dry_run":false} 
[2026-09-03 21:02:28] testing.INFO: lottery.automation.provisioned {"created":6,"existing":0,"horizon_days":90} 
[2026-09-03 21:02:28] testing.INFO: lottery.automation.run {"command":"lottery:open-draws","activity":"open","processed":1,"failed":0,"skipped":0,"candidates":1} 
[2026-09-03 21:02:28] testing.INFO: lottery.automation.run {"command":"lottery:close-draws","activity":"close","processed":1,"failed":0,"skipped":0,"candidates":1} 
[2026-09-03 21:02:28] testing.INFO: lottery.automation.run {"command":"lottery:mark-results-pending","activity":"mark result-pending","processed":1,"failed":0,"skipped":0,"candidates":1} 
[2026-09-03 21:02:28] testing.INFO: lottery.tick {"steps":5,"failed_steps":[],"duration_ms":19.0,"dry_run":false} 
[2026-09-03 21:02:28] testing.INFO: lottery.automation.run {"command":"lottery:mark-results-pending","activity":"mark result-pending","processed":1,"failed":0,"skipped":0,"candidates":1} 
[2026-09-03 21:02:28] testing.INFO: lottery.publication.published {"draw_id":1,"draw_number":"DR-TEST-0025","winning_numbers":6,"operator_command":true} 
[2026-09-03 21:02:28] testing.INFO: lottery.automation.run {"command":"lottery:mark-results-pending","activity":"mark result-pending","processed":1,"failed":0,"skipped":0,"candidates":1} 
[2026-09-03 21:02:28] testing.WARNING: lottery.publication.refused {"draw_id":1,"draw_number":"DR-TEST-0026","exception":"[object] (App\\Exceptions\\DrawResultValidationException(code: 0): The official first prize number must be exactly 6 digits. Received \"12\", which is 2. Leading zeroes count as digits and are never stripped. at /home/user/app/Exceptions/DrawResultValidationException.php:119)
[stacktrace]
#0 /home/user/app/Services/Draw/DrawResultValidator.php(205): App\\Exceptions\\DrawResultValidationException::firstPrizeLength()
#1 /home/user/app/Services/Draw/DrawResultValidator.php(131): App\\Services\\Draw\\DrawResultValidator->validateFirstPrize()
#2 /home/user/app/Services/Draw/DrawResultPublicationService.php(105): App\\Services\\Draw\\DrawResultValidator->validate()
#3 /home/user/app/Console/Commands/Lottery/PublishDrawResultCommand.php(104): App\\Services\\Draw\\DrawResultPublicationService->publish()
#4 /home/user/vendor/laravel/framework/src/Illuminate/Container/BoundMethod.php(36): App\\Console\\Commands\\Lottery\\PublishDrawResultCommand->handle()
#5 /home/user/vendor/laravel/framework/src/Illuminate/Container/Util.php(43): Illuminate\\Container\\BoundMethod::{closure:Illuminate\\Container\\BoundMethod::call():35}()
#6 /home/user/vendor/laravel/framework/src/Illuminate/Container/BoundMethod.php(95): Illuminate\\Container\\Util::unwrapIfClosure()
#7 /home/user/vendor/laravel/framework/src/Illuminate/Container/BoundMethod.php(35): Illuminate\\Container\\BoundMethod::callBoundMethod()
#8 /home/user/vendor/laravel/framework/src/Illuminate/Container/Container.php(696): Illuminate\\Container\\BoundMethod::call()
#9 /home/user/vendor/laravel/framework/src/Illuminate/Console/Command.php(213): Illuminate\\Container\\Container->call()
#10 /home/user/vendor/symfony/console/Command/Command.php(341): Illuminate\\Console\\Command->execute()
#11 /home/user/vendor/laravel/framework/src/Illuminate/Console/Command.php(182): Symfony\\Component\\Console\\Command\\Command->run()
#12 /home/user/vendor/symfony/console/Application.php(1094): Illuminate\\Console\\Command->run()
#13 /home/user/vendor/symfony/console/Application.php(356): Symfony\\Component\\Console\\Application->doRunCommand()
#14 /home/user/vendor/symfony/console/Application.php(195): Symfony\\Component\\Console\\Application->doRun()
#15 /home/user/vendor/laravel/framework/src/Illuminate/Console/Application.php(166): Symfony\\Component\\Console\\Application->run()
#16 /home/user/vendor/laravel/framework/src/Illuminate/Foundation/Console/Kernel.php(427): Illuminate\\Console\\Application->call()
#17 /home/user/vendor/laravel/framework/src/Illuminate/Testing/PendingCommand.php(332): Illuminate\\Foundation\\Console\\Kernel->call()
#18 /home/user/vendor/laravel/framework/src/Illuminate/Testing/PendingCommand.php(556): Illuminate\\Testing\\PendingCommand->run()
#19 /home/user/tests/Feature/Console/DrawAutomationTest.php(443): Illuminate\\Testing\\PendingCommand->__destruct()
#20 /home/user/vendor/phpunit/phpunit/src/Framework/TestCase.php(1667): Tests\\Feature\\Console\\DrawAutomationTest->publication_refuses_numbers_the_validator_rejects_and_writes_nothing()
#21 /home/user/vendor/phpunit/phpunit/src/Framework/TestCase.php(519): PHPUnit\\Framework\\TestCase->runTest()
#22 /home/user/vendor/phpunit/phpunit/src/Framework/TestRunner/TestRunner.php(87): PHPUnit\\Framework\\TestCase->runBare()
#23 /home/user/vendor/phpunit/phpunit/src/Framework/TestCase.php(365): PHPUnit\\Framework\\TestRunner->run()
#24 /home/user/vendor/phpunit/phpunit/src/Framework/TestSuite.php(369): PHPUnit\\Framework\\TestCase->run()
#25 /home/user/vendor/phpunit/phpunit/src/Framework/TestSuite.php(369): PHPUnit\\Framework\\TestSuite->run()
#26 /home/user/vendor/phpunit/phpunit/src/Framework/TestSuite.php(369): PHPUnit\\Framework\\TestSuite->run()
#27 /home/user/vendor/phpunit/phpunit/src/TextUI/TestRunner.php(64): PHPUnit\\Framework\\TestSuite->run()
#28 /home/user/vendor/phpunit/phpunit/src/TextUI/Application.php(211): PHPUnit\\TextUI\\TestRunner->run()
#29 /home/user/vendor/phpunit/phpunit/phpunit(104): PHPUnit\\TextUI\\Application->run()
#30 /home/user/vendor/bin/phpunit(122): include('...')
#31 {main}
"} 
[2026-09-03 21:02:28] testing.WARNING: lottery.publication.refused {"draw_id":1,"draw_number":"DR-TEST-0027","exception":"[object] (App\\Exceptions\\DrawLifecycleException(code: 0): Draw 1 is in state open; an official result may only be published from result_pending. at /home/user/app/Exceptions/DrawLifecycleException.php:191)
[stacktrace]
#0 /home/user/app/Services/Draw/DrawLifecycleService.php(385): App\\Exceptions\\DrawLifecycleException::notPublishable()
#1 /home/user/app/Services/Draw/DrawResultPublicationService.php(110): App\\Services\\Draw\\DrawLifecycleService->assertCanPublishResult()
#2 /home/user/vendor/laravel/framework/src/Illuminate/Database/Concerns/ManagesTransactions.php(32): App\\Services\\Draw\\DrawResultPublicationService->{closure:App\\Services\\Draw\\DrawResultPublicationService::publish():107}()
#3 /home/user/vendor/laravel/framework/src/Illuminate/Database/DatabaseManager.php(495): Illuminate\\Database\\Connection->transaction()
#4 /home/user/vendor/laravel/framework/src/Illuminate/Support/Facades/Facade.php(361): Illuminate\\Database\\DatabaseManager->__call()
#5 /home/user/app/Services/Draw/DrawResultPublicationService.php(139): Illuminate\\Support\\Facades\\Facade::__callStatic()
#6 /home/user/app/Console/Commands/Lottery/PublishDrawResultCommand.php(104): App\\Services\\Draw\\DrawResultPublicationService->publish()
#7 /home/user/vendor/laravel/framework/src/Illuminate/Container/BoundMethod.php(36): App\\Console\\Commands\\Lottery\\PublishDrawResultCommand->handle()
#8 /home/user/vendor/laravel/framework/src/Illuminate/Container/Util.php(43): Illuminate\\Container\\BoundMethod::{closure:Illuminate\\Container\\BoundMethod::call():35}()
#9 /home/user/vendor/laravel/framework/src/Illuminate/Container/BoundMethod.php(95): Illuminate\\Container\\Util::unwrapIfClosure()
#10 /home/user/vendor/laravel/framework/src/Illuminate/Container/BoundMethod.php(35): Illuminate\\Container\\BoundMethod::callBoundMethod()
#11 /home/user/vendor/laravel/framework/src/Illuminate/Container/Container.php(696): Illuminate\\Container\\BoundMethod::call()
#12 /home/user/vendor/laravel/framework/src/Illuminate/Console/Command.php(213): Illuminate\\Container\\Container->call()
#13 /home/user/vendor/symfony/console/Command/Command.php(341): Illuminate\\Console\\Command->execute()
#14 /home/user/vendor/laravel/framework/src/Illuminate/Console/Command.php(182): Symfony\\Component\\Console\\Command\\Command->run()
#15 /home/user/vendor/symfony/console/Application.php(1094): Illuminate\\Console\\Command->run()
#16 /home/user/vendor/symfony/console/Application.php(356): Symfony\\Component\\Console\\Application->doRunCommand()
#17 /home/user/vendor/symfony/console/Application.php(195): Symfony\\Component\\Console\\Application->doRun()
#18 /home/user/vendor/laravel/framework/src/Illuminate/Console/Application.php(166): Symfony\\Component\\Console\\Application->run()
#19 /home/user/vendor/laravel/framework/src/Illuminate/Foundation/Console/Kernel.php(427): Illuminate\\Console\\Application->call()
#20 /home/user/vendor/laravel/framework/src/Illuminate/Testing/PendingCommand.php(332): Illuminate\\Foundation\\Console\\Kernel->call()
#21 /home/user/vendor/laravel/framework/src/Illuminate/Testing/PendingCommand.php(556): Illuminate\\Testing\\PendingCommand->run()
#22 /home/user/tests/Feature/Console/DrawAutomationTest.php(459): Illuminate\\Testing\\PendingCommand->__destruct()
#23 /home/user/vendor/phpunit/phpunit/src/Framework/TestCase.php(1667): Tests\\Feature\\Console\\DrawAutomationTest->publication_is_refused_for_a_draw_that_is_not_awaiting_its_result()
#24 /home/user/vendor/phpunit/phpunit/src/Framework/TestCase.php(519): PHPUnit\\Framework\\TestCase->runTest()
#25 /home/user/vendor/phpunit/phpunit/src/Framework/TestRunner/TestRunner.php(87): PHPUnit\\Framework\\TestCase->runBare()
#26 /home/user/vendor/phpunit/phpunit/src/Framework/TestCase.php(365): PHPUnit\\Framework\\TestRunner->run()
#27 /home/user/vendor/phpunit/phpunit/src/Framework/TestSuite.php(369): PHPUnit\\Framework\\TestCase->run()
#28 /home/user/vendor/phpunit/phpunit/src/Framework/TestSuite.php(369): PHPUnit\\Framework\\TestSuite->run()
#29 /home/user/vendor/phpunit/phpunit/src/Framework/TestSuite.php(369): PHPUnit\\Framework\\TestSuite->run()
#30 /home/user/vendor/phpunit/phpunit/src/TextUI/TestRunner.php(64): PHPUnit\\Framework\\TestSuite->run()
#31 /home/user/vendor/phpunit/phpunit/src/TextUI/Application.php(211): PHPUnit\\TextUI\\TestRunner->run()
#32 /home/user/vendor/phpunit/phpunit/phpunit(104): PHPUnit\\TextUI\\Application->run()
#33 /home/user/vendor/bin/phpunit(122): include('...')
#34 {main}
"} 
[2026-09-03 21:02:28] testing.INFO: lottery.automation.run {"command":"lottery:mark-results-pending","activity":"mark result-pending","processed":1,"failed":0,"skipped":0,"candidates":1} 
[2026-09-03 21:06:30] testing.INFO: bet_purchase.api.success {"outcome":"purchased","bet_id":1,"bet_number":"BT-20260903-8BC2116D4C87","ticket_id":1,"draw_id":1,"currency":"THB","stake":"10.00","client_key":"api-3fac7e5042598962807ac50192f07570561b1f92","request_id":"31a6e8bebfa3e29e1a25df74cf4ce777","user_id":1} 
[2026-09-03 21:06:31] testing.INFO: bet_purchase.api.success {"outcome":"purchased","bet_id":1,"bet_number":"BT-20260903-FA79B934C05F","ticket_id":1,"draw_id":1,"currency":"THB","stake":"10.00","client_key":"api-a676f40bd6585d6668cbe33a51f09953c02a7fef","request_id":"0e45b272e08c6a3c737da66174dee33f","user_id":1} 
[2026-09-03 21:06:31] testing.INFO: bet_purchase.api.success {"outcome":"purchased","bet_id":1,"bet_number":"BT-20260903-539B2BE1D9AE","ticket_id":1,"draw_id":1,"currency":"THB","stake":"10.00","client_key":"api-f7b8f591922e9b515c83f0ca28847379e14e3f93","request_id":"42ea3523646ebf482f8c6d3f2b52a923","user_id":1} 
[2026-09-03 21:06:31] testing.INFO: bet_purchase.api.success {"outcome":"purchased","bet_id":1,"bet_number":"BT-20260903-3D459F8A16D9","ticket_id":1,"draw_id":1,"currency":"THB","stake":"10.00","client_key":"api-e187d76746182cbb563423de65c53cff48e1b26c","request_id":"14c466fe67c4e2991add982e6d5bebb8","user_id":1} 
[2026-09-03 21:06:31] testing.INFO: bet_purchase.api.success {"outcome":"purchased","bet_id":1,"bet_number":"BT-20260903-560615AF78DC","ticket_id":1,"draw_id":1,"currency":"THB","stake":"10.00","client_key":"api-bd6c2f1a5ca9ea80b589a486be6f1ed025590bed","request_id":"fefe0704ed0f082068a1ebb14515e5b7","user_id":1} 
[2026-09-03 21:06:31] testing.INFO: bet_purchase.api.success {"outcome":"purchased","bet_id":1,"bet_number":"BT-20260903-B97DA5F73088","ticket_id":1,"draw_id":1,"currency":"THB","stake":"10.00","client_key":"api-8e924a7dac69469f40b6a9525e68f510b7972699","request_id":"f02550dd44833c60cadb7fd782e2f697","user_id":1} 
[2026-09-03 21:06:31] testing.INFO: bet_purchase.api.success {"outcome":"purchased","bet_id":1,"bet_number":"BT-20260903-442C2CFC9175","ticket_id":1,"draw_id":1,"currency":"THB","stake":"10.00","client_key":"api-63e4863923f9d99f637040c4ecaa95eaf5e39f31","request_id":"8ebb35df68c25d87136252bddf82eb58","user_id":1} 
[2026-09-03 21:06:31] testing.INFO: bet_purchase.api.success {"outcome":"purchased","bet_id":1,"bet_number":"BT-20260903-7A58A2CE6E74","ticket_id":1,"draw_id":1,"currency":"THB","stake":"10.00","client_key":"api-1d2da6cca6185013559ff92e6eedc11e93618224","request_id":"e57fd2d1575eb6ec2c371b1360b2e5ae","user_id":1} 
[2026-09-03 21:06:31] testing.INFO: bet_purchase.api.success {"outcome":"purchased","bet_id":1,"bet_number":"BT-20260903-AFA30D3A4A90","ticket_id":1,"draw_id":1,"currency":"THB","stake":"10.00","client_key":"api-4fed3970dcc0d31dccddbf69ef55b00f32d2ca78","request_id":"213ea557c058a4d14f2e820686cde3ad","user_id":1} 
[2026-09-03 21:06:31] testing.INFO: bet_purchase.api.success {"outcome":"purchased","bet_id":1,"bet_number":"BT-20260903-0982980A2958","ticket_id":1,"draw_id":1,"currency":"THB","stake":"10.00","client_key":"api-3e23e8160039594a33894f6564e1b1348bbd7a00","request_id":"003ea78614d0b851fe02ed4f3abc727b","user_id":1} 
[2026-09-03 21:06:31] testing.INFO: bet_purchase.api.success {"outcome":"purchased","bet_id":1,"bet_number":"BT-20260903-6059D91D1383","ticket_id":1,"draw_id":1,"currency":"THB","stake":"10.00","client_key":"api-2e7d2c03a9507ae265ecf5b5356885a53393a202","request_id":"edff5c96ef423d8ed823674512b4a9f8","user_id":1} 
[2026-09-03 21:06:32] testing.INFO: bet_purchase.api.refused {"outcome":"refused","error_code":"draw_not_found","http_status":404,"exception":"App\\Exceptions\\BetPurchaseValidationException","client_key":"api-3f79bb7b435b05321651daefd374cdc681dc06fa","request_id":"89df52f3320b68a9834be1da5e4b56f1","user_id":1} 
[2026-09-03 21:06:32] testing.INFO: bet_purchase.api.refused {"outcome":"refused","error_code":"draw_closed","http_status":422,"exception":"App\\Exceptions\\BetPurchaseValidationException","client_key":"api-252f10c83610ebca1a059c0bae8255eba2f95be4","request_id":"0763aa2c67cb410d2843edaf421375dc","user_id":1} 
[2026-09-03 21:06:32] testing.INFO: bet_purchase.api.success {"outcome":"purchased","bet_id":1,"bet_number":"BT-20260903-E87FE9B812D9","ticket_id":1,"draw_id":1,"currency":"THB","stake":"10.00","client_key":"api-de7d1b721a1e0632b7cf04edf5032c8ecffa9f9a","request_id":"c177a451722582222ed3d7142c2e3092","user_id":1} 
[2026-09-03 21:06:32] testing.INFO: bet_purchase.api.success {"outcome":"purchased","bet_id":1,"bet_number":"BT-20260903-E2FE6EE3C3BA","ticket_id":1,"draw_id":1,"currency":"THB","stake":"10.00","client_key":"api-189f40034be7a199f1fa9891668ee3ab6049f82d","request_id":"d2e4d317cdc2de72368bccc32b4fcaae","user_id":1} 
[2026-09-03 21:06:32] testing.INFO: bet_purchase.api.refused {"outcome":"refused","error_code":"invalid_stake","http_status":422,"exception":"App\\Exceptions\\BetPurchaseValidationException","client_key":"api-acac86c0e609ca906f632b0e2dacccb2b77d22b0","request_id":"0f6c7ca9296f94a5add99a92ac30640e","user_id":1} 
[2026-09-03 21:06:32] testing.INFO: bet_purchase.api.refused {"outcome":"refused","error_code":"insufficient_balance","http_status":422,"exception":"App\\Exceptions\\BetPurchaseException","client_key":"api-1b16b1df538ba12dc3f97edbb85caa7050d46c14","request_id":"13b31b6c0a21f9e15655a435c015350e","user_id":1} 
[2026-09-03 21:06:32] testing.INFO: bet_purchase.api.refused {"outcome":"refused","error_code":"risk_rejected","http_status":422,"exception":"App\\Exceptions\\BetPurchaseValidationException","client_key":"api-65c74c15a686187bb6bbf9958f494fc6b8006803","request_id":"5d42449531654ac6189afbaacf7a8000","user_id":1} 
[2026-09-03 21:06:32] testing.INFO: bet_purchase.api.success {"outcome":"purchased","bet_id":1,"bet_number":"BT-20260903-FCF96900665F","ticket_id":1,"draw_id":1,"currency":"THB","stake":"10.00","client_key":"api-148de9c5a7a44d19e56cd9ae1a554bf67847afb0","request_id":"95923407adcec7be4739e591825bc3a7","user_id":1} 
[2026-09-03 21:06:32] testing.INFO: bet_purchase.api.success {"outcome":"replayed","bet_id":1,"bet_number":"BT-20260903-FCF96900665F","ticket_id":1,"draw_id":1,"currency":"THB","stake":"10.00","client_key":"api-148de9c5a7a44d19e56cd9ae1a554bf67847afb0","request_id":"c0239e395e4b9809ac99397e02e0ed3d","user_id":1} 
[2026-09-03 21:06:32] testing.INFO: bet_purchase.api.success {"outcome":"purchased","bet_id":1,"bet_number":"BT-20260903-706FE647975F","ticket_id":1,"draw_id":1,"currency":"THB","stake":"10.00","client_key":"api-8e35c2cd3bf6641bdb0e2050b76932cbb2e6034a","request_id":"5936dd79d936f43daa4d76203f4613e5","user_id":1} 
[2026-09-03 21:06:32] testing.INFO: bet_purchase.api.refused {"outcome":"refused","error_code":"idempotency_payload_mismatch","http_status":409,"exception":"App\\Exceptions\\BetPurchaseIdempotencyException","client_key":"api-8e35c2cd3bf6641bdb0e2050b76932cbb2e6034a","request_id":"9ee82ec62b2c989aa5120d886136e429","user_id":1} 
[2026-09-03 21:06:32] testing.INFO: bet_purchase.api.success {"outcome":"purchased","bet_id":1,"bet_number":"BT-20260903-BE4218B1967A","ticket_id":1,"draw_id":1,"currency":"THB","stake":"10.00","client_key":"api-454349e422f05297191ead13e21d3db520e5abef","request_id":"dc6ce72c8813b5186d9b2184793e1fe4","user_id":1} 
[2026-09-03 21:06:32] testing.INFO: bet_purchase.api.success {"outcome":"purchased","bet_id":2,"bet_number":"BT-20260903-B67FEB71565E","ticket_id":2,"draw_id":2,"currency":"THB","stake":"10.00","client_key":"api-454349e422f05297191ead13e21d3db520e5abef","request_id":"d8868a1509e962dfe69b3c4b8ce57ce8","user_id":2} 
[2026-09-03 21:06:32] testing.INFO: bet_purchase.api.success {"outcome":"purchased","bet_id":1,"bet_number":"BT-20260903-1F94D75F1728","ticket_id":1,"draw_id":1,"currency":"THB","stake":"10.00","client_key":"api-043a718774c572bd8a25adbeb1bfcd5c0256ae11","request_id":"265e010871f5928a474dd8e11bf39ead","user_id":1} 
[2026-09-03 21:06:32] testing.INFO: bet_purchase.api.success {"outcome":"purchased","bet_id":2,"bet_number":"BT-20260903-3EAFBA83AAB5","ticket_id":2,"draw_id":2,"currency":"THB","stake":"10.00","client_key":"api-043a718774c572bd8a25adbeb1bfcd5c0256ae11","request_id":"8790426acbec56934e0d3e8ff13b2f2f","user_id":1} 
[2026-09-03 21:06:32] testing.INFO: bet_purchase.api.success {"outcome":"purchased","bet_id":1,"bet_number":"BT-20260903-21D0219AC8F8","ticket_id":1,"draw_id":1,"currency":"THB","stake":"10.00","client_key":"api-e3b98a4da31a127d4bde6e43033f66ba274cab0e","request_id":"511203e526be067abd21cefa619b8dda","user_id":1} 
[2026-09-03 21:06:33] testing.INFO: bet_purchase.api.success {"outcome":"purchased","bet_id":1,"bet_number":"BT-20260903-E8C24D319854","ticket_id":1,"draw_id":1,"currency":"THB","stake":"10.00","client_key":"api-2d711642b726b04401627ca9fbac32f5c8530fb1","request_id":"02767192cea8189d6c01ee88c29d78c3","user_id":1} 
[2026-09-03 21:06:33] testing.INFO: bet_purchase.api.success {"outcome":"purchased","bet_id":1,"bet_number":"BT-20260903-8071D59EDDE8","ticket_id":1,"draw_id":1,"currency":"THB","stake":"10.00","client_key":"api-a1fce4363854ff888cff4b8e7875d600c2682390","request_id":"e9e5f54639de12ca4391db149266ec1b","user_id":1} 
[2026-09-03 21:06:33] testing.INFO: bet_purchase.api.success {"outcome":"purchased","bet_id":1,"bet_number":"BT-20260903-CA0956ADC57F","ticket_id":1,"draw_id":1,"currency":"THB","stake":"10.00","client_key":"api-fb8e20fc2e4c3f248c60c39bd652f3c1347298bb","request_id":"a744e8cdef58bbadccc31ac1c50978fb","user_id":1} 
[2026-09-03 21:06:33] testing.INFO: bet_purchase.api.success {"outcome":"purchased","bet_id":1,"bet_number":"BT-20260903-825CAA323E39","ticket_id":1,"draw_id":1,"currency":"THB","stake":"10.00","client_key":"api-f45de51cdef30991551e41e882dd7b5404799648","request_id":"be7503de4fb402edc200b0fdf188298d","user_id":1} 
[2026-09-03 21:06:33] testing.INFO: bet_purchase.api.success {"outcome":"purchased","bet_id":1,"bet_number":"BT-20260903-E368DAA390C8","ticket_id":1,"draw_id":1,"currency":"THB","stake":"10.00","client_key":"api-b0136a3f0a0fae4b4cbb261ae65b245326d69f8a","request_id":"9cacbcdd401108254759863e52042b4a","user_id":1} 
[2026-09-03 21:06:33] testing.INFO: bet_purchase.api.success {"outcome":"purchased","bet_id":1,"bet_number":"BT-20260903-608880AEB78A","ticket_id":1,"draw_id":1,"currency":"THB","stake":"10.00","client_key":"api-e5a94045f98e84810bb71edd3ba885463406b087","request_id":"c34522bfc9c9d6885f5c4155ef63745e","user_id":1} 
[2026-09-03 21:06:33] testing.INFO: bet_purchase.api.success {"outcome":"purchased","bet_id":1,"bet_number":"BT-20260903-CF931307AF24","ticket_id":1,"draw_id":1,"currency":"THB","stake":"10.00","client_key":"api-b797c8d26a988c97a38d4458172406dc19ab0012","request_id":"3f55d8e48f64ff0f94cb5ccfe0e3bd05","user_id":1} 
[2026-09-03 21:06:33] testing.INFO: bet_purchase.api.success {"outcome":"purchased","bet_id":1,"bet_number":"BT-20260903-22FAFC0AECA0","ticket_id":1,"draw_id":1,"currency":"THB","stake":"10.00","client_key":"api-70ba33708cbfb103f1a8e34afef333ba7dc02102","request_id":"d52aa95c9463224b6b32132fad8145c9","user_id":1} 
[2026-09-03 21:06:33] testing.INFO: bet_purchase.api.success {"outcome":"purchased","bet_id":1,"bet_number":"BT-20260903-C2EE86DEB929","ticket_id":1,"draw_id":1,"currency":"THB","stake":"10.00","client_key":"api-f9a00f43e97e3966bb846e76b6795e11512c3bbf","request_id":"a535c9a8c055937c7331edb4663ac99d","user_id":1} 
[2026-09-03 21:06:33] testing.INFO: bet_purchase.api.success {"outcome":"purchased","bet_id":1,"bet_number":"BT-20260903-6108D5410E5B","ticket_id":1,"draw_id":1,"currency":"THB","stake":"10.00","client_key":"api-503126878d17fcd6bde7df320ff6eb7c278a1c42","request_id":"c9184c2e114006ef0d2bf2092d700577","user_id":1} 
[2026-09-03 21:06:33] testing.INFO: bet_purchase.api.success {"outcome":"purchased","bet_id":1,"bet_number":"BT-20260903-CC7620CC87D3","ticket_id":1,"draw_id":1,"currency":"THB","stake":"10.00","client_key":"api-9aaf680776b98fd17fe63376120525cbcdffc01b","request_id":"7895aa4f3b6c11443b4271a43559b1f5","user_id":1} 
[2026-09-03 21:06:33] testing.INFO: bet_purchase.api.success {"outcome":"purchased","bet_id":1,"bet_number":"BT-20260903-BFC29D47937E","ticket_id":1,"draw_id":1,"currency":"THB","stake":"10.55","client_key":"api-70a0d5198ebb88f97a2cc83a236a8afcc28c7d9e","request_id":"fc0bf05c84cac002668979af457ebf08","user_id":1} 
[2026-09-03 21:06:33] testing.INFO: bet_purchase.api.success {"outcome":"purchased","bet_id":1,"bet_number":"BT-20260903-388B1DBD3639","ticket_id":1,"draw_id":1,"currency":"THB","stake":"10.00","client_key":"api-32e83e92d45d71f69dcf9d214688f03755421086","request_id":"352ad50079b58a44433ceeba6a6c3036","user_id":1} 
[2026-09-03 21:06:34] testing.INFO: bet_purchase.api.success {"outcome":"purchased","bet_id":1,"bet_number":"BT-20260903-9AB0CC231112","ticket_id":1,"draw_id":1,"currency":"THB","stake":"10.00","client_key":"api-7d29d73105d636d04ca9fffcf979986d373ac874","request_id":"27807979a76300f4b67bed90fec66141","user_id":1} 
[2026-09-03 21:06:34] testing.INFO: bet_purchase.api.success {"outcome":"purchased","bet_id":1,"bet_number":"BT-20260903-3DC16DE37D13","ticket_id":1,"draw_id":2,"currency":"THB","stake":"10.00","client_key":"api-6fdb16bc02366c008d809798cb3faae1efba55a5","request_id":"49bc7e13d689a2457d0bfb1a52f17978","user_id":2} 
[2026-09-03 21:06:34] testing.ERROR: SQLSTATE[42S02]: Base table or view not found: 1146 Table "thai_lottery.wallets" doesn't exist (Connection: mysql, SQL: select * from `wallets` where `id` = 1) in /var/www/app/Services/Finance/WalletService.php:118 {"exception":"[object] (RuntimeException(code: 0): SQLSTATE[42S02]: Base table or view not found: 1146 Table \"thai_lottery.wallets\" doesn't exist (Connection: mysql, SQL: select * from `wallets` where `id` = 1) in /var/www/app/Services/Finance/WalletService.php:118 at /home/user/tests/Feature/Api/V1/BetPurchaseApiTest.php:993)
[stacktrace]
#0 /home/user/vendor/laravel/framework/src/Illuminate/Routing/CallableDispatcher.php(40): Tests\\Feature\\Api\\V1\\BetPurchaseApiTest->{closure:Tests\\Feature\\Api\\V1\\BetPurchaseApiTest::am_an_unexpected_failure_never_exposes_a_stack_trace_or_internals():990}()
#1 /home/user/vendor/laravel/framework/src/Illuminate/Routing/Route.php(244): Illuminate\\Routing\\CallableDispatcher->dispatch()
#2 /home/user/vendor/laravel/framework/src/Illuminate/Routing/Route.php(215): Illuminate\\Routing\\Route->runCallable()
#3 /home/user/vendor/laravel/framework/src/Illuminate/Routing/Router.php(808): Illuminate\\Routing\\Route->run()
#4 /home/user/vendor/laravel/framework/src/Illuminate/Pipeline/Pipeline.php(170): Illuminate\\Routing\\Router->{closure:Illuminate\\Routing\\Router::runRouteWithinStack():807}()
#5 /home/user/vendor/laravel/framework/src/Illuminate/Routing/Middleware/SubstituteBindings.php(51): Illuminate\\Pipeline\\Pipeline->{closure:Illuminate\\Pipeline\\Pipeline::prepareDestination():168}()
#6 /home/user/vendor/laravel/framework/src/Illuminate/Pipeline/Pipeline.php(209): Illuminate\\Routing\\Middleware\\SubstituteBindings->handle()
#7 /home/user/vendor/laravel/framework/src/Illuminate/Pipeline/Pipeline.php(127): Illuminate\\Pipeline\\Pipeline->{closure:{closure:Illuminate\\Pipeline\\Pipeline::carry():184}:185}()
#8 /home/user/vendor/laravel/framework/src/Illuminate/Routing/Router.php(807): Illuminate\\Pipeline\\Pipeline->then()
#9 /home/user/vendor/laravel/framework/src/Illuminate/Routing/Router.php(786): Illuminate\\Routing\\Router->runRouteWithinStack()
#10 /home/user/vendor/laravel/framework/src/Illuminate/Routing/Router.php(750): Illuminate\\Routing\\Router->runRoute()
#11 /home/user/vendor/laravel/framework/src/Illuminate/Routing/Router.php(739): Illuminate\\Routing\\Router->dispatchToRoute()
#12 /home/user/vendor/laravel/framework/src/Illuminate/Foundation/Http/Kernel.php(201): Illuminate\\Routing\\Router->dispatch()
#13 /home/user/vendor/laravel/framework/src/Illuminate/Pipeline/Pipeline.php(170): Illuminate\\Foundation\\Http\\Kernel->{closure:Illuminate\\Foundation\\Http\\Kernel::dispatchToRouter():198}()
#14 /home/user/vendor/livewire/livewire/src/Features/SupportDisablingBackButtonCache/DisableBackButtonCacheMiddleware.php(19): Illuminate\\Pipeline\\Pipeline->{closure:Illuminate\\Pipeline\\Pipeline::prepareDestination():168}()
#15 /home/user/vendor/laravel/framework/src/Illuminate/Pipeline/Pipeline.php(209): Livewire\\Features\\SupportDisablingBackButtonCache\\DisableBackButtonCacheMiddleware->handle()
#16 /home/user/app/Http/Middleware/SecurityHeaders.php(13): Illuminate\\Pipeline\\Pipeline->{closure:{closure:Illuminate\\Pipeline\\Pipeline::carry():184}:185}()
#17 /home/user/vendor/laravel/framework/src/Illuminate/Pipeline/Pipeline.php(209): App\\Http\\Middleware\\SecurityHeaders->handle()
#18 /home/user/vendor/laravel/framework/src/Illuminate/Foundation/Http/Middleware/TransformsRequest.php(21): Illuminate\\Pipeline\\Pipeline->{closure:{closure:Illuminate\\Pipeline\\Pipeline::carry():184}:185}()
#19 /home/user/vendor/laravel/framework/src/Illuminate/Foundation/Http/Middleware/ConvertEmptyStringsToNull.php(31): Illuminate\\Foundation\\Http\\Middleware\\TransformsRequest->handle()
#20 /home/user/vendor/laravel/framework/src/Illuminate/Pipeline/Pipeline.php(209): Illuminate\\Foundation\\Http\\Middleware\\ConvertEmptyStringsToNull->handle()
#21 /home/user/vendor/laravel/framework/src/Illuminate/Foundation/Http/Middleware/TransformsRequest.php(21): Illuminate\\Pipeline\\Pipeline->{closure:{closure:Illuminate\\Pipeline\\Pipeline::carry():184}:185}()
#22 /home/user/vendor/laravel/framework/src/Illuminate/Foundation/Http/Middleware/TrimStrings.php(51): Illuminate\\Foundation\\Http\\Middleware\\TransformsRequest->handle()
#23 /home/user/vendor/laravel/framework/src/Illuminate/Pipeline/Pipeline.php(209): Illuminate\\Foundation\\Http\\Middleware\\TrimStrings->handle()
#24 /home/user/vendor/laravel/framework/src/Illuminate/Http/Middleware/ValidatePostSize.php(27): Illuminate\\Pipeline\\Pipeline->{closure:{closure:Illuminate\\Pipeline\\Pipeline::carry():184}:185}()
#25 /home/user/vendor/laravel/framework/src/Illuminate/Pipeline/Pipeline.php(209): Illuminate\\Http\\Middleware\\ValidatePostSize->handle()
#26 /home/user/vendor/laravel/framework/src/Illuminate/Foundation/Http/Middleware/PreventRequestsDuringMaintenance.php(110): Illuminate\\Pipeline\\Pipeline->{closure:{closure:Illuminate\\Pipeline\\Pipeline::carry():184}:185}()
#27 /home/user/vendor/laravel/framework/src/Illuminate/Pipeline/Pipeline.php(209): Illuminate\\Foundation\\Http\\Middleware\\PreventRequestsDuringMaintenance->handle()
#28 /home/user/vendor/laravel/framework/src/Illuminate/Http/Middleware/HandleCors.php(62): Illuminate\\Pipeline\\Pipeline->{closure:{closure:Illuminate\\Pipeline\\Pipeline::carry():184}:185}()
#29 /home/user/vendor/laravel/framework/src/Illuminate/Pipeline/Pipeline.php(209): Illuminate\\Http\\Middleware\\HandleCors->handle()
#30 /home/user/vendor/laravel/framework/src/Illuminate/Http/Middleware/TrustProxies.php(58): Illuminate\\Pipeline\\Pipeline->{closure:{closure:Illuminate\\Pipeline\\Pipeline::carry():184}:185}()
#31 /home/user/vendor/laravel/framework/src/Illuminate/Pipeline/Pipeline.php(209): Illuminate\\Http\\Middleware\\TrustProxies->handle()
#32 /home/user/vendor/laravel/framework/src/Illuminate/Foundation/Http/Middleware/InvokeDeferredCallbacks.php(22): Illuminate\\Pipeline\\Pipeline->{closure:{closure:Illuminate\\Pipeline\\Pipeline::carry():184}:185}()
#33 /home/user/vendor/laravel/framework/src/Illuminate/Pipeline/Pipeline.php(209): Illuminate\\Foundation\\Http\\Middleware\\InvokeDeferredCallbacks->handle()
#34 /home/user/vendor/laravel/framework/src/Illuminate/Pipeline/Pipeline.php(127): Illuminate\\Pipeline\\Pipeline->{closure:{closure:Illuminate\\Pipeline\\Pipeline::carry():184}:185}()
#35 /home/user/vendor/laravel/framework/src/Illuminate/Foundation/Http/Kernel.php(176): Illuminate\\Pipeline\\Pipeline->then()
#36 /home/user/vendor/laravel/framework/src/Illuminate/Foundation/Http/Kernel.php(145): Illuminate\\Foundation\\Http\\Kernel->sendRequestThroughRouter()
#37 /home/user/vendor/laravel/framework/src/Illuminate/Foundation/Testing/Concerns/MakesHttpRequests.php(607): Illuminate\\Foundation\\Http\\Kernel->handle()
#38 /home/user/vendor/laravel/framework/src/Illuminate/Foundation/Testing/Concerns/MakesHttpRequests.php(573): Illuminate\\Foundation\\Testing\\TestCase->call()
#39 /home/user/vendor/laravel/framework/src/Illuminate/Foundation/Testing/Concerns/MakesHttpRequests.php(381): Illuminate\\Foundation\\Testing\\TestCase->json()
#40 /home/user/tests/Feature/Api/V1/BetPurchaseApiTest.php(1001): Illuminate\\Foundation\\Testing\\TestCase->getJson()
#41 /home/user/vendor/phpunit/phpunit/src/Framework/TestCase.php(1667): Tests\\Feature\\Api\\V1\\BetPurchaseApiTest->am_an_unexpected_failure_never_exposes_a_stack_trace_or_internals()
#42 /home/user/vendor/phpunit/phpunit/src/Framework/TestCase.php(519): PHPUnit\\Framework\\TestCase->runTest()
#43 /home/user/vendor/phpunit/phpunit/src/Framework/TestRunner/TestRunner.php(87): PHPUnit\\Framework\\TestCase->runBare()
#44 /home/user/vendor/phpunit/phpunit/src/Framework/TestCase.php(365): PHPUnit\\Framework\\TestRunner->run()
#45 /home/user/vendor/phpunit/phpunit/src/Framework/TestSuite.php(369): PHPUnit\\Framework\\TestCase->run()
#46 /home/user/vendor/phpunit/phpunit/src/Framework/TestSuite.php(369): PHPUnit\\Framework\\TestSuite->run()
#47 /home/user/vendor/phpunit/phpunit/src/Framework/TestSuite.php(369): PHPUnit\\Framework\\TestSuite->run()
#48 /home/user/vendor/phpunit/phpunit/src/TextUI/TestRunner.php(64): PHPUnit\\Framework\\TestSuite->run()
#49 /home/user/vendor/phpunit/phpunit/src/TextUI/Application.php(211): PHPUnit\\TextUI\\TestRunner->run()
#50 /home/user/vendor/phpunit/phpunit/phpunit(104): PHPUnit\\TextUI\\Application->run()
#51 /home/user/vendor/bin/phpunit(122): include('...')
#52 {main}
"} 
[2026-09-03 21:06:34] testing.ERROR: api.unhandled_exception {"exception":"[object] (RuntimeException(code: 0): SQLSTATE[42S02]: Base table or view not found: 1146 Table \"thai_lottery.wallets\" doesn't exist (Connection: mysql, SQL: select * from `wallets` where `id` = 1) in /var/www/app/Services/Finance/WalletService.php:118 at /home/user/tests/Feature/Api/V1/BetPurchaseApiTest.php:993)
[stacktrace]
#0 /home/user/vendor/laravel/framework/src/Illuminate/Routing/CallableDispatcher.php(40): Tests\\Feature\\Api\\V1\\BetPurchaseApiTest->{closure:Tests\\Feature\\Api\\V1\\BetPurchaseApiTest::am_an_unexpected_failure_never_exposes_a_stack_trace_or_internals():990}()
#1 /home/user/vendor/laravel/framework/src/Illuminate/Routing/Route.php(244): Illuminate\\Routing\\CallableDispatcher->dispatch()
#2 /home/user/vendor/laravel/framework/src/Illuminate/Routing/Route.php(215): Illuminate\\Routing\\Route->runCallable()
#3 /home/user/vendor/laravel/framework/src/Illuminate/Routing/Router.php(808): Illuminate\\Routing\\Route->run()
#4 /home/user/vendor/laravel/framework/src/Illuminate/Pipeline/Pipeline.php(170): Illuminate\\Routing\\Router->{closure:Illuminate\\Routing\\Router::runRouteWithinStack():807}()
#5 /home/user/vendor/laravel/framework/src/Illuminate/Routing/Middleware/SubstituteBindings.php(51): Illuminate\\Pipeline\\Pipeline->{closure:Illuminate\\Pipeline\\Pipeline::prepareDestination():168}()
#6 /home/user/vendor/laravel/framework/src/Illuminate/Pipeline/Pipeline.php(209): Illuminate\\Routing\\Middleware\\SubstituteBindings->handle()
#7 /home/user/vendor/laravel/framework/src/Illuminate/Pipeline/Pipeline.php(127): Illuminate\\Pipeline\\Pipeline->{closure:{closure:Illuminate\\Pipeline\\Pipeline::carry():184}:185}()
#8 /home/user/vendor/laravel/framework/src/Illuminate/Routing/Router.php(807): Illuminate\\Pipeline\\Pipeline->then()
#9 /home/user/vendor/laravel/framework/src/Illuminate/Routing/Router.php(786): Illuminate\\Routing\\Router->runRouteWithinStack()
#10 /home/user/vendor/laravel/framework/src/Illuminate/Routing/Router.php(750): Illuminate\\Routing\\Router->runRoute()
#11 /home/user/vendor/laravel/framework/src/Illuminate/Routing/Router.php(739): Illuminate\\Routing\\Router->dispatchToRoute()
#12 /home/user/vendor/laravel/framework/src/Illuminate/Foundation/Http/Kernel.php(201): Illuminate\\Routing\\Router->dispatch()
#13 /home/user/vendor/laravel/framework/src/Illuminate/Pipeline/Pipeline.php(170): Illuminate\\Foundation\\Http\\Kernel->{closure:Illuminate\\Foundation\\Http\\Kernel::dispatchToRouter():198}()
#14 /home/user/vendor/livewire/livewire/src/Features/SupportDisablingBackButtonCache/DisableBackButtonCacheMiddleware.php(19): Illuminate\\Pipeline\\Pipeline->{closure:Illuminate\\Pipeline\\Pipeline::prepareDestination():168}()
#15 /home/user/vendor/laravel/framework/src/Illuminate/Pipeline/Pipeline.php(209): Livewire\\Features\\SupportDisablingBackButtonCache\\DisableBackButtonCacheMiddleware->handle()
#16 /home/user/app/Http/Middleware/SecurityHeaders.php(13): Illuminate\\Pipeline\\Pipeline->{closure:{closure:Illuminate\\Pipeline\\Pipeline::carry():184}:185}()
#17 /home/user/vendor/laravel/framework/src/Illuminate/Pipeline/Pipeline.php(209): App\\Http\\Middleware\\SecurityHeaders->handle()
#18 /home/user/vendor/laravel/framework/src/Illuminate/Foundation/Http/Middleware/TransformsRequest.php(21): Illuminate\\Pipeline\\Pipeline->{closure:{closure:Illuminate\\Pipeline\\Pipeline::carry():184}:185}()
#19 /home/user/vendor/laravel/framework/src/Illuminate/Foundation/Http/Middleware/ConvertEmptyStringsToNull.php(31): Illuminate\\Foundation\\Http\\Middleware\\TransformsRequest->handle()
#20 /home/user/vendor/laravel/framework/src/Illuminate/Pipeline/Pipeline.php(209): Illuminate\\Foundation\\Http\\Middleware\\ConvertEmptyStringsToNull->handle()
#21 /home/user/vendor/laravel/framework/src/Illuminate/Foundation/Http/Middleware/TransformsRequest.php(21): Illuminate\\Pipeline\\Pipeline->{closure:{closure:Illuminate\\Pipeline\\Pipeline::carry():184}:185}()
#22 /home/user/vendor/laravel/framework/src/Illuminate/Foundation/Http/Middleware/TrimStrings.php(51): Illuminate\\Foundation\\Http\\Middleware\\TransformsRequest->handle()
#23 /home/user/vendor/laravel/framework/src/Illuminate/Pipeline/Pipeline.php(209): Illuminate\\Foundation\\Http\\Middleware\\TrimStrings->handle()
#24 /home/user/vendor/laravel/framework/src/Illuminate/Http/Middleware/ValidatePostSize.php(27): Illuminate\\Pipeline\\Pipeline->{closure:{closure:Illuminate\\Pipeline\\Pipeline::carry():184}:185}()
#25 /home/user/vendor/laravel/framework/src/Illuminate/Pipeline/Pipeline.php(209): Illuminate\\Http\\Middleware\\ValidatePostSize->handle()
#26 /home/user/vendor/laravel/framework/src/Illuminate/Foundation/Http/Middleware/PreventRequestsDuringMaintenance.php(110): Illuminate\\Pipeline\\Pipeline->{closure:{closure:Illuminate\\Pipeline\\Pipeline::carry():184}:185}()
#27 /home/user/vendor/laravel/framework/src/Illuminate/Pipeline/Pipeline.php(209): Illuminate\\Foundation\\Http\\Middleware\\PreventRequestsDuringMaintenance->handle()
#28 /home/user/vendor/laravel/framework/src/Illuminate/Http/Middleware/HandleCors.php(62): Illuminate\\Pipeline\\Pipeline->{closure:{closure:Illuminate\\Pipeline\\Pipeline::carry():184}:185}()
#29 /home/user/vendor/laravel/framework/src/Illuminate/Pipeline/Pipeline.php(209): Illuminate\\Http\\Middleware\\HandleCors->handle()
#30 /home/user/vendor/laravel/framework/src/Illuminate/Http/Middleware/TrustProxies.php(58): Illuminate\\Pipeline\\Pipeline->{closure:{closure:Illuminate\\Pipeline\\Pipeline::carry():184}:185}()
#31 /home/user/vendor/laravel/framework/src/Illuminate/Pipeline/Pipeline.php(209): Illuminate\\Http\\Middleware\\TrustProxies->handle()
#32 /home/user/vendor/laravel/framework/src/Illuminate/Foundation/Http/Middleware/InvokeDeferredCallbacks.php(22): Illuminate\\Pipeline\\Pipeline->{closure:{closure:Illuminate\\Pipeline\\Pipeline::carry():184}:185}()
#33 /home/user/vendor/laravel/framework/src/Illuminate/Pipeline/Pipeline.php(209): Illuminate\\Foundation\\Http\\Middleware\\InvokeDeferredCallbacks->handle()
#34 /home/user/vendor/laravel/framework/src/Illuminate/Pipeline/Pipeline.php(127): Illuminate\\Pipeline\\Pipeline->{closure:{closure:Illuminate\\Pipeline\\Pipeline::carry():184}:185}()
#35 /home/user/vendor/laravel/framework/src/Illuminate/Foundation/Http/Kernel.php(176): Illuminate\\Pipeline\\Pipeline->then()
#36 /home/user/vendor/laravel/framework/src/Illuminate/Foundation/Http/Kernel.php(145): Illuminate\\Foundation\\Http\\Kernel->sendRequestThroughRouter()
#37 /home/user/vendor/laravel/framework/src/Illuminate/Foundation/Testing/Concerns/MakesHttpRequests.php(607): Illuminate\\Foundation\\Http\\Kernel->handle()
#38 /home/user/vendor/laravel/framework/src/Illuminate/Foundation/Testing/Concerns/MakesHttpRequests.php(573): Illuminate\\Foundation\\Testing\\TestCase->call()
#39 /home/user/vendor/laravel/framework/src/Illuminate/Foundation/Testing/Concerns/MakesHttpRequests.php(381): Illuminate\\Foundation\\Testing\\TestCase->json()
#40 /home/user/tests/Feature/Api/V1/BetPurchaseApiTest.php(1001): Illuminate\\Foundation\\Testing\\TestCase->getJson()
#41 /home/user/vendor/phpunit/phpunit/src/Framework/TestCase.php(1667): Tests\\Feature\\Api\\V1\\BetPurchaseApiTest->am_an_unexpected_failure_never_exposes_a_stack_trace_or_internals()
#42 /home/user/vendor/phpunit/phpunit/src/Framework/TestCase.php(519): PHPUnit\\Framework\\TestCase->runTest()
#43 /home/user/vendor/phpunit/phpunit/src/Framework/TestRunner/TestRunner.php(87): PHPUnit\\Framework\\TestCase->runBare()
#44 /home/user/vendor/phpunit/phpunit/src/Framework/TestCase.php(365): PHPUnit\\Framework\\TestRunner->run()
#45 /home/user/vendor/phpunit/phpunit/src/Framework/TestSuite.php(369): PHPUnit\\Framework\\TestCase->run()
#46 /home/user/vendor/phpunit/phpunit/src/Framework/TestSuite.php(369): PHPUnit\\Framework\\TestSuite->run()
#47 /home/user/vendor/phpunit/phpunit/src/Framework/TestSuite.php(369): PHPUnit\\Framework\\TestSuite->run()
#48 /home/user/vendor/phpunit/phpunit/src/TextUI/TestRunner.php(64): PHPUnit\\Framework\\TestSuite->run()
#49 /home/user/vendor/phpunit/phpunit/src/TextUI/Application.php(211): PHPUnit\\TextUI\\TestRunner->run()
#50 /home/user/vendor/phpunit/phpunit/phpunit(104): PHPUnit\\TextUI\\Application->run()
#51 /home/user/vendor/bin/phpunit(122): include('...')
#52 {main}
","path":"api/v1/__phase44_failure_probe","method":"GET","user_id":null} 
[2026-09-03 21:06:35] testing.CRITICAL: Limit Exceeded (Critical Risk) on number 123 [3d] for draw 1. {"risk_alert_type":"limit_exceeded","risk_level":"critical","audit_log_id":1} 
[2026-09-03 21:06:35] testing.CRITICAL: Critical Exposure (Critical Risk) on number 123 [3d] for draw 1. {"risk_alert_type":"critical_exposure","risk_level":"critical","audit_log_id":2} 
[2026-09-03 21:06:38] testing.INFO: lottery.automation.provisioned {"created":2,"existing":0,"horizon_days":40} 
[2026-09-03 21:06:38] testing.INFO: lottery.automation.provisioned {"created":8,"existing":0,"horizon_days":120} 
[2026-09-03 21:06:38] testing.INFO: lottery.automation.provisioned {"created":0,"existing":8,"horizon_days":120} 
[2026-09-03 21:06:38] testing.INFO: lottery.automation.provisioned {"created":2,"existing":0,"horizon_days":40} 
[2026-09-03 21:06:38] testing.INFO: lottery.automation.provisioned {"created":0,"existing":2,"horizon_days":40} 
[2026-09-03 21:06:38] testing.INFO: lottery.automation.run {"command":"lottery:open-draws","activity":"open","processed":1,"failed":0,"skipped":0,"candidates":1} 
[2026-09-03 21:06:38] testing.INFO: lottery.automation.run {"command":"lottery:close-draws","activity":"close","processed":1,"failed":0,"skipped":0,"candidates":1} 
[2026-09-03 21:06:38] testing.INFO: lottery.automation.run {"command":"lottery:close-draws","activity":"close","processed":1,"failed":0,"skipped":0,"candidates":1} 
[2026-09-03 21:06:38] testing.INFO: lottery.automation.run {"command":"lottery:close-draws","activity":"close","processed":1,"failed":0,"skipped":0,"candidates":1} 
[2026-09-03 21:06:38] testing.INFO: lottery.automation.run {"command":"lottery:mark-results-pending","activity":"mark result-pending","processed":1,"failed":0,"skipped":0,"candidates":1} 
[2026-09-03 21:06:38] testing.INFO: lottery.automation.run {"command":"lottery:mark-results-pending","activity":"mark result-pending","processed":1,"failed":0,"skipped":0,"candidates":1} 
[2026-09-03 21:06:38] testing.INFO: lottery.automation.run {"command":"lottery:settle-draws","activity":"settle","processed":1,"failed":0,"skipped":0,"candidates":1} 
[2026-09-03 21:06:38] testing.INFO: lottery.automation.run {"command":"lottery:mark-results-pending","activity":"mark result-pending","processed":1,"failed":0,"skipped":0,"candidates":1} 
[2026-09-03 21:06:38] testing.INFO: lottery.automation.run {"command":"lottery:mark-results-pending","activity":"mark result-pending","processed":1,"failed":0,"skipped":0,"candidates":1} 
[2026-09-03 21:06:38] testing.INFO: lottery.automation.run {"command":"lottery:settle-draws","activity":"settle","processed":1,"failed":0,"skipped":0,"candidates":1} 
[2026-09-03 21:06:38] testing.INFO: lottery.automation.run {"command":"lottery:mark-results-pending","activity":"mark result-pending","processed":1,"failed":0,"skipped":0,"candidates":1} 
[2026-09-03 21:06:38] testing.INFO: lottery.automation.run {"command":"lottery:settle-draws","activity":"settle","processed":1,"failed":0,"skipped":0,"candidates":1} 
[2026-09-03 21:06:38] testing.INFO: lottery.automation.run {"command":"lottery:settle-draws","activity":"settle","processed":1,"failed":0,"skipped":0,"candidates":1} 
[2026-09-03 21:06:38] testing.INFO: lottery.automation.run {"command":"lottery:mark-results-pending","activity":"mark result-pending","processed":1,"failed":0,"skipped":0,"candidates":1} 
[2026-09-03 21:06:38] testing.INFO: lottery.automation.run {"command":"lottery:settle-draws","activity":"settle","processed":1,"failed":0,"skipped":0,"candidates":1} 
[2026-09-03 21:06:38] testing.INFO: lottery.automation.run {"command":"lottery:mark-results-pending","activity":"mark result-pending","processed":1,"failed":0,"skipped":0,"candidates":1} 
[2026-09-03 21:06:38] testing.ERROR: lottery.automation.draw_failed {"command":"lottery:settle-draws","activity":"settle","draw_id":1,"draw_number":"DR-TEST-0015","exception":"[object] (App\\Exceptions\\DrawLifecycleException(code: 0): Draw 1 is in state result_published, which implies a published official result, but no draw_results row exists for it. This is refused rather than repaired. at /home/user/app/Exceptions/DrawLifecycleException.php:252)
[stacktrace]
#0 /home/user/app/Services/Draw/DrawSettlementService.php(452): App\\Exceptions\\DrawLifecycleException::resultMissing()
#1 /home/user/app/Services/Draw/DrawSettlementService.php(112): App\\Services\\Draw\\DrawSettlementService->publishedResultFor()
#2 /home/user/app/Services/Draw/DrawSettlementService.php(98): App\\Services\\Draw\\DrawSettlementService->performMonetarySettlement()
#3 /home/user/vendor/laravel/framework/src/Illuminate/Database/Concerns/ManagesTransactions.php(32): App\\Services\\Draw\\DrawSettlementService->{closure:App\\Services\\Draw\\DrawSettlementService::settle():88}()
#4 /home/user/vendor/laravel/framework/src/Illuminate/Database/DatabaseManager.php(495): Illuminate\\Database\\Connection->transaction()
#5 /home/user/vendor/laravel/framework/src/Illuminate/Support/Facades/Facade.php(361): Illuminate\\Database\\DatabaseManager->__call()
#6 /home/user/app/Services/Draw/DrawSettlementService.php(88): Illuminate\\Support\\Facades\\Facade::__callStatic()
#7 /home/user/app/Console/Commands/Lottery/SettleDrawsCommand.php(70): App\\Services\\Draw\\DrawSettlementService->settle()
#8 /home/user/app/Console/Commands/Lottery/LotteryAutomationCommand.php(155): App\\Console\\Commands\\Lottery\\SettleDrawsCommand->{closure:App\\Console\\Commands\\Lottery\\SettleDrawsCommand::handle():69}()
#9 /home/user/app/Console/Commands/Lottery/SettleDrawsCommand.php(67): App\\Console\\Commands\\Lottery\\LotteryAutomationCommand->eachDueDraw()
#10 /home/user/vendor/laravel/framework/src/Illuminate/Container/BoundMethod.php(36): App\\Console\\Commands\\Lottery\\SettleDrawsCommand->handle()
#11 /home/user/vendor/laravel/framework/src/Illuminate/Container/Util.php(43): Illuminate\\Container\\BoundMethod::{closure:Illuminate\\Container\\BoundMethod::call():35}()
#12 /home/user/vendor/laravel/framework/src/Illuminate/Container/BoundMethod.php(95): Illuminate\\Container\\Util::unwrapIfClosure()
#13 /home/user/vendor/laravel/framework/src/Illuminate/Container/BoundMethod.php(35): Illuminate\\Container\\BoundMethod::callBoundMethod()
#14 /home/user/vendor/laravel/framework/src/Illuminate/Container/Container.php(696): Illuminate\\Container\\BoundMethod::call()
#15 /home/user/vendor/laravel/framework/src/Illuminate/Console/Command.php(213): Illuminate\\Container\\Container->call()
#16 /home/user/vendor/symfony/console/Command/Command.php(341): Illuminate\\Console\\Command->execute()
#17 /home/user/vendor/laravel/framework/src/Illuminate/Console/Command.php(182): Symfony\\Component\\Console\\Command\\Command->run()
#18 /home/user/vendor/symfony/console/Application.php(1094): Illuminate\\Console\\Command->run()
#19 /home/user/vendor/symfony/console/Application.php(356): Symfony\\Component\\Console\\Application->doRunCommand()
#20 /home/user/vendor/symfony/console/Application.php(195): Symfony\\Component\\Console\\Application->doRun()
#21 /home/user/vendor/laravel/framework/src/Illuminate/Console/Application.php(166): Symfony\\Component\\Console\\Application->run()
#22 /home/user/vendor/laravel/framework/src/Illuminate/Foundation/Console/Kernel.php(427): Illuminate\\Console\\Application->call()
#23 /home/user/vendor/laravel/framework/src/Illuminate/Testing/PendingCommand.php(332): Illuminate\\Foundation\\Console\\Kernel->call()
#24 /home/user/vendor/laravel/framework/src/Illuminate/Testing/PendingCommand.php(556): Illuminate\\Testing\\PendingCommand->run()
#25 /home/user/tests/Feature/Console/DrawAutomationTest.php(334): Illuminate\\Testing\\PendingCommand->__destruct()
#26 /home/user/vendor/phpunit/phpunit/src/Framework/TestCase.php(1667): Tests\\Feature\\Console\\DrawAutomationTest->one_bad_draw_does_not_stop_the_batch_and_the_command_still_reports_failure()
#27 /home/user/vendor/phpunit/phpunit/src/Framework/TestCase.php(519): PHPUnit\\Framework\\TestCase->runTest()
#28 /home/user/vendor/phpunit/phpunit/src/Framework/TestRunner/TestRunner.php(87): PHPUnit\\Framework\\TestCase->runBare()
#29 /home/user/vendor/phpunit/phpunit/src/Framework/TestCase.php(365): PHPUnit\\Framework\\TestRunner->run()
#30 /home/user/vendor/phpunit/phpunit/src/Framework/TestSuite.php(369): PHPUnit\\Framework\\TestCase->run()
#31 /home/user/vendor/phpunit/phpunit/src/Framework/TestSuite.php(369): PHPUnit\\Framework\\TestSuite->run()
#32 /home/user/vendor/phpunit/phpunit/src/Framework/TestSuite.php(369): PHPUnit\\Framework\\TestSuite->run()
#33 /home/user/vendor/phpunit/phpunit/src/TextUI/TestRunner.php(64): PHPUnit\\Framework\\TestSuite->run()
#34 /home/user/vendor/phpunit/phpunit/src/TextUI/Application.php(211): PHPUnit\\TextUI\\TestRunner->run()
#35 /home/user/vendor/phpunit/phpunit/phpunit(104): PHPUnit\\TextUI\\Application->run()
#36 /home/user/vendor/bin/phpunit(122): include('...')
#37 {main}
"} 
[2026-09-03 21:06:38] testing.INFO: lottery.automation.run {"command":"lottery:settle-draws","activity":"settle","processed":1,"failed":1,"skipped":0,"candidates":2} 
[2026-09-03 21:06:38] testing.INFO: lottery.tick {"steps":5,"failed_steps":[],"duration_ms":0.0,"dry_run":false} 
[2026-09-03 21:06:38] testing.INFO: lottery.automation.run {"command":"lottery:open-draws","activity":"open","processed":1,"failed":0,"skipped":0,"candidates":1} 
[2026-09-03 21:06:39] testing.INFO: lottery.automation.run {"command":"lottery:close-draws","activity":"close","processed":2,"failed":0,"skipped":0,"candidates":2} 
[2026-09-03 21:06:39] testing.INFO: lottery.automation.provisioned {"created":6,"existing":0,"horizon_days":90} 
[2026-09-03 21:06:39] testing.INFO: lottery.automation.run {"command":"lottery:open-draws","activity":"open","processed":1,"failed":0,"skipped":0,"candidates":1} 
[2026-09-03 21:06:39] testing.INFO: lottery.automation.run {"command":"lottery:close-draws","activity":"close","processed":1,"failed":0,"skipped":0,"candidates":1} 
[2026-09-03 21:06:39] testing.INFO: lottery.automation.run {"command":"lottery:mark-results-pending","activity":"mark result-pending","processed":1,"failed":0,"skipped":0,"candidates":1} 
[2026-09-03 21:06:39] testing.INFO: lottery.tick {"steps":5,"failed_steps":[],"duration_ms":25.0,"dry_run":false} 
[2026-09-03 21:06:39] testing.INFO: lottery.automation.provisioned {"created":6,"existing":0,"horizon_days":90} 
[2026-09-03 21:06:39] testing.INFO: lottery.automation.run {"command":"lottery:open-draws","activity":"open","processed":1,"failed":0,"skipped":0,"candidates":1} 
[2026-09-03 21:06:39] testing.INFO: lottery.automation.run {"command":"lottery:close-draws","activity":"close","processed":1,"failed":0,"skipped":0,"candidates":1} 
[2026-09-03 21:06:39] testing.INFO: lottery.automation.run {"command":"lottery:mark-results-pending","activity":"mark result-pending","processed":1,"failed":0,"skipped":0,"candidates":1} 
[2026-09-03 21:06:39] testing.INFO: lottery.tick {"steps":5,"failed_steps":[],"duration_ms":24.0,"dry_run":false} 
[2026-09-03 21:06:39] testing.INFO: lottery.automation.run {"command":"lottery:mark-results-pending","activity":"mark result-pending","processed":1,"failed":0,"skipped":0,"candidates":1} 
[2026-09-03 21:06:39] testing.INFO: lottery.publication.published {"draw_id":1,"draw_number":"DR-TEST-0025","winning_numbers":6,"operator_command":true} 
[2026-09-03 21:06:39] testing.INFO: lottery.automation.run {"command":"lottery:mark-results-pending","activity":"mark result-pending","processed":1,"failed":0,"skipped":0,"candidates":1} 
[2026-09-03 21:06:39] testing.WARNING: lottery.publication.refused {"draw_id":1,"draw_number":"DR-TEST-0026","exception":"[object] (App\\Exceptions\\DrawResultValidationException(code: 0): The official first prize number must be exactly 6 digits. Received \"12\", which is 2. Leading zeroes count as digits and are never stripped. at /home/user/app/Exceptions/DrawResultValidationException.php:119)
[stacktrace]
#0 /home/user/app/Services/Draw/DrawResultValidator.php(205): App\\Exceptions\\DrawResultValidationException::firstPrizeLength()
#1 /home/user/app/Services/Draw/DrawResultValidator.php(131): App\\Services\\Draw\\DrawResultValidator->validateFirstPrize()
#2 /home/user/app/Services/Draw/DrawResultPublicationService.php(105): App\\Services\\Draw\\DrawResultValidator->validate()
#3 /home/user/app/Console/Commands/Lottery/PublishDrawResultCommand.php(104): App\\Services\\Draw\\DrawResultPublicationService->publish()
#4 /home/user/vendor/laravel/framework/src/Illuminate/Container/BoundMethod.php(36): App\\Console\\Commands\\Lottery\\PublishDrawResultCommand->handle()
#5 /home/user/vendor/laravel/framework/src/Illuminate/Container/Util.php(43): Illuminate\\Container\\BoundMethod::{closure:Illuminate\\Container\\BoundMethod::call():35}()
#6 /home/user/vendor/laravel/framework/src/Illuminate/Container/BoundMethod.php(95): Illuminate\\Container\\Util::unwrapIfClosure()
#7 /home/user/vendor/laravel/framework/src/Illuminate/Container/BoundMethod.php(35): Illuminate\\Container\\BoundMethod::callBoundMethod()
#8 /home/user/vendor/laravel/framework/src/Illuminate/Container/Container.php(696): Illuminate\\Container\\BoundMethod::call()
#9 /home/user/vendor/laravel/framework/src/Illuminate/Console/Command.php(213): Illuminate\\Container\\Container->call()
#10 /home/user/vendor/symfony/console/Command/Command.php(341): Illuminate\\Console\\Command->execute()
#11 /home/user/vendor/laravel/framework/src/Illuminate/Console/Command.php(182): Symfony\\Component\\Console\\Command\\Command->run()
#12 /home/user/vendor/symfony/console/Application.php(1094): Illuminate\\Console\\Command->run()
#13 /home/user/vendor/symfony/console/Application.php(356): Symfony\\Component\\Console\\Application->doRunCommand()
#14 /home/user/vendor/symfony/console/Application.php(195): Symfony\\Component\\Console\\Application->doRun()
#15 /home/user/vendor/laravel/framework/src/Illuminate/Console/Application.php(166): Symfony\\Component\\Console\\Application->run()
#16 /home/user/vendor/laravel/framework/src/Illuminate/Foundation/Console/Kernel.php(427): Illuminate\\Console\\Application->call()
#17 /home/user/vendor/laravel/framework/src/Illuminate/Testing/PendingCommand.php(332): Illuminate\\Foundation\\Console\\Kernel->call()
#18 /home/user/vendor/laravel/framework/src/Illuminate/Testing/PendingCommand.php(556): Illuminate\\Testing\\PendingCommand->run()
#19 /home/user/tests/Feature/Console/DrawAutomationTest.php(443): Illuminate\\Testing\\PendingCommand->__destruct()
#20 /home/user/vendor/phpunit/phpunit/src/Framework/TestCase.php(1667): Tests\\Feature\\Console\\DrawAutomationTest->publication_refuses_numbers_the_validator_rejects_and_writes_nothing()
#21 /home/user/vendor/phpunit/phpunit/src/Framework/TestCase.php(519): PHPUnit\\Framework\\TestCase->runTest()
#22 /home/user/vendor/phpunit/phpunit/src/Framework/TestRunner/TestRunner.php(87): PHPUnit\\Framework\\TestCase->runBare()
#23 /home/user/vendor/phpunit/phpunit/src/Framework/TestCase.php(365): PHPUnit\\Framework\\TestRunner->run()
#24 /home/user/vendor/phpunit/phpunit/src/Framework/TestSuite.php(369): PHPUnit\\Framework\\TestCase->run()
#25 /home/user/vendor/phpunit/phpunit/src/Framework/TestSuite.php(369): PHPUnit\\Framework\\TestSuite->run()
#26 /home/user/vendor/phpunit/phpunit/src/Framework/TestSuite.php(369): PHPUnit\\Framework\\TestSuite->run()
#27 /home/user/vendor/phpunit/phpunit/src/TextUI/TestRunner.php(64): PHPUnit\\Framework\\TestSuite->run()
#28 /home/user/vendor/phpunit/phpunit/src/TextUI/Application.php(211): PHPUnit\\TextUI\\TestRunner->run()
#29 /home/user/vendor/phpunit/phpunit/phpunit(104): PHPUnit\\TextUI\\Application->run()
#30 /home/user/vendor/bin/phpunit(122): include('...')
#31 {main}
"} 
[2026-09-03 21:06:39] testing.WARNING: lottery.publication.refused {"draw_id":1,"draw_number":"DR-TEST-0027","exception":"[object] (App\\Exceptions\\DrawLifecycleException(code: 0): Draw 1 is in state open; an official result may only be published from result_pending. at /home/user/app/Exceptions/DrawLifecycleException.php:191)
[stacktrace]
#0 /home/user/app/Services/Draw/DrawLifecycleService.php(385): App\\Exceptions\\DrawLifecycleException::notPublishable()
#1 /home/user/app/Services/Draw/DrawResultPublicationService.php(110): App\\Services\\Draw\\DrawLifecycleService->assertCanPublishResult()
#2 /home/user/vendor/laravel/framework/src/Illuminate/Database/Concerns/ManagesTransactions.php(32): App\\Services\\Draw\\DrawResultPublicationService->{closure:App\\Services\\Draw\\DrawResultPublicationService::publish():107}()
#3 /home/user/vendor/laravel/framework/src/Illuminate/Database/DatabaseManager.php(495): Illuminate\\Database\\Connection->transaction()
#4 /home/user/vendor/laravel/framework/src/Illuminate/Support/Facades/Facade.php(361): Illuminate\\Database\\DatabaseManager->__call()
#5 /home/user/app/Services/Draw/DrawResultPublicationService.php(139): Illuminate\\Support\\Facades\\Facade::__callStatic()
#6 /home/user/app/Console/Commands/Lottery/PublishDrawResultCommand.php(104): App\\Services\\Draw\\DrawResultPublicationService->publish()
#7 /home/user/vendor/laravel/framework/src/Illuminate/Container/BoundMethod.php(36): App\\Console\\Commands\\Lottery\\PublishDrawResultCommand->handle()
#8 /home/user/vendor/laravel/framework/src/Illuminate/Container/Util.php(43): Illuminate\\Container\\BoundMethod::{closure:Illuminate\\Container\\BoundMethod::call():35}()
#9 /home/user/vendor/laravel/framework/src/Illuminate/Container/BoundMethod.php(95): Illuminate\\Container\\Util::unwrapIfClosure()
#10 /home/user/vendor/laravel/framework/src/Illuminate/Container/BoundMethod.php(35): Illuminate\\Container\\BoundMethod::callBoundMethod()
#11 /home/user/vendor/laravel/framework/src/Illuminate/Container/Container.php(696): Illuminate\\Container\\BoundMethod::call()
#12 /home/user/vendor/laravel/framework/src/Illuminate/Console/Command.php(213): Illuminate\\Container\\Container->call()
#13 /home/user/vendor/symfony/console/Command/Command.php(341): Illuminate\\Console\\Command->execute()
#14 /home/user/vendor/laravel/framework/src/Illuminate/Console/Command.php(182): Symfony\\Component\\Console\\Command\\Command->run()
#15 /home/user/vendor/symfony/console/Application.php(1094): Illuminate\\Console\\Command->run()
#16 /home/user/vendor/symfony/console/Application.php(356): Symfony\\Component\\Console\\Application->doRunCommand()
#17 /home/user/vendor/symfony/console/Application.php(195): Symfony\\Component\\Console\\Application->doRun()
#18 /home/user/vendor/laravel/framework/src/Illuminate/Console/Application.php(166): Symfony\\Component\\Console\\Application->run()
#19 /home/user/vendor/laravel/framework/src/Illuminate/Foundation/Console/Kernel.php(427): Illuminate\\Console\\Application->call()
#20 /home/user/vendor/laravel/framework/src/Illuminate/Testing/PendingCommand.php(332): Illuminate\\Foundation\\Console\\Kernel->call()
#21 /home/user/vendor/laravel/framework/src/Illuminate/Testing/PendingCommand.php(556): Illuminate\\Testing\\PendingCommand->run()
#22 /home/user/tests/Feature/Console/DrawAutomationTest.php(459): Illuminate\\Testing\\PendingCommand->__destruct()
#23 /home/user/vendor/phpunit/phpunit/src/Framework/TestCase.php(1667): Tests\\Feature\\Console\\DrawAutomationTest->publication_is_refused_for_a_draw_that_is_not_awaiting_its_result()
#24 /home/user/vendor/phpunit/phpunit/src/Framework/TestCase.php(519): PHPUnit\\Framework\\TestCase->runTest()
#25 /home/user/vendor/phpunit/phpunit/src/Framework/TestRunner/TestRunner.php(87): PHPUnit\\Framework\\TestCase->runBare()
#26 /home/user/vendor/phpunit/phpunit/src/Framework/TestCase.php(365): PHPUnit\\Framework\\TestRunner->run()
#27 /home/user/vendor/phpunit/phpunit/src/Framework/TestSuite.php(369): PHPUnit\\Framework\\TestCase->run()
#28 /home/user/vendor/phpunit/phpunit/src/Framework/TestSuite.php(369): PHPUnit\\Framework\\TestSuite->run()
#29 /home/user/vendor/phpunit/phpunit/src/Framework/TestSuite.php(369): PHPUnit\\Framework\\TestSuite->run()
#30 /home/user/vendor/phpunit/phpunit/src/TextUI/TestRunner.php(64): PHPUnit\\Framework\\TestSuite->run()
#31 /home/user/vendor/phpunit/phpunit/src/TextUI/Application.php(211): PHPUnit\\TextUI\\TestRunner->run()
#32 /home/user/vendor/phpunit/phpunit/phpunit(104): PHPUnit\\TextUI\\Application->run()
#33 /home/user/vendor/bin/phpunit(122): include('...')
#34 {main}
"} 
[2026-09-03 21:06:39] testing.INFO: lottery.automation.run {"command":"lottery:mark-results-pending","activity":"mark result-pending","processed":1,"failed":0,"skipped":0,"candidates":1} 
[2026-09-03 21:27:35] testing.INFO: Payment webhook event already processed (replay cache hit) {"gateway":"stripe","event_id":"evt_stripe_concurrency_666"} 
[2026-09-03 21:27:35] testing.INFO: Payment webhook event already processed (replay cache hit) {"gateway":"stripe","event_id":"evt_stripe_concurrency_666"} 
[2026-09-03 21:27:35] testing.INFO: Payment webhook event already processed (replay cache hit) {"gateway":"stripe","event_id":"evt_stripe_concurrency_666"} 
[2026-09-03 21:27:35] testing.INFO: Payment webhook event already processed (replay cache hit) {"gateway":"stripe","event_id":"evt_stripe_concurrency_666"} 
[2026-09-03 21:27:35] testing.INFO: Payment webhook event already processed (replay cache hit) {"gateway":"stripe","event_id":"evt_unique_test_replay_999"} 
[2026-09-03 21:28:22] testing.INFO: Payment webhook event already processed (replay cache hit) {"gateway":"stripe","event_id":"evt_stripe_concurrency_666"} 
[2026-09-03 21:28:22] testing.INFO: Payment webhook event already processed (replay cache hit) {"gateway":"stripe","event_id":"evt_stripe_concurrency_666"} 
[2026-09-03 21:28:22] testing.INFO: Payment webhook event already processed (replay cache hit) {"gateway":"stripe","event_id":"evt_stripe_concurrency_666"} 
[2026-09-03 21:28:22] testing.INFO: Payment webhook event already processed (replay cache hit) {"gateway":"stripe","event_id":"evt_stripe_concurrency_666"} 
[2026-09-03 21:28:22] testing.ERROR: Class "App\Http\Controllers\Controller" not found {"exception":"[object] (Error(code: 0): Class \"App\\Http\\Controllers\\Controller\" not found at /home/user/app/Http/Controllers/Api/V1/PaymentWebhookController.php:17)
[stacktrace]
#0 /home/user/vendor/composer/ClassLoader.php(576): include()
#1 /home/user/vendor/composer/ClassLoader.php(427): {closure:Composer\\Autoload\\ClassLoader::initializeIncludeClosure():575}()
#2 [internal function]: Composer\\Autoload\\ClassLoader->loadClass()
#3 /home/user/vendor/laravel/framework/src/Illuminate/Routing/Route.php(1117): is_a()
#4 /home/user/vendor/laravel/framework/src/Illuminate/Routing/Route.php(1054): Illuminate\\Routing\\Route->controllerMiddleware()
#5 /home/user/vendor/laravel/framework/src/Illuminate/Routing/Router.php(820): Illuminate\\Routing\\Route->gatherMiddleware()
#6 /home/user/vendor/laravel/framework/src/Illuminate/Routing/Router.php(802): Illuminate\\Routing\\Router->gatherRouteMiddleware()
#7 /home/user/vendor/laravel/framework/src/Illuminate/Routing/Router.php(786): Illuminate\\Routing\\Router->runRouteWithinStack()
#8 /home/user/vendor/laravel/framework/src/Illuminate/Routing/Router.php(750): Illuminate\\Routing\\Router->runRoute()
#9 /home/user/vendor/laravel/framework/src/Illuminate/Routing/Router.php(739): Illuminate\\Routing\\Router->dispatchToRoute()
#10 /home/user/vendor/laravel/framework/src/Illuminate/Foundation/Http/Kernel.php(201): Illuminate\\Routing\\Router->dispatch()
#11 /home/user/vendor/laravel/framework/src/Illuminate/Pipeline/Pipeline.php(170): Illuminate\\Foundation\\Http\\Kernel->{closure:Illuminate\\Foundation\\Http\\Kernel::dispatchToRouter():198}()
#12 /home/user/vendor/livewire/livewire/src/Features/SupportDisablingBackButtonCache/DisableBackButtonCacheMiddleware.php(19): Illuminate\\Pipeline\\Pipeline->{closure:Illuminate\\Pipeline\\Pipeline::prepareDestination():168}()
#13 /home/user/vendor/laravel/framework/src/Illuminate/Pipeline/Pipeline.php(209): Livewire\\Features\\SupportDisablingBackButtonCache\\DisableBackButtonCacheMiddleware->handle()
#14 /home/user/app/Http/Middleware/SecurityHeaders.php(13): Illuminate\\Pipeline\\Pipeline->{closure:{closure:Illuminate\\Pipeline\\Pipeline::carry():184}:185}()
#15 /home/user/vendor/laravel/framework/src/Illuminate/Pipeline/Pipeline.php(209): App\\Http\\Middleware\\SecurityHeaders->handle()
#16 /home/user/vendor/laravel/framework/src/Illuminate/Foundation/Http/Middleware/TransformsRequest.php(21): Illuminate\\Pipeline\\Pipeline->{closure:{closure:Illuminate\\Pipeline\\Pipeline::carry():184}:185}()
#17 /home/user/vendor/laravel/framework/src/Illuminate/Foundation/Http/Middleware/ConvertEmptyStringsToNull.php(31): Illuminate\\Foundation\\Http\\Middleware\\TransformsRequest->handle()
#18 /home/user/vendor/laravel/framework/src/Illuminate/Pipeline/Pipeline.php(209): Illuminate\\Foundation\\Http\\Middleware\\ConvertEmptyStringsToNull->handle()
#19 /home/user/vendor/laravel/framework/src/Illuminate/Foundation/Http/Middleware/TransformsRequest.php(21): Illuminate\\Pipeline\\Pipeline->{closure:{closure:Illuminate\\Pipeline\\Pipeline::carry():184}:185}()
#20 /home/user/vendor/laravel/framework/src/Illuminate/Foundation/Http/Middleware/TrimStrings.php(51): Illuminate\\Foundation\\Http\\Middleware\\TransformsRequest->handle()
#21 /home/user/vendor/laravel/framework/src/Illuminate/Pipeline/Pipeline.php(209): Illuminate\\Foundation\\Http\\Middleware\\TrimStrings->handle()
#22 /home/user/vendor/laravel/framework/src/Illuminate/Http/Middleware/ValidatePostSize.php(27): Illuminate\\Pipeline\\Pipeline->{closure:{closure:Illuminate\\Pipeline\\Pipeline::carry():184}:185}()
#23 /home/user/vendor/laravel/framework/src/Illuminate/Pipeline/Pipeline.php(209): Illuminate\\Http\\Middleware\\ValidatePostSize->handle()
#24 /home/user/vendor/laravel/framework/src/Illuminate/Foundation/Http/Middleware/PreventRequestsDuringMaintenance.php(110): Illuminate\\Pipeline\\Pipeline->{closure:{closure:Illuminate\\Pipeline\\Pipeline::carry():184}:185}()
#25 /home/user/vendor/laravel/framework/src/Illuminate/Pipeline/Pipeline.php(209): Illuminate\\Foundation\\Http\\Middleware\\PreventRequestsDuringMaintenance->handle()
#26 /home/user/vendor/laravel/framework/src/Illuminate/Http/Middleware/HandleCors.php(62): Illuminate\\Pipeline\\Pipeline->{closure:{closure:Illuminate\\Pipeline\\Pipeline::carry():184}:185}()
#27 /home/user/vendor/laravel/framework/src/Illuminate/Pipeline/Pipeline.php(209): Illuminate\\Http\\Middleware\\HandleCors->handle()
#28 /home/user/vendor/laravel/framework/src/Illuminate/Http/Middleware/TrustProxies.php(58): Illuminate\\Pipeline\\Pipeline->{closure:{closure:Illuminate\\Pipeline\\Pipeline::carry():184}:185}()
#29 /home/user/vendor/laravel/framework/src/Illuminate/Pipeline/Pipeline.php(209): Illuminate\\Http\\Middleware\\TrustProxies->handle()
#30 /home/user/vendor/laravel/framework/src/Illuminate/Foundation/Http/Middleware/InvokeDeferredCallbacks.php(22): Illuminate\\Pipeline\\Pipeline->{closure:{closure:Illuminate\\Pipeline\\Pipeline::carry():184}:185}()
#31 /home/user/vendor/laravel/framework/src/Illuminate/Pipeline/Pipeline.php(209): Illuminate\\Foundation\\Http\\Middleware\\InvokeDeferredCallbacks->handle()
#32 /home/user/vendor/laravel/framework/src/Illuminate/Pipeline/Pipeline.php(127): Illuminate\\Pipeline\\Pipeline->{closure:{closure:Illuminate\\Pipeline\\Pipeline::carry():184}:185}()
#33 /home/user/vendor/laravel/framework/src/Illuminate/Foundation/Http/Kernel.php(176): Illuminate\\Pipeline\\Pipeline->then()
#34 /home/user/vendor/laravel/framework/src/Illuminate/Foundation/Http/Kernel.php(145): Illuminate\\Foundation\\Http\\Kernel->sendRequestThroughRouter()
#35 /home/user/vendor/laravel/framework/src/Illuminate/Foundation/Testing/Concerns/MakesHttpRequests.php(607): Illuminate\\Foundation\\Http\\Kernel->handle()
#36 /home/user/tests/Feature/Payment/InvalidWebhookSignatureTest.php(39): Illuminate\\Foundation\\Testing\\TestCase->call()
#37 /home/user/vendor/phpunit/phpunit/src/Framework/TestCase.php(1667): Tests\\Feature\\Payment\\InvalidWebhookSignatureTest->invalid_stripe_signature_is_rejected_with_403()
#38 /home/user/vendor/phpunit/phpunit/src/Framework/TestCase.php(519): PHPUnit\\Framework\\TestCase->runTest()
#39 /home/user/vendor/phpunit/phpunit/src/Framework/TestRunner/TestRunner.php(87): PHPUnit\\Framework\\TestCase->runBare()
#40 /home/user/vendor/phpunit/phpunit/src/Framework/TestCase.php(365): PHPUnit\\Framework\\TestRunner->run()
#41 /home/user/vendor/phpunit/phpunit/src/Framework/TestSuite.php(369): PHPUnit\\Framework\\TestCase->run()
#42 /home/user/vendor/phpunit/phpunit/src/Framework/TestSuite.php(369): PHPUnit\\Framework\\TestSuite->run()
#43 /home/user/vendor/phpunit/phpunit/src/TextUI/TestRunner.php(64): PHPUnit\\Framework\\TestSuite->run()
#44 /home/user/vendor/phpunit/phpunit/src/TextUI/Application.php(211): PHPUnit\\TextUI\\TestRunner->run()
#45 /home/user/vendor/phpunit/phpunit/phpunit(104): PHPUnit\\TextUI\\Application->run()
#46 /home/user/vendor/bin/phpunit(122): include('...')
#47 {main}
"} 
[2026-09-03 21:28:22] testing.ERROR: api.unhandled_exception {"exception":"[object] (Error(code: 0): Class \"App\\Http\\Controllers\\Controller\" not found at /home/user/app/Http/Controllers/Api/V1/PaymentWebhookController.php:17)
[stacktrace]
#0 /home/user/vendor/composer/ClassLoader.php(576): include()
#1 /home/user/vendor/composer/ClassLoader.php(427): {closure:Composer\\Autoload\\ClassLoader::initializeIncludeClosure():575}()
#2 [internal function]: Composer\\Autoload\\ClassLoader->loadClass()
#3 /home/user/vendor/laravel/framework/src/Illuminate/Routing/Route.php(1117): is_a()
#4 /home/user/vendor/laravel/framework/src/Illuminate/Routing/Route.php(1054): Illuminate\\Routing\\Route->controllerMiddleware()
#5 /home/user/vendor/laravel/framework/src/Illuminate/Routing/Router.php(820): Illuminate\\Routing\\Route->gatherMiddleware()
#6 /home/user/vendor/laravel/framework/src/Illuminate/Routing/Router.php(802): Illuminate\\Routing\\Router->gatherRouteMiddleware()
#7 /home/user/vendor/laravel/framework/src/Illuminate/Routing/Router.php(786): Illuminate\\Routing\\Router->runRouteWithinStack()
#8 /home/user/vendor/laravel/framework/src/Illuminate/Routing/Router.php(750): Illuminate\\Routing\\Router->runRoute()
#9 /home/user/vendor/laravel/framework/src/Illuminate/Routing/Router.php(739): Illuminate\\Routing\\Router->dispatchToRoute()
#10 /home/user/vendor/laravel/framework/src/Illuminate/Foundation/Http/Kernel.php(201): Illuminate\\Routing\\Router->dispatch()
#11 /home/user/vendor/laravel/framework/src/Illuminate/Pipeline/Pipeline.php(170): Illuminate\\Foundation\\Http\\Kernel->{closure:Illuminate\\Foundation\\Http\\Kernel::dispatchToRouter():198}()
#12 /home/user/vendor/livewire/livewire/src/Features/SupportDisablingBackButtonCache/DisableBackButtonCacheMiddleware.php(19): Illuminate\\Pipeline\\Pipeline->{closure:Illuminate\\Pipeline\\Pipeline::prepareDestination():168}()
#13 /home/user/vendor/laravel/framework/src/Illuminate/Pipeline/Pipeline.php(209): Livewire\\Features\\SupportDisablingBackButtonCache\\DisableBackButtonCacheMiddleware->handle()
#14 /home/user/app/Http/Middleware/SecurityHeaders.php(13): Illuminate\\Pipeline\\Pipeline->{closure:{closure:Illuminate\\Pipeline\\Pipeline::carry():184}:185}()
#15 /home/user/vendor/laravel/framework/src/Illuminate/Pipeline/Pipeline.php(209): App\\Http\\Middleware\\SecurityHeaders->handle()
#16 /home/user/vendor/laravel/framework/src/Illuminate/Foundation/Http/Middleware/TransformsRequest.php(21): Illuminate\\Pipeline\\Pipeline->{closure:{closure:Illuminate\\Pipeline\\Pipeline::carry():184}:185}()
#17 /home/user/vendor/laravel/framework/src/Illuminate/Foundation/Http/Middleware/ConvertEmptyStringsToNull.php(31): Illuminate\\Foundation\\Http\\Middleware\\TransformsRequest->handle()
#18 /home/user/vendor/laravel/framework/src/Illuminate/Pipeline/Pipeline.php(209): Illuminate\\Foundation\\Http\\Middleware\\ConvertEmptyStringsToNull->handle()
#19 /home/user/vendor/laravel/framework/src/Illuminate/Foundation/Http/Middleware/TransformsRequest.php(21): Illuminate\\Pipeline\\Pipeline->{closure:{closure:Illuminate\\Pipeline\\Pipeline::carry():184}:185}()
#20 /home/user/vendor/laravel/framework/src/Illuminate/Foundation/Http/Middleware/TrimStrings.php(51): Illuminate\\Foundation\\Http\\Middleware\\TransformsRequest->handle()
#21 /home/user/vendor/laravel/framework/src/Illuminate/Pipeline/Pipeline.php(209): Illuminate\\Foundation\\Http\\Middleware\\TrimStrings->handle()
#22 /home/user/vendor/laravel/framework/src/Illuminate/Http/Middleware/ValidatePostSize.php(27): Illuminate\\Pipeline\\Pipeline->{closure:{closure:Illuminate\\Pipeline\\Pipeline::carry():184}:185}()
#23 /home/user/vendor/laravel/framework/src/Illuminate/Pipeline/Pipeline.php(209): Illuminate\\Http\\Middleware\\ValidatePostSize->handle()
#24 /home/user/vendor/laravel/framework/src/Illuminate/Foundation/Http/Middleware/PreventRequestsDuringMaintenance.php(110): Illuminate\\Pipeline\\Pipeline->{closure:{closure:Illuminate\\Pipeline\\Pipeline::carry():184}:185}()
#25 /home/user/vendor/laravel/framework/src/Illuminate/Pipeline/Pipeline.php(209): Illuminate\\Foundation\\Http\\Middleware\\PreventRequestsDuringMaintenance->handle()
#26 /home/user/vendor/laravel/framework/src/Illuminate/Http/Middleware/HandleCors.php(62): Illuminate\\Pipeline\\Pipeline->{closure:{closure:Illuminate\\Pipeline\\Pipeline::carry():184}:185}()
#27 /home/user/vendor/laravel/framework/src/Illuminate/Pipeline/Pipeline.php(209): Illuminate\\Http\\Middleware\\HandleCors->handle()
#28 /home/user/vendor/laravel/framework/src/Illuminate/Http/Middleware/TrustProxies.php(58): Illuminate\\Pipeline\\Pipeline->{closure:{closure:Illuminate\\Pipeline\\Pipeline::carry():184}:185}()
#29 /home/user/vendor/laravel/framework/src/Illuminate/Pipeline/Pipeline.php(209): Illuminate\\Http\\Middleware\\TrustProxies->handle()
#30 /home/user/vendor/laravel/framework/src/Illuminate/Foundation/Http/Middleware/InvokeDeferredCallbacks.php(22): Illuminate\\Pipeline\\Pipeline->{closure:{closure:Illuminate\\Pipeline\\Pipeline::carry():184}:185}()
#31 /home/user/vendor/laravel/framework/src/Illuminate/Pipeline/Pipeline.php(209): Illuminate\\Foundation\\Http\\Middleware\\InvokeDeferredCallbacks->handle()
#32 /home/user/vendor/laravel/framework/src/Illuminate/Pipeline/Pipeline.php(127): Illuminate\\Pipeline\\Pipeline->{closure:{closure:Illuminate\\Pipeline\\Pipeline::carry():184}:185}()
#33 /home/user/vendor/laravel/framework/src/Illuminate/Foundation/Http/Kernel.php(176): Illuminate\\Pipeline\\Pipeline->then()
#34 /home/user/vendor/laravel/framework/src/Illuminate/Foundation/Http/Kernel.php(145): Illuminate\\Foundation\\Http\\Kernel->sendRequestThroughRouter()
#35 /home/user/vendor/laravel/framework/src/Illuminate/Foundation/Testing/Concerns/MakesHttpRequests.php(607): Illuminate\\Foundation\\Http\\Kernel->handle()
#36 /home/user/tests/Feature/Payment/InvalidWebhookSignatureTest.php(39): Illuminate\\Foundation\\Testing\\TestCase->call()
#37 /home/user/vendor/phpunit/phpunit/src/Framework/TestCase.php(1667): Tests\\Feature\\Payment\\InvalidWebhookSignatureTest->invalid_stripe_signature_is_rejected_with_403()
#38 /home/user/vendor/phpunit/phpunit/src/Framework/TestCase.php(519): PHPUnit\\Framework\\TestCase->runTest()
#39 /home/user/vendor/phpunit/phpunit/src/Framework/TestRunner/TestRunner.php(87): PHPUnit\\Framework\\TestCase->runBare()
#40 /home/user/vendor/phpunit/phpunit/src/Framework/TestCase.php(365): PHPUnit\\Framework\\TestRunner->run()
#41 /home/user/vendor/phpunit/phpunit/src/Framework/TestSuite.php(369): PHPUnit\\Framework\\TestCase->run()
#42 /home/user/vendor/phpunit/phpunit/src/Framework/TestSuite.php(369): PHPUnit\\Framework\\TestSuite->run()
#43 /home/user/vendor/phpunit/phpunit/src/TextUI/TestRunner.php(64): PHPUnit\\Framework\\TestSuite->run()
#44 /home/user/vendor/phpunit/phpunit/src/TextUI/Application.php(211): PHPUnit\\TextUI\\TestRunner->run()
#45 /home/user/vendor/phpunit/phpunit/phpunit(104): PHPUnit\\TextUI\\Application->run()
#46 /home/user/vendor/bin/phpunit(122): include('...')
#47 {main}
","path":"api/v1/payments/webhook/stripe","method":"POST","user_id":null} 
[2026-09-03 21:28:22] testing.ERROR: Class "App\Http\Controllers\Controller" not found {"exception":"[object] (Error(code: 0): Class \"App\\Http\\Controllers\\Controller\" not found at /home/user/app/Http/Controllers/Api/V1/PaymentWebhookController.php:17)
[stacktrace]
#0 /home/user/vendor/composer/ClassLoader.php(576): include()
#1 /home/user/vendor/composer/ClassLoader.php(427): {closure:Composer\\Autoload\\ClassLoader::initializeIncludeClosure():575}()
#2 [internal function]: Composer\\Autoload\\ClassLoader->loadClass()
#3 /home/user/vendor/laravel/framework/src/Illuminate/Routing/Route.php(1117): is_a()
#4 /home/user/vendor/laravel/framework/src/Illuminate/Routing/Route.php(1054): Illuminate\\Routing\\Route->controllerMiddleware()
#5 /home/user/vendor/laravel/framework/src/Illuminate/Routing/Router.php(820): Illuminate\\Routing\\Route->gatherMiddleware()
#6 /home/user/vendor/laravel/framework/src/Illuminate/Routing/Router.php(802): Illuminate\\Routing\\Router->gatherRouteMiddleware()
#7 /home/user/vendor/laravel/framework/src/Illuminate/Routing/Router.php(786): Illuminate\\Routing\\Router->runRouteWithinStack()
#8 /home/user/vendor/laravel/framework/src/Illuminate/Routing/Router.php(750): Illuminate\\Routing\\Router->runRoute()
#9 /home/user/vendor/laravel/framework/src/Illuminate/Routing/Router.php(739): Illuminate\\Routing\\Router->dispatchToRoute()
#10 /home/user/vendor/laravel/framework/src/Illuminate/Foundation/Http/Kernel.php(201): Illuminate\\Routing\\Router->dispatch()
#11 /home/user/vendor/laravel/framework/src/Illuminate/Pipeline/Pipeline.php(170): Illuminate\\Foundation\\Http\\Kernel->{closure:Illuminate\\Foundation\\Http\\Kernel::dispatchToRouter():198}()
#12 /home/user/vendor/livewire/livewire/src/Features/SupportDisablingBackButtonCache/DisableBackButtonCacheMiddleware.php(19): Illuminate\\Pipeline\\Pipeline->{closure:Illuminate\\Pipeline\\Pipeline::prepareDestination():168}()
#13 /home/user/vendor/laravel/framework/src/Illuminate/Pipeline/Pipeline.php(209): Livewire\\Features\\SupportDisablingBackButtonCache\\DisableBackButtonCacheMiddleware->handle()
#14 /home/user/app/Http/Middleware/SecurityHeaders.php(13): Illuminate\\Pipeline\\Pipeline->{closure:{closure:Illuminate\\Pipeline\\Pipeline::carry():184}:185}()
#15 /home/user/vendor/laravel/framework/src/Illuminate/Pipeline/Pipeline.php(209): App\\Http\\Middleware\\SecurityHeaders->handle()
#16 /home/user/vendor/laravel/framework/src/Illuminate/Foundation/Http/Middleware/TransformsRequest.php(21): Illuminate\\Pipeline\\Pipeline->{closure:{closure:Illuminate\\Pipeline\\Pipeline::carry():184}:185}()
#17 /home/user/vendor/laravel/framework/src/Illuminate/Foundation/Http/Middleware/ConvertEmptyStringsToNull.php(31): Illuminate\\Foundation\\Http\\Middleware\\TransformsRequest->handle()
#18 /home/user/vendor/laravel/framework/src/Illuminate/Pipeline/Pipeline.php(209): Illuminate\\Foundation\\Http\\Middleware\\ConvertEmptyStringsToNull->handle()
#19 /home/user/vendor/laravel/framework/src/Illuminate/Foundation/Http/Middleware/TransformsRequest.php(21): Illuminate\\Pipeline\\Pipeline->{closure:{closure:Illuminate\\Pipeline\\Pipeline::carry():184}:185}()
#20 /home/user/vendor/laravel/framework/src/Illuminate/Foundation/Http/Middleware/TrimStrings.php(51): Illuminate\\Foundation\\Http\\Middleware\\TransformsRequest->handle()
#21 /home/user/vendor/laravel/framework/src/Illuminate/Pipeline/Pipeline.php(209): Illuminate\\Foundation\\Http\\Middleware\\TrimStrings->handle()
#22 /home/user/vendor/laravel/framework/src/Illuminate/Http/Middleware/ValidatePostSize.php(27): Illuminate\\Pipeline\\Pipeline->{closure:{closure:Illuminate\\Pipeline\\Pipeline::carry():184}:185}()
#23 /home/user/vendor/laravel/framework/src/Illuminate/Pipeline/Pipeline.php(209): Illuminate\\Http\\Middleware\\ValidatePostSize->handle()
#24 /home/user/vendor/laravel/framework/src/Illuminate/Foundation/Http/Middleware/PreventRequestsDuringMaintenance.php(110): Illuminate\\Pipeline\\Pipeline->{closure:{closure:Illuminate\\Pipeline\\Pipeline::carry():184}:185}()
#25 /home/user/vendor/laravel/framework/src/Illuminate/Pipeline/Pipeline.php(209): Illuminate\\Foundation\\Http\\Middleware\\PreventRequestsDuringMaintenance->handle()
#26 /home/user/vendor/laravel/framework/src/Illuminate/Http/Middleware/HandleCors.php(62): Illuminate\\Pipeline\\Pipeline->{closure:{closure:Illuminate\\Pipeline\\Pipeline::carry():184}:185}()
#27 /home/user/vendor/laravel/framework/src/Illuminate/Pipeline/Pipeline.php(209): Illuminate\\Http\\Middleware\\HandleCors->handle()
#28 /home/user/vendor/laravel/framework/src/Illuminate/Http/Middleware/TrustProxies.php(58): Illuminate\\Pipeline\\Pipeline->{closure:{closure:Illuminate\\Pipeline\\Pipeline::carry():184}:185}()
#29 /home/user/vendor/laravel/framework/src/Illuminate/Pipeline/Pipeline.php(209): Illuminate\\Http\\Middleware\\TrustProxies->handle()
#30 /home/user/vendor/laravel/framework/src/Illuminate/Foundation/Http/Middleware/InvokeDeferredCallbacks.php(22): Illuminate\\Pipeline\\Pipeline->{closure:{closure:Illuminate\\Pipeline\\Pipeline::carry():184}:185}()
#31 /home/user/vendor/laravel/framework/src/Illuminate/Pipeline/Pipeline.php(209): Illuminate\\Foundation\\Http\\Middleware\\InvokeDeferredCallbacks->handle()
#32 /home/user/vendor/laravel/framework/src/Illuminate/Pipeline/Pipeline.php(127): Illuminate\\Pipeline\\Pipeline->{closure:{closure:Illuminate\\Pipeline\\Pipeline::carry():184}:185}()
#33 /home/user/vendor/laravel/framework/src/Illuminate/Foundation/Http/Kernel.php(176): Illuminate\\Pipeline\\Pipeline->then()
#34 /home/user/vendor/laravel/framework/src/Illuminate/Foundation/Http/Kernel.php(145): Illuminate\\Foundation\\Http\\Kernel->sendRequestThroughRouter()
#35 /home/user/vendor/laravel/framework/src/Illuminate/Foundation/Testing/Concerns/MakesHttpRequests.php(607): Illuminate\\Foundation\\Http\\Kernel->handle()
#36 /home/user/tests/Feature/Payment/InvalidWebhookSignatureTest.php(52): Illuminate\\Foundation\\Testing\\TestCase->call()
#37 /home/user/vendor/phpunit/phpunit/src/Framework/TestCase.php(1667): Tests\\Feature\\Payment\\InvalidWebhookSignatureTest->missing_signature_header_is_rejected_with_403()
#38 /home/user/vendor/phpunit/phpunit/src/Framework/TestCase.php(519): PHPUnit\\Framework\\TestCase->runTest()
#39 /home/user/vendor/phpunit/phpunit/src/Framework/TestRunner/TestRunner.php(87): PHPUnit\\Framework\\TestCase->runBare()
#40 /home/user/vendor/phpunit/phpunit/src/Framework/TestCase.php(365): PHPUnit\\Framework\\TestRunner->run()
#41 /home/user/vendor/phpunit/phpunit/src/Framework/TestSuite.php(369): PHPUnit\\Framework\\TestCase->run()
#42 /home/user/vendor/phpunit/phpunit/src/Framework/TestSuite.php(369): PHPUnit\\Framework\\TestSuite->run()
#43 /home/user/vendor/phpunit/phpunit/src/TextUI/TestRunner.php(64): PHPUnit\\Framework\\TestSuite->run()
#44 /home/user/vendor/phpunit/phpunit/src/TextUI/Application.php(211): PHPUnit\\TextUI\\TestRunner->run()
#45 /home/user/vendor/phpunit/phpunit/phpunit(104): PHPUnit\\TextUI\\Application->run()
#46 /home/user/vendor/bin/phpunit(122): include('...')
#47 {main}
"} 
[2026-09-03 21:28:22] testing.ERROR: api.unhandled_exception {"exception":"[object] (Error(code: 0): Class \"App\\Http\\Controllers\\Controller\" not found at /home/user/app/Http/Controllers/Api/V1/PaymentWebhookController.php:17)
[stacktrace]
#0 /home/user/vendor/composer/ClassLoader.php(576): include()
#1 /home/user/vendor/composer/ClassLoader.php(427): {closure:Composer\\Autoload\\ClassLoader::initializeIncludeClosure():575}()
#2 [internal function]: Composer\\Autoload\\ClassLoader->loadClass()
#3 /home/user/vendor/laravel/framework/src/Illuminate/Routing/Route.php(1117): is_a()
#4 /home/user/vendor/laravel/framework/src/Illuminate/Routing/Route.php(1054): Illuminate\\Routing\\Route->controllerMiddleware()
#5 /home/user/vendor/laravel/framework/src/Illuminate/Routing/Router.php(820): Illuminate\\Routing\\Route->gatherMiddleware()
#6 /home/user/vendor/laravel/framework/src/Illuminate/Routing/Router.php(802): Illuminate\\Routing\\Router->gatherRouteMiddleware()
#7 /home/user/vendor/laravel/framework/src/Illuminate/Routing/Router.php(786): Illuminate\\Routing\\Router->runRouteWithinStack()
#8 /home/user/vendor/laravel/framework/src/Illuminate/Routing/Router.php(750): Illuminate\\Routing\\Router->runRoute()
#9 /home/user/vendor/laravel/framework/src/Illuminate/Routing/Router.php(739): Illuminate\\Routing\\Router->dispatchToRoute()
#10 /home/user/vendor/laravel/framework/src/Illuminate/Foundation/Http/Kernel.php(201): Illuminate\\Routing\\Router->dispatch()
#11 /home/user/vendor/laravel/framework/src/Illuminate/Pipeline/Pipeline.php(170): Illuminate\\Foundation\\Http\\Kernel->{closure:Illuminate\\Foundation\\Http\\Kernel::dispatchToRouter():198}()
#12 /home/user/vendor/livewire/livewire/src/Features/SupportDisablingBackButtonCache/DisableBackButtonCacheMiddleware.php(19): Illuminate\\Pipeline\\Pipeline->{closure:Illuminate\\Pipeline\\Pipeline::prepareDestination():168}()
#13 /home/user/vendor/laravel/framework/src/Illuminate/Pipeline/Pipeline.php(209): Livewire\\Features\\SupportDisablingBackButtonCache\\DisableBackButtonCacheMiddleware->handle()
#14 /home/user/app/Http/Middleware/SecurityHeaders.php(13): Illuminate\\Pipeline\\Pipeline->{closure:{closure:Illuminate\\Pipeline\\Pipeline::carry():184}:185}()
#15 /home/user/vendor/laravel/framework/src/Illuminate/Pipeline/Pipeline.php(209): App\\Http\\Middleware\\SecurityHeaders->handle()
#16 /home/user/vendor/laravel/framework/src/Illuminate/Foundation/Http/Middleware/TransformsRequest.php(21): Illuminate\\Pipeline\\Pipeline->{closure:{closure:Illuminate\\Pipeline\\Pipeline::carry():184}:185}()
#17 /home/user/vendor/laravel/framework/src/Illuminate/Foundation/Http/Middleware/ConvertEmptyStringsToNull.php(31): Illuminate\\Foundation\\Http\\Middleware\\TransformsRequest->handle()
#18 /home/user/vendor/laravel/framework/src/Illuminate/Pipeline/Pipeline.php(209): Illuminate\\Foundation\\Http\\Middleware\\ConvertEmptyStringsToNull->handle()
#19 /home/user/vendor/laravel/framework/src/Illuminate/Foundation/Http/Middleware/TransformsRequest.php(21): Illuminate\\Pipeline\\Pipeline->{closure:{closure:Illuminate\\Pipeline\\Pipeline::carry():184}:185}()
#20 /home/user/vendor/laravel/framework/src/Illuminate/Foundation/Http/Middleware/TrimStrings.php(51): Illuminate\\Foundation\\Http\\Middleware\\TransformsRequest->handle()
#21 /home/user/vendor/laravel/framework/src/Illuminate/Pipeline/Pipeline.php(209): Illuminate\\Foundation\\Http\\Middleware\\TrimStrings->handle()
#22 /home/user/vendor/laravel/framework/src/Illuminate/Http/Middleware/ValidatePostSize.php(27): Illuminate\\Pipeline\\Pipeline->{closure:{closure:Illuminate\\Pipeline\\Pipeline::carry():184}:185}()
#23 /home/user/vendor/laravel/framework/src/Illuminate/Pipeline/Pipeline.php(209): Illuminate\\Http\\Middleware\\ValidatePostSize->handle()
#24 /home/user/vendor/laravel/framework/src/Illuminate/Foundation/Http/Middleware/PreventRequestsDuringMaintenance.php(110): Illuminate\\Pipeline\\Pipeline->{closure:{closure:Illuminate\\Pipeline\\Pipeline::carry():184}:185}()
#25 /home/user/vendor/laravel/framework/src/Illuminate/Pipeline/Pipeline.php(209): Illuminate\\Foundation\\Http\\Middleware\\PreventRequestsDuringMaintenance->handle()
#26 /home/user/vendor/laravel/framework/src/Illuminate/Http/Middleware/HandleCors.php(62): Illuminate\\Pipeline\\Pipeline->{closure:{closure:Illuminate\\Pipeline\\Pipeline::carry():184}:185}()
#27 /home/user/vendor/laravel/framework/src/Illuminate/Pipeline/Pipeline.php(209): Illuminate\\Http\\Middleware\\HandleCors->handle()
#28 /home/user/vendor/laravel/framework/src/Illuminate/Http/Middleware/TrustProxies.php(58): Illuminate\\Pipeline\\Pipeline->{closure:{closure:Illuminate\\Pipeline\\Pipeline::carry():184}:185}()
#29 /home/user/vendor/laravel/framework/src/Illuminate/Pipeline/Pipeline.php(209): Illuminate\\Http\\Middleware\\TrustProxies->handle()
#30 /home/user/vendor/laravel/framework/src/Illuminate/Foundation/Http/Middleware/InvokeDeferredCallbacks.php(22): Illuminate\\Pipeline\\Pipeline->{closure:{closure:Illuminate\\Pipeline\\Pipeline::carry():184}:185}()
#31 /home/user/vendor/laravel/framework/src/Illuminate/Pipeline/Pipeline.php(209): Illuminate\\Foundation\\Http\\Middleware\\InvokeDeferredCallbacks->handle()
#32 /home/user/vendor/laravel/framework/src/Illuminate/Pipeline/Pipeline.php(127): Illuminate\\Pipeline\\Pipeline->{closure:{closure:Illuminate\\Pipeline\\Pipeline::carry():184}:185}()
#33 /home/user/vendor/laravel/framework/src/Illuminate/Foundation/Http/Kernel.php(176): Illuminate\\Pipeline\\Pipeline->then()
#34 /home/user/vendor/laravel/framework/src/Illuminate/Foundation/Http/Kernel.php(145): Illuminate\\Foundation\\Http\\Kernel->sendRequestThroughRouter()
#35 /home/user/vendor/laravel/framework/src/Illuminate/Foundation/Testing/Concerns/MakesHttpRequests.php(607): Illuminate\\Foundation\\Http\\Kernel->handle()
#36 /home/user/tests/Feature/Payment/InvalidWebhookSignatureTest.php(52): Illuminate\\Foundation\\Testing\\TestCase->call()
#37 /home/user/vendor/phpunit/phpunit/src/Framework/TestCase.php(1667): Tests\\Feature\\Payment\\InvalidWebhookSignatureTest->missing_signature_header_is_rejected_with_403()
#38 /home/user/vendor/phpunit/phpunit/src/Framework/TestCase.php(519): PHPUnit\\Framework\\TestCase->runTest()
#39 /home/user/vendor/phpunit/phpunit/src/Framework/TestRunner/TestRunner.php(87): PHPUnit\\Framework\\TestCase->runBare()
#40 /home/user/vendor/phpunit/phpunit/src/Framework/TestCase.php(365): PHPUnit\\Framework\\TestRunner->run()
#41 /home/user/vendor/phpunit/phpunit/src/Framework/TestSuite.php(369): PHPUnit\\Framework\\TestCase->run()
#42 /home/user/vendor/phpunit/phpunit/src/Framework/TestSuite.php(369): PHPUnit\\Framework\\TestSuite->run()
#43 /home/user/vendor/phpunit/phpunit/src/TextUI/TestRunner.php(64): PHPUnit\\Framework\\TestSuite->run()
#44 /home/user/vendor/phpunit/phpunit/src/TextUI/Application.php(211): PHPUnit\\TextUI\\TestRunner->run()
#45 /home/user/vendor/phpunit/phpunit/phpunit(104): PHPUnit\\TextUI\\Application->run()
#46 /home/user/vendor/bin/phpunit(122): include('...')
#47 {main}
","path":"api/v1/payments/webhook/bkash","method":"POST","user_id":null} 
[2026-09-03 21:28:22] testing.ERROR: Class "App\Http\Controllers\Controller" not found {"exception":"[object] (Error(code: 0): Class \"App\\Http\\Controllers\\Controller\" not found at /home/user/app/Http/Controllers/Api/V1/PaymentWebhookController.php:17)
[stacktrace]
#0 /home/user/vendor/composer/ClassLoader.php(576): include()
#1 /home/user/vendor/composer/ClassLoader.php(427): {closure:Composer\\Autoload\\ClassLoader::initializeIncludeClosure():575}()
#2 [internal function]: Composer\\Autoload\\ClassLoader->loadClass()
#3 /home/user/vendor/laravel/framework/src/Illuminate/Routing/Route.php(1117): is_a()
#4 /home/user/vendor/laravel/framework/src/Illuminate/Routing/Route.php(1054): Illuminate\\Routing\\Route->controllerMiddleware()
#5 /home/user/vendor/laravel/framework/src/Illuminate/Routing/Router.php(820): Illuminate\\Routing\\Route->gatherMiddleware()
#6 /home/user/vendor/laravel/framework/src/Illuminate/Routing/Router.php(802): Illuminate\\Routing\\Router->gatherRouteMiddleware()
#7 /home/user/vendor/laravel/framework/src/Illuminate/Routing/Router.php(786): Illuminate\\Routing\\Router->runRouteWithinStack()
#8 /home/user/vendor/laravel/framework/src/Illuminate/Routing/Router.php(750): Illuminate\\Routing\\Router->runRoute()
#9 /home/user/vendor/laravel/framework/src/Illuminate/Routing/Router.php(739): Illuminate\\Routing\\Router->dispatchToRoute()
#10 /home/user/vendor/laravel/framework/src/Illuminate/Foundation/Http/Kernel.php(201): Illuminate\\Routing\\Router->dispatch()
#11 /home/user/vendor/laravel/framework/src/Illuminate/Pipeline/Pipeline.php(170): Illuminate\\Foundation\\Http\\Kernel->{closure:Illuminate\\Foundation\\Http\\Kernel::dispatchToRouter():198}()
#12 /home/user/vendor/livewire/livewire/src/Features/SupportDisablingBackButtonCache/DisableBackButtonCacheMiddleware.php(19): Illuminate\\Pipeline\\Pipeline->{closure:Illuminate\\Pipeline\\Pipeline::prepareDestination():168}()
#13 /home/user/vendor/laravel/framework/src/Illuminate/Pipeline/Pipeline.php(209): Livewire\\Features\\SupportDisablingBackButtonCache\\DisableBackButtonCacheMiddleware->handle()
#14 /home/user/app/Http/Middleware/SecurityHeaders.php(13): Illuminate\\Pipeline\\Pipeline->{closure:{closure:Illuminate\\Pipeline\\Pipeline::carry():184}:185}()
#15 /home/user/vendor/laravel/framework/src/Illuminate/Pipeline/Pipeline.php(209): App\\Http\\Middleware\\SecurityHeaders->handle()
#16 /home/user/vendor/laravel/framework/src/Illuminate/Foundation/Http/Middleware/TransformsRequest.php(21): Illuminate\\Pipeline\\Pipeline->{closure:{closure:Illuminate\\Pipeline\\Pipeline::carry():184}:185}()
#17 /home/user/vendor/laravel/framework/src/Illuminate/Foundation/Http/Middleware/ConvertEmptyStringsToNull.php(31): Illuminate\\Foundation\\Http\\Middleware\\TransformsRequest->handle()
#18 /home/user/vendor/laravel/framework/src/Illuminate/Pipeline/Pipeline.php(209): Illuminate\\Foundation\\Http\\Middleware\\ConvertEmptyStringsToNull->handle()
#19 /home/user/vendor/laravel/framework/src/Illuminate/Foundation/Http/Middleware/TransformsRequest.php(21): Illuminate\\Pipeline\\Pipeline->{closure:{closure:Illuminate\\Pipeline\\Pipeline::carry():184}:185}()
#20 /home/user/vendor/laravel/framework/src/Illuminate/Foundation/Http/Middleware/TrimStrings.php(51): Illuminate\\Foundation\\Http\\Middleware\\TransformsRequest->handle()
#21 /home/user/vendor/laravel/framework/src/Illuminate/Pipeline/Pipeline.php(209): Illuminate\\Foundation\\Http\\Middleware\\TrimStrings->handle()
#22 /home/user/vendor/laravel/framework/src/Illuminate/Http/Middleware/ValidatePostSize.php(27): Illuminate\\Pipeline\\Pipeline->{closure:{closure:Illuminate\\Pipeline\\Pipeline::carry():184}:185}()
#23 /home/user/vendor/laravel/framework/src/Illuminate/Pipeline/Pipeline.php(209): Illuminate\\Http\\Middleware\\ValidatePostSize->handle()
#24 /home/user/vendor/laravel/framework/src/Illuminate/Foundation/Http/Middleware/PreventRequestsDuringMaintenance.php(110): Illuminate\\Pipeline\\Pipeline->{closure:{closure:Illuminate\\Pipeline\\Pipeline::carry():184}:185}()
#25 /home/user/vendor/laravel/framework/src/Illuminate/Pipeline/Pipeline.php(209): Illuminate\\Foundation\\Http\\Middleware\\PreventRequestsDuringMaintenance->handle()
#26 /home/user/vendor/laravel/framework/src/Illuminate/Http/Middleware/HandleCors.php(62): Illuminate\\Pipeline\\Pipeline->{closure:{closure:Illuminate\\Pipeline\\Pipeline::carry():184}:185}()
#27 /home/user/vendor/laravel/framework/src/Illuminate/Pipeline/Pipeline.php(209): Illuminate\\Http\\Middleware\\HandleCors->handle()
#28 /home/user/vendor/laravel/framework/src/Illuminate/Http/Middleware/TrustProxies.php(58): Illuminate\\Pipeline\\Pipeline->{closure:{closure:Illuminate\\Pipeline\\Pipeline::carry():184}:185}()
#29 /home/user/vendor/laravel/framework/src/Illuminate/Pipeline/Pipeline.php(209): Illuminate\\Http\\Middleware\\TrustProxies->handle()
#30 /home/user/vendor/laravel/framework/src/Illuminate/Foundation/Http/Middleware/InvokeDeferredCallbacks.php(22): Illuminate\\Pipeline\\Pipeline->{closure:{closure:Illuminate\\Pipeline\\Pipeline::carry():184}:185}()
#31 /home/user/vendor/laravel/framework/src/Illuminate/Pipeline/Pipeline.php(209): Illuminate\\Foundation\\Http\\Middleware\\InvokeDeferredCallbacks->handle()
#32 /home/user/vendor/laravel/framework/src/Illuminate/Pipeline/Pipeline.php(127): Illuminate\\Pipeline\\Pipeline->{closure:{closure:Illuminate\\Pipeline\\Pipeline::carry():184}:185}()
#33 /home/user/vendor/laravel/framework/src/Illuminate/Foundation/Http/Kernel.php(176): Illuminate\\Pipeline\\Pipeline->then()
#34 /home/user/vendor/laravel/framework/src/Illuminate/Foundation/Http/Kernel.php(145): Illuminate\\Foundation\\Http\\Kernel->sendRequestThroughRouter()
#35 /home/user/vendor/laravel/framework/src/Illuminate/Foundation/Testing/Concerns/MakesHttpRequests.php(607): Illuminate\\Foundation\\Http\\Kernel->handle()
#36 /home/user/tests/Feature/Payment/InvalidWebhookSignatureTest.php(85): Illuminate\\Foundation\\Testing\\TestCase->call()
#37 /home/user/vendor/phpunit/phpunit/src/Framework/TestCase.php(1667): Tests\\Feature\\Payment\\InvalidWebhookSignatureTest->expired_stripe_timestamp_is_rejected_due_to_replay_window()
#38 /home/user/vendor/phpunit/phpunit/src/Framework/TestCase.php(519): PHPUnit\\Framework\\TestCase->runTest()
#39 /home/user/vendor/phpunit/phpunit/src/Framework/TestRunner/TestRunner.php(87): PHPUnit\\Framework\\TestCase->runBare()
#40 /home/user/vendor/phpunit/phpunit/src/Framework/TestCase.php(365): PHPUnit\\Framework\\TestRunner->run()
#41 /home/user/vendor/phpunit/phpunit/src/Framework/TestSuite.php(369): PHPUnit\\Framework\\TestCase->run()
#42 /home/user/vendor/phpunit/phpunit/src/Framework/TestSuite.php(369): PHPUnit\\Framework\\TestSuite->run()
#43 /home/user/vendor/phpunit/phpunit/src/TextUI/TestRunner.php(64): PHPUnit\\Framework\\TestSuite->run()
#44 /home/user/vendor/phpunit/phpunit/src/TextUI/Application.php(211): PHPUnit\\TextUI\\TestRunner->run()
#45 /home/user/vendor/phpunit/phpunit/phpunit(104): PHPUnit\\TextUI\\Application->run()
#46 /home/user/vendor/bin/phpunit(122): include('...')
#47 {main}
"} 
[2026-09-03 21:28:22] testing.ERROR: api.unhandled_exception {"exception":"[object] (Error(code: 0): Class \"App\\Http\\Controllers\\Controller\" not found at /home/user/app/Http/Controllers/Api/V1/PaymentWebhookController.php:17)
[stacktrace]
#0 /home/user/vendor/composer/ClassLoader.php(576): include()
#1 /home/user/vendor/composer/ClassLoader.php(427): {closure:Composer\\Autoload\\ClassLoader::initializeIncludeClosure():575}()
#2 [internal function]: Composer\\Autoload\\ClassLoader->loadClass()
#3 /home/user/vendor/laravel/framework/src/Illuminate/Routing/Route.php(1117): is_a()
#4 /home/user/vendor/laravel/framework/src/Illuminate/Routing/Route.php(1054): Illuminate\\Routing\\Route->controllerMiddleware()
#5 /home/user/vendor/laravel/framework/src/Illuminate/Routing/Router.php(820): Illuminate\\Routing\\Route->gatherMiddleware()
#6 /home/user/vendor/laravel/framework/src/Illuminate/Routing/Router.php(802): Illuminate\\Routing\\Router->gatherRouteMiddleware()
#7 /home/user/vendor/laravel/framework/src/Illuminate/Routing/Router.php(786): Illuminate\\Routing\\Router->runRouteWithinStack()
#8 /home/user/vendor/laravel/framework/src/Illuminate/Routing/Router.php(750): Illuminate\\Routing\\Router->runRoute()
#9 /home/user/vendor/laravel/framework/src/Illuminate/Routing/Router.php(739): Illuminate\\Routing\\Router->dispatchToRoute()
#10 /home/user/vendor/laravel/framework/src/Illuminate/Foundation/Http/Kernel.php(201): Illuminate\\Routing\\Router->dispatch()
#11 /home/user/vendor/laravel/framework/src/Illuminate/Pipeline/Pipeline.php(170): Illuminate\\Foundation\\Http\\Kernel->{closure:Illuminate\\Foundation\\Http\\Kernel::dispatchToRouter():198}()
#12 /home/user/vendor/livewire/livewire/src/Features/SupportDisablingBackButtonCache/DisableBackButtonCacheMiddleware.php(19): Illuminate\\Pipeline\\Pipeline->{closure:Illuminate\\Pipeline\\Pipeline::prepareDestination():168}()
#13 /home/user/vendor/laravel/framework/src/Illuminate/Pipeline/Pipeline.php(209): Livewire\\Features\\SupportDisablingBackButtonCache\\DisableBackButtonCacheMiddleware->handle()
#14 /home/user/app/Http/Middleware/SecurityHeaders.php(13): Illuminate\\Pipeline\\Pipeline->{closure:{closure:Illuminate\\Pipeline\\Pipeline::carry():184}:185}()
#15 /home/user/vendor/laravel/framework/src/Illuminate/Pipeline/Pipeline.php(209): App\\Http\\Middleware\\SecurityHeaders->handle()
#16 /home/user/vendor/laravel/framework/src/Illuminate/Foundation/Http/Middleware/TransformsRequest.php(21): Illuminate\\Pipeline\\Pipeline->{closure:{closure:Illuminate\\Pipeline\\Pipeline::carry():184}:185}()
#17 /home/user/vendor/laravel/framework/src/Illuminate/Foundation/Http/Middleware/ConvertEmptyStringsToNull.php(31): Illuminate\\Foundation\\Http\\Middleware\\TransformsRequest->handle()
#18 /home/user/vendor/laravel/framework/src/Illuminate/Pipeline/Pipeline.php(209): Illuminate\\Foundation\\Http\\Middleware\\ConvertEmptyStringsToNull->handle()
#19 /home/user/vendor/laravel/framework/src/Illuminate/Foundation/Http/Middleware/TransformsRequest.php(21): Illuminate\\Pipeline\\Pipeline->{closure:{closure:Illuminate\\Pipeline\\Pipeline::carry():184}:185}()
#20 /home/user/vendor/laravel/framework/src/Illuminate/Foundation/Http/Middleware/TrimStrings.php(51): Illuminate\\Foundation\\Http\\Middleware\\TransformsRequest->handle()
#21 /home/user/vendor/laravel/framework/src/Illuminate/Pipeline/Pipeline.php(209): Illuminate\\Foundation\\Http\\Middleware\\TrimStrings->handle()
#22 /home/user/vendor/laravel/framework/src/Illuminate/Http/Middleware/ValidatePostSize.php(27): Illuminate\\Pipeline\\Pipeline->{closure:{closure:Illuminate\\Pipeline\\Pipeline::carry():184}:185}()
#23 /home/user/vendor/laravel/framework/src/Illuminate/Pipeline/Pipeline.php(209): Illuminate\\Http\\Middleware\\ValidatePostSize->handle()
#24 /home/user/vendor/laravel/framework/src/Illuminate/Foundation/Http/Middleware/PreventRequestsDuringMaintenance.php(110): Illuminate\\Pipeline\\Pipeline->{closure:{closure:Illuminate\\Pipeline\\Pipeline::carry():184}:185}()
#25 /home/user/vendor/laravel/framework/src/Illuminate/Pipeline/Pipeline.php(209): Illuminate\\Foundation\\Http\\Middleware\\PreventRequestsDuringMaintenance->handle()
#26 /home/user/vendor/laravel/framework/src/Illuminate/Http/Middleware/HandleCors.php(62): Illuminate\\Pipeline\\Pipeline->{closure:{closure:Illuminate\\Pipeline\\Pipeline::carry():184}:185}()
#27 /home/user/vendor/laravel/framework/src/Illuminate/Pipeline/Pipeline.php(209): Illuminate\\Http\\Middleware\\HandleCors->handle()
#28 /home/user/vendor/laravel/framework/src/Illuminate/Http/Middleware/TrustProxies.php(58): Illuminate\\Pipeline\\Pipeline->{closure:{closure:Illuminate\\Pipeline\\Pipeline::carry():184}:185}()
#29 /home/user/vendor/laravel/framework/src/Illuminate/Pipeline/Pipeline.php(209): Illuminate\\Http\\Middleware\\TrustProxies->handle()
#30 /home/user/vendor/laravel/framework/src/Illuminate/Foundation/Http/Middleware/InvokeDeferredCallbacks.php(22): Illuminate\\Pipeline\\Pipeline->{closure:{closure:Illuminate\\Pipeline\\Pipeline::carry():184}:185}()
#31 /home/user/vendor/laravel/framework/src/Illuminate/Pipeline/Pipeline.php(209): Illuminate\\Foundation\\Http\\Middleware\\InvokeDeferredCallbacks->handle()
#32 /home/user/vendor/laravel/framework/src/Illuminate/Pipeline/Pipeline.php(127): Illuminate\\Pipeline\\Pipeline->{closure:{closure:Illuminate\\Pipeline\\Pipeline::carry():184}:185}()
#33 /home/user/vendor/laravel/framework/src/Illuminate/Foundation/Http/Kernel.php(176): Illuminate\\Pipeline\\Pipeline->then()
#34 /home/user/vendor/laravel/framework/src/Illuminate/Foundation/Http/Kernel.php(145): Illuminate\\Foundation\\Http\\Kernel->sendRequestThroughRouter()
#35 /home/user/vendor/laravel/framework/src/Illuminate/Foundation/Testing/Concerns/MakesHttpRequests.php(607): Illuminate\\Foundation\\Http\\Kernel->handle()
#36 /home/user/tests/Feature/Payment/InvalidWebhookSignatureTest.php(85): Illuminate\\Foundation\\Testing\\TestCase->call()
#37 /home/user/vendor/phpunit/phpunit/src/Framework/TestCase.php(1667): Tests\\Feature\\Payment\\InvalidWebhookSignatureTest->expired_stripe_timestamp_is_rejected_due_to_replay_window()
#38 /home/user/vendor/phpunit/phpunit/src/Framework/TestCase.php(519): PHPUnit\\Framework\\TestCase->runTest()
#39 /home/user/vendor/phpunit/phpunit/src/Framework/TestRunner/TestRunner.php(87): PHPUnit\\Framework\\TestCase->runBare()
#40 /home/user/vendor/phpunit/phpunit/src/Framework/TestCase.php(365): PHPUnit\\Framework\\TestRunner->run()
#41 /home/user/vendor/phpunit/phpunit/src/Framework/TestSuite.php(369): PHPUnit\\Framework\\TestCase->run()
#42 /home/user/vendor/phpunit/phpunit/src/Framework/TestSuite.php(369): PHPUnit\\Framework\\TestSuite->run()
#43 /home/user/vendor/phpunit/phpunit/src/TextUI/TestRunner.php(64): PHPUnit\\Framework\\TestSuite->run()
#44 /home/user/vendor/phpunit/phpunit/src/TextUI/Application.php(211): PHPUnit\\TextUI\\TestRunner->run()
#45 /home/user/vendor/phpunit/phpunit/phpunit(104): PHPUnit\\TextUI\\Application->run()
#46 /home/user/vendor/bin/phpunit(122): include('...')
#47 {main}
","path":"api/v1/payments/webhook/stripe","method":"POST","user_id":null} 
[2026-09-03 21:28:22] testing.ERROR: Class "App\Http\Controllers\Controller" not found {"exception":"[object] (Error(code: 0): Class \"App\\Http\\Controllers\\Controller\" not found at /home/user/app/Http/Controllers/Api/V1/PaymentWebhookController.php:17)
[stacktrace]
#0 /home/user/vendor/composer/ClassLoader.php(576): include()
#1 /home/user/vendor/composer/ClassLoader.php(427): {closure:Composer\\Autoload\\ClassLoader::initializeIncludeClosure():575}()
#2 [internal function]: Composer\\Autoload\\ClassLoader->loadClass()
#3 /home/user/vendor/laravel/framework/src/Illuminate/Routing/Route.php(1117): is_a()
#4 /home/user/vendor/laravel/framework/src/Illuminate/Routing/Route.php(1054): Illuminate\\Routing\\Route->controllerMiddleware()
#5 /home/user/vendor/laravel/framework/src/Illuminate/Routing/Router.php(820): Illuminate\\Routing\\Route->gatherMiddleware()
#6 /home/user/vendor/laravel/framework/src/Illuminate/Routing/Router.php(802): Illuminate\\Routing\\Router->gatherRouteMiddleware()
#7 /home/user/vendor/laravel/framework/src/Illuminate/Routing/Router.php(786): Illuminate\\Routing\\Router->runRouteWithinStack()
#8 /home/user/vendor/laravel/framework/src/Illuminate/Routing/Router.php(750): Illuminate\\Routing\\Router->runRoute()
#9 /home/user/vendor/laravel/framework/src/Illuminate/Routing/Router.php(739): Illuminate\\Routing\\Router->dispatchToRoute()
#10 /home/user/vendor/laravel/framework/src/Illuminate/Foundation/Http/Kernel.php(201): Illuminate\\Routing\\Router->dispatch()
#11 /home/user/vendor/laravel/framework/src/Illuminate/Pipeline/Pipeline.php(170): Illuminate\\Foundation\\Http\\Kernel->{closure:Illuminate\\Foundation\\Http\\Kernel::dispatchToRouter():198}()
#12 /home/user/vendor/livewire/livewire/src/Features/SupportDisablingBackButtonCache/DisableBackButtonCacheMiddleware.php(19): Illuminate\\Pipeline\\Pipeline->{closure:Illuminate\\Pipeline\\Pipeline::prepareDestination():168}()
#13 /home/user/vendor/laravel/framework/src/Illuminate/Pipeline/Pipeline.php(209): Livewire\\Features\\SupportDisablingBackButtonCache\\DisableBackButtonCacheMiddleware->handle()
#14 /home/user/app/Http/Middleware/SecurityHeaders.php(13): Illuminate\\Pipeline\\Pipeline->{closure:{closure:Illuminate\\Pipeline\\Pipeline::carry():184}:185}()
#15 /home/user/vendor/laravel/framework/src/Illuminate/Pipeline/Pipeline.php(209): App\\Http\\Middleware\\SecurityHeaders->handle()
#16 /home/user/vendor/laravel/framework/src/Illuminate/Foundation/Http/Middleware/TransformsRequest.php(21): Illuminate\\Pipeline\\Pipeline->{closure:{closure:Illuminate\\Pipeline\\Pipeline::carry():184}:185}()
#17 /home/user/vendor/laravel/framework/src/Illuminate/Foundation/Http/Middleware/ConvertEmptyStringsToNull.php(31): Illuminate\\Foundation\\Http\\Middleware\\TransformsRequest->handle()
#18 /home/user/vendor/laravel/framework/src/Illuminate/Pipeline/Pipeline.php(209): Illuminate\\Foundation\\Http\\Middleware\\ConvertEmptyStringsToNull->handle()
#19 /home/user/vendor/laravel/framework/src/Illuminate/Foundation/Http/Middleware/TransformsRequest.php(21): Illuminate\\Pipeline\\Pipeline->{closure:{closure:Illuminate\\Pipeline\\Pipeline::carry():184}:185}()
#20 /home/user/vendor/laravel/framework/src/Illuminate/Foundation/Http/Middleware/TrimStrings.php(51): Illuminate\\Foundation\\Http\\Middleware\\TransformsRequest->handle()
#21 /home/user/vendor/laravel/framework/src/Illuminate/Pipeline/Pipeline.php(209): Illuminate\\Foundation\\Http\\Middleware\\TrimStrings->handle()
#22 /home/user/vendor/laravel/framework/src/Illuminate/Http/Middleware/ValidatePostSize.php(27): Illuminate\\Pipeline\\Pipeline->{closure:{closure:Illuminate\\Pipeline\\Pipeline::carry():184}:185}()
#23 /home/user/vendor/laravel/framework/src/Illuminate/Pipeline/Pipeline.php(209): Illuminate\\Http\\Middleware\\ValidatePostSize->handle()
#24 /home/user/vendor/laravel/framework/src/Illuminate/Foundation/Http/Middleware/PreventRequestsDuringMaintenance.php(110): Illuminate\\Pipeline\\Pipeline->{closure:{closure:Illuminate\\Pipeline\\Pipeline::carry():184}:185}()
#25 /home/user/vendor/laravel/framework/src/Illuminate/Pipeline/Pipeline.php(209): Illuminate\\Foundation\\Http\\Middleware\\PreventRequestsDuringMaintenance->handle()
#26 /home/user/vendor/laravel/framework/src/Illuminate/Http/Middleware/HandleCors.php(62): Illuminate\\Pipeline\\Pipeline->{closure:{closure:Illuminate\\Pipeline\\Pipeline::carry():184}:185}()
#27 /home/user/vendor/laravel/framework/src/Illuminate/Pipeline/Pipeline.php(209): Illuminate\\Http\\Middleware\\HandleCors->handle()
#28 /home/user/vendor/laravel/framework/src/Illuminate/Http/Middleware/TrustProxies.php(58): Illuminate\\Pipeline\\Pipeline->{closure:{closure:Illuminate\\Pipeline\\Pipeline::carry():184}:185}()
#29 /home/user/vendor/laravel/framework/src/Illuminate/Pipeline/Pipeline.php(209): Illuminate\\Http\\Middleware\\TrustProxies->handle()
#30 /home/user/vendor/laravel/framework/src/Illuminate/Foundation/Http/Middleware/InvokeDeferredCallbacks.php(22): Illuminate\\Pipeline\\Pipeline->{closure:{closure:Illuminate\\Pipeline\\Pipeline::carry():184}:185}()
#31 /home/user/vendor/laravel/framework/src/Illuminate/Pipeline/Pipeline.php(209): Illuminate\\Foundation\\Http\\Middleware\\InvokeDeferredCallbacks->handle()
#32 /home/user/vendor/laravel/framework/src/Illuminate/Pipeline/Pipeline.php(127): Illuminate\\Pipeline\\Pipeline->{closure:{closure:Illuminate\\Pipeline\\Pipeline::carry():184}:185}()
#33 /home/user/vendor/laravel/framework/src/Illuminate/Foundation/Http/Kernel.php(176): Illuminate\\Pipeline\\Pipeline->then()
#34 /home/user/vendor/laravel/framework/src/Illuminate/Foundation/Http/Kernel.php(145): Illuminate\\Foundation\\Http\\Kernel->sendRequestThroughRouter()
#35 /home/user/vendor/laravel/framework/src/Illuminate/Foundation/Testing/Concerns/MakesHttpRequests.php(607): Illuminate\\Foundation\\Http\\Kernel->handle()
#36 /home/user/tests/Feature/Payment/PaymentWebhookSignatureVerificationTest.php(41): Illuminate\\Foundation\\Testing\\TestCase->call()
#37 /home/user/vendor/phpunit/phpunit/src/Framework/TestCase.php(1667): Tests\\Feature\\Payment\\PaymentWebhookSignatureVerificationTest->stripe_webhook_signature_is_verified_using_timestamped_hmac()
#38 /home/user/vendor/phpunit/phpunit/src/Framework/TestCase.php(519): PHPUnit\\Framework\\TestCase->runTest()
#39 /home/user/vendor/phpunit/phpunit/src/Framework/TestRunner/TestRunner.php(87): PHPUnit\\Framework\\TestCase->runBare()
#40 /home/user/vendor/phpunit/phpunit/src/Framework/TestCase.php(365): PHPUnit\\Framework\\TestRunner->run()
#41 /home/user/vendor/phpunit/phpunit/src/Framework/TestSuite.php(369): PHPUnit\\Framework\\TestCase->run()
#42 /home/user/vendor/phpunit/phpunit/src/Framework/TestSuite.php(369): PHPUnit\\Framework\\TestSuite->run()
#43 /home/user/vendor/phpunit/phpunit/src/TextUI/TestRunner.php(64): PHPUnit\\Framework\\TestSuite->run()
#44 /home/user/vendor/phpunit/phpunit/src/TextUI/Application.php(211): PHPUnit\\TextUI\\TestRunner->run()
#45 /home/user/vendor/phpunit/phpunit/phpunit(104): PHPUnit\\TextUI\\Application->run()
#46 /home/user/vendor/bin/phpunit(122): include('...')
#47 {main}
"} 
[2026-09-03 21:28:22] testing.ERROR: api.unhandled_exception {"exception":"[object] (Error(code: 0): Class \"App\\Http\\Controllers\\Controller\" not found at /home/user/app/Http/Controllers/Api/V1/PaymentWebhookController.php:17)
[stacktrace]
#0 /home/user/vendor/composer/ClassLoader.php(576): include()
#1 /home/user/vendor/composer/ClassLoader.php(427): {closure:Composer\\Autoload\\ClassLoader::initializeIncludeClosure():575}()
#2 [internal function]: Composer\\Autoload\\ClassLoader->loadClass()
#3 /home/user/vendor/laravel/framework/src/Illuminate/Routing/Route.php(1117): is_a()
#4 /home/user/vendor/laravel/framework/src/Illuminate/Routing/Route.php(1054): Illuminate\\Routing\\Route->controllerMiddleware()
#5 /home/user/vendor/laravel/framework/src/Illuminate/Routing/Router.php(820): Illuminate\\Routing\\Route->gatherMiddleware()
#6 /home/user/vendor/laravel/framework/src/Illuminate/Routing/Router.php(802): Illuminate\\Routing\\Router->gatherRouteMiddleware()
#7 /home/user/vendor/laravel/framework/src/Illuminate/Routing/Router.php(786): Illuminate\\Routing\\Router->runRouteWithinStack()
#8 /home/user/vendor/laravel/framework/src/Illuminate/Routing/Router.php(750): Illuminate\\Routing\\Router->runRoute()
#9 /home/user/vendor/laravel/framework/src/Illuminate/Routing/Router.php(739): Illuminate\\Routing\\Router->dispatchToRoute()
#10 /home/user/vendor/laravel/framework/src/Illuminate/Foundation/Http/Kernel.php(201): Illuminate\\Routing\\Router->dispatch()
#11 /home/user/vendor/laravel/framework/src/Illuminate/Pipeline/Pipeline.php(170): Illuminate\\Foundation\\Http\\Kernel->{closure:Illuminate\\Foundation\\Http\\Kernel::dispatchToRouter():198}()
#12 /home/user/vendor/livewire/livewire/src/Features/SupportDisablingBackButtonCache/DisableBackButtonCacheMiddleware.php(19): Illuminate\\Pipeline\\Pipeline->{closure:Illuminate\\Pipeline\\Pipeline::prepareDestination():168}()
#13 /home/user/vendor/laravel/framework/src/Illuminate/Pipeline/Pipeline.php(209): Livewire\\Features\\SupportDisablingBackButtonCache\\DisableBackButtonCacheMiddleware->handle()
#14 /home/user/app/Http/Middleware/SecurityHeaders.php(13): Illuminate\\Pipeline\\Pipeline->{closure:{closure:Illuminate\\Pipeline\\Pipeline::carry():184}:185}()
#15 /home/user/vendor/laravel/framework/src/Illuminate/Pipeline/Pipeline.php(209): App\\Http\\Middleware\\SecurityHeaders->handle()
#16 /home/user/vendor/laravel/framework/src/Illuminate/Foundation/Http/Middleware/TransformsRequest.php(21): Illuminate\\Pipeline\\Pipeline->{closure:{closure:Illuminate\\Pipeline\\Pipeline::carry():184}:185}()
#17 /home/user/vendor/laravel/framework/src/Illuminate/Foundation/Http/Middleware/ConvertEmptyStringsToNull.php(31): Illuminate\\Foundation\\Http\\Middleware\\TransformsRequest->handle()
#18 /home/user/vendor/laravel/framework/src/Illuminate/Pipeline/Pipeline.php(209): Illuminate\\Foundation\\Http\\Middleware\\ConvertEmptyStringsToNull->handle()
#19 /home/user/vendor/laravel/framework/src/Illuminate/Foundation/Http/Middleware/TransformsRequest.php(21): Illuminate\\Pipeline\\Pipeline->{closure:{closure:Illuminate\\Pipeline\\Pipeline::carry():184}:185}()
#20 /home/user/vendor/laravel/framework/src/Illuminate/Foundation/Http/Middleware/TrimStrings.php(51): Illuminate\\Foundation\\Http\\Middleware\\TransformsRequest->handle()
#21 /home/user/vendor/laravel/framework/src/Illuminate/Pipeline/Pipeline.php(209): Illuminate\\Foundation\\Http\\Middleware\\TrimStrings->handle()
#22 /home/user/vendor/laravel/framework/src/Illuminate/Http/Middleware/ValidatePostSize.php(27): Illuminate\\Pipeline\\Pipeline->{closure:{closure:Illuminate\\Pipeline\\Pipeline::carry():184}:185}()
#23 /home/user/vendor/laravel/framework/src/Illuminate/Pipeline/Pipeline.php(209): Illuminate\\Http\\Middleware\\ValidatePostSize->handle()
#24 /home/user/vendor/laravel/framework/src/Illuminate/Foundation/Http/Middleware/PreventRequestsDuringMaintenance.php(110): Illuminate\\Pipeline\\Pipeline->{closure:{closure:Illuminate\\Pipeline\\Pipeline::carry():184}:185}()
#25 /home/user/vendor/laravel/framework/src/Illuminate/Pipeline/Pipeline.php(209): Illuminate\\Foundation\\Http\\Middleware\\PreventRequestsDuringMaintenance->handle()
#26 /home/user/vendor/laravel/framework/src/Illuminate/Http/Middleware/HandleCors.php(62): Illuminate\\Pipeline\\Pipeline->{closure:{closure:Illuminate\\Pipeline\\Pipeline::carry():184}:185}()
#27 /home/user/vendor/laravel/framework/src/Illuminate/Pipeline/Pipeline.php(209): Illuminate\\Http\\Middleware\\HandleCors->handle()
#28 /home/user/vendor/laravel/framework/src/Illuminate/Http/Middleware/TrustProxies.php(58): Illuminate\\Pipeline\\Pipeline->{closure:{closure:Illuminate\\Pipeline\\Pipeline::carry():184}:185}()
#29 /home/user/vendor/laravel/framework/src/Illuminate/Pipeline/Pipeline.php(209): Illuminate\\Http\\Middleware\\TrustProxies->handle()
#30 /home/user/vendor/laravel/framework/src/Illuminate/Foundation/Http/Middleware/InvokeDeferredCallbacks.php(22): Illuminate\\Pipeline\\Pipeline->{closure:{closure:Illuminate\\Pipeline\\Pipeline::carry():184}:185}()
#31 /home/user/vendor/laravel/framework/src/Illuminate/Pipeline/Pipeline.php(209): Illuminate\\Foundation\\Http\\Middleware\\InvokeDeferredCallbacks->handle()
#32 /home/user/vendor/laravel/framework/src/Illuminate/Pipeline/Pipeline.php(127): Illuminate\\Pipeline\\Pipeline->{closure:{closure:Illuminate\\Pipeline\\Pipeline::carry():184}:185}()
#33 /home/user/vendor/laravel/framework/src/Illuminate/Foundation/Http/Kernel.php(176): Illuminate\\Pipeline\\Pipeline->then()
#34 /home/user/vendor/laravel/framework/src/Illuminate/Foundation/Http/Kernel.php(145): Illuminate\\Foundation\\Http\\Kernel->sendRequestThroughRouter()
#35 /home/user/vendor/laravel/framework/src/Illuminate/Foundation/Testing/Concerns/MakesHttpRequests.php(607): Illuminate\\Foundation\\Http\\Kernel->handle()
#36 /home/user/tests/Feature/Payment/PaymentWebhookSignatureVerificationTest.php(41): Illuminate\\Foundation\\Testing\\TestCase->call()
#37 /home/user/vendor/phpunit/phpunit/src/Framework/TestCase.php(1667): Tests\\Feature\\Payment\\PaymentWebhookSignatureVerificationTest->stripe_webhook_signature_is_verified_using_timestamped_hmac()
#38 /home/user/vendor/phpunit/phpunit/src/Framework/TestCase.php(519): PHPUnit\\Framework\\TestCase->runTest()
#39 /home/user/vendor/phpunit/phpunit/src/Framework/TestRunner/TestRunner.php(87): PHPUnit\\Framework\\TestCase->runBare()
#40 /home/user/vendor/phpunit/phpunit/src/Framework/TestCase.php(365): PHPUnit\\Framework\\TestRunner->run()
#41 /home/user/vendor/phpunit/phpunit/src/Framework/TestSuite.php(369): PHPUnit\\Framework\\TestCase->run()
#42 /home/user/vendor/phpunit/phpunit/src/Framework/TestSuite.php(369): PHPUnit\\Framework\\TestSuite->run()
#43 /home/user/vendor/phpunit/phpunit/src/TextUI/TestRunner.php(64): PHPUnit\\Framework\\TestSuite->run()
#44 /home/user/vendor/phpunit/phpunit/src/TextUI/Application.php(211): PHPUnit\\TextUI\\TestRunner->run()
#45 /home/user/vendor/phpunit/phpunit/phpunit(104): PHPUnit\\TextUI\\Application->run()
#46 /home/user/vendor/bin/phpunit(122): include('...')
#47 {main}
","path":"api/v1/payments/webhook/stripe","method":"POST","user_id":null} 
[2026-09-03 21:28:22] testing.ERROR: Class "App\Http\Controllers\Controller" not found {"exception":"[object] (Error(code: 0): Class \"App\\Http\\Controllers\\Controller\" not found at /home/user/app/Http/Controllers/Api/V1/PaymentWebhookController.php:17)
[stacktrace]
#0 /home/user/vendor/composer/ClassLoader.php(576): include()
#1 /home/user/vendor/composer/ClassLoader.php(427): {closure:Composer\\Autoload\\ClassLoader::initializeIncludeClosure():575}()
#2 [internal function]: Composer\\Autoload\\ClassLoader->loadClass()
#3 /home/user/vendor/laravel/framework/src/Illuminate/Routing/Route.php(1117): is_a()
#4 /home/user/vendor/laravel/framework/src/Illuminate/Routing/Route.php(1054): Illuminate\\Routing\\Route->controllerMiddleware()
#5 /home/user/vendor/laravel/framework/src/Illuminate/Routing/Router.php(820): Illuminate\\Routing\\Route->gatherMiddleware()
#6 /home/user/vendor/laravel/framework/src/Illuminate/Routing/Router.php(802): Illuminate\\Routing\\Router->gatherRouteMiddleware()
#7 /home/user/vendor/laravel/framework/src/Illuminate/Routing/Router.php(786): Illuminate\\Routing\\Router->runRouteWithinStack()
#8 /home/user/vendor/laravel/framework/src/Illuminate/Routing/Router.php(750): Illuminate\\Routing\\Router->runRoute()
#9 /home/user/vendor/laravel/framework/src/Illuminate/Routing/Router.php(739): Illuminate\\Routing\\Router->dispatchToRoute()
#10 /home/user/vendor/laravel/framework/src/Illuminate/Foundation/Http/Kernel.php(201): Illuminate\\Routing\\Router->dispatch()
#11 /home/user/vendor/laravel/framework/src/Illuminate/Pipeline/Pipeline.php(170): Illuminate\\Foundation\\Http\\Kernel->{closure:Illuminate\\Foundation\\Http\\Kernel::dispatchToRouter():198}()
#12 /home/user/vendor/livewire/livewire/src/Features/SupportDisablingBackButtonCache/DisableBackButtonCacheMiddleware.php(19): Illuminate\\Pipeline\\Pipeline->{closure:Illuminate\\Pipeline\\Pipeline::prepareDestination():168}()
#13 /home/user/vendor/laravel/framework/src/Illuminate/Pipeline/Pipeline.php(209): Livewire\\Features\\SupportDisablingBackButtonCache\\DisableBackButtonCacheMiddleware->handle()
#14 /home/user/app/Http/Middleware/SecurityHeaders.php(13): Illuminate\\Pipeline\\Pipeline->{closure:{closure:Illuminate\\Pipeline\\Pipeline::carry():184}:185}()
#15 /home/user/vendor/laravel/framework/src/Illuminate/Pipeline/Pipeline.php(209): App\\Http\\Middleware\\SecurityHeaders->handle()
#16 /home/user/vendor/laravel/framework/src/Illuminate/Foundation/Http/Middleware/TransformsRequest.php(21): Illuminate\\Pipeline\\Pipeline->{closure:{closure:Illuminate\\Pipeline\\Pipeline::carry():184}:185}()
#17 /home/user/vendor/laravel/framework/src/Illuminate/Foundation/Http/Middleware/ConvertEmptyStringsToNull.php(31): Illuminate\\Foundation\\Http\\Middleware\\TransformsRequest->handle()
#18 /home/user/vendor/laravel/framework/src/Illuminate/Pipeline/Pipeline.php(209): Illuminate\\Foundation\\Http\\Middleware\\ConvertEmptyStringsToNull->handle()
#19 /home/user/vendor/laravel/framework/src/Illuminate/Foundation/Http/Middleware/TransformsRequest.php(21): Illuminate\\Pipeline\\Pipeline->{closure:{closure:Illuminate\\Pipeline\\Pipeline::carry():184}:185}()
#20 /home/user/vendor/laravel/framework/src/Illuminate/Foundation/Http/Middleware/TrimStrings.php(51): Illuminate\\Foundation\\Http\\Middleware\\TransformsRequest->handle()
#21 /home/user/vendor/laravel/framework/src/Illuminate/Pipeline/Pipeline.php(209): Illuminate\\Foundation\\Http\\Middleware\\TrimStrings->handle()
#22 /home/user/vendor/laravel/framework/src/Illuminate/Http/Middleware/ValidatePostSize.php(27): Illuminate\\Pipeline\\Pipeline->{closure:{closure:Illuminate\\Pipeline\\Pipeline::carry():184}:185}()
#23 /home/user/vendor/laravel/framework/src/Illuminate/Pipeline/Pipeline.php(209): Illuminate\\Http\\Middleware\\ValidatePostSize->handle()
#24 /home/user/vendor/laravel/framework/src/Illuminate/Foundation/Http/Middleware/PreventRequestsDuringMaintenance.php(110): Illuminate\\Pipeline\\Pipeline->{closure:{closure:Illuminate\\Pipeline\\Pipeline::carry():184}:185}()
#25 /home/user/vendor/laravel/framework/src/Illuminate/Pipeline/Pipeline.php(209): Illuminate\\Foundation\\Http\\Middleware\\PreventRequestsDuringMaintenance->handle()
#26 /home/user/vendor/laravel/framework/src/Illuminate/Http/Middleware/HandleCors.php(62): Illuminate\\Pipeline\\Pipeline->{closure:{closure:Illuminate\\Pipeline\\Pipeline::carry():184}:185}()
#27 /home/user/vendor/laravel/framework/src/Illuminate/Pipeline/Pipeline.php(209): Illuminate\\Http\\Middleware\\HandleCors->handle()
#28 /home/user/vendor/laravel/framework/src/Illuminate/Http/Middleware/TrustProxies.php(58): Illuminate\\Pipeline\\Pipeline->{closure:{closure:Illuminate\\Pipeline\\Pipeline::carry():184}:185}()
#29 /home/user/vendor/laravel/framework/src/Illuminate/Pipeline/Pipeline.php(209): Illuminate\\Http\\Middleware\\TrustProxies->handle()
#30 /home/user/vendor/laravel/framework/src/Illuminate/Foundation/Http/Middleware/InvokeDeferredCallbacks.php(22): Illuminate\\Pipeline\\Pipeline->{closure:{closure:Illuminate\\Pipeline\\Pipeline::carry():184}:185}()
#31 /home/user/vendor/laravel/framework/src/Illuminate/Pipeline/Pipeline.php(209): Illuminate\\Foundation\\Http\\Middleware\\InvokeDeferredCallbacks->handle()
#32 /home/user/vendor/laravel/framework/src/Illuminate/Pipeline/Pipeline.php(127): Illuminate\\Pipeline\\Pipeline->{closure:{closure:Illuminate\\Pipeline\\Pipeline::carry():184}:185}()
#33 /home/user/vendor/laravel/framework/src/Illuminate/Foundation/Http/Kernel.php(176): Illuminate\\Pipeline\\Pipeline->then()
#34 /home/user/vendor/laravel/framework/src/Illuminate/Foundation/Http/Kernel.php(145): Illuminate\\Foundation\\Http\\Kernel->sendRequestThroughRouter()
#35 /home/user/vendor/laravel/framework/src/Illuminate/Foundation/Testing/Concerns/MakesHttpRequests.php(607): Illuminate\\Foundation\\Http\\Kernel->handle()
#36 /home/user/tests/Feature/Payment/PaymentWebhookSignatureVerificationTest.php(68): Illuminate\\Foundation\\Testing\\TestCase->call()
#37 /home/user/vendor/phpunit/phpunit/src/Framework/TestCase.php(1667): Tests\\Feature\\Payment\\PaymentWebhookSignatureVerificationTest->bkash_webhook_signature_is_verified_correctly()
#38 /home/user/vendor/phpunit/phpunit/src/Framework/TestCase.php(519): PHPUnit\\Framework\\TestCase->runTest()
#39 /home/user/vendor/phpunit/phpunit/src/Framework/TestRunner/TestRunner.php(87): PHPUnit\\Framework\\TestCase->runBare()
#40 /home/user/vendor/phpunit/phpunit/src/Framework/TestCase.php(365): PHPUnit\\Framework\\TestRunner->run()
#41 /home/user/vendor/phpunit/phpunit/src/Framework/TestSuite.php(369): PHPUnit\\Framework\\TestCase->run()
#42 /home/user/vendor/phpunit/phpunit/src/Framework/TestSuite.php(369): PHPUnit\\Framework\\TestSuite->run()
#43 /home/user/vendor/phpunit/phpunit/src/TextUI/TestRunner.php(64): PHPUnit\\Framework\\TestSuite->run()
#44 /home/user/vendor/phpunit/phpunit/src/TextUI/Application.php(211): PHPUnit\\TextUI\\TestRunner->run()
#45 /home/user/vendor/phpunit/phpunit/phpunit(104): PHPUnit\\TextUI\\Application->run()
#46 /home/user/vendor/bin/phpunit(122): include('...')
#47 {main}
"} 
[2026-09-03 21:28:22] testing.ERROR: api.unhandled_exception {"exception":"[object] (Error(code: 0): Class \"App\\Http\\Controllers\\Controller\" not found at /home/user/app/Http/Controllers/Api/V1/PaymentWebhookController.php:17)
[stacktrace]
#0 /home/user/vendor/composer/ClassLoader.php(576): include()
#1 /home/user/vendor/composer/ClassLoader.php(427): {closure:Composer\\Autoload\\ClassLoader::initializeIncludeClosure():575}()
#2 [internal function]: Composer\\Autoload\\ClassLoader->loadClass()
#3 /home/user/vendor/laravel/framework/src/Illuminate/Routing/Route.php(1117): is_a()
#4 /home/user/vendor/laravel/framework/src/Illuminate/Routing/Route.php(1054): Illuminate\\Routing\\Route->controllerMiddleware()
#5 /home/user/vendor/laravel/framework/src/Illuminate/Routing/Router.php(820): Illuminate\\Routing\\Route->gatherMiddleware()
#6 /home/user/vendor/laravel/framework/src/Illuminate/Routing/Router.php(802): Illuminate\\Routing\\Router->gatherRouteMiddleware()
#7 /home/user/vendor/laravel/framework/src/Illuminate/Routing/Router.php(786): Illuminate\\Routing\\Router->runRouteWithinStack()
#8 /home/user/vendor/laravel/framework/src/Illuminate/Routing/Router.php(750): Illuminate\\Routing\\Router->runRoute()
#9 /home/user/vendor/laravel/framework/src/Illuminate/Routing/Router.php(739): Illuminate\\Routing\\Router->dispatchToRoute()
#10 /home/user/vendor/laravel/framework/src/Illuminate/Foundation/Http/Kernel.php(201): Illuminate\\Routing\\Router->dispatch()
#11 /home/user/vendor/laravel/framework/src/Illuminate/Pipeline/Pipeline.php(170): Illuminate\\Foundation\\Http\\Kernel->{closure:Illuminate\\Foundation\\Http\\Kernel::dispatchToRouter():198}()
#12 /home/user/vendor/livewire/livewire/src/Features/SupportDisablingBackButtonCache/DisableBackButtonCacheMiddleware.php(19): Illuminate\\Pipeline\\Pipeline->{closure:Illuminate\\Pipeline\\Pipeline::prepareDestination():168}()
#13 /home/user/vendor/laravel/framework/src/Illuminate/Pipeline/Pipeline.php(209): Livewire\\Features\\SupportDisablingBackButtonCache\\DisableBackButtonCacheMiddleware->handle()
#14 /home/user/app/Http/Middleware/SecurityHeaders.php(13): Illuminate\\Pipeline\\Pipeline->{closure:{closure:Illuminate\\Pipeline\\Pipeline::carry():184}:185}()
#15 /home/user/vendor/laravel/framework/src/Illuminate/Pipeline/Pipeline.php(209): App\\Http\\Middleware\\SecurityHeaders->handle()
#16 /home/user/vendor/laravel/framework/src/Illuminate/Foundation/Http/Middleware/TransformsRequest.php(21): Illuminate\\Pipeline\\Pipeline->{closure:{closure:Illuminate\\Pipeline\\Pipeline::carry():184}:185}()
#17 /home/user/vendor/laravel/framework/src/Illuminate/Foundation/Http/Middleware/ConvertEmptyStringsToNull.php(31): Illuminate\\Foundation\\Http\\Middleware\\TransformsRequest->handle()
#18 /home/user/vendor/laravel/framework/src/Illuminate/Pipeline/Pipeline.php(209): Illuminate\\Foundation\\Http\\Middleware\\ConvertEmptyStringsToNull->handle()
#19 /home/user/vendor/laravel/framework/src/Illuminate/Foundation/Http/Middleware/TransformsRequest.php(21): Illuminate\\Pipeline\\Pipeline->{closure:{closure:Illuminate\\Pipeline\\Pipeline::carry():184}:185}()
#20 /home/user/vendor/laravel/framework/src/Illuminate/Foundation/Http/Middleware/TrimStrings.php(51): Illuminate\\Foundation\\Http\\Middleware\\TransformsRequest->handle()
#21 /home/user/vendor/laravel/framework/src/Illuminate/Pipeline/Pipeline.php(209): Illuminate\\Foundation\\Http\\Middleware\\TrimStrings->handle()
#22 /home/user/vendor/laravel/framework/src/Illuminate/Http/Middleware/ValidatePostSize.php(27): Illuminate\\Pipeline\\Pipeline->{closure:{closure:Illuminate\\Pipeline\\Pipeline::carry():184}:185}()
#23 /home/user/vendor/laravel/framework/src/Illuminate/Pipeline/Pipeline.php(209): Illuminate\\Http\\Middleware\\ValidatePostSize->handle()
#24 /home/user/vendor/laravel/framework/src/Illuminate/Foundation/Http/Middleware/PreventRequestsDuringMaintenance.php(110): Illuminate\\Pipeline\\Pipeline->{closure:{closure:Illuminate\\Pipeline\\Pipeline::carry():184}:185}()
#25 /home/user/vendor/laravel/framework/src/Illuminate/Pipeline/Pipeline.php(209): Illuminate\\Foundation\\Http\\Middleware\\PreventRequestsDuringMaintenance->handle()
#26 /home/user/vendor/laravel/framework/src/Illuminate/Http/Middleware/HandleCors.php(62): Illuminate\\Pipeline\\Pipeline->{closure:{closure:Illuminate\\Pipeline\\Pipeline::carry():184}:185}()
#27 /home/user/vendor/laravel/framework/src/Illuminate/Pipeline/Pipeline.php(209): Illuminate\\Http\\Middleware\\HandleCors->handle()
#28 /home/user/vendor/laravel/framework/src/Illuminate/Http/Middleware/TrustProxies.php(58): Illuminate\\Pipeline\\Pipeline->{closure:{closure:Illuminate\\Pipeline\\Pipeline::carry():184}:185}()
#29 /home/user/vendor/laravel/framework/src/Illuminate/Pipeline/Pipeline.php(209): Illuminate\\Http\\Middleware\\TrustProxies->handle()
#30 /home/user/vendor/laravel/framework/src/Illuminate/Foundation/Http/Middleware/InvokeDeferredCallbacks.php(22): Illuminate\\Pipeline\\Pipeline->{closure:{closure:Illuminate\\Pipeline\\Pipeline::carry():184}:185}()
#31 /home/user/vendor/laravel/framework/src/Illuminate/Pipeline/Pipeline.php(209): Illuminate\\Foundation\\Http\\Middleware\\InvokeDeferredCallbacks->handle()
#32 /home/user/vendor/laravel/framework/src/Illuminate/Pipeline/Pipeline.php(127): Illuminate\\Pipeline\\Pipeline->{closure:{closure:Illuminate\\Pipeline\\Pipeline::carry():184}:185}()
#33 /home/user/vendor/laravel/framework/src/Illuminate/Foundation/Http/Kernel.php(176): Illuminate\\Pipeline\\Pipeline->then()
#34 /home/user/vendor/laravel/framework/src/Illuminate/Foundation/Http/Kernel.php(145): Illuminate\\Foundation\\Http\\Kernel->sendRequestThroughRouter()
#35 /home/user/vendor/laravel/framework/src/Illuminate/Foundation/Testing/Concerns/MakesHttpRequests.php(607): Illuminate\\Foundation\\Http\\Kernel->handle()
#36 /home/user/tests/Feature/Payment/PaymentWebhookSignatureVerificationTest.php(68): Illuminate\\Foundation\\Testing\\TestCase->call()
#37 /home/user/vendor/phpunit/phpunit/src/Framework/TestCase.php(1667): Tests\\Feature\\Payment\\PaymentWebhookSignatureVerificationTest->bkash_webhook_signature_is_verified_correctly()
#38 /home/user/vendor/phpunit/phpunit/src/Framework/TestCase.php(519): PHPUnit\\Framework\\TestCase->runTest()
#39 /home/user/vendor/phpunit/phpunit/src/Framework/TestRunner/TestRunner.php(87): PHPUnit\\Framework\\TestCase->runBare()
#40 /home/user/vendor/phpunit/phpunit/src/Framework/TestCase.php(365): PHPUnit\\Framework\\TestRunner->run()
#41 /home/user/vendor/phpunit/phpunit/src/Framework/TestSuite.php(369): PHPUnit\\Framework\\TestCase->run()
#42 /home/user/vendor/phpunit/phpunit/src/Framework/TestSuite.php(369): PHPUnit\\Framework\\TestSuite->run()
#43 /home/user/vendor/phpunit/phpunit/src/TextUI/TestRunner.php(64): PHPUnit\\Framework\\TestSuite->run()
#44 /home/user/vendor/phpunit/phpunit/src/TextUI/Application.php(211): PHPUnit\\TextUI\\TestRunner->run()
#45 /home/user/vendor/phpunit/phpunit/phpunit(104): PHPUnit\\TextUI\\Application->run()
#46 /home/user/vendor/bin/phpunit(122): include('...')
#47 {main}
","path":"api/v1/payments/webhook/bkash","method":"POST","user_id":null} 
[2026-09-03 21:28:22] testing.ERROR: Class "App\Http\Controllers\Controller" not found {"exception":"[object] (Error(code: 0): Class \"App\\Http\\Controllers\\Controller\" not found at /home/user/app/Http/Controllers/Api/V1/PaymentWebhookController.php:17)
[stacktrace]
#0 /home/user/vendor/composer/ClassLoader.php(576): include()
#1 /home/user/vendor/composer/ClassLoader.php(427): {closure:Composer\\Autoload\\ClassLoader::initializeIncludeClosure():575}()
#2 [internal function]: Composer\\Autoload\\ClassLoader->loadClass()
#3 /home/user/vendor/laravel/framework/src/Illuminate/Routing/Route.php(1117): is_a()
#4 /home/user/vendor/laravel/framework/src/Illuminate/Routing/Route.php(1054): Illuminate\\Routing\\Route->controllerMiddleware()
#5 /home/user/vendor/laravel/framework/src/Illuminate/Routing/Router.php(820): Illuminate\\Routing\\Route->gatherMiddleware()
#6 /home/user/vendor/laravel/framework/src/Illuminate/Routing/Router.php(802): Illuminate\\Routing\\Router->gatherRouteMiddleware()
#7 /home/user/vendor/laravel/framework/src/Illuminate/Routing/Router.php(786): Illuminate\\Routing\\Router->runRouteWithinStack()
#8 /home/user/vendor/laravel/framework/src/Illuminate/Routing/Router.php(750): Illuminate\\Routing\\Router->runRoute()
#9 /home/user/vendor/laravel/framework/src/Illuminate/Routing/Router.php(739): Illuminate\\Routing\\Router->dispatchToRoute()
#10 /home/user/vendor/laravel/framework/src/Illuminate/Foundation/Http/Kernel.php(201): Illuminate\\Routing\\Router->dispatch()
#11 /home/user/vendor/laravel/framework/src/Illuminate/Pipeline/Pipeline.php(170): Illuminate\\Foundation\\Http\\Kernel->{closure:Illuminate\\Foundation\\Http\\Kernel::dispatchToRouter():198}()
#12 /home/user/vendor/livewire/livewire/src/Features/SupportDisablingBackButtonCache/DisableBackButtonCacheMiddleware.php(19): Illuminate\\Pipeline\\Pipeline->{closure:Illuminate\\Pipeline\\Pipeline::prepareDestination():168}()
#13 /home/user/vendor/laravel/framework/src/Illuminate/Pipeline/Pipeline.php(209): Livewire\\Features\\SupportDisablingBackButtonCache\\DisableBackButtonCacheMiddleware->handle()
#14 /home/user/app/Http/Middleware/SecurityHeaders.php(13): Illuminate\\Pipeline\\Pipeline->{closure:{closure:Illuminate\\Pipeline\\Pipeline::carry():184}:185}()
#15 /home/user/vendor/laravel/framework/src/Illuminate/Pipeline/Pipeline.php(209): App\\Http\\Middleware\\SecurityHeaders->handle()
#16 /home/user/vendor/laravel/framework/src/Illuminate/Foundation/Http/Middleware/TransformsRequest.php(21): Illuminate\\Pipeline\\Pipeline->{closure:{closure:Illuminate\\Pipeline\\Pipeline::carry():184}:185}()
#17 /home/user/vendor/laravel/framework/src/Illuminate/Foundation/Http/Middleware/ConvertEmptyStringsToNull.php(31): Illuminate\\Foundation\\Http\\Middleware\\TransformsRequest->handle()
#18 /home/user/vendor/laravel/framework/src/Illuminate/Pipeline/Pipeline.php(209): Illuminate\\Foundation\\Http\\Middleware\\ConvertEmptyStringsToNull->handle()
#19 /home/user/vendor/laravel/framework/src/Illuminate/Foundation/Http/Middleware/TransformsRequest.php(21): Illuminate\\Pipeline\\Pipeline->{closure:{closure:Illuminate\\Pipeline\\Pipeline::carry():184}:185}()
#20 /home/user/vendor/laravel/framework/src/Illuminate/Foundation/Http/Middleware/TrimStrings.php(51): Illuminate\\Foundation\\Http\\Middleware\\TransformsRequest->handle()
#21 /home/user/vendor/laravel/framework/src/Illuminate/Pipeline/Pipeline.php(209): Illuminate\\Foundation\\Http\\Middleware\\TrimStrings->handle()
#22 /home/user/vendor/laravel/framework/src/Illuminate/Http/Middleware/ValidatePostSize.php(27): Illuminate\\Pipeline\\Pipeline->{closure:{closure:Illuminate\\Pipeline\\Pipeline::carry():184}:185}()
#23 /home/user/vendor/laravel/framework/src/Illuminate/Pipeline/Pipeline.php(209): Illuminate\\Http\\Middleware\\ValidatePostSize->handle()
#24 /home/user/vendor/laravel/framework/src/Illuminate/Foundation/Http/Middleware/PreventRequestsDuringMaintenance.php(110): Illuminate\\Pipeline\\Pipeline->{closure:{closure:Illuminate\\Pipeline\\Pipeline::carry():184}:185}()
#25 /home/user/vendor/laravel/framework/src/Illuminate/Pipeline/Pipeline.php(209): Illuminate\\Foundation\\Http\\Middleware\\PreventRequestsDuringMaintenance->handle()
#26 /home/user/vendor/laravel/framework/src/Illuminate/Http/Middleware/HandleCors.php(62): Illuminate\\Pipeline\\Pipeline->{closure:{closure:Illuminate\\Pipeline\\Pipeline::carry():184}:185}()
#27 /home/user/vendor/laravel/framework/src/Illuminate/Pipeline/Pipeline.php(209): Illuminate\\Http\\Middleware\\HandleCors->handle()
#28 /home/user/vendor/laravel/framework/src/Illuminate/Http/Middleware/TrustProxies.php(58): Illuminate\\Pipeline\\Pipeline->{closure:{closure:Illuminate\\Pipeline\\Pipeline::carry():184}:185}()
#29 /home/user/vendor/laravel/framework/src/Illuminate/Pipeline/Pipeline.php(209): Illuminate\\Http\\Middleware\\TrustProxies->handle()
#30 /home/user/vendor/laravel/framework/src/Illuminate/Foundation/Http/Middleware/InvokeDeferredCallbacks.php(22): Illuminate\\Pipeline\\Pipeline->{closure:{closure:Illuminate\\Pipeline\\Pipeline::carry():184}:185}()
#31 /home/user/vendor/laravel/framework/src/Illuminate/Pipeline/Pipeline.php(209): Illuminate\\Foundation\\Http\\Middleware\\InvokeDeferredCallbacks->handle()
#32 /home/user/vendor/laravel/framework/src/Illuminate/Pipeline/Pipeline.php(127): Illuminate\\Pipeline\\Pipeline->{closure:{closure:Illuminate\\Pipeline\\Pipeline::carry():184}:185}()
#33 /home/user/vendor/laravel/framework/src/Illuminate/Foundation/Http/Kernel.php(176): Illuminate\\Pipeline\\Pipeline->then()
#34 /home/user/vendor/laravel/framework/src/Illuminate/Foundation/Http/Kernel.php(145): Illuminate\\Foundation\\Http\\Kernel->sendRequestThroughRouter()
#35 /home/user/vendor/laravel/framework/src/Illuminate/Foundation/Testing/Concerns/MakesHttpRequests.php(607): Illuminate\\Foundation\\Http\\Kernel->handle()
#36 /home/user/tests/Feature/Payment/PaymentWebhookSignatureVerificationTest.php(95): Illuminate\\Foundation\\Testing\\TestCase->call()
#37 /home/user/vendor/phpunit/phpunit/src/Framework/TestCase.php(1667): Tests\\Feature\\Payment\\PaymentWebhookSignatureVerificationTest->crypto_webhook_signature_is_verified_correctly()
#38 /home/user/vendor/phpunit/phpunit/src/Framework/TestCase.php(519): PHPUnit\\Framework\\TestCase->runTest()
#39 /home/user/vendor/phpunit/phpunit/src/Framework/TestRunner/TestRunner.php(87): PHPUnit\\Framework\\TestCase->runBare()
#40 /home/user/vendor/phpunit/phpunit/src/Framework/TestCase.php(365): PHPUnit\\Framework\\TestRunner->run()
#41 /home/user/vendor/phpunit/phpunit/src/Framework/TestSuite.php(369): PHPUnit\\Framework\\TestCase->run()
#42 /home/user/vendor/phpunit/phpunit/src/Framework/TestSuite.php(369): PHPUnit\\Framework\\TestSuite->run()
#43 /home/user/vendor/phpunit/phpunit/src/TextUI/TestRunner.php(64): PHPUnit\\Framework\\TestSuite->run()
#44 /home/user/vendor/phpunit/phpunit/src/TextUI/Application.php(211): PHPUnit\\TextUI\\TestRunner->run()
#45 /home/user/vendor/phpunit/phpunit/phpunit(104): PHPUnit\\TextUI\\Application->run()
#46 /home/user/vendor/bin/phpunit(122): include('...')
#47 {main}
"} 
[2026-09-03 21:28:22] testing.ERROR: api.unhandled_exception {"exception":"[object] (Error(code: 0): Class \"App\\Http\\Controllers\\Controller\" not found at /home/user/app/Http/Controllers/Api/V1/PaymentWebhookController.php:17)
[stacktrace]
#0 /home/user/vendor/composer/ClassLoader.php(576): include()
#1 /home/user/vendor/composer/ClassLoader.php(427): {closure:Composer\\Autoload\\ClassLoader::initializeIncludeClosure():575}()
#2 [internal function]: Composer\\Autoload\\ClassLoader->loadClass()
#3 /home/user/vendor/laravel/framework/src/Illuminate/Routing/Route.php(1117): is_a()
#4 /home/user/vendor/laravel/framework/src/Illuminate/Routing/Route.php(1054): Illuminate\\Routing\\Route->controllerMiddleware()
#5 /home/user/vendor/laravel/framework/src/Illuminate/Routing/Router.php(820): Illuminate\\Routing\\Route->gatherMiddleware()
#6 /home/user/vendor/laravel/framework/src/Illuminate/Routing/Router.php(802): Illuminate\\Routing\\Router->gatherRouteMiddleware()
#7 /home/user/vendor/laravel/framework/src/Illuminate/Routing/Router.php(786): Illuminate\\Routing\\Router->runRouteWithinStack()
#8 /home/user/vendor/laravel/framework/src/Illuminate/Routing/Router.php(750): Illuminate\\Routing\\Router->runRoute()
#9 /home/user/vendor/laravel/framework/src/Illuminate/Routing/Router.php(739): Illuminate\\Routing\\Router->dispatchToRoute()
#10 /home/user/vendor/laravel/framework/src/Illuminate/Foundation/Http/Kernel.php(201): Illuminate\\Routing\\Router->dispatch()
#11 /home/user/vendor/laravel/framework/src/Illuminate/Pipeline/Pipeline.php(170): Illuminate\\Foundation\\Http\\Kernel->{closure:Illuminate\\Foundation\\Http\\Kernel::dispatchToRouter():198}()
#12 /home/user/vendor/livewire/livewire/src/Features/SupportDisablingBackButtonCache/DisableBackButtonCacheMiddleware.php(19): Illuminate\\Pipeline\\Pipeline->{closure:Illuminate\\Pipeline\\Pipeline::prepareDestination():168}()
#13 /home/user/vendor/laravel/framework/src/Illuminate/Pipeline/Pipeline.php(209): Livewire\\Features\\SupportDisablingBackButtonCache\\DisableBackButtonCacheMiddleware->handle()
#14 /home/user/app/Http/Middleware/SecurityHeaders.php(13): Illuminate\\Pipeline\\Pipeline->{closure:{closure:Illuminate\\Pipeline\\Pipeline::carry():184}:185}()
#15 /home/user/vendor/laravel/framework/src/Illuminate/Pipeline/Pipeline.php(209): App\\Http\\Middleware\\SecurityHeaders->handle()
#16 /home/user/vendor/laravel/framework/src/Illuminate/Foundation/Http/Middleware/TransformsRequest.php(21): Illuminate\\Pipeline\\Pipeline->{closure:{closure:Illuminate\\Pipeline\\Pipeline::carry():184}:185}()
#17 /home/user/vendor/laravel/framework/src/Illuminate/Foundation/Http/Middleware/ConvertEmptyStringsToNull.php(31): Illuminate\\Foundation\\Http\\Middleware\\TransformsRequest->handle()
#18 /home/user/vendor/laravel/framework/src/Illuminate/Pipeline/Pipeline.php(209): Illuminate\\Foundation\\Http\\Middleware\\ConvertEmptyStringsToNull->handle()
#19 /home/user/vendor/laravel/framework/src/Illuminate/Foundation/Http/Middleware/TransformsRequest.php(21): Illuminate\\Pipeline\\Pipeline->{closure:{closure:Illuminate\\Pipeline\\Pipeline::carry():184}:185}()
#20 /home/user/vendor/laravel/framework/src/Illuminate/Foundation/Http/Middleware/TrimStrings.php(51): Illuminate\\Foundation\\Http\\Middleware\\TransformsRequest->handle()
#21 /home/user/vendor/laravel/framework/src/Illuminate/Pipeline/Pipeline.php(209): Illuminate\\Foundation\\Http\\Middleware\\TrimStrings->handle()
#22 /home/user/vendor/laravel/framework/src/Illuminate/Http/Middleware/ValidatePostSize.php(27): Illuminate\\Pipeline\\Pipeline->{closure:{closure:Illuminate\\Pipeline\\Pipeline::carry():184}:185}()
#23 /home/user/vendor/laravel/framework/src/Illuminate/Pipeline/Pipeline.php(209): Illuminate\\Http\\Middleware\\ValidatePostSize->handle()
#24 /home/user/vendor/laravel/framework/src/Illuminate/Foundation/Http/Middleware/PreventRequestsDuringMaintenance.php(110): Illuminate\\Pipeline\\Pipeline->{closure:{closure:Illuminate\\Pipeline\\Pipeline::carry():184}:185}()
#25 /home/user/vendor/laravel/framework/src/Illuminate/Pipeline/Pipeline.php(209): Illuminate\\Foundation\\Http\\Middleware\\PreventRequestsDuringMaintenance->handle()
#26 /home/user/vendor/laravel/framework/src/Illuminate/Http/Middleware/HandleCors.php(62): Illuminate\\Pipeline\\Pipeline->{closure:{closure:Illuminate\\Pipeline\\Pipeline::carry():184}:185}()
#27 /home/user/vendor/laravel/framework/src/Illuminate/Pipeline/Pipeline.php(209): Illuminate\\Http\\Middleware\\HandleCors->handle()
#28 /home/user/vendor/laravel/framework/src/Illuminate/Http/Middleware/TrustProxies.php(58): Illuminate\\Pipeline\\Pipeline->{closure:{closure:Illuminate\\Pipeline\\Pipeline::carry():184}:185}()
#29 /home/user/vendor/laravel/framework/src/Illuminate/Pipeline/Pipeline.php(209): Illuminate\\Http\\Middleware\\TrustProxies->handle()
#30 /home/user/vendor/laravel/framework/src/Illuminate/Foundation/Http/Middleware/InvokeDeferredCallbacks.php(22): Illuminate\\Pipeline\\Pipeline->{closure:{closure:Illuminate\\Pipeline\\Pipeline::carry():184}:185}()
#31 /home/user/vendor/laravel/framework/src/Illuminate/Pipeline/Pipeline.php(209): Illuminate\\Foundation\\Http\\Middleware\\InvokeDeferredCallbacks->handle()
#32 /home/user/vendor/laravel/framework/src/Illuminate/Pipeline/Pipeline.php(127): Illuminate\\Pipeline\\Pipeline->{closure:{closure:Illuminate\\Pipeline\\Pipeline::carry():184}:185}()
#33 /home/user/vendor/laravel/framework/src/Illuminate/Foundation/Http/Kernel.php(176): Illuminate\\Pipeline\\Pipeline->then()
#34 /home/user/vendor/laravel/framework/src/Illuminate/Foundation/Http/Kernel.php(145): Illuminate\\Foundation\\Http\\Kernel->sendRequestThroughRouter()
#35 /home/user/vendor/laravel/framework/src/Illuminate/Foundation/Testing/Concerns/MakesHttpRequests.php(607): Illuminate\\Foundation\\Http\\Kernel->handle()
#36 /home/user/tests/Feature/Payment/PaymentWebhookSignatureVerificationTest.php(95): Illuminate\\Foundation\\Testing\\TestCase->call()
#37 /home/user/vendor/phpunit/phpunit/src/Framework/TestCase.php(1667): Tests\\Feature\\Payment\\PaymentWebhookSignatureVerificationTest->crypto_webhook_signature_is_verified_correctly()
#38 /home/user/vendor/phpunit/phpunit/src/Framework/TestCase.php(519): PHPUnit\\Framework\\TestCase->runTest()
#39 /home/user/vendor/phpunit/phpunit/src/Framework/TestRunner/TestRunner.php(87): PHPUnit\\Framework\\TestCase->runBare()
#40 /home/user/vendor/phpunit/phpunit/src/Framework/TestCase.php(365): PHPUnit\\Framework\\TestRunner->run()
#41 /home/user/vendor/phpunit/phpunit/src/Framework/TestSuite.php(369): PHPUnit\\Framework\\TestCase->run()
#42 /home/user/vendor/phpunit/phpunit/src/Framework/TestSuite.php(369): PHPUnit\\Framework\\TestSuite->run()
#43 /home/user/vendor/phpunit/phpunit/src/TextUI/TestRunner.php(64): PHPUnit\\Framework\\TestSuite->run()
#44 /home/user/vendor/phpunit/phpunit/src/TextUI/Application.php(211): PHPUnit\\TextUI\\TestRunner->run()
#45 /home/user/vendor/phpunit/phpunit/phpunit(104): PHPUnit\\TextUI\\Application->run()
#46 /home/user/vendor/bin/phpunit(122): include('...')
#47 {main}
","path":"api/v1/payments/webhook/crypto","method":"POST","user_id":null} 
[2026-09-03 21:28:22] testing.INFO: Payment webhook event already processed (replay cache hit) {"gateway":"stripe","event_id":"evt_unique_test_replay_999"} 
[2026-09-03 21:28:56] testing.INFO: Payment webhook event already processed (replay cache hit) {"gateway":"stripe","event_id":"evt_stripe_concurrency_666"} 
[2026-09-03 21:28:56] testing.INFO: Payment webhook event already processed (replay cache hit) {"gateway":"stripe","event_id":"evt_stripe_concurrency_666"} 
[2026-09-03 21:28:56] testing.INFO: Payment webhook event already processed (replay cache hit) {"gateway":"stripe","event_id":"evt_stripe_concurrency_666"} 
[2026-09-03 21:28:56] testing.INFO: Payment webhook event already processed (replay cache hit) {"gateway":"stripe","event_id":"evt_stripe_concurrency_666"} 
[2026-09-03 21:28:56] testing.WARNING: Payment webhook signature verification failed {"gateway":"stripe","ip":"127.0.0.1"} 
[2026-09-03 21:28:56] testing.WARNING: Payment webhook signature verification failed {"gateway":"bkash","ip":"127.0.0.1"} 
[2026-09-03 21:28:56] testing.WARNING: Payment webhook signature verification failed {"gateway":"stripe","ip":"127.0.0.1"} 
[2026-09-03 21:28:56] testing.WARNING: Payment webhook signature verification failed {"gateway":"stripe","ip":"127.0.0.1"} 
[2026-09-03 21:28:56] testing.WARNING: Payment webhook signature verification failed {"gateway":"bkash","ip":"127.0.0.1"} 
[2026-09-03 21:28:56] testing.WARNING: Payment webhook signature verification failed {"gateway":"crypto","ip":"127.0.0.1"} 
[2026-09-03 21:28:57] testing.INFO: Payment webhook event already processed (replay cache hit) {"gateway":"stripe","event_id":"evt_unique_test_replay_999"} 
[2026-09-03 21:29:15] local.WARNING: Stripe webhook rejected: webhook_secret is missing in config.  
[2026-09-03 21:29:15] local.WARNING: Payment webhook signature verification failed {"gateway":"stripe","ip":"127.0.0.1"} 
[2026-09-03 21:29:19] local.WARNING: Stripe webhook rejected: webhook_secret is missing in config.  
[2026-09-03 21:29:19] local.WARNING: Payment webhook signature verification failed {"gateway":"stripe","ip":"127.0.0.1"} 
[2026-09-03 21:29:27] testing.WARNING: Payment webhook signature verification failed {"gateway":"stripe","ip":"127.0.0.1"} 
[2026-09-03 21:29:27] testing.WARNING: Payment webhook signature verification failed {"gateway":"bkash","ip":"127.0.0.1"} 
[2026-09-03 21:29:27] testing.WARNING: Payment webhook signature verification failed {"gateway":"crypto","ip":"127.0.0.1"} 
[2026-09-03 21:29:46] local.ERROR: Uncaught PDOException: could not find driver in /home/user/vendor/laravel/framework/src/Illuminate/Database/Connectors/Connector.php:67
Stack trace:
#0 /home/user/vendor/laravel/framework/src/Illuminate/Database/Connectors/Connector.php(67): PDO::connect()
#1 /home/user/vendor/laravel/framework/src/Illuminate/Database/Connectors/Connector.php(44): Illuminate\Database\Connectors\Connector->createPdoConnection()
#2 /home/user/vendor/laravel/framework/src/Illuminate/Database/Connectors/MySqlConnector.php(24): Illuminate\Database\Connectors\Connector->createConnection()
#3 /home/user/vendor/laravel/framework/src/Illuminate/Database/Connectors/ConnectionFactory.php(185): Illuminate\Database\Connectors\MySqlConnector->connect()
#4 [internal function]: Illuminate\Database\Connectors\ConnectionFactory->{closure:Illuminate\Database\Connectors\ConnectionFactory::createPdoResolverWithHosts():180}()
#5 /home/user/vendor/laravel/framework/src/Illuminate/Database/Connection.php(1231): call_user_func()
#6 /home/user/vendor/laravel/framework/src/Illuminate/Database/Connection.php(1267): Illuminate\Database\Connection->getPdo()
#7 /home/user/vendor/laravel/framework/src/Illuminate/Database/Connection.php(512): Illuminate\Database\Connection->getReadPdo()
#8 /home/user/vendor/laravel/framework/src/Illuminate/Database/Connection.php(407): Illuminate\Database\Connection->getPdoForSelect()
#9 /home/user/vendor/laravel/framework/src/Illuminate/Database/Connection.php(812): Illuminate\Database\Connection->{closure:Illuminate\Database\Connection::select():398}()
#10 /home/user/vendor/laravel/framework/src/Illuminate/Database/Connection.php(779): Illuminate\Database\Connection->runQueryCallback()
#11 /home/user/vendor/laravel/framework/src/Illuminate/Database/Connection.php(398): Illuminate\Database\Connection->run()
#12 /home/user/vendor/laravel/framework/src/Illuminate/Database/Query/Builder.php(3106): Illuminate\Database\Connection->select()
#13 /home/user/vendor/laravel/framework/src/Illuminate/Database/Query/Builder.php(3091): Illuminate\Database\Query\Builder->runSelect()
#14 /home/user/vendor/laravel/framework/src/Illuminate/Database/Query/Builder.php(3676): Illuminate\Database\Query\Builder->{closure:Illuminate\Database\Query\Builder::get():3090}()
#15 /home/user/vendor/laravel/framework/src/Illuminate/Database/Query/Builder.php(3090): Illuminate\Database\Query\Builder->onceWithColumns()
#16 /home/user/vendor/laravel/framework/src/Illuminate/Cache/DatabaseStore.php(130): Illuminate\Database\Query\Builder->get()
#17 /home/user/vendor/laravel/framework/src/Illuminate/Cache/DatabaseStore.php(105): Illuminate\Cache\DatabaseStore->many()
#18 /home/user/vendor/laravel/framework/src/Illuminate/Cache/DatabaseStore.php(203): Illuminate\Cache\DatabaseStore->get()
#19 /home/user/vendor/laravel/framework/src/Illuminate/Cache/Repository.php(344): Illuminate\Cache\DatabaseStore->add()
#20 /home/user/app/Services/Payment/PaymentWebhookService.php(109): Illuminate\Cache\Repository->add()
#21 /home/user/app/Services/Payment/PaymentWebhookService.php(91): App\Services\Payment\PaymentWebhookService->processWebhookPayload()
#22 Command line code(37): App\Services\Payment\PaymentWebhookService->handleWebhookRequest()
#23 {main}

Next Illuminate\Database\QueryException: could not find driver (Connection: mysql, SQL: select * from `cache` where `key` in (payment:webhook:seen:stripe:evt_test_stripe_sig_123)) in /home/user/vendor/laravel/framework/src/Illuminate/Database/Connection.php:825
Stack trace:
#0 /home/user/vendor/laravel/framework/src/Illuminate/Database/Connection.php(779): Illuminate\Database\Connection->runQueryCallback()
#1 /home/user/vendor/laravel/framework/src/Illuminate/Database/Connection.php(398): Illuminate\Database\Connection->run()
#2 /home/user/vendor/laravel/framework/src/Illuminate/Database/Query/Builder.php(3106): Illuminate\Database\Connection->select()
#3 /home/user/vendor/laravel/framework/src/Illuminate/Database/Query/Builder.php(3091): Illuminate\Database\Query\Builder->runSelect()
#4 /home/user/vendor/laravel/framework/src/Illuminate/Database/Query/Builder.php(3676): Illuminate\Database\Query\Builder->{closure:Illuminate\Database\Query\Builder::get():3090}()
#5 /home/user/vendor/laravel/framework/src/Illuminate/Database/Query/Builder.php(3090): Illuminate\Database\Query\Builder->onceWithColumns()
#6 /home/user/vendor/laravel/framework/src/Illuminate/Cache/DatabaseStore.php(130): Illuminate\Database\Query\Builder->get()
#7 /home/user/vendor/laravel/framework/src/Illuminate/Cache/DatabaseStore.php(105): Illuminate\Cache\DatabaseStore->many()
#8 /home/user/vendor/laravel/framework/src/Illuminate/Cache/DatabaseStore.php(203): Illuminate\Cache\DatabaseStore->get()
#9 /home/user/vendor/laravel/framework/src/Illuminate/Cache/Repository.php(344): Illuminate\Cache\DatabaseStore->add()
#10 /home/user/app/Services/Payment/PaymentWebhookService.php(109): Illuminate\Cache\Repository->add()
#11 /home/user/app/Services/Payment/PaymentWebhookService.php(91): App\Services\Payment\PaymentWebhookService->processWebhookPayload()
#12 Command line code(37): App\Services\Payment\PaymentWebhookService->handleWebhookRequest()
#13 {main}
  thrown {"exception":"[object] (Symfony\\Component\\ErrorHandler\\Error\\FatalError(code: 0): Uncaught PDOException: could not find driver in /home/user/vendor/laravel/framework/src/Illuminate/Database/Connectors/Connector.php:67
Stack trace:
#0 /home/user/vendor/laravel/framework/src/Illuminate/Database/Connectors/Connector.php(67): PDO::connect()
#1 /home/user/vendor/laravel/framework/src/Illuminate/Database/Connectors/Connector.php(44): Illuminate\\Database\\Connectors\\Connector->createPdoConnection()
#2 /home/user/vendor/laravel/framework/src/Illuminate/Database/Connectors/MySqlConnector.php(24): Illuminate\\Database\\Connectors\\Connector->createConnection()
#3 /home/user/vendor/laravel/framework/src/Illuminate/Database/Connectors/ConnectionFactory.php(185): Illuminate\\Database\\Connectors\\MySqlConnector->connect()
#4 [internal function]: Illuminate\\Database\\Connectors\\ConnectionFactory->{closure:Illuminate\\Database\\Connectors\\ConnectionFactory::createPdoResolverWithHosts():180}()
#5 /home/user/vendor/laravel/framework/src/Illuminate/Database/Connection.php(1231): call_user_func()
#6 /home/user/vendor/laravel/framework/src/Illuminate/Database/Connection.php(1267): Illuminate\\Database\\Connection->getPdo()
#7 /home/user/vendor/laravel/framework/src/Illuminate/Database/Connection.php(512): Illuminate\\Database\\Connection->getReadPdo()
#8 /home/user/vendor/laravel/framework/src/Illuminate/Database/Connection.php(407): Illuminate\\Database\\Connection->getPdoForSelect()
#9 /home/user/vendor/laravel/framework/src/Illuminate/Database/Connection.php(812): Illuminate\\Database\\Connection->{closure:Illuminate\\Database\\Connection::select():398}()
#10 /home/user/vendor/laravel/framework/src/Illuminate/Database/Connection.php(779): Illuminate\\Database\\Connection->runQueryCallback()
#11 /home/user/vendor/laravel/framework/src/Illuminate/Database/Connection.php(398): Illuminate\\Database\\Connection->run()
#12 /home/user/vendor/laravel/framework/src/Illuminate/Database/Query/Builder.php(3106): Illuminate\\Database\\Connection->select()
#13 /home/user/vendor/laravel/framework/src/Illuminate/Database/Query/Builder.php(3091): Illuminate\\Database\\Query\\Builder->runSelect()
#14 /home/user/vendor/laravel/framework/src/Illuminate/Database/Query/Builder.php(3676): Illuminate\\Database\\Query\\Builder->{closure:Illuminate\\Database\\Query\\Builder::get():3090}()
#15 /home/user/vendor/laravel/framework/src/Illuminate/Database/Query/Builder.php(3090): Illuminate\\Database\\Query\\Builder->onceWithColumns()
#16 /home/user/vendor/laravel/framework/src/Illuminate/Cache/DatabaseStore.php(130): Illuminate\\Database\\Query\\Builder->get()
#17 /home/user/vendor/laravel/framework/src/Illuminate/Cache/DatabaseStore.php(105): Illuminate\\Cache\\DatabaseStore->many()
#18 /home/user/vendor/laravel/framework/src/Illuminate/Cache/DatabaseStore.php(203): Illuminate\\Cache\\DatabaseStore->get()
#19 /home/user/vendor/laravel/framework/src/Illuminate/Cache/Repository.php(344): Illuminate\\Cache\\DatabaseStore->add()
#20 /home/user/app/Services/Payment/PaymentWebhookService.php(109): Illuminate\\Cache\\Repository->add()
#21 /home/user/app/Services/Payment/PaymentWebhookService.php(91): App\\Services\\Payment\\PaymentWebhookService->processWebhookPayload()
#22 Command line code(37): App\\Services\\Payment\\PaymentWebhookService->handleWebhookRequest()
#23 {main}

Next Illuminate\\Database\\QueryException: could not find driver (Connection: mysql, SQL: select * from `cache` where `key` in (payment:webhook:seen:stripe:evt_test_stripe_sig_123)) in /home/user/vendor/laravel/framework/src/Illuminate/Database/Connection.php:825
Stack trace:
#0 /home/user/vendor/laravel/framework/src/Illuminate/Database/Connection.php(779): Illuminate\\Database\\Connection->runQueryCallback()
#1 /home/user/vendor/laravel/framework/src/Illuminate/Database/Connection.php(398): Illuminate\\Database\\Connection->run()
#2 /home/user/vendor/laravel/framework/src/Illuminate/Database/Query/Builder.php(3106): Illuminate\\Database\\Connection->select()
#3 /home/user/vendor/laravel/framework/src/Illuminate/Database/Query/Builder.php(3091): Illuminate\\Database\\Query\\Builder->runSelect()
#4 /home/user/vendor/laravel/framework/src/Illuminate/Database/Query/Builder.php(3676): Illuminate\\Database\\Query\\Builder->{closure:Illuminate\\Database\\Query\\Builder::get():3090}()
#5 /home/user/vendor/laravel/framework/src/Illuminate/Database/Query/Builder.php(3090): Illuminate\\Database\\Query\\Builder->onceWithColumns()
#6 /home/user/vendor/laravel/framework/src/Illuminate/Cache/DatabaseStore.php(130): Illuminate\\Database\\Query\\Builder->get()
#7 /home/user/vendor/laravel/framework/src/Illuminate/Cache/DatabaseStore.php(105): Illuminate\\Cache\\DatabaseStore->many()
#8 /home/user/vendor/laravel/framework/src/Illuminate/Cache/DatabaseStore.php(203): Illuminate\\Cache\\DatabaseStore->get()
#9 /home/user/vendor/laravel/framework/src/Illuminate/Cache/Repository.php(344): Illuminate\\Cache\\DatabaseStore->add()
#10 /home/user/app/Services/Payment/PaymentWebhookService.php(109): Illuminate\\Cache\\Repository->add()
#11 /home/user/app/Services/Payment/PaymentWebhookService.php(91): App\\Services\\Payment\\PaymentWebhookService->processWebhookPayload()
#12 Command line code(37): App\\Services\\Payment\\PaymentWebhookService->handleWebhookRequest()
#13 {main}
  thrown at /home/user/vendor/laravel/framework/src/Illuminate/Database/Connection.php:825)
[stacktrace]
#0 {main}
"} 
[2026-09-03 21:29:59] testing.WARNING: Payment webhook signature verification failed {"gateway":"stripe","ip":"127.0.0.1"} 
[2026-09-03 21:29:59] testing.WARNING: Payment webhook signature verification failed {"gateway":"bkash","ip":"127.0.0.1"} 
[2026-09-03 21:29:59] testing.WARNING: Payment webhook signature verification failed {"gateway":"crypto","ip":"127.0.0.1"} 
[2026-09-03 21:30:45] testing.INFO: Payment webhook event already processed (replay cache hit) {"gateway":"stripe","event_id":"evt_stripe_concurrency_666"} 
[2026-09-03 21:30:45] testing.INFO: Payment webhook event already processed (replay cache hit) {"gateway":"stripe","event_id":"evt_stripe_concurrency_666"} 
[2026-09-03 21:30:45] testing.INFO: Payment webhook event already processed (replay cache hit) {"gateway":"stripe","event_id":"evt_stripe_concurrency_666"} 
[2026-09-03 21:30:45] testing.INFO: Payment webhook event already processed (replay cache hit) {"gateway":"stripe","event_id":"evt_stripe_concurrency_666"} 
[2026-09-03 21:30:45] testing.WARNING: Payment webhook signature verification failed {"gateway":"stripe","ip":"127.0.0.1"} 
[2026-09-03 21:30:45] testing.WARNING: Payment webhook signature verification failed {"gateway":"bkash","ip":"127.0.0.1"} 
[2026-09-03 21:30:45] testing.WARNING: Stripe webhook rejected: timestamp drift exceeds tolerance. {"event_time":1788445245,"current_time":1788445845,"tolerance":300} 
[2026-09-03 21:30:45] testing.WARNING: Payment webhook signature verification failed {"gateway":"stripe","ip":"127.0.0.1"} 
[2026-09-03 21:30:46] testing.INFO: Payment webhook event already processed (replay cache hit) {"gateway":"stripe","event_id":"evt_unique_test_replay_999"} 
[2026-09-03 21:31:01] testing.INFO: Payment webhook event already processed (replay cache hit) {"gateway":"stripe","event_id":"evt_stripe_concurrency_666"} 
[2026-09-03 21:31:01] testing.INFO: Payment webhook event already processed (replay cache hit) {"gateway":"stripe","event_id":"evt_stripe_concurrency_666"} 
[2026-09-03 21:31:01] testing.INFO: Payment webhook event already processed (replay cache hit) {"gateway":"stripe","event_id":"evt_stripe_concurrency_666"} 
[2026-09-03 21:31:01] testing.INFO: Payment webhook event already processed (replay cache hit) {"gateway":"stripe","event_id":"evt_stripe_concurrency_666"} 
[2026-09-03 21:31:01] testing.WARNING: Payment webhook signature verification failed {"gateway":"stripe","ip":"127.0.0.1"} 
[2026-09-03 21:31:01] testing.WARNING: Payment webhook signature verification failed {"gateway":"bkash","ip":"127.0.0.1"} 
[2026-09-03 21:31:01] testing.WARNING: Stripe webhook rejected: timestamp drift exceeds tolerance. {"event_time":1788445261,"current_time":1788445861,"tolerance":300} 
[2026-09-03 21:31:01] testing.WARNING: Payment webhook signature verification failed {"gateway":"stripe","ip":"127.0.0.1"} 
[2026-09-03 21:31:01] testing.INFO: Payment webhook event already processed (replay cache hit) {"gateway":"stripe","event_id":"evt_unique_test_replay_999"} 
[2026-09-03 21:31:25] testing.INFO: bet_purchase.api.success {"outcome":"purchased","bet_id":1,"bet_number":"BT-20260903-29EA7165ED11","ticket_id":1,"draw_id":1,"currency":"THB","stake":"10.00","client_key":"api-3fac7e5042598962807ac50192f07570561b1f92","request_id":"126d786fa14a5e1d7ad8cc41874c97a6","user_id":1} 
[2026-09-03 21:31:25] testing.INFO: bet_purchase.api.success {"outcome":"purchased","bet_id":1,"bet_number":"BT-20260903-9DA47D78741E","ticket_id":1,"draw_id":1,"currency":"THB","stake":"10.00","client_key":"api-a676f40bd6585d6668cbe33a51f09953c02a7fef","request_id":"e6a4b3677b666616a0dd871da722b46c","user_id":1} 
[2026-09-03 21:31:25] testing.INFO: bet_purchase.api.success {"outcome":"purchased","bet_id":1,"bet_number":"BT-20260903-387684509905","ticket_id":1,"draw_id":1,"currency":"THB","stake":"10.00","client_key":"api-f7b8f591922e9b515c83f0ca28847379e14e3f93","request_id":"862c8a88310cf24326205f2355af4e72","user_id":1} 
[2026-09-03 21:31:25] testing.INFO: bet_purchase.api.success {"outcome":"purchased","bet_id":1,"bet_number":"BT-20260903-8B39DDE60D86","ticket_id":1,"draw_id":1,"currency":"THB","stake":"10.00","client_key":"api-e187d76746182cbb563423de65c53cff48e1b26c","request_id":"43aeb94ae14087ac4386e2f51bb42f2a","user_id":1} 
[2026-09-03 21:31:25] testing.INFO: bet_purchase.api.success {"outcome":"purchased","bet_id":1,"bet_number":"BT-20260903-F03E724A74BD","ticket_id":1,"draw_id":1,"currency":"THB","stake":"10.00","client_key":"api-bd6c2f1a5ca9ea80b589a486be6f1ed025590bed","request_id":"608853ee8393347c0387e85a3d49e28d","user_id":1} 
[2026-09-03 21:31:25] testing.INFO: bet_purchase.api.success {"outcome":"purchased","bet_id":1,"bet_number":"BT-20260903-902BE04A5899","ticket_id":1,"draw_id":1,"currency":"THB","stake":"10.00","client_key":"api-8e924a7dac69469f40b6a9525e68f510b7972699","request_id":"7322d7cf619f3be01c282f21209c28cc","user_id":1} 
[2026-09-03 21:31:26] testing.INFO: bet_purchase.api.success {"outcome":"purchased","bet_id":1,"bet_number":"BT-20260903-2D2449FB643B","ticket_id":1,"draw_id":1,"currency":"THB","stake":"10.00","client_key":"api-63e4863923f9d99f637040c4ecaa95eaf5e39f31","request_id":"cea590bb533d3af618bd007b601cc1e4","user_id":1} 
[2026-09-03 21:31:26] testing.INFO: bet_purchase.api.success {"outcome":"purchased","bet_id":1,"bet_number":"BT-20260903-826EB3F7F37D","ticket_id":1,"draw_id":1,"currency":"THB","stake":"10.00","client_key":"api-1d2da6cca6185013559ff92e6eedc11e93618224","request_id":"2cd8ad8d346b41939e597b32eb447180","user_id":1} 
[2026-09-03 21:31:26] testing.INFO: bet_purchase.api.success {"outcome":"purchased","bet_id":1,"bet_number":"BT-20260903-9C72F32E4E6A","ticket_id":1,"draw_id":1,"currency":"THB","stake":"10.00","client_key":"api-4fed3970dcc0d31dccddbf69ef55b00f32d2ca78","request_id":"10a2a91310b6fe7b33644f18f4910135","user_id":1} 
[2026-09-03 21:31:26] testing.INFO: bet_purchase.api.success {"outcome":"purchased","bet_id":1,"bet_number":"BT-20260903-238FAFC6BA45","ticket_id":1,"draw_id":1,"currency":"THB","stake":"10.00","client_key":"api-3e23e8160039594a33894f6564e1b1348bbd7a00","request_id":"bf6bcec41f64c83e6fba2730e8e496a5","user_id":1} 
[2026-09-03 21:31:26] testing.INFO: bet_purchase.api.success {"outcome":"purchased","bet_id":1,"bet_number":"BT-20260903-81E2C83C9940","ticket_id":1,"draw_id":1,"currency":"THB","stake":"10.00","client_key":"api-2e7d2c03a9507ae265ecf5b5356885a53393a202","request_id":"26ba8422fe6b76be7fa0754ee5c62372","user_id":1} 
[2026-09-03 21:31:26] testing.INFO: bet_purchase.api.refused {"outcome":"refused","error_code":"draw_not_found","http_status":404,"exception":"App\\Exceptions\\BetPurchaseValidationException","client_key":"api-3f79bb7b435b05321651daefd374cdc681dc06fa","request_id":"b2a48db1faf4ca4bc95c026689701e63","user_id":1} 
[2026-09-03 21:31:27] testing.INFO: bet_purchase.api.refused {"outcome":"refused","error_code":"draw_closed","http_status":422,"exception":"App\\Exceptions\\BetPurchaseValidationException","client_key":"api-252f10c83610ebca1a059c0bae8255eba2f95be4","request_id":"1a999f21e81b9fccf1c4d3e1472dc69c","user_id":1} 
[2026-09-03 21:31:27] testing.INFO: bet_purchase.api.success {"outcome":"purchased","bet_id":1,"bet_number":"BT-20260903-0256D24BA5B2","ticket_id":1,"draw_id":1,"currency":"THB","stake":"10.00","client_key":"api-de7d1b721a1e0632b7cf04edf5032c8ecffa9f9a","request_id":"d590bff4a96dc5141e81a33396e7f5f4","user_id":1} 
[2026-09-03 21:31:27] testing.INFO: bet_purchase.api.success {"outcome":"purchased","bet_id":1,"bet_number":"BT-20260903-10CDE12AB578","ticket_id":1,"draw_id":1,"currency":"THB","stake":"10.00","client_key":"api-189f40034be7a199f1fa9891668ee3ab6049f82d","request_id":"d8929d97ef4da2c5975e7cc34a82687b","user_id":1} 
[2026-09-03 21:31:27] testing.INFO: bet_purchase.api.refused {"outcome":"refused","error_code":"invalid_stake","http_status":422,"exception":"App\\Exceptions\\BetPurchaseValidationException","client_key":"api-acac86c0e609ca906f632b0e2dacccb2b77d22b0","request_id":"89d8e6ad0ef8e4eaae8d6ecde1e74a1c","user_id":1} 
[2026-09-03 21:31:27] testing.INFO: bet_purchase.api.refused {"outcome":"refused","error_code":"insufficient_balance","http_status":422,"exception":"App\\Exceptions\\BetPurchaseException","client_key":"api-1b16b1df538ba12dc3f97edbb85caa7050d46c14","request_id":"2ef36a697a3be0dc564d592cf8adfc29","user_id":1} 
[2026-09-03 21:31:28] testing.INFO: bet_purchase.api.refused {"outcome":"refused","error_code":"risk_rejected","http_status":422,"exception":"App\\Exceptions\\BetPurchaseValidationException","client_key":"api-65c74c15a686187bb6bbf9958f494fc6b8006803","request_id":"d3d98c0edeb557d71202e2ec95205487","user_id":1} 
[2026-09-03 21:31:28] testing.INFO: bet_purchase.api.success {"outcome":"purchased","bet_id":1,"bet_number":"BT-20260903-4A3EEE58A74D","ticket_id":1,"draw_id":1,"currency":"THB","stake":"10.00","client_key":"api-148de9c5a7a44d19e56cd9ae1a554bf67847afb0","request_id":"b36ea60b7c8769c6cfb9e242b54b5f9a","user_id":1} 
[2026-09-03 21:31:28] testing.INFO: bet_purchase.api.success {"outcome":"replayed","bet_id":1,"bet_number":"BT-20260903-4A3EEE58A74D","ticket_id":1,"draw_id":1,"currency":"THB","stake":"10.00","client_key":"api-148de9c5a7a44d19e56cd9ae1a554bf67847afb0","request_id":"19639ca039abf17f686c1231e82592e2","user_id":1} 
[2026-09-03 21:31:28] testing.INFO: bet_purchase.api.success {"outcome":"purchased","bet_id":1,"bet_number":"BT-20260903-CCE00141A32F","ticket_id":1,"draw_id":1,"currency":"THB","stake":"10.00","client_key":"api-8e35c2cd3bf6641bdb0e2050b76932cbb2e6034a","request_id":"9d1f86f04220cf0c99935b74ba76ccd8","user_id":1} 
[2026-09-03 21:31:28] testing.INFO: bet_purchase.api.refused {"outcome":"refused","error_code":"idempotency_payload_mismatch","http_status":409,"exception":"App\\Exceptions\\BetPurchaseIdempotencyException","client_key":"api-8e35c2cd3bf6641bdb0e2050b76932cbb2e6034a","request_id":"ac16d3febf7bbaabf7307bc94d03d570","user_id":1} 
[2026-09-03 21:31:28] testing.INFO: bet_purchase.api.success {"outcome":"purchased","bet_id":1,"bet_number":"BT-20260903-86205241CECE","ticket_id":1,"draw_id":1,"currency":"THB","stake":"10.00","client_key":"api-454349e422f05297191ead13e21d3db520e5abef","request_id":"5fe5e2752c30d7bfc242ef28d797d05e","user_id":1} 
[2026-09-03 21:31:28] testing.INFO: bet_purchase.api.success {"outcome":"purchased","bet_id":2,"bet_number":"BT-20260903-89357C5015DB","ticket_id":2,"draw_id":2,"currency":"THB","stake":"10.00","client_key":"api-454349e422f05297191ead13e21d3db520e5abef","request_id":"02a8fcff6bf2df04336c19795727c95d","user_id":2} 
[2026-09-03 21:31:28] testing.INFO: bet_purchase.api.success {"outcome":"purchased","bet_id":1,"bet_number":"BT-20260903-A061B4136B5E","ticket_id":1,"draw_id":1,"currency":"THB","stake":"10.00","client_key":"api-043a718774c572bd8a25adbeb1bfcd5c0256ae11","request_id":"2f1bcdf96dd59be3fe4b38f1df73266d","user_id":1} 
[2026-09-03 21:31:28] testing.INFO: bet_purchase.api.success {"outcome":"purchased","bet_id":2,"bet_number":"BT-20260903-3B7035E845DD","ticket_id":2,"draw_id":2,"currency":"THB","stake":"10.00","client_key":"api-043a718774c572bd8a25adbeb1bfcd5c0256ae11","request_id":"5f93cc40f0b2db66012367edc794014e","user_id":1} 
[2026-09-03 21:31:29] testing.INFO: bet_purchase.api.success {"outcome":"purchased","bet_id":1,"bet_number":"BT-20260903-F36F5D6D9435","ticket_id":1,"draw_id":1,"currency":"THB","stake":"10.00","client_key":"api-e3b98a4da31a127d4bde6e43033f66ba274cab0e","request_id":"c2e3ff8611f369004f0cfc83839cb094","user_id":1} 
[2026-09-03 21:31:29] testing.INFO: bet_purchase.api.success {"outcome":"purchased","bet_id":1,"bet_number":"BT-20260903-706A1579EEB2","ticket_id":1,"draw_id":1,"currency":"THB","stake":"10.00","client_key":"api-2d711642b726b04401627ca9fbac32f5c8530fb1","request_id":"d59f355a91bb2ab4cf009c2d3e235459","user_id":1} 
[2026-09-03 21:31:29] testing.INFO: bet_purchase.api.success {"outcome":"purchased","bet_id":1,"bet_number":"BT-20260903-3BE268812512","ticket_id":1,"draw_id":1,"currency":"THB","stake":"10.00","client_key":"api-a1fce4363854ff888cff4b8e7875d600c2682390","request_id":"a3b9efc4cfef7f68f0494fd978e735c1","user_id":1} 
[2026-09-03 21:31:29] testing.INFO: bet_purchase.api.success {"outcome":"purchased","bet_id":1,"bet_number":"BT-20260903-F95CC463BB7C","ticket_id":1,"draw_id":1,"currency":"THB","stake":"10.00","client_key":"api-fb8e20fc2e4c3f248c60c39bd652f3c1347298bb","request_id":"d4934dd5d6212cd9beb456aa8958d0a0","user_id":1} 
[2026-09-03 21:31:29] testing.INFO: bet_purchase.api.success {"outcome":"purchased","bet_id":1,"bet_number":"BT-20260903-9CEB46F3A176","ticket_id":1,"draw_id":1,"currency":"THB","stake":"10.00","client_key":"api-f45de51cdef30991551e41e882dd7b5404799648","request_id":"eaadae260cd661cf8c020ca303ee00fc","user_id":1} 
[2026-09-03 21:31:29] testing.INFO: bet_purchase.api.success {"outcome":"purchased","bet_id":1,"bet_number":"BT-20260903-99B3428A5119","ticket_id":1,"draw_id":1,"currency":"THB","stake":"10.00","client_key":"api-b0136a3f0a0fae4b4cbb261ae65b245326d69f8a","request_id":"7843792c66d2f6b09573537aa02e12da","user_id":1} 
[2026-09-03 21:31:30] testing.INFO: bet_purchase.api.success {"outcome":"purchased","bet_id":1,"bet_number":"BT-20260903-F8507AB8CC20","ticket_id":1,"draw_id":1,"currency":"THB","stake":"10.00","client_key":"api-e5a94045f98e84810bb71edd3ba885463406b087","request_id":"b803e613b254373966381918f388d27f","user_id":1} 
[2026-09-03 21:31:30] testing.INFO: bet_purchase.api.success {"outcome":"purchased","bet_id":1,"bet_number":"BT-20260903-F6EF98302849","ticket_id":1,"draw_id":1,"currency":"THB","stake":"10.00","client_key":"api-b797c8d26a988c97a38d4458172406dc19ab0012","request_id":"d1b5f5e7737cc2524b80f0937b50fb15","user_id":1} 
[2026-09-03 21:31:30] testing.INFO: bet_purchase.api.success {"outcome":"purchased","bet_id":1,"bet_number":"BT-20260903-A7F1EE1B2BD2","ticket_id":1,"draw_id":1,"currency":"THB","stake":"10.00","client_key":"api-70ba33708cbfb103f1a8e34afef333ba7dc02102","request_id":"6ddc9e9ecfd9ae85b9269c1a2b718f4a","user_id":1} 
[2026-09-03 21:31:30] testing.INFO: bet_purchase.api.success {"outcome":"purchased","bet_id":1,"bet_number":"BT-20260903-B86E286ACBA4","ticket_id":1,"draw_id":1,"currency":"THB","stake":"10.00","client_key":"api-f9a00f43e97e3966bb846e76b6795e11512c3bbf","request_id":"32c662f5cfa20634102436cfb38554a1","user_id":1} 
[2026-09-03 21:31:30] testing.INFO: bet_purchase.api.success {"outcome":"purchased","bet_id":1,"bet_number":"BT-20260903-50D804CD0A4C","ticket_id":1,"draw_id":1,"currency":"THB","stake":"10.00","client_key":"api-503126878d17fcd6bde7df320ff6eb7c278a1c42","request_id":"48227e4b5e5dd1b97d6f43b87f029fc5","user_id":1} 
[2026-09-03 21:31:30] testing.INFO: bet_purchase.api.success {"outcome":"purchased","bet_id":1,"bet_number":"BT-20260903-23FF5348D17B","ticket_id":1,"draw_id":1,"currency":"THB","stake":"10.00","client_key":"api-9aaf680776b98fd17fe63376120525cbcdffc01b","request_id":"879277a55dacf4c3f85d65f6b045b6f2","user_id":1} 
[2026-09-03 21:31:30] testing.INFO: bet_purchase.api.success {"outcome":"purchased","bet_id":1,"bet_number":"BT-20260903-1098EB5579EB","ticket_id":1,"draw_id":1,"currency":"THB","stake":"10.55","client_key":"api-70a0d5198ebb88f97a2cc83a236a8afcc28c7d9e","request_id":"8707dde46dd8ea965dc4d0310ff33f41","user_id":1} 
[2026-09-03 21:31:31] testing.INFO: bet_purchase.api.success {"outcome":"purchased","bet_id":1,"bet_number":"BT-20260903-2935FC87FB06","ticket_id":1,"draw_id":1,"currency":"THB","stake":"10.00","client_key":"api-32e83e92d45d71f69dcf9d214688f03755421086","request_id":"5600e66c74cefbfd577c0844de7c07d0","user_id":1} 
[2026-09-03 21:31:31] testing.INFO: bet_purchase.api.success {"outcome":"purchased","bet_id":1,"bet_number":"BT-20260903-D4ABCB1B755A","ticket_id":1,"draw_id":1,"currency":"THB","stake":"10.00","client_key":"api-7d29d73105d636d04ca9fffcf979986d373ac874","request_id":"07359913f015e87278cceb07943786c0","user_id":1} 
[2026-09-03 21:31:32] testing.INFO: bet_purchase.api.success {"outcome":"purchased","bet_id":1,"bet_number":"BT-20260903-169E33E3EB87","ticket_id":1,"draw_id":2,"currency":"THB","stake":"10.00","client_key":"api-6fdb16bc02366c008d809798cb3faae1efba55a5","request_id":"70d114c56b1fd9aa2db157e285622129","user_id":2} 
[2026-09-03 21:31:32] testing.ERROR: SQLSTATE[42S02]: Base table or view not found: 1146 Table "thai_lottery.wallets" doesn't exist (Connection: mysql, SQL: select * from `wallets` where `id` = 1) in /var/www/app/Services/Finance/WalletService.php:118 {"exception":"[object] (RuntimeException(code: 0): SQLSTATE[42S02]: Base table or view not found: 1146 Table \"thai_lottery.wallets\" doesn't exist (Connection: mysql, SQL: select * from `wallets` where `id` = 1) in /var/www/app/Services/Finance/WalletService.php:118 at /home/user/tests/Feature/Api/V1/BetPurchaseApiTest.php:993)
[stacktrace]
#0 /home/user/vendor/laravel/framework/src/Illuminate/Routing/CallableDispatcher.php(40): Tests\\Feature\\Api\\V1\\BetPurchaseApiTest->{closure:Tests\\Feature\\Api\\V1\\BetPurchaseApiTest::am_an_unexpected_failure_never_exposes_a_stack_trace_or_internals():990}()
#1 /home/user/vendor/laravel/framework/src/Illuminate/Routing/Route.php(244): Illuminate\\Routing\\CallableDispatcher->dispatch()
#2 /home/user/vendor/laravel/framework/src/Illuminate/Routing/Route.php(215): Illuminate\\Routing\\Route->runCallable()
#3 /home/user/vendor/laravel/framework/src/Illuminate/Routing/Router.php(808): Illuminate\\Routing\\Route->run()
#4 /home/user/vendor/laravel/framework/src/Illuminate/Pipeline/Pipeline.php(170): Illuminate\\Routing\\Router->{closure:Illuminate\\Routing\\Router::runRouteWithinStack():807}()
#5 /home/user/vendor/laravel/framework/src/Illuminate/Routing/Middleware/SubstituteBindings.php(51): Illuminate\\Pipeline\\Pipeline->{closure:Illuminate\\Pipeline\\Pipeline::prepareDestination():168}()
#6 /home/user/vendor/laravel/framework/src/Illuminate/Pipeline/Pipeline.php(209): Illuminate\\Routing\\Middleware\\SubstituteBindings->handle()
#7 /home/user/vendor/laravel/framework/src/Illuminate/Pipeline/Pipeline.php(127): Illuminate\\Pipeline\\Pipeline->{closure:{closure:Illuminate\\Pipeline\\Pipeline::carry():184}:185}()
#8 /home/user/vendor/laravel/framework/src/Illuminate/Routing/Router.php(807): Illuminate\\Pipeline\\Pipeline->then()
#9 /home/user/vendor/laravel/framework/src/Illuminate/Routing/Router.php(786): Illuminate\\Routing\\Router->runRouteWithinStack()
#10 /home/user/vendor/laravel/framework/src/Illuminate/Routing/Router.php(750): Illuminate\\Routing\\Router->runRoute()
#11 /home/user/vendor/laravel/framework/src/Illuminate/Routing/Router.php(739): Illuminate\\Routing\\Router->dispatchToRoute()
#12 /home/user/vendor/laravel/framework/src/Illuminate/Foundation/Http/Kernel.php(201): Illuminate\\Routing\\Router->dispatch()
#13 /home/user/vendor/laravel/framework/src/Illuminate/Pipeline/Pipeline.php(170): Illuminate\\Foundation\\Http\\Kernel->{closure:Illuminate\\Foundation\\Http\\Kernel::dispatchToRouter():198}()
#14 /home/user/vendor/livewire/livewire/src/Features/SupportDisablingBackButtonCache/DisableBackButtonCacheMiddleware.php(19): Illuminate\\Pipeline\\Pipeline->{closure:Illuminate\\Pipeline\\Pipeline::prepareDestination():168}()
#15 /home/user/vendor/laravel/framework/src/Illuminate/Pipeline/Pipeline.php(209): Livewire\\Features\\SupportDisablingBackButtonCache\\DisableBackButtonCacheMiddleware->handle()
#16 /home/user/app/Http/Middleware/SecurityHeaders.php(13): Illuminate\\Pipeline\\Pipeline->{closure:{closure:Illuminate\\Pipeline\\Pipeline::carry():184}:185}()
#17 /home/user/vendor/laravel/framework/src/Illuminate/Pipeline/Pipeline.php(209): App\\Http\\Middleware\\SecurityHeaders->handle()
#18 /home/user/vendor/laravel/framework/src/Illuminate/Foundation/Http/Middleware/TransformsRequest.php(21): Illuminate\\Pipeline\\Pipeline->{closure:{closure:Illuminate\\Pipeline\\Pipeline::carry():184}:185}()
#19 /home/user/vendor/laravel/framework/src/Illuminate/Foundation/Http/Middleware/ConvertEmptyStringsToNull.php(31): Illuminate\\Foundation\\Http\\Middleware\\TransformsRequest->handle()
#20 /home/user/vendor/laravel/framework/src/Illuminate/Pipeline/Pipeline.php(209): Illuminate\\Foundation\\Http\\Middleware\\ConvertEmptyStringsToNull->handle()
#21 /home/user/vendor/laravel/framework/src/Illuminate/Foundation/Http/Middleware/TransformsRequest.php(21): Illuminate\\Pipeline\\Pipeline->{closure:{closure:Illuminate\\Pipeline\\Pipeline::carry():184}:185}()
#22 /home/user/vendor/laravel/framework/src/Illuminate/Foundation/Http/Middleware/TrimStrings.php(51): Illuminate\\Foundation\\Http\\Middleware\\TransformsRequest->handle()
#23 /home/user/vendor/laravel/framework/src/Illuminate/Pipeline/Pipeline.php(209): Illuminate\\Foundation\\Http\\Middleware\\TrimStrings->handle()
#24 /home/user/vendor/laravel/framework/src/Illuminate/Http/Middleware/ValidatePostSize.php(27): Illuminate\\Pipeline\\Pipeline->{closure:{closure:Illuminate\\Pipeline\\Pipeline::carry():184}:185}()
#25 /home/user/vendor/laravel/framework/src/Illuminate/Pipeline/Pipeline.php(209): Illuminate\\Http\\Middleware\\ValidatePostSize->handle()
#26 /home/user/vendor/laravel/framework/src/Illuminate/Foundation/Http/Middleware/PreventRequestsDuringMaintenance.php(110): Illuminate\\Pipeline\\Pipeline->{closure:{closure:Illuminate\\Pipeline\\Pipeline::carry():184}:185}()
#27 /home/user/vendor/laravel/framework/src/Illuminate/Pipeline/Pipeline.php(209): Illuminate\\Foundation\\Http\\Middleware\\PreventRequestsDuringMaintenance->handle()
#28 /home/user/vendor/laravel/framework/src/Illuminate/Http/Middleware/HandleCors.php(62): Illuminate\\Pipeline\\Pipeline->{closure:{closure:Illuminate\\Pipeline\\Pipeline::carry():184}:185}()
#29 /home/user/vendor/laravel/framework/src/Illuminate/Pipeline/Pipeline.php(209): Illuminate\\Http\\Middleware\\HandleCors->handle()
#30 /home/user/vendor/laravel/framework/src/Illuminate/Http/Middleware/TrustProxies.php(58): Illuminate\\Pipeline\\Pipeline->{closure:{closure:Illuminate\\Pipeline\\Pipeline::carry():184}:185}()
#31 /home/user/vendor/laravel/framework/src/Illuminate/Pipeline/Pipeline.php(209): Illuminate\\Http\\Middleware\\TrustProxies->handle()
#32 /home/user/vendor/laravel/framework/src/Illuminate/Foundation/Http/Middleware/InvokeDeferredCallbacks.php(22): Illuminate\\Pipeline\\Pipeline->{closure:{closure:Illuminate\\Pipeline\\Pipeline::carry():184}:185}()
#33 /home/user/vendor/laravel/framework/src/Illuminate/Pipeline/Pipeline.php(209): Illuminate\\Foundation\\Http\\Middleware\\InvokeDeferredCallbacks->handle()
#34 /home/user/vendor/laravel/framework/src/Illuminate/Pipeline/Pipeline.php(127): Illuminate\\Pipeline\\Pipeline->{closure:{closure:Illuminate\\Pipeline\\Pipeline::carry():184}:185}()
#35 /home/user/vendor/laravel/framework/src/Illuminate/Foundation/Http/Kernel.php(176): Illuminate\\Pipeline\\Pipeline->then()
#36 /home/user/vendor/laravel/framework/src/Illuminate/Foundation/Http/Kernel.php(145): Illuminate\\Foundation\\Http\\Kernel->sendRequestThroughRouter()
#37 /home/user/vendor/laravel/framework/src/Illuminate/Foundation/Testing/Concerns/MakesHttpRequests.php(607): Illuminate\\Foundation\\Http\\Kernel->handle()
#38 /home/user/vendor/laravel/framework/src/Illuminate/Foundation/Testing/Concerns/MakesHttpRequests.php(573): Illuminate\\Foundation\\Testing\\TestCase->call()
#39 /home/user/vendor/laravel/framework/src/Illuminate/Foundation/Testing/Concerns/MakesHttpRequests.php(381): Illuminate\\Foundation\\Testing\\TestCase->json()
#40 /home/user/tests/Feature/Api/V1/BetPurchaseApiTest.php(1001): Illuminate\\Foundation\\Testing\\TestCase->getJson()
#41 /home/user/vendor/phpunit/phpunit/src/Framework/TestCase.php(1667): Tests\\Feature\\Api\\V1\\BetPurchaseApiTest->am_an_unexpected_failure_never_exposes_a_stack_trace_or_internals()
#42 /home/user/vendor/phpunit/phpunit/src/Framework/TestCase.php(519): PHPUnit\\Framework\\TestCase->runTest()
#43 /home/user/vendor/phpunit/phpunit/src/Framework/TestRunner/TestRunner.php(87): PHPUnit\\Framework\\TestCase->runBare()
#44 /home/user/vendor/phpunit/phpunit/src/Framework/TestCase.php(365): PHPUnit\\Framework\\TestRunner->run()
#45 /home/user/vendor/phpunit/phpunit/src/Framework/TestSuite.php(369): PHPUnit\\Framework\\TestCase->run()
#46 /home/user/vendor/phpunit/phpunit/src/Framework/TestSuite.php(369): PHPUnit\\Framework\\TestSuite->run()
#47 /home/user/vendor/phpunit/phpunit/src/Framework/TestSuite.php(369): PHPUnit\\Framework\\TestSuite->run()
#48 /home/user/vendor/phpunit/phpunit/src/TextUI/TestRunner.php(64): PHPUnit\\Framework\\TestSuite->run()
#49 /home/user/vendor/phpunit/phpunit/src/TextUI/Application.php(211): PHPUnit\\TextUI\\TestRunner->run()
#50 /home/user/vendor/phpunit/phpunit/phpunit(104): PHPUnit\\TextUI\\Application->run()
#51 /home/user/vendor/bin/phpunit(122): include('...')
#52 {main}
"} 
[2026-09-03 21:31:32] testing.ERROR: api.unhandled_exception {"exception":"[object] (RuntimeException(code: 0): SQLSTATE[42S02]: Base table or view not found: 1146 Table \"thai_lottery.wallets\" doesn't exist (Connection: mysql, SQL: select * from `wallets` where `id` = 1) in /var/www/app/Services/Finance/WalletService.php:118 at /home/user/tests/Feature/Api/V1/BetPurchaseApiTest.php:993)
[stacktrace]
#0 /home/user/vendor/laravel/framework/src/Illuminate/Routing/CallableDispatcher.php(40): Tests\\Feature\\Api\\V1\\BetPurchaseApiTest->{closure:Tests\\Feature\\Api\\V1\\BetPurchaseApiTest::am_an_unexpected_failure_never_exposes_a_stack_trace_or_internals():990}()
#1 /home/user/vendor/laravel/framework/src/Illuminate/Routing/Route.php(244): Illuminate\\Routing\\CallableDispatcher->dispatch()
#2 /home/user/vendor/laravel/framework/src/Illuminate/Routing/Route.php(215): Illuminate\\Routing\\Route->runCallable()
#3 /home/user/vendor/laravel/framework/src/Illuminate/Routing/Router.php(808): Illuminate\\Routing\\Route->run()
#4 /home/user/vendor/laravel/framework/src/Illuminate/Pipeline/Pipeline.php(170): Illuminate\\Routing\\Router->{closure:Illuminate\\Routing\\Router::runRouteWithinStack():807}()
#5 /home/user/vendor/laravel/framework/src/Illuminate/Routing/Middleware/SubstituteBindings.php(51): Illuminate\\Pipeline\\Pipeline->{closure:Illuminate\\Pipeline\\Pipeline::prepareDestination():168}()
#6 /home/user/vendor/laravel/framework/src/Illuminate/Pipeline/Pipeline.php(209): Illuminate\\Routing\\Middleware\\SubstituteBindings->handle()
#7 /home/user/vendor/laravel/framework/src/Illuminate/Pipeline/Pipeline.php(127): Illuminate\\Pipeline\\Pipeline->{closure:{closure:Illuminate\\Pipeline\\Pipeline::carry():184}:185}()
#8 /home/user/vendor/laravel/framework/src/Illuminate/Routing/Router.php(807): Illuminate\\Pipeline\\Pipeline->then()
#9 /home/user/vendor/laravel/framework/src/Illuminate/Routing/Router.php(786): Illuminate\\Routing\\Router->runRouteWithinStack()
#10 /home/user/vendor/laravel/framework/src/Illuminate/Routing/Router.php(750): Illuminate\\Routing\\Router->runRoute()
#11 /home/user/vendor/laravel/framework/src/Illuminate/Routing/Router.php(739): Illuminate\\Routing\\Router->dispatchToRoute()
#12 /home/user/vendor/laravel/framework/src/Illuminate/Foundation/Http/Kernel.php(201): Illuminate\\Routing\\Router->dispatch()
#13 /home/user/vendor/laravel/framework/src/Illuminate/Pipeline/Pipeline.php(170): Illuminate\\Foundation\\Http\\Kernel->{closure:Illuminate\\Foundation\\Http\\Kernel::dispatchToRouter():198}()
#14 /home/user/vendor/livewire/livewire/src/Features/SupportDisablingBackButtonCache/DisableBackButtonCacheMiddleware.php(19): Illuminate\\Pipeline\\Pipeline->{closure:Illuminate\\Pipeline\\Pipeline::prepareDestination():168}()
#15 /home/user/vendor/laravel/framework/src/Illuminate/Pipeline/Pipeline.php(209): Livewire\\Features\\SupportDisablingBackButtonCache\\DisableBackButtonCacheMiddleware->handle()
#16 /home/user/app/Http/Middleware/SecurityHeaders.php(13): Illuminate\\Pipeline\\Pipeline->{closure:{closure:Illuminate\\Pipeline\\Pipeline::carry():184}:185}()
#17 /home/user/vendor/laravel/framework/src/Illuminate/Pipeline/Pipeline.php(209): App\\Http\\Middleware\\SecurityHeaders->handle()
#18 /home/user/vendor/laravel/framework/src/Illuminate/Foundation/Http/Middleware/TransformsRequest.php(21): Illuminate\\Pipeline\\Pipeline->{closure:{closure:Illuminate\\Pipeline\\Pipeline::carry():184}:185}()
#19 /home/user/vendor/laravel/framework/src/Illuminate/Foundation/Http/Middleware/ConvertEmptyStringsToNull.php(31): Illuminate\\Foundation\\Http\\Middleware\\TransformsRequest->handle()
#20 /home/user/vendor/laravel/framework/src/Illuminate/Pipeline/Pipeline.php(209): Illuminate\\Foundation\\Http\\Middleware\\ConvertEmptyStringsToNull->handle()
#21 /home/user/vendor/laravel/framework/src/Illuminate/Foundation/Http/Middleware/TransformsRequest.php(21): Illuminate\\Pipeline\\Pipeline->{closure:{closure:Illuminate\\Pipeline\\Pipeline::carry():184}:185}()
#22 /home/user/vendor/laravel/framework/src/Illuminate/Foundation/Http/Middleware/TrimStrings.php(51): Illuminate\\Foundation\\Http\\Middleware\\TransformsRequest->handle()
#23 /home/user/vendor/laravel/framework/src/Illuminate/Pipeline/Pipeline.php(209): Illuminate\\Foundation\\Http\\Middleware\\TrimStrings->handle()
#24 /home/user/vendor/laravel/framework/src/Illuminate/Http/Middleware/ValidatePostSize.php(27): Illuminate\\Pipeline\\Pipeline->{closure:{closure:Illuminate\\Pipeline\\Pipeline::carry():184}:185}()
#25 /home/user/vendor/laravel/framework/src/Illuminate/Pipeline/Pipeline.php(209): Illuminate\\Http\\Middleware\\ValidatePostSize->handle()
#26 /home/user/vendor/laravel/framework/src/Illuminate/Foundation/Http/Middleware/PreventRequestsDuringMaintenance.php(110): Illuminate\\Pipeline\\Pipeline->{closure:{closure:Illuminate\\Pipeline\\Pipeline::carry():184}:185}()
#27 /home/user/vendor/laravel/framework/src/Illuminate/Pipeline/Pipeline.php(209): Illuminate\\Foundation\\Http\\Middleware\\PreventRequestsDuringMaintenance->handle()
#28 /home/user/vendor/laravel/framework/src/Illuminate/Http/Middleware/HandleCors.php(62): Illuminate\\Pipeline\\Pipeline->{closure:{closure:Illuminate\\Pipeline\\Pipeline::carry():184}:185}()
#29 /home/user/vendor/laravel/framework/src/Illuminate/Pipeline/Pipeline.php(209): Illuminate\\Http\\Middleware\\HandleCors->handle()
#30 /home/user/vendor/laravel/framework/src/Illuminate/Http/Middleware/TrustProxies.php(58): Illuminate\\Pipeline\\Pipeline->{closure:{closure:Illuminate\\Pipeline\\Pipeline::carry():184}:185}()
#31 /home/user/vendor/laravel/framework/src/Illuminate/Pipeline/Pipeline.php(209): Illuminate\\Http\\Middleware\\TrustProxies->handle()
#32 /home/user/vendor/laravel/framework/src/Illuminate/Foundation/Http/Middleware/InvokeDeferredCallbacks.php(22): Illuminate\\Pipeline\\Pipeline->{closure:{closure:Illuminate\\Pipeline\\Pipeline::carry():184}:185}()
#33 /home/user/vendor/laravel/framework/src/Illuminate/Pipeline/Pipeline.php(209): Illuminate\\Foundation\\Http\\Middleware\\InvokeDeferredCallbacks->handle()
#34 /home/user/vendor/laravel/framework/src/Illuminate/Pipeline/Pipeline.php(127): Illuminate\\Pipeline\\Pipeline->{closure:{closure:Illuminate\\Pipeline\\Pipeline::carry():184}:185}()
#35 /home/user/vendor/laravel/framework/src/Illuminate/Foundation/Http/Kernel.php(176): Illuminate\\Pipeline\\Pipeline->then()
#36 /home/user/vendor/laravel/framework/src/Illuminate/Foundation/Http/Kernel.php(145): Illuminate\\Foundation\\Http\\Kernel->sendRequestThroughRouter()
#37 /home/user/vendor/laravel/framework/src/Illuminate/Foundation/Testing/Concerns/MakesHttpRequests.php(607): Illuminate\\Foundation\\Http\\Kernel->handle()
#38 /home/user/vendor/laravel/framework/src/Illuminate/Foundation/Testing/Concerns/MakesHttpRequests.php(573): Illuminate\\Foundation\\Testing\\TestCase->call()
#39 /home/user/vendor/laravel/framework/src/Illuminate/Foundation/Testing/Concerns/MakesHttpRequests.php(381): Illuminate\\Foundation\\Testing\\TestCase->json()
#40 /home/user/tests/Feature/Api/V1/BetPurchaseApiTest.php(1001): Illuminate\\Foundation\\Testing\\TestCase->getJson()
#41 /home/user/vendor/phpunit/phpunit/src/Framework/TestCase.php(1667): Tests\\Feature\\Api\\V1\\BetPurchaseApiTest->am_an_unexpected_failure_never_exposes_a_stack_trace_or_internals()
#42 /home/user/vendor/phpunit/phpunit/src/Framework/TestCase.php(519): PHPUnit\\Framework\\TestCase->runTest()
#43 /home/user/vendor/phpunit/phpunit/src/Framework/TestRunner/TestRunner.php(87): PHPUnit\\Framework\\TestCase->runBare()
#44 /home/user/vendor/phpunit/phpunit/src/Framework/TestCase.php(365): PHPUnit\\Framework\\TestRunner->run()
#45 /home/user/vendor/phpunit/phpunit/src/Framework/TestSuite.php(369): PHPUnit\\Framework\\TestCase->run()
#46 /home/user/vendor/phpunit/phpunit/src/Framework/TestSuite.php(369): PHPUnit\\Framework\\TestSuite->run()
#47 /home/user/vendor/phpunit/phpunit/src/Framework/TestSuite.php(369): PHPUnit\\Framework\\TestSuite->run()
#48 /home/user/vendor/phpunit/phpunit/src/TextUI/TestRunner.php(64): PHPUnit\\Framework\\TestSuite->run()
#49 /home/user/vendor/phpunit/phpunit/src/TextUI/Application.php(211): PHPUnit\\TextUI\\TestRunner->run()
#50 /home/user/vendor/phpunit/phpunit/phpunit(104): PHPUnit\\TextUI\\Application->run()
#51 /home/user/vendor/bin/phpunit(122): include('...')
#52 {main}
","path":"api/v1/__phase44_failure_probe","method":"GET","user_id":null} 
[2026-09-03 21:31:34] testing.CRITICAL: Limit Exceeded (Critical Risk) on number 123 [3d] for draw 1. {"risk_alert_type":"limit_exceeded","risk_level":"critical","audit_log_id":1} 
[2026-09-03 21:31:34] testing.CRITICAL: Critical Exposure (Critical Risk) on number 123 [3d] for draw 1. {"risk_alert_type":"critical_exposure","risk_level":"critical","audit_log_id":2} 
[2026-09-03 21:31:36] testing.INFO: lottery.automation.provisioned {"created":2,"existing":0,"horizon_days":40} 
[2026-09-03 21:31:36] testing.INFO: lottery.automation.provisioned {"created":8,"existing":0,"horizon_days":120} 
[2026-09-03 21:31:36] testing.INFO: lottery.automation.provisioned {"created":0,"existing":8,"horizon_days":120} 
[2026-09-03 21:31:36] testing.INFO: lottery.automation.provisioned {"created":2,"existing":0,"horizon_days":40} 
[2026-09-03 21:31:36] testing.INFO: lottery.automation.provisioned {"created":0,"existing":2,"horizon_days":40} 
[2026-09-03 21:31:36] testing.INFO: lottery.automation.run {"command":"lottery:open-draws","activity":"open","processed":1,"failed":0,"skipped":0,"candidates":1} 
[2026-09-03 21:31:36] testing.INFO: lottery.automation.run {"command":"lottery:close-draws","activity":"close","processed":1,"failed":0,"skipped":0,"candidates":1} 
[2026-09-03 21:31:36] testing.INFO: lottery.automation.run {"command":"lottery:close-draws","activity":"close","processed":1,"failed":0,"skipped":0,"candidates":1} 
[2026-09-03 21:31:36] testing.INFO: lottery.automation.run {"command":"lottery:close-draws","activity":"close","processed":1,"failed":0,"skipped":0,"candidates":1} 
[2026-09-03 21:31:36] testing.INFO: lottery.automation.run {"command":"lottery:mark-results-pending","activity":"mark result-pending","processed":1,"failed":0,"skipped":0,"candidates":1} 
[2026-09-03 21:31:36] testing.INFO: lottery.automation.run {"command":"lottery:mark-results-pending","activity":"mark result-pending","processed":1,"failed":0,"skipped":0,"candidates":1} 
[2026-09-03 21:31:36] testing.INFO: lottery.automation.run {"command":"lottery:settle-draws","activity":"settle","processed":1,"failed":0,"skipped":0,"candidates":1} 
[2026-09-03 21:31:36] testing.INFO: lottery.automation.run {"command":"lottery:mark-results-pending","activity":"mark result-pending","processed":1,"failed":0,"skipped":0,"candidates":1} 
[2026-09-03 21:31:36] testing.INFO: lottery.automation.run {"command":"lottery:mark-results-pending","activity":"mark result-pending","processed":1,"failed":0,"skipped":0,"candidates":1} 
[2026-09-03 21:31:36] testing.INFO: lottery.automation.run {"command":"lottery:settle-draws","activity":"settle","processed":1,"failed":0,"skipped":0,"candidates":1} 
[2026-09-03 21:31:36] testing.INFO: lottery.automation.run {"command":"lottery:mark-results-pending","activity":"mark result-pending","processed":1,"failed":0,"skipped":0,"candidates":1} 
[2026-09-03 21:31:36] testing.INFO: lottery.automation.run {"command":"lottery:settle-draws","activity":"settle","processed":1,"failed":0,"skipped":0,"candidates":1} 
[2026-09-03 21:31:36] testing.INFO: lottery.automation.run {"command":"lottery:settle-draws","activity":"settle","processed":1,"failed":0,"skipped":0,"candidates":1} 
[2026-09-03 21:31:36] testing.INFO: lottery.automation.run {"command":"lottery:mark-results-pending","activity":"mark result-pending","processed":1,"failed":0,"skipped":0,"candidates":1} 
[2026-09-03 21:31:36] testing.INFO: lottery.automation.run {"command":"lottery:settle-draws","activity":"settle","processed":1,"failed":0,"skipped":0,"candidates":1} 
[2026-09-03 21:31:36] testing.INFO: lottery.automation.run {"command":"lottery:mark-results-pending","activity":"mark result-pending","processed":1,"failed":0,"skipped":0,"candidates":1} 
[2026-09-03 21:31:36] testing.ERROR: lottery.automation.draw_failed {"command":"lottery:settle-draws","activity":"settle","draw_id":1,"draw_number":"DR-TEST-0015","exception":"[object] (App\\Exceptions\\DrawLifecycleException(code: 0): Draw 1 is in state result_published, which implies a published official result, but no draw_results row exists for it. This is refused rather than repaired. at /home/user/app/Exceptions/DrawLifecycleException.php:252)
[stacktrace]
#0 /home/user/app/Services/Draw/DrawSettlementService.php(452): App\\Exceptions\\DrawLifecycleException::resultMissing()
#1 /home/user/app/Services/Draw/DrawSettlementService.php(112): App\\Services\\Draw\\DrawSettlementService->publishedResultFor()
#2 /home/user/app/Services/Draw/DrawSettlementService.php(98): App\\Services\\Draw\\DrawSettlementService->performMonetarySettlement()
#3 /home/user/vendor/laravel/framework/src/Illuminate/Database/Concerns/ManagesTransactions.php(32): App\\Services\\Draw\\DrawSettlementService->{closure:App\\Services\\Draw\\DrawSettlementService::settle():88}()
#4 /home/user/vendor/laravel/framework/src/Illuminate/Database/DatabaseManager.php(495): Illuminate\\Database\\Connection->transaction()
#5 /home/user/vendor/laravel/framework/src/Illuminate/Support/Facades/Facade.php(361): Illuminate\\Database\\DatabaseManager->__call()
#6 /home/user/app/Services/Draw/DrawSettlementService.php(88): Illuminate\\Support\\Facades\\Facade::__callStatic()
#7 /home/user/app/Console/Commands/Lottery/SettleDrawsCommand.php(70): App\\Services\\Draw\\DrawSettlementService->settle()
#8 /home/user/app/Console/Commands/Lottery/LotteryAutomationCommand.php(155): App\\Console\\Commands\\Lottery\\SettleDrawsCommand->{closure:App\\Console\\Commands\\Lottery\\SettleDrawsCommand::handle():69}()
#9 /home/user/app/Console/Commands/Lottery/SettleDrawsCommand.php(67): App\\Console\\Commands\\Lottery\\LotteryAutomationCommand->eachDueDraw()
#10 /home/user/vendor/laravel/framework/src/Illuminate/Container/BoundMethod.php(36): App\\Console\\Commands\\Lottery\\SettleDrawsCommand->handle()
#11 /home/user/vendor/laravel/framework/src/Illuminate/Container/Util.php(43): Illuminate\\Container\\BoundMethod::{closure:Illuminate\\Container\\BoundMethod::call():35}()
#12 /home/user/vendor/laravel/framework/src/Illuminate/Container/BoundMethod.php(95): Illuminate\\Container\\Util::unwrapIfClosure()
#13 /home/user/vendor/laravel/framework/src/Illuminate/Container/BoundMethod.php(35): Illuminate\\Container\\BoundMethod::callBoundMethod()
#14 /home/user/vendor/laravel/framework/src/Illuminate/Container/Container.php(696): Illuminate\\Container\\BoundMethod::call()
#15 /home/user/vendor/laravel/framework/src/Illuminate/Console/Command.php(213): Illuminate\\Container\\Container->call()
#16 /home/user/vendor/symfony/console/Command/Command.php(341): Illuminate\\Console\\Command->execute()
#17 /home/user/vendor/laravel/framework/src/Illuminate/Console/Command.php(182): Symfony\\Component\\Console\\Command\\Command->run()
#18 /home/user/vendor/symfony/console/Application.php(1094): Illuminate\\Console\\Command->run()
#19 /home/user/vendor/symfony/console/Application.php(356): Symfony\\Component\\Console\\Application->doRunCommand()
#20 /home/user/vendor/symfony/console/Application.php(195): Symfony\\Component\\Console\\Application->doRun()
#21 /home/user/vendor/laravel/framework/src/Illuminate/Console/Application.php(166): Symfony\\Component\\Console\\Application->run()
#22 /home/user/vendor/laravel/framework/src/Illuminate/Foundation/Console/Kernel.php(427): Illuminate\\Console\\Application->call()
#23 /home/user/vendor/laravel/framework/src/Illuminate/Testing/PendingCommand.php(332): Illuminate\\Foundation\\Console\\Kernel->call()
#24 /home/user/vendor/laravel/framework/src/Illuminate/Testing/PendingCommand.php(556): Illuminate\\Testing\\PendingCommand->run()
#25 /home/user/tests/Feature/Console/DrawAutomationTest.php(334): Illuminate\\Testing\\PendingCommand->__destruct()
#26 /home/user/vendor/phpunit/phpunit/src/Framework/TestCase.php(1667): Tests\\Feature\\Console\\DrawAutomationTest->one_bad_draw_does_not_stop_the_batch_and_the_command_still_reports_failure()
#27 /home/user/vendor/phpunit/phpunit/src/Framework/TestCase.php(519): PHPUnit\\Framework\\TestCase->runTest()
#28 /home/user/vendor/phpunit/phpunit/src/Framework/TestRunner/TestRunner.php(87): PHPUnit\\Framework\\TestCase->runBare()
#29 /home/user/vendor/phpunit/phpunit/src/Framework/TestCase.php(365): PHPUnit\\Framework\\TestRunner->run()
#30 /home/user/vendor/phpunit/phpunit/src/Framework/TestSuite.php(369): PHPUnit\\Framework\\TestCase->run()
#31 /home/user/vendor/phpunit/phpunit/src/Framework/TestSuite.php(369): PHPUnit\\Framework\\TestSuite->run()
#32 /home/user/vendor/phpunit/phpunit/src/Framework/TestSuite.php(369): PHPUnit\\Framework\\TestSuite->run()
#33 /home/user/vendor/phpunit/phpunit/src/TextUI/TestRunner.php(64): PHPUnit\\Framework\\TestSuite->run()
#34 /home/user/vendor/phpunit/phpunit/src/TextUI/Application.php(211): PHPUnit\\TextUI\\TestRunner->run()
#35 /home/user/vendor/phpunit/phpunit/phpunit(104): PHPUnit\\TextUI\\Application->run()
#36 /home/user/vendor/bin/phpunit(122): include('...')
#37 {main}
"} 
[2026-09-03 21:31:36] testing.INFO: lottery.automation.run {"command":"lottery:settle-draws","activity":"settle","processed":1,"failed":1,"skipped":0,"candidates":2} 
[2026-09-03 21:31:36] testing.INFO: lottery.tick {"steps":5,"failed_steps":[],"duration_ms":0.0,"dry_run":false} 
[2026-09-03 21:31:36] testing.INFO: lottery.automation.run {"command":"lottery:open-draws","activity":"open","processed":1,"failed":0,"skipped":0,"candidates":1} 
[2026-09-03 21:31:36] testing.INFO: lottery.automation.run {"command":"lottery:close-draws","activity":"close","processed":2,"failed":0,"skipped":0,"candidates":2} 
[2026-09-03 21:31:36] testing.INFO: lottery.automation.provisioned {"created":6,"existing":0,"horizon_days":90} 
[2026-09-03 21:31:36] testing.INFO: lottery.automation.run {"command":"lottery:open-draws","activity":"open","processed":1,"failed":0,"skipped":0,"candidates":1} 
[2026-09-03 21:31:36] testing.INFO: lottery.automation.run {"command":"lottery:close-draws","activity":"close","processed":1,"failed":0,"skipped":0,"candidates":1} 
[2026-09-03 21:31:36] testing.INFO: lottery.automation.run {"command":"lottery:mark-results-pending","activity":"mark result-pending","processed":1,"failed":0,"skipped":0,"candidates":1} 
[2026-09-03 21:31:36] testing.INFO: lottery.tick {"steps":5,"failed_steps":[],"duration_ms":23.0,"dry_run":false} 
[2026-09-03 21:31:36] testing.INFO: lottery.automation.provisioned {"created":6,"existing":0,"horizon_days":90} 
[2026-09-03 21:31:36] testing.INFO: lottery.automation.run {"command":"lottery:open-draws","activity":"open","processed":1,"failed":0,"skipped":0,"candidates":1} 
[2026-09-03 21:31:36] testing.INFO: lottery.automation.run {"command":"lottery:close-draws","activity":"close","processed":1,"failed":0,"skipped":0,"candidates":1} 
[2026-09-03 21:31:36] testing.INFO: lottery.automation.run {"command":"lottery:mark-results-pending","activity":"mark result-pending","processed":1,"failed":0,"skipped":0,"candidates":1} 
[2026-09-03 21:31:36] testing.INFO: lottery.tick {"steps":5,"failed_steps":[],"duration_ms":21.0,"dry_run":false} 
[2026-09-03 21:31:36] testing.INFO: lottery.automation.run {"command":"lottery:mark-results-pending","activity":"mark result-pending","processed":1,"failed":0,"skipped":0,"candidates":1} 
[2026-09-03 21:31:36] testing.INFO: lottery.publication.published {"draw_id":1,"draw_number":"DR-TEST-0025","winning_numbers":6,"operator_command":true} 
[2026-09-03 21:31:36] testing.INFO: lottery.automation.run {"command":"lottery:mark-results-pending","activity":"mark result-pending","processed":1,"failed":0,"skipped":0,"candidates":1} 
[2026-09-03 21:31:36] testing.WARNING: lottery.publication.refused {"draw_id":1,"draw_number":"DR-TEST-0026","exception":"[object] (App\\Exceptions\\DrawResultValidationException(code: 0): The official first prize number must be exactly 6 digits. Received \"12\", which is 2. Leading zeroes count as digits and are never stripped. at /home/user/app/Exceptions/DrawResultValidationException.php:119)
[stacktrace]
#0 /home/user/app/Services/Draw/DrawResultValidator.php(205): App\\Exceptions\\DrawResultValidationException::firstPrizeLength()
#1 /home/user/app/Services/Draw/DrawResultValidator.php(131): App\\Services\\Draw\\DrawResultValidator->validateFirstPrize()
#2 /home/user/app/Services/Draw/DrawResultPublicationService.php(105): App\\Services\\Draw\\DrawResultValidator->validate()
#3 /home/user/app/Console/Commands/Lottery/PublishDrawResultCommand.php(104): App\\Services\\Draw\\DrawResultPublicationService->publish()
#4 /home/user/vendor/laravel/framework/src/Illuminate/Container/BoundMethod.php(36): App\\Console\\Commands\\Lottery\\PublishDrawResultCommand->handle()
#5 /home/user/vendor/laravel/framework/src/Illuminate/Container/Util.php(43): Illuminate\\Container\\BoundMethod::{closure:Illuminate\\Container\\BoundMethod::call():35}()
#6 /home/user/vendor/laravel/framework/src/Illuminate/Container/BoundMethod.php(95): Illuminate\\Container\\Util::unwrapIfClosure()
#7 /home/user/vendor/laravel/framework/src/Illuminate/Container/BoundMethod.php(35): Illuminate\\Container\\BoundMethod::callBoundMethod()
#8 /home/user/vendor/laravel/framework/src/Illuminate/Container/Container.php(696): Illuminate\\Container\\BoundMethod::call()
#9 /home/user/vendor/laravel/framework/src/Illuminate/Console/Command.php(213): Illuminate\\Container\\Container->call()
#10 /home/user/vendor/symfony/console/Command/Command.php(341): Illuminate\\Console\\Command->execute()
#11 /home/user/vendor/laravel/framework/src/Illuminate/Console/Command.php(182): Symfony\\Component\\Console\\Command\\Command->run()
#12 /home/user/vendor/symfony/console/Application.php(1094): Illuminate\\Console\\Command->run()
#13 /home/user/vendor/symfony/console/Application.php(356): Symfony\\Component\\Console\\Application->doRunCommand()
#14 /home/user/vendor/symfony/console/Application.php(195): Symfony\\Component\\Console\\Application->doRun()
#15 /home/user/vendor/laravel/framework/src/Illuminate/Console/Application.php(166): Symfony\\Component\\Console\\Application->run()
#16 /home/user/vendor/laravel/framework/src/Illuminate/Foundation/Console/Kernel.php(427): Illuminate\\Console\\Application->call()
#17 /home/user/vendor/laravel/framework/src/Illuminate/Testing/PendingCommand.php(332): Illuminate\\Foundation\\Console\\Kernel->call()
#18 /home/user/vendor/laravel/framework/src/Illuminate/Testing/PendingCommand.php(556): Illuminate\\Testing\\PendingCommand->run()
#19 /home/user/tests/Feature/Console/DrawAutomationTest.php(443): Illuminate\\Testing\\PendingCommand->__destruct()
#20 /home/user/vendor/phpunit/phpunit/src/Framework/TestCase.php(1667): Tests\\Feature\\Console\\DrawAutomationTest->publication_refuses_numbers_the_validator_rejects_and_writes_nothing()
#21 /home/user/vendor/phpunit/phpunit/src/Framework/TestCase.php(519): PHPUnit\\Framework\\TestCase->runTest()
#22 /home/user/vendor/phpunit/phpunit/src/Framework/TestRunner/TestRunner.php(87): PHPUnit\\Framework\\TestCase->runBare()
#23 /home/user/vendor/phpunit/phpunit/src/Framework/TestCase.php(365): PHPUnit\\Framework\\TestRunner->run()
#24 /home/user/vendor/phpunit/phpunit/src/Framework/TestSuite.php(369): PHPUnit\\Framework\\TestCase->run()
#25 /home/user/vendor/phpunit/phpunit/src/Framework/TestSuite.php(369): PHPUnit\\Framework\\TestSuite->run()
#26 /home/user/vendor/phpunit/phpunit/src/Framework/TestSuite.php(369): PHPUnit\\Framework\\TestSuite->run()
#27 /home/user/vendor/phpunit/phpunit/src/TextUI/TestRunner.php(64): PHPUnit\\Framework\\TestSuite->run()
#28 /home/user/vendor/phpunit/phpunit/src/TextUI/Application.php(211): PHPUnit\\TextUI\\TestRunner->run()
#29 /home/user/vendor/phpunit/phpunit/phpunit(104): PHPUnit\\TextUI\\Application->run()
#30 /home/user/vendor/bin/phpunit(122): include('...')
#31 {main}
"} 
[2026-09-03 21:31:36] testing.WARNING: lottery.publication.refused {"draw_id":1,"draw_number":"DR-TEST-0027","exception":"[object] (App\\Exceptions\\DrawLifecycleException(code: 0): Draw 1 is in state open; an official result may only be published from result_pending. at /home/user/app/Exceptions/DrawLifecycleException.php:191)
[stacktrace]
#0 /home/user/app/Services/Draw/DrawLifecycleService.php(385): App\\Exceptions\\DrawLifecycleException::notPublishable()
#1 /home/user/app/Services/Draw/DrawResultPublicationService.php(110): App\\Services\\Draw\\DrawLifecycleService->assertCanPublishResult()
#2 /home/user/vendor/laravel/framework/src/Illuminate/Database/Concerns/ManagesTransactions.php(32): App\\Services\\Draw\\DrawResultPublicationService->{closure:App\\Services\\Draw\\DrawResultPublicationService::publish():107}()
#3 /home/user/vendor/laravel/framework/src/Illuminate/Database/DatabaseManager.php(495): Illuminate\\Database\\Connection->transaction()
#4 /home/user/vendor/laravel/framework/src/Illuminate/Support/Facades/Facade.php(361): Illuminate\\Database\\DatabaseManager->__call()
#5 /home/user/app/Services/Draw/DrawResultPublicationService.php(139): Illuminate\\Support\\Facades\\Facade::__callStatic()
#6 /home/user/app/Console/Commands/Lottery/PublishDrawResultCommand.php(104): App\\Services\\Draw\\DrawResultPublicationService->publish()
#7 /home/user/vendor/laravel/framework/src/Illuminate/Container/BoundMethod.php(36): App\\Console\\Commands\\Lottery\\PublishDrawResultCommand->handle()
#8 /home/user/vendor/laravel/framework/src/Illuminate/Container/Util.php(43): Illuminate\\Container\\BoundMethod::{closure:Illuminate\\Container\\BoundMethod::call():35}()
#9 /home/user/vendor/laravel/framework/src/Illuminate/Container/BoundMethod.php(95): Illuminate\\Container\\Util::unwrapIfClosure()
#10 /home/user/vendor/laravel/framework/src/Illuminate/Container/BoundMethod.php(35): Illuminate\\Container\\BoundMethod::callBoundMethod()
#11 /home/user/vendor/laravel/framework/src/Illuminate/Container/Container.php(696): Illuminate\\Container\\BoundMethod::call()
#12 /home/user/vendor/laravel/framework/src/Illuminate/Console/Command.php(213): Illuminate\\Container\\Container->call()
#13 /home/user/vendor/symfony/console/Command/Command.php(341): Illuminate\\Console\\Command->execute()
#14 /home/user/vendor/laravel/framework/src/Illuminate/Console/Command.php(182): Symfony\\Component\\Console\\Command\\Command->run()
#15 /home/user/vendor/symfony/console/Application.php(1094): Illuminate\\Console\\Command->run()
#16 /home/user/vendor/symfony/console/Application.php(356): Symfony\\Component\\Console\\Application->doRunCommand()
#17 /home/user/vendor/symfony/console/Application.php(195): Symfony\\Component\\Console\\Application->doRun()
#18 /home/user/vendor/laravel/framework/src/Illuminate/Console/Application.php(166): Symfony\\Component\\Console\\Application->run()
#19 /home/user/vendor/laravel/framework/src/Illuminate/Foundation/Console/Kernel.php(427): Illuminate\\Console\\Application->call()
#20 /home/user/vendor/laravel/framework/src/Illuminate/Testing/PendingCommand.php(332): Illuminate\\Foundation\\Console\\Kernel->call()
#21 /home/user/vendor/laravel/framework/src/Illuminate/Testing/PendingCommand.php(556): Illuminate\\Testing\\PendingCommand->run()
#22 /home/user/tests/Feature/Console/DrawAutomationTest.php(459): Illuminate\\Testing\\PendingCommand->__destruct()
#23 /home/user/vendor/phpunit/phpunit/src/Framework/TestCase.php(1667): Tests\\Feature\\Console\\DrawAutomationTest->publication_is_refused_for_a_draw_that_is_not_awaiting_its_result()
#24 /home/user/vendor/phpunit/phpunit/src/Framework/TestCase.php(519): PHPUnit\\Framework\\TestCase->runTest()
#25 /home/user/vendor/phpunit/phpunit/src/Framework/TestRunner/TestRunner.php(87): PHPUnit\\Framework\\TestCase->runBare()
#26 /home/user/vendor/phpunit/phpunit/src/Framework/TestCase.php(365): PHPUnit\\Framework\\TestRunner->run()
#27 /home/user/vendor/phpunit/phpunit/src/Framework/TestSuite.php(369): PHPUnit\\Framework\\TestCase->run()
#28 /home/user/vendor/phpunit/phpunit/src/Framework/TestSuite.php(369): PHPUnit\\Framework\\TestSuite->run()
#29 /home/user/vendor/phpunit/phpunit/src/Framework/TestSuite.php(369): PHPUnit\\Framework\\TestSuite->run()
#30 /home/user/vendor/phpunit/phpunit/src/TextUI/TestRunner.php(64): PHPUnit\\Framework\\TestSuite->run()
#31 /home/user/vendor/phpunit/phpunit/src/TextUI/Application.php(211): PHPUnit\\TextUI\\TestRunner->run()
#32 /home/user/vendor/phpunit/phpunit/phpunit(104): PHPUnit\\TextUI\\Application->run()
#33 /home/user/vendor/bin/phpunit(122): include('...')
#34 {main}
"} 
[2026-09-03 21:31:36] testing.INFO: lottery.automation.run {"command":"lottery:mark-results-pending","activity":"mark result-pending","processed":1,"failed":0,"skipped":0,"candidates":1} 
[2026-09-03 21:32:16] testing.INFO: Payment webhook event already processed (replay cache hit) {"gateway":"stripe","event_id":"evt_stripe_concurrency_666"} 
[2026-09-03 21:32:16] testing.INFO: Payment webhook event already processed (replay cache hit) {"gateway":"stripe","event_id":"evt_stripe_concurrency_666"} 
[2026-09-03 21:32:16] testing.INFO: Payment webhook event already processed (replay cache hit) {"gateway":"stripe","event_id":"evt_stripe_concurrency_666"} 
[2026-09-03 21:32:16] testing.INFO: Payment webhook event already processed (replay cache hit) {"gateway":"stripe","event_id":"evt_stripe_concurrency_666"} 
[2026-09-03 21:32:16] testing.WARNING: Payment webhook signature verification failed {"gateway":"stripe","ip":"127.0.0.1"} 
[2026-09-03 21:32:16] testing.WARNING: Payment webhook signature verification failed {"gateway":"bkash","ip":"127.0.0.1"} 
[2026-09-03 21:32:16] testing.WARNING: Stripe webhook rejected: timestamp drift exceeds tolerance. {"event_time":1788445336,"current_time":1788445936,"tolerance":300} 
[2026-09-03 21:32:16] testing.WARNING: Payment webhook signature verification failed {"gateway":"stripe","ip":"127.0.0.1"} 
[2026-09-03 21:32:17] testing.INFO: Payment webhook event already processed (replay cache hit) {"gateway":"stripe","event_id":"evt_unique_test_replay_999"} 
[2026-09-03 21:47:39] local.ERROR: Please provide a valid cache path. {"exception":"[object] (InvalidArgumentException(code: 0): Please provide a valid cache path. at /home/user/vendor/laravel/framework/src/Illuminate/View/Compilers/Compiler.php:67)
[stacktrace]
#0 /home/user/vendor/laravel/framework/src/Illuminate/View/ViewServiceProvider.php(97): Illuminate\\View\\Compilers\\Compiler->__construct()
#1 /home/user/vendor/laravel/framework/src/Illuminate/Container/Container.php(952): Illuminate\\View\\ViewServiceProvider->{closure:Illuminate\\View\\ViewServiceProvider::registerBladeCompiler():96}()
#2 /home/user/vendor/laravel/framework/src/Illuminate/Container/Container.php(832): Illuminate\\Container\\Container->build()
#3 /home/user/vendor/laravel/framework/src/Illuminate/Foundation/Application.php(1078): Illuminate\\Container\\Container->resolve()
#4 /home/user/vendor/laravel/framework/src/Illuminate/Container/Container.php(763): Illuminate\\Foundation\\Application->resolve()
#5 /home/user/vendor/laravel/framework/src/Illuminate/Foundation/Application.php(1058): Illuminate\\Container\\Container->make()
#6 /home/user/vendor/laravel/framework/src/Illuminate/Container/Container.php(1580): Illuminate\\Foundation\\Application->make()
#7 /home/user/vendor/laravel/framework/src/Illuminate/Support/Facades/Facade.php(239): Illuminate\\Container\\Container->offsetGet()
#8 /home/user/vendor/laravel/framework/src/Illuminate/Support/Facades/Facade.php(210): Illuminate\\Support\\Facades\\Facade::resolveFacadeInstance()
#9 /home/user/vendor/laravel/framework/src/Illuminate/Support/Facades/Facade.php(355): Illuminate\\Support\\Facades\\Facade::getFacadeRoot()
#10 /home/user/vendor/blade-ui-kit/blade-icons/src/BladeIconsServiceProvider.php(122): Illuminate\\Support\\Facades\\Facade::__callStatic()
#11 /home/user/vendor/blade-ui-kit/blade-icons/src/BladeIconsServiceProvider.php(27): BladeUI\\Icons\\BladeIconsServiceProvider->bootDirectives()
#12 /home/user/vendor/laravel/framework/src/Illuminate/Container/BoundMethod.php(36): BladeUI\\Icons\\BladeIconsServiceProvider->boot()
#13 /home/user/vendor/laravel/framework/src/Illuminate/Container/Util.php(43): Illuminate\\Container\\BoundMethod::{closure:Illuminate\\Container\\BoundMethod::call():35}()
#14 /home/user/vendor/laravel/framework/src/Illuminate/Container/BoundMethod.php(95): Illuminate\\Container\\Util::unwrapIfClosure()
#15 /home/user/vendor/laravel/framework/src/Illuminate/Container/BoundMethod.php(35): Illuminate\\Container\\BoundMethod::callBoundMethod()
#16 /home/user/vendor/laravel/framework/src/Illuminate/Container/Container.php(696): Illuminate\\Container\\BoundMethod::call()
#17 /home/user/vendor/laravel/framework/src/Illuminate/Foundation/Application.php(1151): Illuminate\\Container\\Container->call()
#18 /home/user/vendor/laravel/framework/src/Illuminate/Foundation/Application.php(1132): Illuminate\\Foundation\\Application->bootProvider()
#19 [internal function]: Illuminate\\Foundation\\Application->{closure:Illuminate\\Foundation\\Application::boot():1131}()
#20 /home/user/vendor/laravel/framework/src/Illuminate/Foundation/Application.php(1131): array_walk()
#21 /home/user/vendor/laravel/framework/src/Illuminate/Foundation/Bootstrap/BootProviders.php(17): Illuminate\\Foundation\\Application->boot()
#22 /home/user/vendor/laravel/framework/src/Illuminate/Foundation/Application.php(342): Illuminate\\Foundation\\Bootstrap\\BootProviders->bootstrap()
#23 /home/user/vendor/laravel/framework/src/Illuminate/Foundation/Console/Kernel.php(474): Illuminate\\Foundation\\Application->bootstrapWith()
#24 /home/user/vendor/laravel/framework/src/Illuminate/Foundation/Console/Kernel.php(196): Illuminate\\Foundation\\Console\\Kernel->bootstrap()
#25 /home/user/vendor/laravel/framework/src/Illuminate/Foundation/Application.php(1235): Illuminate\\Foundation\\Console\\Kernel->handle()
#26 /home/user/artisan(15): Illuminate\\Foundation\\Application->handleCommand()
#27 {main}
"} 
[2026-09-03 21:50:39] testing.ERROR: High Exposure (High Risk) on number 123 [3d] for draw 1. {"risk_alert_type":"high_exposure","risk_level":"high","audit_log_id":4} 
[2026-09-03 21:51:16] testing.ERROR: High Exposure (High Risk) on number 123 [3d] for draw 1. {"risk_alert_type":"high_exposure","risk_level":"high","audit_log_id":4} 
[2026-09-03 21:51:31] testing.ERROR: High Exposure (High Risk) on number 123 [3d] for draw 1. {"risk_alert_type":"high_exposure","risk_level":"high","audit_log_id":4} 
[2026-09-03 21:51:40] testing.ERROR: High Exposure (High Risk) on number 123 [3d] for draw 1. {"risk_alert_type":"high_exposure","risk_level":"high","audit_log_id":4} 
[2026-09-03 21:51:49] testing.INFO: bet_purchase.api.success {"outcome":"purchased","bet_id":1,"bet_number":"BT-20260903-5E2C27C6B0B8","ticket_id":1,"draw_id":1,"currency":"THB","stake":"10.00","client_key":"api-3fac7e5042598962807ac50192f07570561b1f92","request_id":"8ccd9478d6c88d2937cec587d61dc0a8","user_id":1} 
[2026-09-03 21:51:49] testing.INFO: bet_purchase.api.success {"outcome":"purchased","bet_id":1,"bet_number":"BT-20260903-0E6C3AAF4F31","ticket_id":1,"draw_id":1,"currency":"THB","stake":"10.00","client_key":"api-a676f40bd6585d6668cbe33a51f09953c02a7fef","request_id":"a03e39ba4754c8859e0b59234e397dcb","user_id":1} 
[2026-09-03 21:51:50] testing.INFO: bet_purchase.api.success {"outcome":"purchased","bet_id":1,"bet_number":"BT-20260903-DAB6D6502085","ticket_id":1,"draw_id":1,"currency":"THB","stake":"10.00","client_key":"api-f7b8f591922e9b515c83f0ca28847379e14e3f93","request_id":"aca03f8fa49792deddc33e5750e1324d","user_id":1} 
[2026-09-03 21:51:50] testing.INFO: bet_purchase.api.success {"outcome":"purchased","bet_id":1,"bet_number":"BT-20260903-1E64171D906F","ticket_id":1,"draw_id":1,"currency":"THB","stake":"10.00","client_key":"api-e187d76746182cbb563423de65c53cff48e1b26c","request_id":"eebcdb20a45ce1279ae8ca2c3deb309f","user_id":1} 
[2026-09-03 21:51:50] testing.INFO: bet_purchase.api.success {"outcome":"purchased","bet_id":1,"bet_number":"BT-20260903-7DC61F708336","ticket_id":1,"draw_id":1,"currency":"THB","stake":"10.00","client_key":"api-bd6c2f1a5ca9ea80b589a486be6f1ed025590bed","request_id":"20ab027fa2ec42c7887bc902f42c85e7","user_id":1} 
[2026-09-03 21:51:51] testing.INFO: bet_purchase.api.success {"outcome":"purchased","bet_id":1,"bet_number":"BT-20260903-8F9F8649A2CF","ticket_id":1,"draw_id":1,"currency":"THB","stake":"10.00","client_key":"api-8e924a7dac69469f40b6a9525e68f510b7972699","request_id":"b49874bcdb28498945ee08dc0a617223","user_id":1} 
[2026-09-03 21:51:51] testing.INFO: bet_purchase.api.success {"outcome":"purchased","bet_id":1,"bet_number":"BT-20260903-01C287ACA23E","ticket_id":1,"draw_id":1,"currency":"THB","stake":"10.00","client_key":"api-63e4863923f9d99f637040c4ecaa95eaf5e39f31","request_id":"df454da68d0688b7bead9a70218f2ecf","user_id":1} 
[2026-09-03 21:51:51] testing.INFO: bet_purchase.api.success {"outcome":"purchased","bet_id":1,"bet_number":"BT-20260903-D6DF0F8B359D","ticket_id":1,"draw_id":1,"currency":"THB","stake":"10.00","client_key":"api-1d2da6cca6185013559ff92e6eedc11e93618224","request_id":"78865dca2af49abca346e3eba114402d","user_id":1} 
[2026-09-03 21:51:51] testing.INFO: bet_purchase.api.success {"outcome":"purchased","bet_id":1,"bet_number":"BT-20260903-7E365B11AA81","ticket_id":1,"draw_id":1,"currency":"THB","stake":"10.00","client_key":"api-4fed3970dcc0d31dccddbf69ef55b00f32d2ca78","request_id":"e8bd7c9d6fd3d676e66a36ad967a54a2","user_id":1} 
[2026-09-03 21:51:51] testing.INFO: bet_purchase.api.success {"outcome":"purchased","bet_id":1,"bet_number":"BT-20260903-86E1AE65E77E","ticket_id":1,"draw_id":1,"currency":"THB","stake":"10.00","client_key":"api-3e23e8160039594a33894f6564e1b1348bbd7a00","request_id":"bf131cabe34b3aae5586ffdec04c8ffb","user_id":1} 
[2026-09-03 21:51:51] testing.INFO: bet_purchase.api.success {"outcome":"purchased","bet_id":1,"bet_number":"BT-20260903-B66461F498FB","ticket_id":1,"draw_id":1,"currency":"THB","stake":"10.00","client_key":"api-2e7d2c03a9507ae265ecf5b5356885a53393a202","request_id":"0bcd5203427ec4e39290391768907fa2","user_id":1} 
[2026-09-03 21:51:51] testing.INFO: bet_purchase.api.refused {"outcome":"refused","error_code":"draw_not_found","http_status":404,"exception":"App\\Exceptions\\BetPurchaseValidationException","client_key":"api-3f79bb7b435b05321651daefd374cdc681dc06fa","request_id":"46ac9466452f73a36b56f288018a8d16","user_id":1} 
[2026-09-03 21:51:51] testing.INFO: bet_purchase.api.refused {"outcome":"refused","error_code":"draw_closed","http_status":422,"exception":"App\\Exceptions\\BetPurchaseValidationException","client_key":"api-252f10c83610ebca1a059c0bae8255eba2f95be4","request_id":"47033bedf660c8b7c7512dc9453d3bf1","user_id":1} 
[2026-09-03 21:51:52] testing.INFO: bet_purchase.api.success {"outcome":"purchased","bet_id":1,"bet_number":"BT-20260903-92A4F35DEEDA","ticket_id":1,"draw_id":1,"currency":"THB","stake":"10.00","client_key":"api-de7d1b721a1e0632b7cf04edf5032c8ecffa9f9a","request_id":"7264a8a0038cad5d59a70be48c476884","user_id":1} 
[2026-09-03 21:51:52] testing.INFO: bet_purchase.api.success {"outcome":"purchased","bet_id":1,"bet_number":"BT-20260903-A76385B213AD","ticket_id":1,"draw_id":1,"currency":"THB","stake":"10.00","client_key":"api-189f40034be7a199f1fa9891668ee3ab6049f82d","request_id":"dc06d0f7538d12eb027ba8587ad61917","user_id":1} 
[2026-09-03 21:51:52] testing.INFO: bet_purchase.api.refused {"outcome":"refused","error_code":"invalid_stake","http_status":422,"exception":"App\\Exceptions\\BetPurchaseValidationException","client_key":"api-acac86c0e609ca906f632b0e2dacccb2b77d22b0","request_id":"720130b9d473b6793ae8c695809f9f0d","user_id":1} 
[2026-09-03 21:51:52] testing.INFO: bet_purchase.api.refused {"outcome":"refused","error_code":"insufficient_balance","http_status":422,"exception":"App\\Exceptions\\BetPurchaseException","client_key":"api-1b16b1df538ba12dc3f97edbb85caa7050d46c14","request_id":"c7184169d37b820c9d7ca0f67f3bb2e1","user_id":1} 
[2026-09-03 21:51:52] testing.INFO: bet_purchase.api.refused {"outcome":"refused","error_code":"risk_rejected","http_status":422,"exception":"App\\Exceptions\\BetPurchaseValidationException","client_key":"api-65c74c15a686187bb6bbf9958f494fc6b8006803","request_id":"0710709022af1dd8768b8f0a7a34abe2","user_id":1} 
[2026-09-03 21:51:52] testing.INFO: bet_purchase.api.success {"outcome":"purchased","bet_id":1,"bet_number":"BT-20260903-A57ABA3DE46C","ticket_id":1,"draw_id":1,"currency":"THB","stake":"10.00","client_key":"api-148de9c5a7a44d19e56cd9ae1a554bf67847afb0","request_id":"0dc98e0a0a7ac1cbb1549b84154a1edb","user_id":1} 
[2026-09-03 21:51:52] testing.INFO: bet_purchase.api.success {"outcome":"replayed","bet_id":1,"bet_number":"BT-20260903-A57ABA3DE46C","ticket_id":1,"draw_id":1,"currency":"THB","stake":"10.00","client_key":"api-148de9c5a7a44d19e56cd9ae1a554bf67847afb0","request_id":"6982a426ce424cb68b20bc2e8becc651","user_id":1} 
[2026-09-03 21:51:52] testing.INFO: bet_purchase.api.success {"outcome":"purchased","bet_id":1,"bet_number":"BT-20260903-5F08AA65263A","ticket_id":1,"draw_id":1,"currency":"THB","stake":"10.00","client_key":"api-8e35c2cd3bf6641bdb0e2050b76932cbb2e6034a","request_id":"9e464ffcf09f3a11f3f15ae9e0dcbc79","user_id":1} 
[2026-09-03 21:51:52] testing.INFO: bet_purchase.api.refused {"outcome":"refused","error_code":"idempotency_payload_mismatch","http_status":409,"exception":"App\\Exceptions\\BetPurchaseIdempotencyException","client_key":"api-8e35c2cd3bf6641bdb0e2050b76932cbb2e6034a","request_id":"38b28afd957905adf69b52c6ab8646a2","user_id":1} 
[2026-09-03 21:51:53] testing.INFO: bet_purchase.api.success {"outcome":"purchased","bet_id":1,"bet_number":"BT-20260903-90656DF80953","ticket_id":1,"draw_id":1,"currency":"THB","stake":"10.00","client_key":"api-454349e422f05297191ead13e21d3db520e5abef","request_id":"05cec84739184f10f6eb5df807fc081c","user_id":1} 
[2026-09-03 21:51:53] testing.INFO: bet_purchase.api.success {"outcome":"purchased","bet_id":2,"bet_number":"BT-20260903-B23DB8B435F6","ticket_id":2,"draw_id":2,"currency":"THB","stake":"10.00","client_key":"api-454349e422f05297191ead13e21d3db520e5abef","request_id":"b435ef077d72d5d4b52cb5a87c6a6af4","user_id":2} 
[2026-09-03 21:51:53] testing.INFO: bet_purchase.api.success {"outcome":"purchased","bet_id":1,"bet_number":"BT-20260903-186E55299D9E","ticket_id":1,"draw_id":1,"currency":"THB","stake":"10.00","client_key":"api-043a718774c572bd8a25adbeb1bfcd5c0256ae11","request_id":"1abbab6b63fe9b34325eafa294580892","user_id":1} 
[2026-09-03 21:51:53] testing.INFO: bet_purchase.api.success {"outcome":"purchased","bet_id":2,"bet_number":"BT-20260903-9AC71A84ABFC","ticket_id":2,"draw_id":2,"currency":"THB","stake":"10.00","client_key":"api-043a718774c572bd8a25adbeb1bfcd5c0256ae11","request_id":"bb3c052680789f4d5e883c6b8b1060c0","user_id":1} 
[2026-09-03 21:51:53] testing.INFO: bet_purchase.api.success {"outcome":"purchased","bet_id":1,"bet_number":"BT-20260903-2F570C1A0105","ticket_id":1,"draw_id":1,"currency":"THB","stake":"10.00","client_key":"api-e3b98a4da31a127d4bde6e43033f66ba274cab0e","request_id":"8b20fce14aab3970cab068925010757f","user_id":1} 
[2026-09-03 21:51:53] testing.INFO: bet_purchase.api.success {"outcome":"purchased","bet_id":1,"bet_number":"BT-20260903-FAEB94897F90","ticket_id":1,"draw_id":1,"currency":"THB","stake":"10.00","client_key":"api-2d711642b726b04401627ca9fbac32f5c8530fb1","request_id":"cf35a73cf8ed826ecdf1dbb91f0d427a","user_id":1} 
[2026-09-03 21:51:53] testing.INFO: bet_purchase.api.success {"outcome":"purchased","bet_id":1,"bet_number":"BT-20260903-2A3DBFE8D792","ticket_id":1,"draw_id":1,"currency":"THB","stake":"10.00","client_key":"api-a1fce4363854ff888cff4b8e7875d600c2682390","request_id":"08a7d108021f9db5d031e78c4c7844de","user_id":1} 
[2026-09-03 21:51:53] testing.INFO: bet_purchase.api.success {"outcome":"purchased","bet_id":1,"bet_number":"BT-20260903-80F55C70E6FA","ticket_id":1,"draw_id":1,"currency":"THB","stake":"10.00","client_key":"api-fb8e20fc2e4c3f248c60c39bd652f3c1347298bb","request_id":"ce8954d06d1ccd4b7de7d2f7f2af88db","user_id":1} 
[2026-09-03 21:51:54] testing.INFO: bet_purchase.api.success {"outcome":"purchased","bet_id":1,"bet_number":"BT-20260903-B410AA20A206","ticket_id":1,"draw_id":1,"currency":"THB","stake":"10.00","client_key":"api-f45de51cdef30991551e41e882dd7b5404799648","request_id":"75bf64f2a0c19c06277458dd51a798d4","user_id":1} 
[2026-09-03 21:51:54] testing.INFO: bet_purchase.api.success {"outcome":"purchased","bet_id":1,"bet_number":"BT-20260903-FF51D878690F","ticket_id":1,"draw_id":1,"currency":"THB","stake":"10.00","client_key":"api-b0136a3f0a0fae4b4cbb261ae65b245326d69f8a","request_id":"b1c5150c8cb224a7ed382b1abae1d59e","user_id":1} 
[2026-09-03 21:51:54] testing.INFO: bet_purchase.api.success {"outcome":"purchased","bet_id":1,"bet_number":"BT-20260903-A761F64681AB","ticket_id":1,"draw_id":1,"currency":"THB","stake":"10.00","client_key":"api-e5a94045f98e84810bb71edd3ba885463406b087","request_id":"8142c04ed05b17d722700515d509ede1","user_id":1} 
[2026-09-03 21:51:54] testing.INFO: bet_purchase.api.success {"outcome":"purchased","bet_id":1,"bet_number":"BT-20260903-C206A43AD9D3","ticket_id":1,"draw_id":1,"currency":"THB","stake":"10.00","client_key":"api-b797c8d26a988c97a38d4458172406dc19ab0012","request_id":"8e33a0373b50694090bec7cd8784e04e","user_id":1} 
[2026-09-03 21:51:54] testing.INFO: bet_purchase.api.success {"outcome":"purchased","bet_id":1,"bet_number":"BT-20260903-BD17D112CBB6","ticket_id":1,"draw_id":1,"currency":"THB","stake":"10.00","client_key":"api-70ba33708cbfb103f1a8e34afef333ba7dc02102","request_id":"656af3083bbfc5fe92e92d7cf68c6938","user_id":1} 
[2026-09-03 21:51:55] testing.INFO: bet_purchase.api.success {"outcome":"purchased","bet_id":1,"bet_number":"BT-20260903-BC6BF9F67256","ticket_id":1,"draw_id":1,"currency":"THB","stake":"10.00","client_key":"api-f9a00f43e97e3966bb846e76b6795e11512c3bbf","request_id":"309922b35104606d5542ee75ddf29e17","user_id":1} 
[2026-09-03 21:51:55] testing.INFO: bet_purchase.api.success {"outcome":"purchased","bet_id":1,"bet_number":"BT-20260903-EF95047BA161","ticket_id":1,"draw_id":1,"currency":"THB","stake":"10.00","client_key":"api-503126878d17fcd6bde7df320ff6eb7c278a1c42","request_id":"4d95e6d8993fb1600fbd5f5193a2e3cd","user_id":1} 
[2026-09-03 21:51:55] testing.INFO: bet_purchase.api.success {"outcome":"purchased","bet_id":1,"bet_number":"BT-20260903-DA6383CA817C","ticket_id":1,"draw_id":1,"currency":"THB","stake":"10.00","client_key":"api-9aaf680776b98fd17fe63376120525cbcdffc01b","request_id":"4181cc9ac7227b98096cf7a93936f76a","user_id":1} 
[2026-09-03 21:51:55] testing.INFO: bet_purchase.api.success {"outcome":"purchased","bet_id":1,"bet_number":"BT-20260903-9B3F8F1860EE","ticket_id":1,"draw_id":1,"currency":"THB","stake":"10.55","client_key":"api-70a0d5198ebb88f97a2cc83a236a8afcc28c7d9e","request_id":"37bca7ba556f9afb46eb4410af313820","user_id":1} 
[2026-09-03 21:51:55] testing.INFO: bet_purchase.api.success {"outcome":"purchased","bet_id":1,"bet_number":"BT-20260903-80148DD1D7D0","ticket_id":1,"draw_id":1,"currency":"THB","stake":"10.00","client_key":"api-32e83e92d45d71f69dcf9d214688f03755421086","request_id":"ba8e6176fa36b396e3fad69949a8f789","user_id":1} 
[2026-09-03 21:51:55] testing.INFO: bet_purchase.api.success {"outcome":"purchased","bet_id":1,"bet_number":"BT-20260903-D98E69857A2F","ticket_id":1,"draw_id":1,"currency":"THB","stake":"10.00","client_key":"api-7d29d73105d636d04ca9fffcf979986d373ac874","request_id":"71cb61483a1bd11d0a67fdd720cc682d","user_id":1} 
[2026-09-03 21:51:56] testing.INFO: bet_purchase.api.success {"outcome":"purchased","bet_id":1,"bet_number":"BT-20260903-3D96BED1090D","ticket_id":1,"draw_id":2,"currency":"THB","stake":"10.00","client_key":"api-6fdb16bc02366c008d809798cb3faae1efba55a5","request_id":"aeb1219fa67d0c3b699e3c7427f388a9","user_id":2} 
[2026-09-03 21:51:56] testing.ERROR: SQLSTATE[42S02]: Base table or view not found: 1146 Table "thai_lottery.wallets" doesn't exist (Connection: mysql, SQL: select * from `wallets` where `id` = 1) in /var/www/app/Services/Finance/WalletService.php:118 {"exception":"[object] (RuntimeException(code: 0): SQLSTATE[42S02]: Base table or view not found: 1146 Table \"thai_lottery.wallets\" doesn't exist (Connection: mysql, SQL: select * from `wallets` where `id` = 1) in /var/www/app/Services/Finance/WalletService.php:118 at /home/user/tests/Feature/Api/V1/BetPurchaseApiTest.php:993)
[stacktrace]
#0 /home/user/vendor/laravel/framework/src/Illuminate/Routing/CallableDispatcher.php(40): Tests\\Feature\\Api\\V1\\BetPurchaseApiTest->{closure:Tests\\Feature\\Api\\V1\\BetPurchaseApiTest::am_an_unexpected_failure_never_exposes_a_stack_trace_or_internals():990}()
#1 /home/user/vendor/laravel/framework/src/Illuminate/Routing/Route.php(244): Illuminate\\Routing\\CallableDispatcher->dispatch()
#2 /home/user/vendor/laravel/framework/src/Illuminate/Routing/Route.php(215): Illuminate\\Routing\\Route->runCallable()
#3 /home/user/vendor/laravel/framework/src/Illuminate/Routing/Router.php(808): Illuminate\\Routing\\Route->run()
#4 /home/user/vendor/laravel/framework/src/Illuminate/Pipeline/Pipeline.php(170): Illuminate\\Routing\\Router->{closure:Illuminate\\Routing\\Router::runRouteWithinStack():807}()
#5 /home/user/vendor/laravel/framework/src/Illuminate/Routing/Middleware/SubstituteBindings.php(51): Illuminate\\Pipeline\\Pipeline->{closure:Illuminate\\Pipeline\\Pipeline::prepareDestination():168}()
#6 /home/user/vendor/laravel/framework/src/Illuminate/Pipeline/Pipeline.php(209): Illuminate\\Routing\\Middleware\\SubstituteBindings->handle()
#7 /home/user/vendor/laravel/framework/src/Illuminate/Pipeline/Pipeline.php(127): Illuminate\\Pipeline\\Pipeline->{closure:{closure:Illuminate\\Pipeline\\Pipeline::carry():184}:185}()
#8 /home/user/vendor/laravel/framework/src/Illuminate/Routing/Router.php(807): Illuminate\\Pipeline\\Pipeline->then()
#9 /home/user/vendor/laravel/framework/src/Illuminate/Routing/Router.php(786): Illuminate\\Routing\\Router->runRouteWithinStack()
#10 /home/user/vendor/laravel/framework/src/Illuminate/Routing/Router.php(750): Illuminate\\Routing\\Router->runRoute()
#11 /home/user/vendor/laravel/framework/src/Illuminate/Routing/Router.php(739): Illuminate\\Routing\\Router->dispatchToRoute()
#12 /home/user/vendor/laravel/framework/src/Illuminate/Foundation/Http/Kernel.php(201): Illuminate\\Routing\\Router->dispatch()
#13 /home/user/vendor/laravel/framework/src/Illuminate/Pipeline/Pipeline.php(170): Illuminate\\Foundation\\Http\\Kernel->{closure:Illuminate\\Foundation\\Http\\Kernel::dispatchToRouter():198}()
#14 /home/user/vendor/livewire/livewire/src/Features/SupportDisablingBackButtonCache/DisableBackButtonCacheMiddleware.php(19): Illuminate\\Pipeline\\Pipeline->{closure:Illuminate\\Pipeline\\Pipeline::prepareDestination():168}()
#15 /home/user/vendor/laravel/framework/src/Illuminate/Pipeline/Pipeline.php(209): Livewire\\Features\\SupportDisablingBackButtonCache\\DisableBackButtonCacheMiddleware->handle()
#16 /home/user/app/Http/Middleware/SecurityHeaders.php(13): Illuminate\\Pipeline\\Pipeline->{closure:{closure:Illuminate\\Pipeline\\Pipeline::carry():184}:185}()
#17 /home/user/vendor/laravel/framework/src/Illuminate/Pipeline/Pipeline.php(209): App\\Http\\Middleware\\SecurityHeaders->handle()
#18 /home/user/vendor/laravel/framework/src/Illuminate/Foundation/Http/Middleware/TransformsRequest.php(21): Illuminate\\Pipeline\\Pipeline->{closure:{closure:Illuminate\\Pipeline\\Pipeline::carry():184}:185}()
#19 /home/user/vendor/laravel/framework/src/Illuminate/Foundation/Http/Middleware/ConvertEmptyStringsToNull.php(31): Illuminate\\Foundation\\Http\\Middleware\\TransformsRequest->handle()
#20 /home/user/vendor/laravel/framework/src/Illuminate/Pipeline/Pipeline.php(209): Illuminate\\Foundation\\Http\\Middleware\\ConvertEmptyStringsToNull->handle()
#21 /home/user/vendor/laravel/framework/src/Illuminate/Foundation/Http/Middleware/TransformsRequest.php(21): Illuminate\\Pipeline\\Pipeline->{closure:{closure:Illuminate\\Pipeline\\Pipeline::carry():184}:185}()
#22 /home/user/vendor/laravel/framework/src/Illuminate/Foundation/Http/Middleware/TrimStrings.php(51): Illuminate\\Foundation\\Http\\Middleware\\TransformsRequest->handle()
#23 /home/user/vendor/laravel/framework/src/Illuminate/Pipeline/Pipeline.php(209): Illuminate\\Foundation\\Http\\Middleware\\TrimStrings->handle()
#24 /home/user/vendor/laravel/framework/src/Illuminate/Http/Middleware/ValidatePostSize.php(27): Illuminate\\Pipeline\\Pipeline->{closure:{closure:Illuminate\\Pipeline\\Pipeline::carry():184}:185}()
#25 /home/user/vendor/laravel/framework/src/Illuminate/Pipeline/Pipeline.php(209): Illuminate\\Http\\Middleware\\ValidatePostSize->handle()
#26 /home/user/vendor/laravel/framework/src/Illuminate/Foundation/Http/Middleware/PreventRequestsDuringMaintenance.php(110): Illuminate\\Pipeline\\Pipeline->{closure:{closure:Illuminate\\Pipeline\\Pipeline::carry():184}:185}()
#27 /home/user/vendor/laravel/framework/src/Illuminate/Pipeline/Pipeline.php(209): Illuminate\\Foundation\\Http\\Middleware\\PreventRequestsDuringMaintenance->handle()
#28 /home/user/vendor/laravel/framework/src/Illuminate/Http/Middleware/HandleCors.php(62): Illuminate\\Pipeline\\Pipeline->{closure:{closure:Illuminate\\Pipeline\\Pipeline::carry():184}:185}()
#29 /home/user/vendor/laravel/framework/src/Illuminate/Pipeline/Pipeline.php(209): Illuminate\\Http\\Middleware\\HandleCors->handle()
#30 /home/user/vendor/laravel/framework/src/Illuminate/Http/Middleware/TrustProxies.php(58): Illuminate\\Pipeline\\Pipeline->{closure:{closure:Illuminate\\Pipeline\\Pipeline::carry():184}:185}()
#31 /home/user/vendor/laravel/framework/src/Illuminate/Pipeline/Pipeline.php(209): Illuminate\\Http\\Middleware\\TrustProxies->handle()
#32 /home/user/vendor/laravel/framework/src/Illuminate/Foundation/Http/Middleware/InvokeDeferredCallbacks.php(22): Illuminate\\Pipeline\\Pipeline->{closure:{closure:Illuminate\\Pipeline\\Pipeline::carry():184}:185}()
#33 /home/user/vendor/laravel/framework/src/Illuminate/Pipeline/Pipeline.php(209): Illuminate\\Foundation\\Http\\Middleware\\InvokeDeferredCallbacks->handle()
#34 /home/user/vendor/laravel/framework/src/Illuminate/Pipeline/Pipeline.php(127): Illuminate\\Pipeline\\Pipeline->{closure:{closure:Illuminate\\Pipeline\\Pipeline::carry():184}:185}()
#35 /home/user/vendor/laravel/framework/src/Illuminate/Foundation/Http/Kernel.php(176): Illuminate\\Pipeline\\Pipeline->then()
#36 /home/user/vendor/laravel/framework/src/Illuminate/Foundation/Http/Kernel.php(145): Illuminate\\Foundation\\Http\\Kernel->sendRequestThroughRouter()
#37 /home/user/vendor/laravel/framework/src/Illuminate/Foundation/Testing/Concerns/MakesHttpRequests.php(607): Illuminate\\Foundation\\Http\\Kernel->handle()
#38 /home/user/vendor/laravel/framework/src/Illuminate/Foundation/Testing/Concerns/MakesHttpRequests.php(573): Illuminate\\Foundation\\Testing\\TestCase->call()
#39 /home/user/vendor/laravel/framework/src/Illuminate/Foundation/Testing/Concerns/MakesHttpRequests.php(381): Illuminate\\Foundation\\Testing\\TestCase->json()
#40 /home/user/tests/Feature/Api/V1/BetPurchaseApiTest.php(1001): Illuminate\\Foundation\\Testing\\TestCase->getJson()
#41 /home/user/vendor/phpunit/phpunit/src/Framework/TestCase.php(1667): Tests\\Feature\\Api\\V1\\BetPurchaseApiTest->am_an_unexpected_failure_never_exposes_a_stack_trace_or_internals()
#42 /home/user/vendor/phpunit/phpunit/src/Framework/TestCase.php(519): PHPUnit\\Framework\\TestCase->runTest()
#43 /home/user/vendor/phpunit/phpunit/src/Framework/TestRunner/TestRunner.php(87): PHPUnit\\Framework\\TestCase->runBare()
#44 /home/user/vendor/phpunit/phpunit/src/Framework/TestCase.php(365): PHPUnit\\Framework\\TestRunner->run()
#45 /home/user/vendor/phpunit/phpunit/src/Framework/TestSuite.php(369): PHPUnit\\Framework\\TestCase->run()
#46 /home/user/vendor/phpunit/phpunit/src/Framework/TestSuite.php(369): PHPUnit\\Framework\\TestSuite->run()
#47 /home/user/vendor/phpunit/phpunit/src/Framework/TestSuite.php(369): PHPUnit\\Framework\\TestSuite->run()
#48 /home/user/vendor/phpunit/phpunit/src/TextUI/TestRunner.php(64): PHPUnit\\Framework\\TestSuite->run()
#49 /home/user/vendor/phpunit/phpunit/src/TextUI/Application.php(211): PHPUnit\\TextUI\\TestRunner->run()
#50 /home/user/vendor/phpunit/phpunit/phpunit(104): PHPUnit\\TextUI\\Application->run()
#51 {main}
"} 
[2026-09-03 21:51:56] testing.ERROR: api.unhandled_exception {"exception":"[object] (RuntimeException(code: 0): SQLSTATE[42S02]: Base table or view not found: 1146 Table \"thai_lottery.wallets\" doesn't exist (Connection: mysql, SQL: select * from `wallets` where `id` = 1) in /var/www/app/Services/Finance/WalletService.php:118 at /home/user/tests/Feature/Api/V1/BetPurchaseApiTest.php:993)
[stacktrace]
#0 /home/user/vendor/laravel/framework/src/Illuminate/Routing/CallableDispatcher.php(40): Tests\\Feature\\Api\\V1\\BetPurchaseApiTest->{closure:Tests\\Feature\\Api\\V1\\BetPurchaseApiTest::am_an_unexpected_failure_never_exposes_a_stack_trace_or_internals():990}()
#1 /home/user/vendor/laravel/framework/src/Illuminate/Routing/Route.php(244): Illuminate\\Routing\\CallableDispatcher->dispatch()
#2 /home/user/vendor/laravel/framework/src/Illuminate/Routing/Route.php(215): Illuminate\\Routing\\Route->runCallable()
#3 /home/user/vendor/laravel/framework/src/Illuminate/Routing/Router.php(808): Illuminate\\Routing\\Route->run()
#4 /home/user/vendor/laravel/framework/src/Illuminate/Pipeline/Pipeline.php(170): Illuminate\\Routing\\Router->{closure:Illuminate\\Routing\\Router::runRouteWithinStack():807}()
#5 /home/user/vendor/laravel/framework/src/Illuminate/Routing/Middleware/SubstituteBindings.php(51): Illuminate\\Pipeline\\Pipeline->{closure:Illuminate\\Pipeline\\Pipeline::prepareDestination():168}()
#6 /home/user/vendor/laravel/framework/src/Illuminate/Pipeline/Pipeline.php(209): Illuminate\\Routing\\Middleware\\SubstituteBindings->handle()
#7 /home/user/vendor/laravel/framework/src/Illuminate/Pipeline/Pipeline.php(127): Illuminate\\Pipeline\\Pipeline->{closure:{closure:Illuminate\\Pipeline\\Pipeline::carry():184}:185}()
#8 /home/user/vendor/laravel/framework/src/Illuminate/Routing/Router.php(807): Illuminate\\Pipeline\\Pipeline->then()
#9 /home/user/vendor/laravel/framework/src/Illuminate/Routing/Router.php(786): Illuminate\\Routing\\Router->runRouteWithinStack()
#10 /home/user/vendor/laravel/framework/src/Illuminate/Routing/Router.php(750): Illuminate\\Routing\\Router->runRoute()
#11 /home/user/vendor/laravel/framework/src/Illuminate/Routing/Router.php(739): Illuminate\\Routing\\Router->dispatchToRoute()
#12 /home/user/vendor/laravel/framework/src/Illuminate/Foundation/Http/Kernel.php(201): Illuminate\\Routing\\Router->dispatch()
#13 /home/user/vendor/laravel/framework/src/Illuminate/Pipeline/Pipeline.php(170): Illuminate\\Foundation\\Http\\Kernel->{closure:Illuminate\\Foundation\\Http\\Kernel::dispatchToRouter():198}()
#14 /home/user/vendor/livewire/livewire/src/Features/SupportDisablingBackButtonCache/DisableBackButtonCacheMiddleware.php(19): Illuminate\\Pipeline\\Pipeline->{closure:Illuminate\\Pipeline\\Pipeline::prepareDestination():168}()
#15 /home/user/vendor/laravel/framework/src/Illuminate/Pipeline/Pipeline.php(209): Livewire\\Features\\SupportDisablingBackButtonCache\\DisableBackButtonCacheMiddleware->handle()
#16 /home/user/app/Http/Middleware/SecurityHeaders.php(13): Illuminate\\Pipeline\\Pipeline->{closure:{closure:Illuminate\\Pipeline\\Pipeline::carry():184}:185}()
#17 /home/user/vendor/laravel/framework/src/Illuminate/Pipeline/Pipeline.php(209): App\\Http\\Middleware\\SecurityHeaders->handle()
#18 /home/user/vendor/laravel/framework/src/Illuminate/Foundation/Http/Middleware/TransformsRequest.php(21): Illuminate\\Pipeline\\Pipeline->{closure:{closure:Illuminate\\Pipeline\\Pipeline::carry():184}:185}()
#19 /home/user/vendor/laravel/framework/src/Illuminate/Foundation/Http/Middleware/ConvertEmptyStringsToNull.php(31): Illuminate\\Foundation\\Http\\Middleware\\TransformsRequest->handle()
#20 /home/user/vendor/laravel/framework/src/Illuminate/Pipeline/Pipeline.php(209): Illuminate\\Foundation\\Http\\Middleware\\ConvertEmptyStringsToNull->handle()
#21 /home/user/vendor/laravel/framework/src/Illuminate/Foundation/Http/Middleware/TransformsRequest.php(21): Illuminate\\Pipeline\\Pipeline->{closure:{closure:Illuminate\\Pipeline\\Pipeline::carry():184}:185}()
#22 /home/user/vendor/laravel/framework/src/Illuminate/Foundation/Http/Middleware/TrimStrings.php(51): Illuminate\\Foundation\\Http\\Middleware\\TransformsRequest->handle()
#23 /home/user/vendor/laravel/framework/src/Illuminate/Pipeline/Pipeline.php(209): Illuminate\\Foundation\\Http\\Middleware\\TrimStrings->handle()
#24 /home/user/vendor/laravel/framework/src/Illuminate/Http/Middleware/ValidatePostSize.php(27): Illuminate\\Pipeline\\Pipeline->{closure:{closure:Illuminate\\Pipeline\\Pipeline::carry():184}:185}()
#25 /home/user/vendor/laravel/framework/src/Illuminate/Pipeline/Pipeline.php(209): Illuminate\\Http\\Middleware\\ValidatePostSize->handle()
#26 /home/user/vendor/laravel/framework/src/Illuminate/Foundation/Http/Middleware/PreventRequestsDuringMaintenance.php(110): Illuminate\\Pipeline\\Pipeline->{closure:{closure:Illuminate\\Pipeline\\Pipeline::carry():184}:185}()
#27 /home/user/vendor/laravel/framework/src/Illuminate/Pipeline/Pipeline.php(209): Illuminate\\Foundation\\Http\\Middleware\\PreventRequestsDuringMaintenance->handle()
#28 /home/user/vendor/laravel/framework/src/Illuminate/Http/Middleware/HandleCors.php(62): Illuminate\\Pipeline\\Pipeline->{closure:{closure:Illuminate\\Pipeline\\Pipeline::carry():184}:185}()
#29 /home/user/vendor/laravel/framework/src/Illuminate/Pipeline/Pipeline.php(209): Illuminate\\Http\\Middleware\\HandleCors->handle()
#30 /home/user/vendor/laravel/framework/src/Illuminate/Http/Middleware/TrustProxies.php(58): Illuminate\\Pipeline\\Pipeline->{closure:{closure:Illuminate\\Pipeline\\Pipeline::carry():184}:185}()
#31 /home/user/vendor/laravel/framework/src/Illuminate/Pipeline/Pipeline.php(209): Illuminate\\Http\\Middleware\\TrustProxies->handle()
#32 /home/user/vendor/laravel/framework/src/Illuminate/Foundation/Http/Middleware/InvokeDeferredCallbacks.php(22): Illuminate\\Pipeline\\Pipeline->{closure:{closure:Illuminate\\Pipeline\\Pipeline::carry():184}:185}()
#33 /home/user/vendor/laravel/framework/src/Illuminate/Pipeline/Pipeline.php(209): Illuminate\\Foundation\\Http\\Middleware\\InvokeDeferredCallbacks->handle()
#34 /home/user/vendor/laravel/framework/src/Illuminate/Pipeline/Pipeline.php(127): Illuminate\\Pipeline\\Pipeline->{closure:{closure:Illuminate\\Pipeline\\Pipeline::carry():184}:185}()
#35 /home/user/vendor/laravel/framework/src/Illuminate/Foundation/Http/Kernel.php(176): Illuminate\\Pipeline\\Pipeline->then()
#36 /home/user/vendor/laravel/framework/src/Illuminate/Foundation/Http/Kernel.php(145): Illuminate\\Foundation\\Http\\Kernel->sendRequestThroughRouter()
#37 /home/user/vendor/laravel/framework/src/Illuminate/Foundation/Testing/Concerns/MakesHttpRequests.php(607): Illuminate\\Foundation\\Http\\Kernel->handle()
#38 /home/user/vendor/laravel/framework/src/Illuminate/Foundation/Testing/Concerns/MakesHttpRequests.php(573): Illuminate\\Foundation\\Testing\\TestCase->call()
#39 /home/user/vendor/laravel/framework/src/Illuminate/Foundation/Testing/Concerns/MakesHttpRequests.php(381): Illuminate\\Foundation\\Testing\\TestCase->json()
#40 /home/user/tests/Feature/Api/V1/BetPurchaseApiTest.php(1001): Illuminate\\Foundation\\Testing\\TestCase->getJson()
#41 /home/user/vendor/phpunit/phpunit/src/Framework/TestCase.php(1667): Tests\\Feature\\Api\\V1\\BetPurchaseApiTest->am_an_unexpected_failure_never_exposes_a_stack_trace_or_internals()
#42 /home/user/vendor/phpunit/phpunit/src/Framework/TestCase.php(519): PHPUnit\\Framework\\TestCase->runTest()
#43 /home/user/vendor/phpunit/phpunit/src/Framework/TestRunner/TestRunner.php(87): PHPUnit\\Framework\\TestCase->runBare()
#44 /home/user/vendor/phpunit/phpunit/src/Framework/TestCase.php(365): PHPUnit\\Framework\\TestRunner->run()
#45 /home/user/vendor/phpunit/phpunit/src/Framework/TestSuite.php(369): PHPUnit\\Framework\\TestCase->run()
#46 /home/user/vendor/phpunit/phpunit/src/Framework/TestSuite.php(369): PHPUnit\\Framework\\TestSuite->run()
#47 /home/user/vendor/phpunit/phpunit/src/Framework/TestSuite.php(369): PHPUnit\\Framework\\TestSuite->run()
#48 /home/user/vendor/phpunit/phpunit/src/TextUI/TestRunner.php(64): PHPUnit\\Framework\\TestSuite->run()
#49 /home/user/vendor/phpunit/phpunit/src/TextUI/Application.php(211): PHPUnit\\TextUI\\TestRunner->run()
#50 /home/user/vendor/phpunit/phpunit/phpunit(104): PHPUnit\\TextUI\\Application->run()
#51 {main}
","path":"api/v1/__phase44_failure_probe","method":"GET","user_id":null} 
[2026-09-03 21:51:59] testing.CRITICAL: Limit Exceeded (Critical Risk) on number 123 [3d] for draw 1. {"risk_alert_type":"limit_exceeded","risk_level":"critical","audit_log_id":1} 
[2026-09-03 21:51:59] testing.CRITICAL: Critical Exposure (Critical Risk) on number 123 [3d] for draw 1. {"risk_alert_type":"critical_exposure","risk_level":"critical","audit_log_id":2} 
[2026-09-03 21:52:03] testing.INFO: lottery.automation.provisioned {"created":2,"existing":0,"horizon_days":40} 
[2026-09-03 21:52:03] testing.INFO: lottery.automation.provisioned {"created":8,"existing":0,"horizon_days":120} 
[2026-09-03 21:52:03] testing.INFO: lottery.automation.provisioned {"created":0,"existing":8,"horizon_days":120} 
[2026-09-03 21:52:03] testing.INFO: lottery.automation.provisioned {"created":2,"existing":0,"horizon_days":40} 
[2026-09-03 21:52:03] testing.INFO: lottery.automation.provisioned {"created":0,"existing":2,"horizon_days":40} 
[2026-09-03 21:52:03] testing.INFO: lottery.automation.run {"command":"lottery:open-draws","activity":"open","processed":1,"failed":0,"skipped":0,"candidates":1} 
[2026-09-03 21:52:03] testing.INFO: lottery.automation.run {"command":"lottery:close-draws","activity":"close","processed":1,"failed":0,"skipped":0,"candidates":1} 
[2026-09-03 21:52:03] testing.INFO: lottery.automation.run {"command":"lottery:close-draws","activity":"close","processed":1,"failed":0,"skipped":0,"candidates":1} 
[2026-09-03 21:52:03] testing.INFO: lottery.automation.run {"command":"lottery:close-draws","activity":"close","processed":1,"failed":0,"skipped":0,"candidates":1} 
[2026-09-03 21:52:03] testing.INFO: lottery.automation.run {"command":"lottery:mark-results-pending","activity":"mark result-pending","processed":1,"failed":0,"skipped":0,"candidates":1} 
[2026-09-03 21:52:03] testing.INFO: lottery.automation.run {"command":"lottery:mark-results-pending","activity":"mark result-pending","processed":1,"failed":0,"skipped":0,"candidates":1} 
[2026-09-03 21:52:03] testing.INFO: lottery.automation.run {"command":"lottery:mark-results-pending","activity":"mark result-pending","processed":1,"failed":0,"skipped":0,"candidates":1} 
[2026-09-03 21:52:03] testing.INFO: lottery.automation.run {"command":"lottery:mark-results-pending","activity":"mark result-pending","processed":1,"failed":0,"skipped":0,"candidates":1} 
[2026-09-03 21:52:04] testing.INFO: lottery.automation.run {"command":"lottery:mark-results-pending","activity":"mark result-pending","processed":1,"failed":0,"skipped":0,"candidates":1} 
[2026-09-03 21:52:04] testing.INFO: lottery.automation.run {"command":"lottery:mark-results-pending","activity":"mark result-pending","processed":1,"failed":0,"skipped":0,"candidates":1} 
[2026-09-03 21:52:04] testing.INFO: lottery.automation.run {"command":"lottery:mark-results-pending","activity":"mark result-pending","processed":1,"failed":0,"skipped":0,"candidates":1} 
[2026-09-03 21:52:04] testing.INFO: lottery.tick {"steps":5,"failed_steps":[],"duration_ms":0.0,"dry_run":false} 
[2026-09-03 21:52:04] testing.INFO: lottery.automation.run {"command":"lottery:open-draws","activity":"open","processed":1,"failed":0,"skipped":0,"candidates":1} 
[2026-09-03 21:52:04] testing.INFO: lottery.automation.run {"command":"lottery:close-draws","activity":"close","processed":2,"failed":0,"skipped":0,"candidates":2} 
[2026-09-03 21:52:04] testing.INFO: lottery.automation.provisioned {"created":6,"existing":0,"horizon_days":90} 
[2026-09-03 21:52:04] testing.INFO: lottery.automation.run {"command":"lottery:open-draws","activity":"open","processed":1,"failed":0,"skipped":0,"candidates":1} 
[2026-09-03 21:52:04] testing.INFO: lottery.automation.run {"command":"lottery:close-draws","activity":"close","processed":1,"failed":0,"skipped":0,"candidates":1} 
[2026-09-03 21:52:04] testing.INFO: lottery.automation.run {"command":"lottery:mark-results-pending","activity":"mark result-pending","processed":1,"failed":0,"skipped":0,"candidates":1} 
[2026-09-03 21:52:04] testing.INFO: lottery.automation.provisioned {"created":6,"existing":0,"horizon_days":90} 
[2026-09-03 21:52:04] testing.INFO: lottery.automation.run {"command":"lottery:open-draws","activity":"open","processed":1,"failed":0,"skipped":0,"candidates":1} 
[2026-09-03 21:52:04] testing.INFO: lottery.automation.run {"command":"lottery:close-draws","activity":"close","processed":1,"failed":0,"skipped":0,"candidates":1} 
[2026-09-03 21:52:04] testing.INFO: lottery.automation.run {"command":"lottery:mark-results-pending","activity":"mark result-pending","processed":1,"failed":0,"skipped":0,"candidates":1} 
[2026-09-03 21:52:04] testing.INFO: lottery.automation.run {"command":"lottery:mark-results-pending","activity":"mark result-pending","processed":1,"failed":0,"skipped":0,"candidates":1} 
[2026-09-03 21:52:04] testing.INFO: lottery.publication.published {"draw_id":1,"draw_number":"DR-TEST-0025","winning_numbers":6,"operator_command":true} 
[2026-09-03 21:52:04] testing.INFO: lottery.automation.run {"command":"lottery:mark-results-pending","activity":"mark result-pending","processed":1,"failed":0,"skipped":0,"candidates":1} 
[2026-09-03 21:52:04] testing.WARNING: lottery.publication.refused {"draw_id":1,"draw_number":"DR-TEST-0026","exception":"[object] (App\\Exceptions\\DrawResultValidationException(code: 0): The official first prize number must be exactly 6 digits. Received \"12\", which is 2. Leading zeroes count as digits and are never stripped. at /home/user/app/Exceptions/DrawResultValidationException.php:119)
[stacktrace]
#0 /home/user/app/Services/Draw/DrawResultValidator.php(205): App\\Exceptions\\DrawResultValidationException::firstPrizeLength()
#1 /home/user/app/Services/Draw/DrawResultValidator.php(131): App\\Services\\Draw\\DrawResultValidator->validateFirstPrize()
#2 /home/user/app/Services/Draw/DrawResultPublicationService.php(105): App\\Services\\Draw\\DrawResultValidator->validate()
#3 /home/user/app/Console/Commands/Lottery/PublishDrawResultCommand.php(104): App\\Services\\Draw\\DrawResultPublicationService->publish()
#4 /home/user/vendor/laravel/framework/src/Illuminate/Container/BoundMethod.php(36): App\\Console\\Commands\\Lottery\\PublishDrawResultCommand->handle()
#5 /home/user/vendor/laravel/framework/src/Illuminate/Container/Util.php(43): Illuminate\\Container\\BoundMethod::{closure:Illuminate\\Container\\BoundMethod::call():35}()
#6 /home/user/vendor/laravel/framework/src/Illuminate/Container/BoundMethod.php(95): Illuminate\\Container\\Util::unwrapIfClosure()
#7 /home/user/vendor/laravel/framework/src/Illuminate/Container/BoundMethod.php(35): Illuminate\\Container\\BoundMethod::callBoundMethod()
#8 /home/user/vendor/laravel/framework/src/Illuminate/Container/Container.php(696): Illuminate\\Container\\BoundMethod::call()
#9 /home/user/vendor/laravel/framework/src/Illuminate/Console/Command.php(213): Illuminate\\Container\\Container->call()
#10 /home/user/vendor/symfony/console/Command/Command.php(341): Illuminate\\Console\\Command->execute()
#11 /home/user/vendor/laravel/framework/src/Illuminate/Console/Command.php(182): Symfony\\Component\\Console\\Command\\Command->run()
#12 /home/user/vendor/symfony/console/Application.php(1094): Illuminate\\Console\\Command->run()
#13 /home/user/vendor/symfony/console/Application.php(356): Symfony\\Component\\Console\\Application->doRunCommand()
#14 /home/user/vendor/symfony/console/Application.php(195): Symfony\\Component\\Console\\Application->doRun()
#15 /home/user/vendor/laravel/framework/src/Illuminate/Console/Application.php(166): Symfony\\Component\\Console\\Application->run()
#16 /home/user/vendor/laravel/framework/src/Illuminate/Foundation/Console/Kernel.php(427): Illuminate\\Console\\Application->call()
#17 /home/user/vendor/laravel/framework/src/Illuminate/Testing/PendingCommand.php(332): Illuminate\\Foundation\\Console\\Kernel->call()
#18 /home/user/vendor/laravel/framework/src/Illuminate/Testing/PendingCommand.php(556): Illuminate\\Testing\\PendingCommand->run()
#19 /home/user/tests/Feature/Console/DrawAutomationTest.php(443): Illuminate\\Testing\\PendingCommand->__destruct()
#20 /home/user/vendor/phpunit/phpunit/src/Framework/TestCase.php(1667): Tests\\Feature\\Console\\DrawAutomationTest->publication_refuses_numbers_the_validator_rejects_and_writes_nothing()
#21 /home/user/vendor/phpunit/phpunit/src/Framework/TestCase.php(519): PHPUnit\\Framework\\TestCase->runTest()
#22 /home/user/vendor/phpunit/phpunit/src/Framework/TestRunner/TestRunner.php(87): PHPUnit\\Framework\\TestCase->runBare()
#23 /home/user/vendor/phpunit/phpunit/src/Framework/TestCase.php(365): PHPUnit\\Framework\\TestRunner->run()
#24 /home/user/vendor/phpunit/phpunit/src/Framework/TestSuite.php(369): PHPUnit\\Framework\\TestCase->run()
#25 /home/user/vendor/phpunit/phpunit/src/Framework/TestSuite.php(369): PHPUnit\\Framework\\TestSuite->run()
#26 /home/user/vendor/phpunit/phpunit/src/Framework/TestSuite.php(369): PHPUnit\\Framework\\TestSuite->run()
#27 /home/user/vendor/phpunit/phpunit/src/TextUI/TestRunner.php(64): PHPUnit\\Framework\\TestSuite->run()
#28 /home/user/vendor/phpunit/phpunit/src/TextUI/Application.php(211): PHPUnit\\TextUI\\TestRunner->run()
#29 /home/user/vendor/phpunit/phpunit/phpunit(104): PHPUnit\\TextUI\\Application->run()
#30 {main}
"} 
[2026-09-03 21:52:04] testing.WARNING: lottery.publication.refused {"draw_id":1,"draw_number":"DR-TEST-0027","exception":"[object] (App\\Exceptions\\DrawLifecycleException(code: 0): Draw 1 is in state open; an official result may only be published from result_pending. at /home/user/app/Exceptions/DrawLifecycleException.php:191)
[stacktrace]
#0 /home/user/app/Services/Draw/DrawLifecycleService.php(385): App\\Exceptions\\DrawLifecycleException::notPublishable()
#1 /home/user/app/Services/Draw/DrawResultPublicationService.php(110): App\\Services\\Draw\\DrawLifecycleService->assertCanPublishResult()
#2 /home/user/vendor/laravel/framework/src/Illuminate/Database/Concerns/ManagesTransactions.php(32): App\\Services\\Draw\\DrawResultPublicationService->{closure:App\\Services\\Draw\\DrawResultPublicationService::publish():107}()
#3 /home/user/vendor/laravel/framework/src/Illuminate/Database/DatabaseManager.php(495): Illuminate\\Database\\Connection->transaction()
#4 /home/user/vendor/laravel/framework/src/Illuminate/Support/Facades/Facade.php(361): Illuminate\\Database\\DatabaseManager->__call()
#5 /home/user/app/Services/Draw/DrawResultPublicationService.php(139): Illuminate\\Support\\Facades\\Facade::__callStatic()
#6 /home/user/app/Console/Commands/Lottery/PublishDrawResultCommand.php(104): App\\Services\\Draw\\DrawResultPublicationService->publish()
#7 /home/user/vendor/laravel/framework/src/Illuminate/Container/BoundMethod.php(36): App\\Console\\Commands\\Lottery\\PublishDrawResultCommand->handle()
#8 /home/user/vendor/laravel/framework/src/Illuminate/Container/Util.php(43): Illuminate\\Container\\BoundMethod::{closure:Illuminate\\Container\\BoundMethod::call():35}()
#9 /home/user/vendor/laravel/framework/src/Illuminate/Container/BoundMethod.php(95): Illuminate\\Container\\Util::unwrapIfClosure()
#10 /home/user/vendor/laravel/framework/src/Illuminate/Container/BoundMethod.php(35): Illuminate\\Container\\BoundMethod::callBoundMethod()
#11 /home/user/vendor/laravel/framework/src/Illuminate/Container/Container.php(696): Illuminate\\Container\\BoundMethod::call()
#12 /home/user/vendor/laravel/framework/src/Illuminate/Console/Command.php(213): Illuminate\\Container\\Container->call()
#13 /home/user/vendor/symfony/console/Command/Command.php(341): Illuminate\\Console\\Command->execute()
#14 /home/user/vendor/laravel/framework/src/Illuminate/Console/Command.php(182): Symfony\\Component\\Console\\Command\\Command->run()
#15 /home/user/vendor/symfony/console/Application.php(1094): Illuminate\\Console\\Command->run()
#16 /home/user/vendor/symfony/console/Application.php(356): Symfony\\Component\\Console\\Application->doRunCommand()
#17 /home/user/vendor/symfony/console/Application.php(195): Symfony\\Component\\Console\\Application->doRun()
#18 /home/user/vendor/laravel/framework/src/Illuminate/Console/Application.php(166): Symfony\\Component\\Console\\Application->run()
#19 /home/user/vendor/laravel/framework/src/Illuminate/Foundation/Console/Kernel.php(427): Illuminate\\Console\\Application->call()
#20 /home/user/vendor/laravel/framework/src/Illuminate/Testing/PendingCommand.php(332): Illuminate\\Foundation\\Console\\Kernel->call()
#21 /home/user/vendor/laravel/framework/src/Illuminate/Testing/PendingCommand.php(556): Illuminate\\Testing\\PendingCommand->run()
#22 /home/user/tests/Feature/Console/DrawAutomationTest.php(459): Illuminate\\Testing\\PendingCommand->__destruct()
#23 /home/user/vendor/phpunit/phpunit/src/Framework/TestCase.php(1667): Tests\\Feature\\Console\\DrawAutomationTest->publication_is_refused_for_a_draw_that_is_not_awaiting_its_result()
#24 /home/user/vendor/phpunit/phpunit/src/Framework/TestCase.php(519): PHPUnit\\Framework\\TestCase->runTest()
#25 /home/user/vendor/phpunit/phpunit/src/Framework/TestRunner/TestRunner.php(87): PHPUnit\\Framework\\TestCase->runBare()
#26 /home/user/vendor/phpunit/phpunit/src/Framework/TestCase.php(365): PHPUnit\\Framework\\TestRunner->run()
#27 /home/user/vendor/phpunit/phpunit/src/Framework/TestSuite.php(369): PHPUnit\\Framework\\TestCase->run()
#28 /home/user/vendor/phpunit/phpunit/src/Framework/TestSuite.php(369): PHPUnit\\Framework\\TestSuite->run()
#29 /home/user/vendor/phpunit/phpunit/src/Framework/TestSuite.php(369): PHPUnit\\Framework\\TestSuite->run()
#30 /home/user/vendor/phpunit/phpunit/src/TextUI/TestRunner.php(64): PHPUnit\\Framework\\TestSuite->run()
#31 /home/user/vendor/phpunit/phpunit/src/TextUI/Application.php(211): PHPUnit\\TextUI\\TestRunner->run()
#32 /home/user/vendor/phpunit/phpunit/phpunit(104): PHPUnit\\TextUI\\Application->run()
#33 {main}
"} 
[2026-09-03 21:52:04] testing.INFO: lottery.automation.run {"command":"lottery:mark-results-pending","activity":"mark result-pending","processed":1,"failed":0,"skipped":0,"candidates":1} 
[2026-09-03 21:52:51] testing.INFO: Payment webhook event already processed (replay cache hit) {"gateway":"stripe","event_id":"evt_stripe_concurrency_666"} 
[2026-09-03 21:52:51] testing.INFO: Payment webhook event already processed (replay cache hit) {"gateway":"stripe","event_id":"evt_stripe_concurrency_666"} 
[2026-09-03 21:52:51] testing.INFO: Payment webhook event already processed (replay cache hit) {"gateway":"stripe","event_id":"evt_stripe_concurrency_666"} 
[2026-09-03 21:52:51] testing.INFO: Payment webhook event already processed (replay cache hit) {"gateway":"stripe","event_id":"evt_stripe_concurrency_666"} 
[2026-09-03 21:52:51] testing.WARNING: Payment webhook signature verification failed {"gateway":"stripe","ip":"127.0.0.1"} 
[2026-09-03 21:52:51] testing.WARNING: Payment webhook signature verification failed {"gateway":"bkash","ip":"127.0.0.1"} 
[2026-09-03 21:52:51] testing.WARNING: Stripe webhook rejected: timestamp drift exceeds tolerance. {"event_time":1788446571,"current_time":1788447171,"tolerance":300} 
[2026-09-03 21:52:51] testing.WARNING: Payment webhook signature verification failed {"gateway":"stripe","ip":"127.0.0.1"} 
[2026-09-03 21:52:52] testing.INFO: Payment webhook event already processed (replay cache hit) {"gateway":"stripe","event_id":"evt_unique_test_replay_999"} 
[2026-09-03 21:53:38] testing.ERROR: High Exposure (High Risk) on number 123 [3d] for draw 1. {"risk_alert_type":"high_exposure","risk_level":"high","audit_log_id":4} 
[2026-09-03 21:53:44] testing.INFO: bet_purchase.api.success {"outcome":"purchased","bet_id":1,"bet_number":"BT-20260903-58937E9C9CEE","ticket_id":1,"draw_id":1,"currency":"THB","stake":"10.00","client_key":"api-3fac7e5042598962807ac50192f07570561b1f92","request_id":"14e017d5b1e254180289cf00f152fbfa","user_id":1} 
[2026-09-03 21:53:44] testing.INFO: bet_purchase.api.success {"outcome":"purchased","bet_id":1,"bet_number":"BT-20260903-7B7215C45714","ticket_id":1,"draw_id":1,"currency":"THB","stake":"10.00","client_key":"api-a676f40bd6585d6668cbe33a51f09953c02a7fef","request_id":"6bcc8c2112dd7bf7214fd48be4aabd59","user_id":1} 
[2026-09-03 21:53:44] testing.INFO: bet_purchase.api.success {"outcome":"purchased","bet_id":1,"bet_number":"BT-20260903-B08E93EC4157","ticket_id":1,"draw_id":1,"currency":"THB","stake":"10.00","client_key":"api-f7b8f591922e9b515c83f0ca28847379e14e3f93","request_id":"690973b1690d92ecaa15fe81844d5de8","user_id":1} 
[2026-09-03 21:53:44] testing.INFO: bet_purchase.api.success {"outcome":"purchased","bet_id":1,"bet_number":"BT-20260903-412833421142","ticket_id":1,"draw_id":1,"currency":"THB","stake":"10.00","client_key":"api-e187d76746182cbb563423de65c53cff48e1b26c","request_id":"9c814dd3647e9259ac3d0d0a7dc98e67","user_id":1} 
[2026-09-03 21:53:44] testing.INFO: bet_purchase.api.success {"outcome":"purchased","bet_id":1,"bet_number":"BT-20260903-194991D39D15","ticket_id":1,"draw_id":1,"currency":"THB","stake":"10.00","client_key":"api-bd6c2f1a5ca9ea80b589a486be6f1ed025590bed","request_id":"7f715a26757c46b054ab97611dcab697","user_id":1} 
[2026-09-03 21:53:45] testing.INFO: bet_purchase.api.success {"outcome":"purchased","bet_id":1,"bet_number":"BT-20260903-EC4FEF2DCF9F","ticket_id":1,"draw_id":1,"currency":"THB","stake":"10.00","client_key":"api-8e924a7dac69469f40b6a9525e68f510b7972699","request_id":"8d8399fd949dca8a71e23479c24afcaa","user_id":1} 
[2026-09-03 21:53:45] testing.INFO: bet_purchase.api.success {"outcome":"purchased","bet_id":1,"bet_number":"BT-20260903-13A3CA731294","ticket_id":1,"draw_id":1,"currency":"THB","stake":"10.00","client_key":"api-63e4863923f9d99f637040c4ecaa95eaf5e39f31","request_id":"e70e943a3afd12f4e6fd194cabf12b6e","user_id":1} 
[2026-09-03 21:53:45] testing.INFO: bet_purchase.api.success {"outcome":"purchased","bet_id":1,"bet_number":"BT-20260903-5E4B62980267","ticket_id":1,"draw_id":1,"currency":"THB","stake":"10.00","client_key":"api-1d2da6cca6185013559ff92e6eedc11e93618224","request_id":"0fce389dbf8e47f118c19f9955a87e65","user_id":1} 
[2026-09-03 21:53:45] testing.INFO: bet_purchase.api.success {"outcome":"purchased","bet_id":1,"bet_number":"BT-20260903-35C9056FC3BE","ticket_id":1,"draw_id":1,"currency":"THB","stake":"10.00","client_key":"api-4fed3970dcc0d31dccddbf69ef55b00f32d2ca78","request_id":"f3722b4743eb74303370951fa54eb6c6","user_id":1} 
[2026-09-03 21:53:45] testing.INFO: bet_purchase.api.success {"outcome":"purchased","bet_id":1,"bet_number":"BT-20260903-8F98760F2E69","ticket_id":1,"draw_id":1,"currency":"THB","stake":"10.00","client_key":"api-3e23e8160039594a33894f6564e1b1348bbd7a00","request_id":"80fb15ec24b9dbabcaae65e223d48e7d","user_id":1} 
[2026-09-03 21:53:45] testing.INFO: bet_purchase.api.success {"outcome":"purchased","bet_id":1,"bet_number":"BT-20260903-596069F1F9F3","ticket_id":1,"draw_id":1,"currency":"THB","stake":"10.00","client_key":"api-2e7d2c03a9507ae265ecf5b5356885a53393a202","request_id":"4074727473310d11de92868ff3c40295","user_id":1} 
[2026-09-03 21:53:45] testing.INFO: bet_purchase.api.refused {"outcome":"refused","error_code":"draw_not_found","http_status":404,"exception":"App\\Exceptions\\BetPurchaseValidationException","client_key":"api-3f79bb7b435b05321651daefd374cdc681dc06fa","request_id":"1d8958626b5ae38ce59544c79a60eca0","user_id":1} 
[2026-09-03 21:53:45] testing.INFO: bet_purchase.api.refused {"outcome":"refused","error_code":"draw_closed","http_status":422,"exception":"App\\Exceptions\\BetPurchaseValidationException","client_key":"api-252f10c83610ebca1a059c0bae8255eba2f95be4","request_id":"a6f8b2a8599b9e0822552686fa69b704","user_id":1} 
[2026-09-03 21:53:45] testing.INFO: bet_purchase.api.success {"outcome":"purchased","bet_id":1,"bet_number":"BT-20260903-787F77E2E4F3","ticket_id":1,"draw_id":1,"currency":"THB","stake":"10.00","client_key":"api-de7d1b721a1e0632b7cf04edf5032c8ecffa9f9a","request_id":"5900f3212f6b42f104fc27733c7ac9ad","user_id":1} 
[2026-09-03 21:53:45] testing.INFO: bet_purchase.api.success {"outcome":"purchased","bet_id":1,"bet_number":"BT-20260903-B670B5FA62D8","ticket_id":1,"draw_id":1,"currency":"THB","stake":"10.00","client_key":"api-189f40034be7a199f1fa9891668ee3ab6049f82d","request_id":"c6649b538a8f9ddfff53b81907f0ea3e","user_id":1} 
[2026-09-03 21:53:45] testing.INFO: bet_purchase.api.refused {"outcome":"refused","error_code":"invalid_stake","http_status":422,"exception":"App\\Exceptions\\BetPurchaseValidationException","client_key":"api-acac86c0e609ca906f632b0e2dacccb2b77d22b0","request_id":"4e471945784e8dbe0442a2e63b77859e","user_id":1} 
[2026-09-03 21:53:46] testing.INFO: bet_purchase.api.refused {"outcome":"refused","error_code":"insufficient_balance","http_status":422,"exception":"App\\Exceptions\\BetPurchaseException","client_key":"api-1b16b1df538ba12dc3f97edbb85caa7050d46c14","request_id":"b02dd8c7453ab6e434e9ed55aece2409","user_id":1} 
[2026-09-03 21:53:46] testing.INFO: bet_purchase.api.refused {"outcome":"refused","error_code":"risk_rejected","http_status":422,"exception":"App\\Exceptions\\BetPurchaseValidationException","client_key":"api-65c74c15a686187bb6bbf9958f494fc6b8006803","request_id":"63c9f344172d60c977abd3fcac3aac88","user_id":1} 
[2026-09-03 21:53:46] testing.INFO: bet_purchase.api.success {"outcome":"purchased","bet_id":1,"bet_number":"BT-20260903-D962C7862373","ticket_id":1,"draw_id":1,"currency":"THB","stake":"10.00","client_key":"api-148de9c5a7a44d19e56cd9ae1a554bf67847afb0","request_id":"1d0930e889588d1bedc9f1122fdb5657","user_id":1} 
[2026-09-03 21:53:46] testing.INFO: bet_purchase.api.success {"outcome":"replayed","bet_id":1,"bet_number":"BT-20260903-D962C7862373","ticket_id":1,"draw_id":1,"currency":"THB","stake":"10.00","client_key":"api-148de9c5a7a44d19e56cd9ae1a554bf67847afb0","request_id":"fb2174df383ffb7b4bf844c997181662","user_id":1} 
[2026-09-03 21:53:46] testing.INFO: bet_purchase.api.success {"outcome":"purchased","bet_id":1,"bet_number":"BT-20260903-926EFAE9675E","ticket_id":1,"draw_id":1,"currency":"THB","stake":"10.00","client_key":"api-8e35c2cd3bf6641bdb0e2050b76932cbb2e6034a","request_id":"9f6d09725c21702d9ec2e4877745fd1a","user_id":1} 
[2026-09-03 21:53:46] testing.INFO: bet_purchase.api.refused {"outcome":"refused","error_code":"idempotency_payload_mismatch","http_status":409,"exception":"App\\Exceptions\\BetPurchaseIdempotencyException","client_key":"api-8e35c2cd3bf6641bdb0e2050b76932cbb2e6034a","request_id":"21fcdeb6725f1fff9d6203bc10aea7bc","user_id":1} 
[2026-09-03 21:53:46] testing.INFO: bet_purchase.api.success {"outcome":"purchased","bet_id":1,"bet_number":"BT-20260903-FCEE48F6BCE6","ticket_id":1,"draw_id":1,"currency":"THB","stake":"10.00","client_key":"api-454349e422f05297191ead13e21d3db520e5abef","request_id":"70bff98f408dac070e234053b931b4b4","user_id":1} 
[2026-09-03 21:53:46] testing.INFO: bet_purchase.api.success {"outcome":"purchased","bet_id":2,"bet_number":"BT-20260903-1D5DADFC51B7","ticket_id":2,"draw_id":2,"currency":"THB","stake":"10.00","client_key":"api-454349e422f05297191ead13e21d3db520e5abef","request_id":"5f4e892e6e19fba80b35b99721f98e03","user_id":2} 
[2026-09-03 21:53:46] testing.INFO: bet_purchase.api.success {"outcome":"purchased","bet_id":1,"bet_number":"BT-20260903-75119C4A66C8","ticket_id":1,"draw_id":1,"currency":"THB","stake":"10.00","client_key":"api-043a718774c572bd8a25adbeb1bfcd5c0256ae11","request_id":"ca446bdf341b6dd101e72f5f04bfb4f6","user_id":1} 
[2026-09-03 21:53:46] testing.INFO: bet_purchase.api.success {"outcome":"purchased","bet_id":2,"bet_number":"BT-20260903-D36F97598A44","ticket_id":2,"draw_id":2,"currency":"THB","stake":"10.00","client_key":"api-043a718774c572bd8a25adbeb1bfcd5c0256ae11","request_id":"26b28410eed308fd549824ddd3eb462b","user_id":1} 
[2026-09-03 21:53:46] testing.INFO: bet_purchase.api.success {"outcome":"purchased","bet_id":1,"bet_number":"BT-20260903-9E757E62E4E5","ticket_id":1,"draw_id":1,"currency":"THB","stake":"10.00","client_key":"api-e3b98a4da31a127d4bde6e43033f66ba274cab0e","request_id":"7aeba0f99fb7e1fdc9746bdca6b6da01","user_id":1} 
[2026-09-03 21:53:46] testing.INFO: bet_purchase.api.success {"outcome":"purchased","bet_id":1,"bet_number":"BT-20260903-F8EC205188FF","ticket_id":1,"draw_id":1,"currency":"THB","stake":"10.00","client_key":"api-2d711642b726b04401627ca9fbac32f5c8530fb1","request_id":"03252ed6e304f23da0fc53dbc19a0e13","user_id":1} 
[2026-09-03 21:53:46] testing.INFO: bet_purchase.api.success {"outcome":"purchased","bet_id":1,"bet_number":"BT-20260903-3473E044D970","ticket_id":1,"draw_id":1,"currency":"THB","stake":"10.00","client_key":"api-a1fce4363854ff888cff4b8e7875d600c2682390","request_id":"783f2df761e97da77969a03dc07c3c5c","user_id":1} 
[2026-09-03 21:53:46] testing.INFO: bet_purchase.api.success {"outcome":"purchased","bet_id":1,"bet_number":"BT-20260903-F7B494D68FC5","ticket_id":1,"draw_id":1,"currency":"THB","stake":"10.00","client_key":"api-fb8e20fc2e4c3f248c60c39bd652f3c1347298bb","request_id":"f5aaf7d9f227afef6b1b34dab73ff39b","user_id":1} 
[2026-09-03 21:53:46] testing.INFO: bet_purchase.api.success {"outcome":"purchased","bet_id":1,"bet_number":"BT-20260903-CE911AF8BBFE","ticket_id":1,"draw_id":1,"currency":"THB","stake":"10.00","client_key":"api-f45de51cdef30991551e41e882dd7b5404799648","request_id":"e1ca23307637cf677fad3852bdb2fc18","user_id":1} 
[2026-09-03 21:53:46] testing.INFO: bet_purchase.api.success {"outcome":"purchased","bet_id":1,"bet_number":"BT-20260903-4DF065EAADE5","ticket_id":1,"draw_id":1,"currency":"THB","stake":"10.00","client_key":"api-b0136a3f0a0fae4b4cbb261ae65b245326d69f8a","request_id":"9c7ddbf23f52c8596f59eec6c8e03a76","user_id":1} 
[2026-09-03 21:53:46] testing.INFO: bet_purchase.api.success {"outcome":"purchased","bet_id":1,"bet_number":"BT-20260903-02CEAD41583F","ticket_id":1,"draw_id":1,"currency":"THB","stake":"10.00","client_key":"api-e5a94045f98e84810bb71edd3ba885463406b087","request_id":"b8d1583be33f6d2d4efebcaf544ab610","user_id":1} 
[2026-09-03 21:53:46] testing.INFO: bet_purchase.api.success {"outcome":"purchased","bet_id":1,"bet_number":"BT-20260903-0DE577F14B89","ticket_id":1,"draw_id":1,"currency":"THB","stake":"10.00","client_key":"api-b797c8d26a988c97a38d4458172406dc19ab0012","request_id":"a02a5e04f5da0d2f6dfb901a20001260","user_id":1} 
[2026-09-03 21:53:47] testing.INFO: bet_purchase.api.success {"outcome":"purchased","bet_id":1,"bet_number":"BT-20260903-4FDDF7114760","ticket_id":1,"draw_id":1,"currency":"THB","stake":"10.00","client_key":"api-70ba33708cbfb103f1a8e34afef333ba7dc02102","request_id":"6226e02db1c04553edcd3b7a7d513b85","user_id":1} 
[2026-09-03 21:53:47] testing.INFO: bet_purchase.api.success {"outcome":"purchased","bet_id":1,"bet_number":"BT-20260903-34457673D22A","ticket_id":1,"draw_id":1,"currency":"THB","stake":"10.00","client_key":"api-f9a00f43e97e3966bb846e76b6795e11512c3bbf","request_id":"763b2c683b243881bc72a17a95829df2","user_id":1} 
[2026-09-03 21:53:47] testing.INFO: bet_purchase.api.success {"outcome":"purchased","bet_id":1,"bet_number":"BT-20260903-12095358A6D0","ticket_id":1,"draw_id":1,"currency":"THB","stake":"10.00","client_key":"api-503126878d17fcd6bde7df320ff6eb7c278a1c42","request_id":"a2e8d8a21051ad525c1a47f8104f5216","user_id":1} 
[2026-09-03 21:53:47] testing.INFO: bet_purchase.api.success {"outcome":"purchased","bet_id":1,"bet_number":"BT-20260903-314185A38523","ticket_id":1,"draw_id":1,"currency":"THB","stake":"10.00","client_key":"api-9aaf680776b98fd17fe63376120525cbcdffc01b","request_id":"596ce18ca136f640f8ff0228c1fc6a04","user_id":1} 
[2026-09-03 21:53:47] testing.INFO: bet_purchase.api.success {"outcome":"purchased","bet_id":1,"bet_number":"BT-20260903-CB248EB31581","ticket_id":1,"draw_id":1,"currency":"THB","stake":"10.55","client_key":"api-70a0d5198ebb88f97a2cc83a236a8afcc28c7d9e","request_id":"485a2afe5533d61d13430dd9162c3680","user_id":1} 
[2026-09-03 21:53:47] testing.INFO: bet_purchase.api.success {"outcome":"purchased","bet_id":1,"bet_number":"BT-20260903-FE42F7FE0A12","ticket_id":1,"draw_id":1,"currency":"THB","stake":"10.00","client_key":"api-32e83e92d45d71f69dcf9d214688f03755421086","request_id":"6a953c82a78f022175feeb4580f44c5c","user_id":1} 
[2026-09-03 21:53:47] testing.INFO: bet_purchase.api.success {"outcome":"purchased","bet_id":1,"bet_number":"BT-20260903-B2F4DAC8300F","ticket_id":1,"draw_id":1,"currency":"THB","stake":"10.00","client_key":"api-7d29d73105d636d04ca9fffcf979986d373ac874","request_id":"1e5cba7803e020ce43b04cfe03d99c4a","user_id":1} 
[2026-09-03 21:53:47] testing.INFO: bet_purchase.api.success {"outcome":"purchased","bet_id":1,"bet_number":"BT-20260903-95A4CCFD6432","ticket_id":1,"draw_id":2,"currency":"THB","stake":"10.00","client_key":"api-6fdb16bc02366c008d809798cb3faae1efba55a5","request_id":"6899a357e6ed1853eeac7d9a0c51ef5e","user_id":2} 
[2026-09-03 21:53:47] testing.ERROR: SQLSTATE[42S02]: Base table or view not found: 1146 Table "thai_lottery.wallets" doesn't exist (Connection: mysql, SQL: select * from `wallets` where `id` = 1) in /var/www/app/Services/Finance/WalletService.php:118 {"exception":"[object] (RuntimeException(code: 0): SQLSTATE[42S02]: Base table or view not found: 1146 Table \"thai_lottery.wallets\" doesn't exist (Connection: mysql, SQL: select * from `wallets` where `id` = 1) in /var/www/app/Services/Finance/WalletService.php:118 at /home/user/tests/Feature/Api/V1/BetPurchaseApiTest.php:993)
[stacktrace]
#0 /home/user/vendor/laravel/framework/src/Illuminate/Routing/CallableDispatcher.php(40): Tests\\Feature\\Api\\V1\\BetPurchaseApiTest->{closure:Tests\\Feature\\Api\\V1\\BetPurchaseApiTest::am_an_unexpected_failure_never_exposes_a_stack_trace_or_internals():990}()
#1 /home/user/vendor/laravel/framework/src/Illuminate/Routing/Route.php(244): Illuminate\\Routing\\CallableDispatcher->dispatch()
#2 /home/user/vendor/laravel/framework/src/Illuminate/Routing/Route.php(215): Illuminate\\Routing\\Route->runCallable()
#3 /home/user/vendor/laravel/framework/src/Illuminate/Routing/Router.php(808): Illuminate\\Routing\\Route->run()
#4 /home/user/vendor/laravel/framework/src/Illuminate/Pipeline/Pipeline.php(170): Illuminate\\Routing\\Router->{closure:Illuminate\\Routing\\Router::runRouteWithinStack():807}()
#5 /home/user/vendor/laravel/framework/src/Illuminate/Routing/Middleware/SubstituteBindings.php(51): Illuminate\\Pipeline\\Pipeline->{closure:Illuminate\\Pipeline\\Pipeline::prepareDestination():168}()
#6 /home/user/vendor/laravel/framework/src/Illuminate/Pipeline/Pipeline.php(209): Illuminate\\Routing\\Middleware\\SubstituteBindings->handle()
#7 /home/user/vendor/laravel/framework/src/Illuminate/Pipeline/Pipeline.php(127): Illuminate\\Pipeline\\Pipeline->{closure:{closure:Illuminate\\Pipeline\\Pipeline::carry():184}:185}()
#8 /home/user/vendor/laravel/framework/src/Illuminate/Routing/Router.php(807): Illuminate\\Pipeline\\Pipeline->then()
#9 /home/user/vendor/laravel/framework/src/Illuminate/Routing/Router.php(786): Illuminate\\Routing\\Router->runRouteWithinStack()
#10 /home/user/vendor/laravel/framework/src/Illuminate/Routing/Router.php(750): Illuminate\\Routing\\Router->runRoute()
#11 /home/user/vendor/laravel/framework/src/Illuminate/Routing/Router.php(739): Illuminate\\Routing\\Router->dispatchToRoute()
#12 /home/user/vendor/laravel/framework/src/Illuminate/Foundation/Http/Kernel.php(201): Illuminate\\Routing\\Router->dispatch()
#13 /home/user/vendor/laravel/framework/src/Illuminate/Pipeline/Pipeline.php(170): Illuminate\\Foundation\\Http\\Kernel->{closure:Illuminate\\Foundation\\Http\\Kernel::dispatchToRouter():198}()
#14 /home/user/vendor/livewire/livewire/src/Features/SupportDisablingBackButtonCache/DisableBackButtonCacheMiddleware.php(19): Illuminate\\Pipeline\\Pipeline->{closure:Illuminate\\Pipeline\\Pipeline::prepareDestination():168}()
#15 /home/user/vendor/laravel/framework/src/Illuminate/Pipeline/Pipeline.php(209): Livewire\\Features\\SupportDisablingBackButtonCache\\DisableBackButtonCacheMiddleware->handle()
#16 /home/user/app/Http/Middleware/SecurityHeaders.php(13): Illuminate\\Pipeline\\Pipeline->{closure:{closure:Illuminate\\Pipeline\\Pipeline::carry():184}:185}()
#17 /home/user/vendor/laravel/framework/src/Illuminate/Pipeline/Pipeline.php(209): App\\Http\\Middleware\\SecurityHeaders->handle()
#18 /home/user/vendor/laravel/framework/src/Illuminate/Foundation/Http/Middleware/TransformsRequest.php(21): Illuminate\\Pipeline\\Pipeline->{closure:{closure:Illuminate\\Pipeline\\Pipeline::carry():184}:185}()
#19 /home/user/vendor/laravel/framework/src/Illuminate/Foundation/Http/Middleware/ConvertEmptyStringsToNull.php(31): Illuminate\\Foundation\\Http\\Middleware\\TransformsRequest->handle()
#20 /home/user/vendor/laravel/framework/src/Illuminate/Pipeline/Pipeline.php(209): Illuminate\\Foundation\\Http\\Middleware\\ConvertEmptyStringsToNull->handle()
#21 /home/user/vendor/laravel/framework/src/Illuminate/Foundation/Http/Middleware/TransformsRequest.php(21): Illuminate\\Pipeline\\Pipeline->{closure:{closure:Illuminate\\Pipeline\\Pipeline::carry():184}:185}()
#22 /home/user/vendor/laravel/framework/src/Illuminate/Foundation/Http/Middleware/TrimStrings.php(51): Illuminate\\Foundation\\Http\\Middleware\\TransformsRequest->handle()
#23 /home/user/vendor/laravel/framework/src/Illuminate/Pipeline/Pipeline.php(209): Illuminate\\Foundation\\Http\\Middleware\\TrimStrings->handle()
#24 /home/user/vendor/laravel/framework/src/Illuminate/Http/Middleware/ValidatePostSize.php(27): Illuminate\\Pipeline\\Pipeline->{closure:{closure:Illuminate\\Pipeline\\Pipeline::carry():184}:185}()
#25 /home/user/vendor/laravel/framework/src/Illuminate/Pipeline/Pipeline.php(209): Illuminate\\Http\\Middleware\\ValidatePostSize->handle()
#26 /home/user/vendor/laravel/framework/src/Illuminate/Foundation/Http/Middleware/PreventRequestsDuringMaintenance.php(110): Illuminate\\Pipeline\\Pipeline->{closure:{closure:Illuminate\\Pipeline\\Pipeline::carry():184}:185}()
#27 /home/user/vendor/laravel/framework/src/Illuminate/Pipeline/Pipeline.php(209): Illuminate\\Foundation\\Http\\Middleware\\PreventRequestsDuringMaintenance->handle()
#28 /home/user/vendor/laravel/framework/src/Illuminate/Http/Middleware/HandleCors.php(62): Illuminate\\Pipeline\\Pipeline->{closure:{closure:Illuminate\\Pipeline\\Pipeline::carry():184}:185}()
#29 /home/user/vendor/laravel/framework/src/Illuminate/Pipeline/Pipeline.php(209): Illuminate\\Http\\Middleware\\HandleCors->handle()
#30 /home/user/vendor/laravel/framework/src/Illuminate/Http/Middleware/TrustProxies.php(58): Illuminate\\Pipeline\\Pipeline->{closure:{closure:Illuminate\\Pipeline\\Pipeline::carry():184}:185}()
#31 /home/user/vendor/laravel/framework/src/Illuminate/Pipeline/Pipeline.php(209): Illuminate\\Http\\Middleware\\TrustProxies->handle()
#32 /home/user/vendor/laravel/framework/src/Illuminate/Foundation/Http/Middleware/InvokeDeferredCallbacks.php(22): Illuminate\\Pipeline\\Pipeline->{closure:{closure:Illuminate\\Pipeline\\Pipeline::carry():184}:185}()
#33 /home/user/vendor/laravel/framework/src/Illuminate/Pipeline/Pipeline.php(209): Illuminate\\Foundation\\Http\\Middleware\\InvokeDeferredCallbacks->handle()
#34 /home/user/vendor/laravel/framework/src/Illuminate/Pipeline/Pipeline.php(127): Illuminate\\Pipeline\\Pipeline->{closure:{closure:Illuminate\\Pipeline\\Pipeline::carry():184}:185}()
#35 /home/user/vendor/laravel/framework/src/Illuminate/Foundation/Http/Kernel.php(176): Illuminate\\Pipeline\\Pipeline->then()
#36 /home/user/vendor/laravel/framework/src/Illuminate/Foundation/Http/Kernel.php(145): Illuminate\\Foundation\\Http\\Kernel->sendRequestThroughRouter()
#37 /home/user/vendor/laravel/framework/src/Illuminate/Foundation/Testing/Concerns/MakesHttpRequests.php(607): Illuminate\\Foundation\\Http\\Kernel->handle()
#38 /home/user/vendor/laravel/framework/src/Illuminate/Foundation/Testing/Concerns/MakesHttpRequests.php(573): Illuminate\\Foundation\\Testing\\TestCase->call()
#39 /home/user/vendor/laravel/framework/src/Illuminate/Foundation/Testing/Concerns/MakesHttpRequests.php(381): Illuminate\\Foundation\\Testing\\TestCase->json()
#40 /home/user/tests/Feature/Api/V1/BetPurchaseApiTest.php(1001): Illuminate\\Foundation\\Testing\\TestCase->getJson()
#41 /home/user/vendor/phpunit/phpunit/src/Framework/TestCase.php(1667): Tests\\Feature\\Api\\V1\\BetPurchaseApiTest->am_an_unexpected_failure_never_exposes_a_stack_trace_or_internals()
#42 /home/user/vendor/phpunit/phpunit/src/Framework/TestCase.php(519): PHPUnit\\Framework\\TestCase->runTest()
#43 /home/user/vendor/phpunit/phpunit/src/Framework/TestRunner/TestRunner.php(87): PHPUnit\\Framework\\TestCase->runBare()
#44 /home/user/vendor/phpunit/phpunit/src/Framework/TestCase.php(365): PHPUnit\\Framework\\TestRunner->run()
#45 /home/user/vendor/phpunit/phpunit/src/Framework/TestSuite.php(369): PHPUnit\\Framework\\TestCase->run()
#46 /home/user/vendor/phpunit/phpunit/src/Framework/TestSuite.php(369): PHPUnit\\Framework\\TestSuite->run()
#47 /home/user/vendor/phpunit/phpunit/src/Framework/TestSuite.php(369): PHPUnit\\Framework\\TestSuite->run()
#48 /home/user/vendor/phpunit/phpunit/src/TextUI/TestRunner.php(64): PHPUnit\\Framework\\TestSuite->run()
#49 /home/user/vendor/phpunit/phpunit/src/TextUI/Application.php(211): PHPUnit\\TextUI\\TestRunner->run()
#50 /home/user/vendor/phpunit/phpunit/phpunit(104): PHPUnit\\TextUI\\Application->run()
#51 {main}
"} 
[2026-09-03 21:53:47] testing.ERROR: api.unhandled_exception {"exception":"[object] (RuntimeException(code: 0): SQLSTATE[42S02]: Base table or view not found: 1146 Table \"thai_lottery.wallets\" doesn't exist (Connection: mysql, SQL: select * from `wallets` where `id` = 1) in /var/www/app/Services/Finance/WalletService.php:118 at /home/user/tests/Feature/Api/V1/BetPurchaseApiTest.php:993)
[stacktrace]
#0 /home/user/vendor/laravel/framework/src/Illuminate/Routing/CallableDispatcher.php(40): Tests\\Feature\\Api\\V1\\BetPurchaseApiTest->{closure:Tests\\Feature\\Api\\V1\\BetPurchaseApiTest::am_an_unexpected_failure_never_exposes_a_stack_trace_or_internals():990}()
#1 /home/user/vendor/laravel/framework/src/Illuminate/Routing/Route.php(244): Illuminate\\Routing\\CallableDispatcher->dispatch()
#2 /home/user/vendor/laravel/framework/src/Illuminate/Routing/Route.php(215): Illuminate\\Routing\\Route->runCallable()
#3 /home/user/vendor/laravel/framework/src/Illuminate/Routing/Router.php(808): Illuminate\\Routing\\Route->run()
#4 /home/user/vendor/laravel/framework/src/Illuminate/Pipeline/Pipeline.php(170): Illuminate\\Routing\\Router->{closure:Illuminate\\Routing\\Router::runRouteWithinStack():807}()
#5 /home/user/vendor/laravel/framework/src/Illuminate/Routing/Middleware/SubstituteBindings.php(51): Illuminate\\Pipeline\\Pipeline->{closure:Illuminate\\Pipeline\\Pipeline::prepareDestination():168}()
#6 /home/user/vendor/laravel/framework/src/Illuminate/Pipeline/Pipeline.php(209): Illuminate\\Routing\\Middleware\\SubstituteBindings->handle()
#7 /home/user/vendor/laravel/framework/src/Illuminate/Pipeline/Pipeline.php(127): Illuminate\\Pipeline\\Pipeline->{closure:{closure:Illuminate\\Pipeline\\Pipeline::carry():184}:185}()
#8 /home/user/vendor/laravel/framework/src/Illuminate/Routing/Router.php(807): Illuminate\\Pipeline\\Pipeline->then()
#9 /home/user/vendor/laravel/framework/src/Illuminate/Routing/Router.php(786): Illuminate\\Routing\\Router->runRouteWithinStack()
#10 /home/user/vendor/laravel/framework/src/Illuminate/Routing/Router.php(750): Illuminate\\Routing\\Router->runRoute()
#11 /home/user/vendor/laravel/framework/src/Illuminate/Routing/Router.php(739): Illuminate\\Routing\\Router->dispatchToRoute()
#12 /home/user/vendor/laravel/framework/src/Illuminate/Foundation/Http/Kernel.php(201): Illuminate\\Routing\\Router->dispatch()
#13 /home/user/vendor/laravel/framework/src/Illuminate/Pipeline/Pipeline.php(170): Illuminate\\Foundation\\Http\\Kernel->{closure:Illuminate\\Foundation\\Http\\Kernel::dispatchToRouter():198}()
#14 /home/user/vendor/livewire/livewire/src/Features/SupportDisablingBackButtonCache/DisableBackButtonCacheMiddleware.php(19): Illuminate\\Pipeline\\Pipeline->{closure:Illuminate\\Pipeline\\Pipeline::prepareDestination():168}()
#15 /home/user/vendor/laravel/framework/src/Illuminate/Pipeline/Pipeline.php(209): Livewire\\Features\\SupportDisablingBackButtonCache\\DisableBackButtonCacheMiddleware->handle()
#16 /home/user/app/Http/Middleware/SecurityHeaders.php(13): Illuminate\\Pipeline\\Pipeline->{closure:{closure:Illuminate\\Pipeline\\Pipeline::carry():184}:185}()
#17 /home/user/vendor/laravel/framework/src/Illuminate/Pipeline/Pipeline.php(209): App\\Http\\Middleware\\SecurityHeaders->handle()
#18 /home/user/vendor/laravel/framework/src/Illuminate/Foundation/Http/Middleware/TransformsRequest.php(21): Illuminate\\Pipeline\\Pipeline->{closure:{closure:Illuminate\\Pipeline\\Pipeline::carry():184}:185}()
#19 /home/user/vendor/laravel/framework/src/Illuminate/Foundation/Http/Middleware/ConvertEmptyStringsToNull.php(31): Illuminate\\Foundation\\Http\\Middleware\\TransformsRequest->handle()
#20 /home/user/vendor/laravel/framework/src/Illuminate/Pipeline/Pipeline.php(209): Illuminate\\Foundation\\Http\\Middleware\\ConvertEmptyStringsToNull->handle()
#21 /home/user/vendor/laravel/framework/src/Illuminate/Foundation/Http/Middleware/TransformsRequest.php(21): Illuminate\\Pipeline\\Pipeline->{closure:{closure:Illuminate\\Pipeline\\Pipeline::carry():184}:185}()
#22 /home/user/vendor/laravel/framework/src/Illuminate/Foundation/Http/Middleware/TrimStrings.php(51): Illuminate\\Foundation\\Http\\Middleware\\TransformsRequest->handle()
#23 /home/user/vendor/laravel/framework/src/Illuminate/Pipeline/Pipeline.php(209): Illuminate\\Foundation\\Http\\Middleware\\TrimStrings->handle()
#24 /home/user/vendor/laravel/framework/src/Illuminate/Http/Middleware/ValidatePostSize.php(27): Illuminate\\Pipeline\\Pipeline->{closure:{closure:Illuminate\\Pipeline\\Pipeline::carry():184}:185}()
#25 /home/user/vendor/laravel/framework/src/Illuminate/Pipeline/Pipeline.php(209): Illuminate\\Http\\Middleware\\ValidatePostSize->handle()
#26 /home/user/vendor/laravel/framework/src/Illuminate/Foundation/Http/Middleware/PreventRequestsDuringMaintenance.php(110): Illuminate\\Pipeline\\Pipeline->{closure:{closure:Illuminate\\Pipeline\\Pipeline::carry():184}:185}()
#27 /home/user/vendor/laravel/framework/src/Illuminate/Pipeline/Pipeline.php(209): Illuminate\\Foundation\\Http\\Middleware\\PreventRequestsDuringMaintenance->handle()
#28 /home/user/vendor/laravel/framework/src/Illuminate/Http/Middleware/HandleCors.php(62): Illuminate\\Pipeline\\Pipeline->{closure:{closure:Illuminate\\Pipeline\\Pipeline::carry():184}:185}()
#29 /home/user/vendor/laravel/framework/src/Illuminate/Pipeline/Pipeline.php(209): Illuminate\\Http\\Middleware\\HandleCors->handle()
#30 /home/user/vendor/laravel/framework/src/Illuminate/Http/Middleware/TrustProxies.php(58): Illuminate\\Pipeline\\Pipeline->{closure:{closure:Illuminate\\Pipeline\\Pipeline::carry():184}:185}()
#31 /home/user/vendor/laravel/framework/src/Illuminate/Pipeline/Pipeline.php(209): Illuminate\\Http\\Middleware\\TrustProxies->handle()
#32 /home/user/vendor/laravel/framework/src/Illuminate/Foundation/Http/Middleware/InvokeDeferredCallbacks.php(22): Illuminate\\Pipeline\\Pipeline->{closure:{closure:Illuminate\\Pipeline\\Pipeline::carry():184}:185}()
#33 /home/user/vendor/laravel/framework/src/Illuminate/Pipeline/Pipeline.php(209): Illuminate\\Foundation\\Http\\Middleware\\InvokeDeferredCallbacks->handle()
#34 /home/user/vendor/laravel/framework/src/Illuminate/Pipeline/Pipeline.php(127): Illuminate\\Pipeline\\Pipeline->{closure:{closure:Illuminate\\Pipeline\\Pipeline::carry():184}:185}()
#35 /home/user/vendor/laravel/framework/src/Illuminate/Foundation/Http/Kernel.php(176): Illuminate\\Pipeline\\Pipeline->then()
#36 /home/user/vendor/laravel/framework/src/Illuminate/Foundation/Http/Kernel.php(145): Illuminate\\Foundation\\Http\\Kernel->sendRequestThroughRouter()
#37 /home/user/vendor/laravel/framework/src/Illuminate/Foundation/Testing/Concerns/MakesHttpRequests.php(607): Illuminate\\Foundation\\Http\\Kernel->handle()
#38 /home/user/vendor/laravel/framework/src/Illuminate/Foundation/Testing/Concerns/MakesHttpRequests.php(573): Illuminate\\Foundation\\Testing\\TestCase->call()
#39 /home/user/vendor/laravel/framework/src/Illuminate/Foundation/Testing/Concerns/MakesHttpRequests.php(381): Illuminate\\Foundation\\Testing\\TestCase->json()
#40 /home/user/tests/Feature/Api/V1/BetPurchaseApiTest.php(1001): Illuminate\\Foundation\\Testing\\TestCase->getJson()
#41 /home/user/vendor/phpunit/phpunit/src/Framework/TestCase.php(1667): Tests\\Feature\\Api\\V1\\BetPurchaseApiTest->am_an_unexpected_failure_never_exposes_a_stack_trace_or_internals()
#42 /home/user/vendor/phpunit/phpunit/src/Framework/TestCase.php(519): PHPUnit\\Framework\\TestCase->runTest()
#43 /home/user/vendor/phpunit/phpunit/src/Framework/TestRunner/TestRunner.php(87): PHPUnit\\Framework\\TestCase->runBare()
#44 /home/user/vendor/phpunit/phpunit/src/Framework/TestCase.php(365): PHPUnit\\Framework\\TestRunner->run()
#45 /home/user/vendor/phpunit/phpunit/src/Framework/TestSuite.php(369): PHPUnit\\Framework\\TestCase->run()
#46 /home/user/vendor/phpunit/phpunit/src/Framework/TestSuite.php(369): PHPUnit\\Framework\\TestSuite->run()
#47 /home/user/vendor/phpunit/phpunit/src/Framework/TestSuite.php(369): PHPUnit\\Framework\\TestSuite->run()
#48 /home/user/vendor/phpunit/phpunit/src/TextUI/TestRunner.php(64): PHPUnit\\Framework\\TestSuite->run()
#49 /home/user/vendor/phpunit/phpunit/src/TextUI/Application.php(211): PHPUnit\\TextUI\\TestRunner->run()
#50 /home/user/vendor/phpunit/phpunit/phpunit(104): PHPUnit\\TextUI\\Application->run()
#51 {main}
","path":"api/v1/__phase44_failure_probe","method":"GET","user_id":null} 
[2026-09-03 21:53:48] testing.CRITICAL: Limit Exceeded (Critical Risk) on number 123 [3d] for draw 1. {"risk_alert_type":"limit_exceeded","risk_level":"critical","audit_log_id":1} 
[2026-09-03 21:53:48] testing.CRITICAL: Critical Exposure (Critical Risk) on number 123 [3d] for draw 1. {"risk_alert_type":"critical_exposure","risk_level":"critical","audit_log_id":2} 
[2026-09-03 21:53:50] testing.INFO: lottery.automation.provisioned {"created":2,"existing":0,"horizon_days":40} 
[2026-09-03 21:53:50] testing.INFO: lottery.automation.provisioned {"created":8,"existing":0,"horizon_days":120} 
[2026-09-03 21:53:50] testing.INFO: lottery.automation.provisioned {"created":0,"existing":8,"horizon_days":120} 
[2026-09-03 21:53:50] testing.INFO: lottery.automation.provisioned {"created":2,"existing":0,"horizon_days":40} 
[2026-09-03 21:53:50] testing.INFO: lottery.automation.provisioned {"created":0,"existing":2,"horizon_days":40} 
[2026-09-03 21:53:50] testing.INFO: lottery.automation.run {"command":"lottery:open-draws","activity":"open","processed":1,"failed":0,"skipped":0,"candidates":1} 
[2026-09-03 21:53:50] testing.INFO: lottery.automation.run {"command":"lottery:close-draws","activity":"close","processed":1,"failed":0,"skipped":0,"candidates":1} 
[2026-09-03 21:53:50] testing.INFO: lottery.automation.run {"command":"lottery:close-draws","activity":"close","processed":1,"failed":0,"skipped":0,"candidates":1} 
[2026-09-03 21:53:50] testing.INFO: lottery.automation.run {"command":"lottery:close-draws","activity":"close","processed":1,"failed":0,"skipped":0,"candidates":1} 
[2026-09-03 21:53:50] testing.INFO: lottery.automation.run {"command":"lottery:mark-results-pending","activity":"mark result-pending","processed":1,"failed":0,"skipped":0,"candidates":1} 
[2026-09-03 21:53:50] testing.INFO: lottery.automation.run {"command":"lottery:mark-results-pending","activity":"mark result-pending","processed":1,"failed":0,"skipped":0,"candidates":1} 
[2026-09-03 21:53:50] testing.INFO: lottery.automation.run {"command":"lottery:settle-draws","activity":"settle","processed":1,"failed":0,"skipped":0,"candidates":1} 
[2026-09-03 21:53:50] testing.INFO: lottery.automation.run {"command":"lottery:mark-results-pending","activity":"mark result-pending","processed":1,"failed":0,"skipped":0,"candidates":1} 
[2026-09-03 21:53:50] testing.INFO: lottery.automation.run {"command":"lottery:mark-results-pending","activity":"mark result-pending","processed":1,"failed":0,"skipped":0,"candidates":1} 
[2026-09-03 21:53:51] testing.INFO: lottery.automation.run {"command":"lottery:settle-draws","activity":"settle","processed":1,"failed":0,"skipped":0,"candidates":1} 
[2026-09-03 21:53:51] testing.INFO: lottery.automation.run {"command":"lottery:mark-results-pending","activity":"mark result-pending","processed":1,"failed":0,"skipped":0,"candidates":1} 
[2026-09-03 21:53:51] testing.INFO: lottery.automation.run {"command":"lottery:settle-draws","activity":"settle","processed":1,"failed":0,"skipped":0,"candidates":1} 
[2026-09-03 21:53:51] testing.INFO: lottery.automation.run {"command":"lottery:settle-draws","activity":"settle","processed":1,"failed":0,"skipped":0,"candidates":1} 
[2026-09-03 21:53:51] testing.INFO: lottery.automation.run {"command":"lottery:mark-results-pending","activity":"mark result-pending","processed":1,"failed":0,"skipped":0,"candidates":1} 
[2026-09-03 21:53:51] testing.INFO: lottery.automation.run {"command":"lottery:settle-draws","activity":"settle","processed":1,"failed":0,"skipped":0,"candidates":1} 
[2026-09-03 21:53:51] testing.INFO: lottery.automation.run {"command":"lottery:mark-results-pending","activity":"mark result-pending","processed":1,"failed":0,"skipped":0,"candidates":1} 
[2026-09-03 21:53:51] testing.ERROR: lottery.automation.draw_failed {"command":"lottery:settle-draws","activity":"settle","draw_id":1,"draw_number":"DR-TEST-0015","exception":"[object] (App\\Exceptions\\DrawLifecycleException(code: 0): Draw 1 is in state result_published, which implies a published official result, but no draw_results row exists for it. This is refused rather than repaired. at /home/user/app/Exceptions/DrawLifecycleException.php:252)
[stacktrace]
#0 /home/user/app/Services/Draw/DrawSettlementSimulationService.php(200): App\\Exceptions\\DrawLifecycleException::resultMissing()
#1 /home/user/app/Services/Draw/DrawSettlementSimulationService.php(393): App\\Services\\Draw\\DrawSettlementSimulationService->publishedResultFor()
#2 /home/user/app/Services/Draw/DrawSettlementSimulationService.php(156): App\\Services\\Draw\\DrawSettlementSimulationService->performSettlement()
#3 /home/user/vendor/laravel/framework/src/Illuminate/Database/Concerns/ManagesTransactions.php(32): App\\Services\\Draw\\DrawSettlementSimulationService->{closure:App\\Services\\Draw\\DrawSettlementSimulationService::settle():145}()
#4 /home/user/vendor/laravel/framework/src/Illuminate/Database/DatabaseManager.php(495): Illuminate\\Database\\Connection->transaction()
#5 /home/user/vendor/laravel/framework/src/Illuminate/Support/Facades/Facade.php(361): Illuminate\\Database\\DatabaseManager->__call()
#6 /home/user/app/Services/Draw/DrawSettlementSimulationService.php(145): Illuminate\\Support\\Facades\\Facade::__callStatic()
#7 /home/user/app/Console/Commands/Lottery/SettleDrawsCommand.php(90): App\\Services\\Draw\\DrawSettlementSimulationService->settle()
#8 /home/user/app/Console/Commands/Lottery/LotteryAutomationCommand.php(155): App\\Console\\Commands\\Lottery\\SettleDrawsCommand->{closure:App\\Console\\Commands\\Lottery\\SettleDrawsCommand::handle():89}()
#9 /home/user/app/Console/Commands/Lottery/SettleDrawsCommand.php(87): App\\Console\\Commands\\Lottery\\LotteryAutomationCommand->eachDueDraw()
#10 /home/user/vendor/laravel/framework/src/Illuminate/Container/BoundMethod.php(36): App\\Console\\Commands\\Lottery\\SettleDrawsCommand->handle()
#11 /home/user/vendor/laravel/framework/src/Illuminate/Container/Util.php(43): Illuminate\\Container\\BoundMethod::{closure:Illuminate\\Container\\BoundMethod::call():35}()
#12 /home/user/vendor/laravel/framework/src/Illuminate/Container/BoundMethod.php(95): Illuminate\\Container\\Util::unwrapIfClosure()
#13 /home/user/vendor/laravel/framework/src/Illuminate/Container/BoundMethod.php(35): Illuminate\\Container\\BoundMethod::callBoundMethod()
#14 /home/user/vendor/laravel/framework/src/Illuminate/Container/Container.php(696): Illuminate\\Container\\BoundMethod::call()
#15 /home/user/vendor/laravel/framework/src/Illuminate/Console/Command.php(213): Illuminate\\Container\\Container->call()
#16 /home/user/vendor/symfony/console/Command/Command.php(341): Illuminate\\Console\\Command->execute()
#17 /home/user/vendor/laravel/framework/src/Illuminate/Console/Command.php(182): Symfony\\Component\\Console\\Command\\Command->run()
#18 /home/user/vendor/symfony/console/Application.php(1094): Illuminate\\Console\\Command->run()
#19 /home/user/vendor/symfony/console/Application.php(356): Symfony\\Component\\Console\\Application->doRunCommand()
#20 /home/user/vendor/symfony/console/Application.php(195): Symfony\\Component\\Console\\Application->doRun()
#21 /home/user/vendor/laravel/framework/src/Illuminate/Console/Application.php(166): Symfony\\Component\\Console\\Application->run()
#22 /home/user/vendor/laravel/framework/src/Illuminate/Foundation/Console/Kernel.php(427): Illuminate\\Console\\Application->call()
#23 /home/user/vendor/laravel/framework/src/Illuminate/Testing/PendingCommand.php(332): Illuminate\\Foundation\\Console\\Kernel->call()
#24 /home/user/vendor/laravel/framework/src/Illuminate/Testing/PendingCommand.php(556): Illuminate\\Testing\\PendingCommand->run()
#25 /home/user/tests/Feature/Console/DrawAutomationTest.php(334): Illuminate\\Testing\\PendingCommand->__destruct()
#26 /home/user/vendor/phpunit/phpunit/src/Framework/TestCase.php(1667): Tests\\Feature\\Console\\DrawAutomationTest->one_bad_draw_does_not_stop_the_batch_and_the_command_still_reports_failure()
#27 /home/user/vendor/phpunit/phpunit/src/Framework/TestCase.php(519): PHPUnit\\Framework\\TestCase->runTest()
#28 /home/user/vendor/phpunit/phpunit/src/Framework/TestRunner/TestRunner.php(87): PHPUnit\\Framework\\TestCase->runBare()
#29 /home/user/vendor/phpunit/phpunit/src/Framework/TestCase.php(365): PHPUnit\\Framework\\TestRunner->run()
#30 /home/user/vendor/phpunit/phpunit/src/Framework/TestSuite.php(369): PHPUnit\\Framework\\TestCase->run()
#31 /home/user/vendor/phpunit/phpunit/src/Framework/TestSuite.php(369): PHPUnit\\Framework\\TestSuite->run()
#32 /home/user/vendor/phpunit/phpunit/src/Framework/TestSuite.php(369): PHPUnit\\Framework\\TestSuite->run()
#33 /home/user/vendor/phpunit/phpunit/src/TextUI/TestRunner.php(64): PHPUnit\\Framework\\TestSuite->run()
#34 /home/user/vendor/phpunit/phpunit/src/TextUI/Application.php(211): PHPUnit\\TextUI\\TestRunner->run()
#35 /home/user/vendor/phpunit/phpunit/phpunit(104): PHPUnit\\TextUI\\Application->run()
#36 {main}
"} 
[2026-09-03 21:53:51] testing.INFO: lottery.automation.run {"command":"lottery:settle-draws","activity":"settle","processed":1,"failed":1,"skipped":0,"candidates":2} 
[2026-09-03 21:53:51] testing.INFO: lottery.tick {"steps":5,"failed_steps":[],"duration_ms":0.0,"dry_run":false} 
[2026-09-03 21:53:51] testing.INFO: lottery.automation.run {"command":"lottery:open-draws","activity":"open","processed":1,"failed":0,"skipped":0,"candidates":1} 
[2026-09-03 21:53:51] testing.INFO: lottery.automation.run {"command":"lottery:close-draws","activity":"close","processed":2,"failed":0,"skipped":0,"candidates":2} 
[2026-09-03 21:53:51] testing.INFO: lottery.automation.provisioned {"created":6,"existing":0,"horizon_days":90} 
[2026-09-03 21:53:51] testing.INFO: lottery.automation.run {"command":"lottery:open-draws","activity":"open","processed":1,"failed":0,"skipped":0,"candidates":1} 
[2026-09-03 21:53:51] testing.INFO: lottery.automation.run {"command":"lottery:close-draws","activity":"close","processed":1,"failed":0,"skipped":0,"candidates":1} 
[2026-09-03 21:53:51] testing.INFO: lottery.automation.run {"command":"lottery:mark-results-pending","activity":"mark result-pending","processed":1,"failed":0,"skipped":0,"candidates":1} 
[2026-09-03 21:53:51] testing.INFO: lottery.tick {"steps":5,"failed_steps":[],"duration_ms":22.0,"dry_run":false} 
[2026-09-03 21:53:51] testing.INFO: lottery.automation.provisioned {"created":6,"existing":0,"horizon_days":90} 
[2026-09-03 21:53:51] testing.INFO: lottery.automation.run {"command":"lottery:open-draws","activity":"open","processed":1,"failed":0,"skipped":0,"candidates":1} 
[2026-09-03 21:53:51] testing.INFO: lottery.automation.run {"command":"lottery:close-draws","activity":"close","processed":1,"failed":0,"skipped":0,"candidates":1} 
[2026-09-03 21:53:51] testing.INFO: lottery.automation.run {"command":"lottery:mark-results-pending","activity":"mark result-pending","processed":1,"failed":0,"skipped":0,"candidates":1} 
[2026-09-03 21:53:51] testing.INFO: lottery.tick {"steps":5,"failed_steps":[],"duration_ms":23.0,"dry_run":false} 
[2026-09-03 21:53:51] testing.INFO: lottery.automation.run {"command":"lottery:mark-results-pending","activity":"mark result-pending","processed":1,"failed":0,"skipped":0,"candidates":1} 
[2026-09-03 21:53:51] testing.INFO: lottery.publication.published {"draw_id":1,"draw_number":"DR-TEST-0025","winning_numbers":6,"operator_command":true} 
[2026-09-03 21:53:51] testing.INFO: lottery.automation.run {"command":"lottery:mark-results-pending","activity":"mark result-pending","processed":1,"failed":0,"skipped":0,"candidates":1} 
[2026-09-03 21:53:51] testing.WARNING: lottery.publication.refused {"draw_id":1,"draw_number":"DR-TEST-0026","exception":"[object] (App\\Exceptions\\DrawResultValidationException(code: 0): The official first prize number must be exactly 6 digits. Received \"12\", which is 2. Leading zeroes count as digits and are never stripped. at /home/user/app/Exceptions/DrawResultValidationException.php:119)
[stacktrace]
#0 /home/user/app/Services/Draw/DrawResultValidator.php(205): App\\Exceptions\\DrawResultValidationException::firstPrizeLength()
#1 /home/user/app/Services/Draw/DrawResultValidator.php(131): App\\Services\\Draw\\DrawResultValidator->validateFirstPrize()
#2 /home/user/app/Services/Draw/DrawResultPublicationService.php(105): App\\Services\\Draw\\DrawResultValidator->validate()
#3 /home/user/app/Console/Commands/Lottery/PublishDrawResultCommand.php(104): App\\Services\\Draw\\DrawResultPublicationService->publish()
#4 /home/user/vendor/laravel/framework/src/Illuminate/Container/BoundMethod.php(36): App\\Console\\Commands\\Lottery\\PublishDrawResultCommand->handle()
#5 /home/user/vendor/laravel/framework/src/Illuminate/Container/Util.php(43): Illuminate\\Container\\BoundMethod::{closure:Illuminate\\Container\\BoundMethod::call():35}()
#6 /home/user/vendor/laravel/framework/src/Illuminate/Container/BoundMethod.php(95): Illuminate\\Container\\Util::unwrapIfClosure()
#7 /home/user/vendor/laravel/framework/src/Illuminate/Container/BoundMethod.php(35): Illuminate\\Container\\BoundMethod::callBoundMethod()
#8 /home/user/vendor/laravel/framework/src/Illuminate/Container/Container.php(696): Illuminate\\Container\\BoundMethod::call()
#9 /home/user/vendor/laravel/framework/src/Illuminate/Console/Command.php(213): Illuminate\\Container\\Container->call()
#10 /home/user/vendor/symfony/console/Command/Command.php(341): Illuminate\\Console\\Command->execute()
#11 /home/user/vendor/laravel/framework/src/Illuminate/Console/Command.php(182): Symfony\\Component\\Console\\Command\\Command->run()
#12 /home/user/vendor/symfony/console/Application.php(1094): Illuminate\\Console\\Command->run()
#13 /home/user/vendor/symfony/console/Application.php(356): Symfony\\Component\\Console\\Application->doRunCommand()
#14 /home/user/vendor/symfony/console/Application.php(195): Symfony\\Component\\Console\\Application->doRun()
#15 /home/user/vendor/laravel/framework/src/Illuminate/Console/Application.php(166): Symfony\\Component\\Console\\Application->run()
#16 /home/user/vendor/laravel/framework/src/Illuminate/Foundation/Console/Kernel.php(427): Illuminate\\Console\\Application->call()
#17 /home/user/vendor/laravel/framework/src/Illuminate/Testing/PendingCommand.php(332): Illuminate\\Foundation\\Console\\Kernel->call()
#18 /home/user/vendor/laravel/framework/src/Illuminate/Testing/PendingCommand.php(556): Illuminate\\Testing\\PendingCommand->run()
#19 /home/user/tests/Feature/Console/DrawAutomationTest.php(443): Illuminate\\Testing\\PendingCommand->__destruct()
#20 /home/user/vendor/phpunit/phpunit/src/Framework/TestCase.php(1667): Tests\\Feature\\Console\\DrawAutomationTest->publication_refuses_numbers_the_validator_rejects_and_writes_nothing()
#21 /home/user/vendor/phpunit/phpunit/src/Framework/TestCase.php(519): PHPUnit\\Framework\\TestCase->runTest()
#22 /home/user/vendor/phpunit/phpunit/src/Framework/TestRunner/TestRunner.php(87): PHPUnit\\Framework\\TestCase->runBare()
#23 /home/user/vendor/phpunit/phpunit/src/Framework/TestCase.php(365): PHPUnit\\Framework\\TestRunner->run()
#24 /home/user/vendor/phpunit/phpunit/src/Framework/TestSuite.php(369): PHPUnit\\Framework\\TestCase->run()
#25 /home/user/vendor/phpunit/phpunit/src/Framework/TestSuite.php(369): PHPUnit\\Framework\\TestSuite->run()
#26 /home/user/vendor/phpunit/phpunit/src/Framework/TestSuite.php(369): PHPUnit\\Framework\\TestSuite->run()
#27 /home/user/vendor/phpunit/phpunit/src/TextUI/TestRunner.php(64): PHPUnit\\Framework\\TestSuite->run()
#28 /home/user/vendor/phpunit/phpunit/src/TextUI/Application.php(211): PHPUnit\\TextUI\\TestRunner->run()
#29 /home/user/vendor/phpunit/phpunit/phpunit(104): PHPUnit\\TextUI\\Application->run()
#30 {main}
"} 
[2026-09-03 21:53:51] testing.WARNING: lottery.publication.refused {"draw_id":1,"draw_number":"DR-TEST-0027","exception":"[object] (App\\Exceptions\\DrawLifecycleException(code: 0): Draw 1 is in state open; an official result may only be published from result_pending. at /home/user/app/Exceptions/DrawLifecycleException.php:191)
[stacktrace]
#0 /home/user/app/Services/Draw/DrawLifecycleService.php(385): App\\Exceptions\\DrawLifecycleException::notPublishable()
#1 /home/user/app/Services/Draw/DrawResultPublicationService.php(110): App\\Services\\Draw\\DrawLifecycleService->assertCanPublishResult()
#2 /home/user/vendor/laravel/framework/src/Illuminate/Database/Concerns/ManagesTransactions.php(32): App\\Services\\Draw\\DrawResultPublicationService->{closure:App\\Services\\Draw\\DrawResultPublicationService::publish():107}()
#3 /home/user/vendor/laravel/framework/src/Illuminate/Database/DatabaseManager.php(495): Illuminate\\Database\\Connection->transaction()
#4 /home/user/vendor/laravel/framework/src/Illuminate/Support/Facades/Facade.php(361): Illuminate\\Database\\DatabaseManager->__call()
#5 /home/user/app/Services/Draw/DrawResultPublicationService.php(139): Illuminate\\Support\\Facades\\Facade::__callStatic()
#6 /home/user/app/Console/Commands/Lottery/PublishDrawResultCommand.php(104): App\\Services\\Draw\\DrawResultPublicationService->publish()
#7 /home/user/vendor/laravel/framework/src/Illuminate/Container/BoundMethod.php(36): App\\Console\\Commands\\Lottery\\PublishDrawResultCommand->handle()
#8 /home/user/vendor/laravel/framework/src/Illuminate/Container/Util.php(43): Illuminate\\Container\\BoundMethod::{closure:Illuminate\\Container\\BoundMethod::call():35}()
#9 /home/user/vendor/laravel/framework/src/Illuminate/Container/BoundMethod.php(95): Illuminate\\Container\\Util::unwrapIfClosure()
#10 /home/user/vendor/laravel/framework/src/Illuminate/Container/BoundMethod.php(35): Illuminate\\Container\\BoundMethod::callBoundMethod()
#11 /home/user/vendor/laravel/framework/src/Illuminate/Container/Container.php(696): Illuminate\\Container\\BoundMethod::call()
#12 /home/user/vendor/laravel/framework/src/Illuminate/Console/Command.php(213): Illuminate\\Container\\Container->call()
#13 /home/user/vendor/symfony/console/Command/Command.php(341): Illuminate\\Console\\Command->execute()
#14 /home/user/vendor/laravel/framework/src/Illuminate/Console/Command.php(182): Symfony\\Component\\Console\\Command\\Command->run()
#15 /home/user/vendor/symfony/console/Application.php(1094): Illuminate\\Console\\Command->run()
#16 /home/user/vendor/symfony/console/Application.php(356): Symfony\\Component\\Console\\Application->doRunCommand()
#17 /home/user/vendor/symfony/console/Application.php(195): Symfony\\Component\\Console\\Application->doRun()
#18 /home/user/vendor/laravel/framework/src/Illuminate/Console/Application.php(166): Symfony\\Component\\Console\\Application->run()
#19 /home/user/vendor/laravel/framework/src/Illuminate/Foundation/Console/Kernel.php(427): Illuminate\\Console\\Application->call()
#20 /home/user/vendor/laravel/framework/src/Illuminate/Testing/PendingCommand.php(332): Illuminate\\Foundation\\Console\\Kernel->call()
#21 /home/user/vendor/laravel/framework/src/Illuminate/Testing/PendingCommand.php(556): Illuminate\\Testing\\PendingCommand->run()
#22 /home/user/tests/Feature/Console/DrawAutomationTest.php(459): Illuminate\\Testing\\PendingCommand->__destruct()
#23 /home/user/vendor/phpunit/phpunit/src/Framework/TestCase.php(1667): Tests\\Feature\\Console\\DrawAutomationTest->publication_is_refused_for_a_draw_that_is_not_awaiting_its_result()
#24 /home/user/vendor/phpunit/phpunit/src/Framework/TestCase.php(519): PHPUnit\\Framework\\TestCase->runTest()
#25 /home/user/vendor/phpunit/phpunit/src/Framework/TestRunner/TestRunner.php(87): PHPUnit\\Framework\\TestCase->runBare()
#26 /home/user/vendor/phpunit/phpunit/src/Framework/TestCase.php(365): PHPUnit\\Framework\\TestRunner->run()
#27 /home/user/vendor/phpunit/phpunit/src/Framework/TestSuite.php(369): PHPUnit\\Framework\\TestCase->run()
#28 /home/user/vendor/phpunit/phpunit/src/Framework/TestSuite.php(369): PHPUnit\\Framework\\TestSuite->run()
#29 /home/user/vendor/phpunit/phpunit/src/Framework/TestSuite.php(369): PHPUnit\\Framework\\TestSuite->run()
#30 /home/user/vendor/phpunit/phpunit/src/TextUI/TestRunner.php(64): PHPUnit\\Framework\\TestSuite->run()
#31 /home/user/vendor/phpunit/phpunit/src/TextUI/Application.php(211): PHPUnit\\TextUI\\TestRunner->run()
#32 /home/user/vendor/phpunit/phpunit/phpunit(104): PHPUnit\\TextUI\\Application->run()
#33 {main}
"} 
[2026-09-03 21:53:51] testing.INFO: lottery.automation.run {"command":"lottery:mark-results-pending","activity":"mark result-pending","processed":1,"failed":0,"skipped":0,"candidates":1} 
[2026-09-03 21:54:29] testing.INFO: Payment webhook event already processed (replay cache hit) {"gateway":"stripe","event_id":"evt_stripe_concurrency_666"} 
[2026-09-03 21:54:29] testing.INFO: Payment webhook event already processed (replay cache hit) {"gateway":"stripe","event_id":"evt_stripe_concurrency_666"} 
[2026-09-03 21:54:29] testing.INFO: Payment webhook event already processed (replay cache hit) {"gateway":"stripe","event_id":"evt_stripe_concurrency_666"} 
[2026-09-03 21:54:29] testing.INFO: Payment webhook event already processed (replay cache hit) {"gateway":"stripe","event_id":"evt_stripe_concurrency_666"} 
[2026-09-03 21:54:29] testing.WARNING: Payment webhook signature verification failed {"gateway":"stripe","ip":"127.0.0.1"} 
[2026-09-03 21:54:30] testing.WARNING: Payment webhook signature verification failed {"gateway":"bkash","ip":"127.0.0.1"} 
[2026-09-03 21:54:30] testing.WARNING: Stripe webhook rejected: timestamp drift exceeds tolerance. {"event_time":1788446670,"current_time":1788447270,"tolerance":300} 
[2026-09-03 21:54:30] testing.WARNING: Payment webhook signature verification failed {"gateway":"stripe","ip":"127.0.0.1"} 
[2026-09-03 21:54:30] testing.INFO: Payment webhook event already processed (replay cache hit) {"gateway":"stripe","event_id":"evt_unique_test_replay_999"} 
[2026-09-03 21:54:52] testing.ERROR: High Exposure (High Risk) on number 123 [3d] for draw 1. {"risk_alert_type":"high_exposure","risk_level":"high","audit_log_id":4} 
[2026-09-03 22:21:30] local.ERROR: Please provide a valid cache path. {"exception":"[object] (InvalidArgumentException(code: 0): Please provide a valid cache path. at /home/user/vendor/laravel/framework/src/Illuminate/View/Compilers/Compiler.php:67)
[stacktrace]
#0 /home/user/vendor/laravel/framework/src/Illuminate/View/ViewServiceProvider.php(97): Illuminate\\View\\Compilers\\Compiler->__construct()
#1 /home/user/vendor/laravel/framework/src/Illuminate/Container/Container.php(952): Illuminate\\View\\ViewServiceProvider->{closure:Illuminate\\View\\ViewServiceProvider::registerBladeCompiler():96}()
#2 /home/user/vendor/laravel/framework/src/Illuminate/Container/Container.php(832): Illuminate\\Container\\Container->build()
#3 /home/user/vendor/laravel/framework/src/Illuminate/Foundation/Application.php(1078): Illuminate\\Container\\Container->resolve()
#4 /home/user/vendor/laravel/framework/src/Illuminate/Container/Container.php(763): Illuminate\\Foundation\\Application->resolve()
#5 /home/user/vendor/laravel/framework/src/Illuminate/Foundation/Application.php(1058): Illuminate\\Container\\Container->make()
#6 /home/user/vendor/laravel/framework/src/Illuminate/Container/Container.php(1580): Illuminate\\Foundation\\Application->make()
#7 /home/user/vendor/laravel/framework/src/Illuminate/Support/Facades/Facade.php(239): Illuminate\\Container\\Container->offsetGet()
#8 /home/user/vendor/laravel/framework/src/Illuminate/Support/Facades/Facade.php(210): Illuminate\\Support\\Facades\\Facade::resolveFacadeInstance()
#9 /home/user/vendor/laravel/framework/src/Illuminate/Support/Facades/Facade.php(355): Illuminate\\Support\\Facades\\Facade::getFacadeRoot()
#10 /home/user/vendor/blade-ui-kit/blade-icons/src/BladeIconsServiceProvider.php(122): Illuminate\\Support\\Facades\\Facade::__callStatic()
#11 /home/user/vendor/blade-ui-kit/blade-icons/src/BladeIconsServiceProvider.php(27): BladeUI\\Icons\\BladeIconsServiceProvider->bootDirectives()
#12 /home/user/vendor/laravel/framework/src/Illuminate/Container/BoundMethod.php(36): BladeUI\\Icons\\BladeIconsServiceProvider->boot()
#13 /home/user/vendor/laravel/framework/src/Illuminate/Container/Util.php(43): Illuminate\\Container\\BoundMethod::{closure:Illuminate\\Container\\BoundMethod::call():35}()
#14 /home/user/vendor/laravel/framework/src/Illuminate/Container/BoundMethod.php(95): Illuminate\\Container\\Util::unwrapIfClosure()
#15 /home/user/vendor/laravel/framework/src/Illuminate/Container/BoundMethod.php(35): Illuminate\\Container\\BoundMethod::callBoundMethod()
#16 /home/user/vendor/laravel/framework/src/Illuminate/Container/Container.php(696): Illuminate\\Container\\BoundMethod::call()
#17 /home/user/vendor/laravel/framework/src/Illuminate/Foundation/Application.php(1151): Illuminate\\Container\\Container->call()
#18 /home/user/vendor/laravel/framework/src/Illuminate/Foundation/Application.php(1132): Illuminate\\Foundation\\Application->bootProvider()
#19 [internal function]: Illuminate\\Foundation\\Application->{closure:Illuminate\\Foundation\\Application::boot():1131}()
#20 /home/user/vendor/laravel/framework/src/Illuminate/Foundation/Application.php(1131): array_walk()
#21 /home/user/vendor/laravel/framework/src/Illuminate/Foundation/Bootstrap/BootProviders.php(17): Illuminate\\Foundation\\Application->boot()
#22 /home/user/vendor/laravel/framework/src/Illuminate/Foundation/Application.php(342): Illuminate\\Foundation\\Bootstrap\\BootProviders->bootstrap()
#23 /home/user/vendor/laravel/framework/src/Illuminate/Foundation/Console/Kernel.php(474): Illuminate\\Foundation\\Application->bootstrapWith()
#24 /home/user/vendor/laravel/framework/src/Illuminate/Foundation/Console/Kernel.php(196): Illuminate\\Foundation\\Console\\Kernel->bootstrap()
#25 /home/user/vendor/laravel/framework/src/Illuminate/Foundation/Application.php(1235): Illuminate\\Foundation\\Console\\Kernel->handle()
#26 /home/user/artisan(15): Illuminate\\Foundation\\Application->handleCommand()
#27 {main}
"} 
[2026-09-03 22:21:35] local.ERROR: Target class [App\Services\Draw\DrawScheduleService] does not exist. {"exception":"[object] (Illuminate\\Contracts\\Container\\BindingResolutionException(code: 0): Target class [App\\Services\\Draw\\DrawScheduleService] does not exist. at /home/user/vendor/laravel/framework/src/Illuminate/Container/Container.php:961)
[stacktrace]
#0 /home/user/vendor/laravel/framework/src/Illuminate/Container/Container.php(832): Illuminate\\Container\\Container->build()
#1 /home/user/vendor/laravel/framework/src/Illuminate/Foundation/Application.php(1078): Illuminate\\Container\\Container->resolve()
#2 /home/user/vendor/laravel/framework/src/Illuminate/Container/Container.php(763): Illuminate\\Foundation\\Application->resolve()
#3 /home/user/vendor/laravel/framework/src/Illuminate/Foundation/Application.php(1058): Illuminate\\Container\\Container->make()
#4 /home/user/vendor/laravel/framework/src/Illuminate/Container/Container.php(1133): Illuminate\\Foundation\\Application->make()
#5 /home/user/vendor/laravel/framework/src/Illuminate/Container/Container.php(1043): Illuminate\\Container\\Container->resolveClass()
#6 /home/user/vendor/laravel/framework/src/Illuminate/Container/Container.php(994): Illuminate\\Container\\Container->resolveDependencies()
#7 /home/user/vendor/laravel/framework/src/Illuminate/Container/Container.php(832): Illuminate\\Container\\Container->build()
#8 /home/user/vendor/laravel/framework/src/Illuminate/Foundation/Application.php(1078): Illuminate\\Container\\Container->resolve()
#9 /home/user/vendor/laravel/framework/src/Illuminate/Container/Container.php(763): Illuminate\\Foundation\\Application->resolve()
#10 /home/user/vendor/laravel/framework/src/Illuminate/Foundation/Application.php(1058): Illuminate\\Container\\Container->make()
#11 /home/user/vendor/laravel/framework/src/Illuminate/Console/Application.php(291): Illuminate\\Foundation\\Application->make()
#12 /home/user/vendor/laravel/framework/src/Illuminate/Foundation/Console/Kernel.php(376): Illuminate\\Console\\Application->resolve()
#13 /home/user/vendor/laravel/framework/src/Illuminate/Console/Application.php(134): Illuminate\\Foundation\\Console\\Kernel->{closure:Illuminate\\Foundation\\Console\\Kernel::load():375}()
#14 /home/user/vendor/laravel/framework/src/Illuminate/Console/Application.php(81): Illuminate\\Console\\Application->bootstrap()
#15 /home/user/vendor/laravel/framework/src/Illuminate/Foundation/Console/Kernel.php(540): Illuminate\\Console\\Application->__construct()
#16 /home/user/vendor/laravel/framework/src/Illuminate/Foundation/Console/Kernel.php(198): Illuminate\\Foundation\\Console\\Kernel->getArtisan()
#17 /home/user/vendor/laravel/framework/src/Illuminate/Foundation/Application.php(1235): Illuminate\\Foundation\\Console\\Kernel->handle()
#18 /home/user/artisan(15): Illuminate\\Foundation\\Application->handleCommand()
#19 {main}

[previous exception] [object] (ReflectionException(code: -1): Class \"App\\Services\\Draw\\DrawScheduleService\" does not exist at /home/user/vendor/laravel/framework/src/Illuminate/Container/Container.php:959)
[stacktrace]
#0 /home/user/vendor/laravel/framework/src/Illuminate/Container/Container.php(959): ReflectionClass->__construct()
#1 /home/user/vendor/laravel/framework/src/Illuminate/Container/Container.php(832): Illuminate\\Container\\Container->build()
#2 /home/user/vendor/laravel/framework/src/Illuminate/Foundation/Application.php(1078): Illuminate\\Container\\Container->resolve()
#3 /home/user/vendor/laravel/framework/src/Illuminate/Container/Container.php(763): Illuminate\\Foundation\\Application->resolve()
#4 /home/user/vendor/laravel/framework/src/Illuminate/Foundation/Application.php(1058): Illuminate\\Container\\Container->make()
#5 /home/user/vendor/laravel/framework/src/Illuminate/Container/Container.php(1133): Illuminate\\Foundation\\Application->make()
#6 /home/user/vendor/laravel/framework/src/Illuminate/Container/Container.php(1043): Illuminate\\Container\\Container->resolveClass()
#7 /home/user/vendor/laravel/framework/src/Illuminate/Container/Container.php(994): Illuminate\\Container\\Container->resolveDependencies()
#8 /home/user/vendor/laravel/framework/src/Illuminate/Container/Container.php(832): Illuminate\\Container\\Container->build()
#9 /home/user/vendor/laravel/framework/src/Illuminate/Foundation/Application.php(1078): Illuminate\\Container\\Container->resolve()
#10 /home/user/vendor/laravel/framework/src/Illuminate/Container/Container.php(763): Illuminate\\Foundation\\Application->resolve()
#11 /home/user/vendor/laravel/framework/src/Illuminate/Foundation/Application.php(1058): Illuminate\\Container\\Container->make()
#12 /home/user/vendor/laravel/framework/src/Illuminate/Console/Application.php(291): Illuminate\\Foundation\\Application->make()
#13 /home/user/vendor/laravel/framework/src/Illuminate/Foundation/Console/Kernel.php(376): Illuminate\\Console\\Application->resolve()
#14 /home/user/vendor/laravel/framework/src/Illuminate/Console/Application.php(134): Illuminate\\Foundation\\Console\\Kernel->{closure:Illuminate\\Foundation\\Console\\Kernel::load():375}()
#15 /home/user/vendor/laravel/framework/src/Illuminate/Console/Application.php(81): Illuminate\\Console\\Application->bootstrap()
#16 /home/user/vendor/laravel/framework/src/Illuminate/Foundation/Console/Kernel.php(540): Illuminate\\Console\\Application->__construct()
#17 /home/user/vendor/laravel/framework/src/Illuminate/Foundation/Console/Kernel.php(198): Illuminate\\Foundation\\Console\\Kernel->getArtisan()
#18 /home/user/vendor/laravel/framework/src/Illuminate/Foundation/Application.php(1235): Illuminate\\Foundation\\Console\\Kernel->handle()
#19 /home/user/artisan(15): Illuminate\\Foundation\\Application->handleCommand()
#20 {main}
"} 
